timestamp,rally,frame,event,ball_x,ball_y,ball_vx,ball_vy,left_paddle_y,right_paddle_y,hit_position,angle,scorer
2026-09-27T16:18:12.676242,1,1,FRAME,400.834,281.729,4.655,-1.824,200.0,193.0,,,
2026-09-27T16:18:12.679766,1,2,FRAME,405.489,279.904,4.655,-1.824,200.0,186.0,,,
2026-09-27T16:18:12.696534,1,3,FRAME,410.144,278.08,4.655,-1.824,200.0,179.0,,,
2026-09-27T16:18:12.714637,1,4,FRAME,414.8,276.255,4.655,-1.824,200.0,172.0,,,
2026-09-27T16:18:12.730544,1,5,FRAME,419.455,274.431,4.655,-1.824,200.0,165.0,,,
2026-09-27T16:18:12.748105,1,6,FRAME,424.11,272.607,4.655,-1.824,200.0,158.0,,,
2026-09-27T16:18:12.763094,1,7,FRAME,428.765,270.782,4.655,-1.824,200.0,151.0,,,
2026-09-27T16:18:12.780187,1,8,FRAME,433.421,268.958,4.655,-1.824,200.0,144.0,,,
2026-09-27T16:18:12.796712,1,9,FRAME,438.076,267.133,4.655,-1.824,200.0,137.0,,,
2026-09-27T16:18:12.813718,1,10,FRAME,442.731,265.309,4.655,-1.824,200.0,130.0,,,
2026-09-27T16:18:12.831787,1,11,FRAME,447.386,263.485,4.655,-1.824,200.0,123.0,,,
2026-09-27T16:18:12.846750,1,12,FRAME,452.042,261.66,4.655,-1.824,200.0,116.0,,,
2026-09-27T16:18:12.867089,1,13,FRAME,456.697,259.836,4.655,-1.824,200.0,109.0,,,
2026-09-27T16:18:12.882626,1,14,FRAME,461.352,258.011,4.655,-1.824,200.0,102.0,,,
2026-09-27T16:18:12.900575,1,15,FRAME,466.008,256.187,4.655,-1.824,200.0,95.0,,,
2026-09-27T16:18:12.913624,1,16,FRAME,470.663,254.363,4.655,-1.824,200.0,88.0,,,
2026-09-27T16:18:12.931677,1,17,FRAME,475.318,252.538,4.655,-1.824,200.0,81.0,,,
2026-09-27T16:18:12.948982,1,18,FRAME,479.973,250.714,4.655,-1.824,200.0,74.0,,,
2026-09-27T16:18:12.963479,1,19,FRAME,484.629,248.889,4.655,-1.824,200.0,67.0,,,
2026-09-27T16:18:12.980335,1,20,FRAME,489.284,247.065,4.655,-1.824,200.0,60.0,,,
2026-09-27T16:18:12.996678,1,21,FRAME,493.939,245.241,4.655,-1.824,200.0,53.0,,,
2026-09-27T16:18:13.012841,1,22,FRAME,498.594,243.416,4.655,-1.824,200.0,46.0,,,
2026-09-27T16:18:13.029335,1,23,FRAME,503.25,241.592,4.655,-1.824,200.0,39.0,,,
2026-09-27T16:18:13.045296,1,24,FRAME,507.905,239.767,4.655,-1.824,200.0,32.0,,,
2026-09-27T16:18:13.063100,1,25,FRAME,512.56,237.943,4.655,-1.824,200.0,25.0,,,
2026-09-27T16:18:13.077863,1,26,FRAME,517.215,236.119,4.655,-1.824,200.0,32.0,,,
2026-09-27T16:18:13.094635,1,27,FRAME,521.871,234.294,4.655,-1.824,200.0,25.0,,,
2026-09-27T16:18:13.111486,1,28,FRAME,526.526,232.47,4.655,-1.824,200.0,32.0,,,
2026-09-27T16:18:13.133216,1,29,FRAME,531.181,230.645,4.655,-1.824,200.0,25.0,,,
2026-09-27T16:18:13.144733,1,30,FRAME,535.837,228.821,4.655,-1.824,200.0,32.0,,,
2026-09-27T16:18:13.162761,1,31,FRAME,540.492,226.996,4.655,-1.824,200.0,25.0,,,
2026-09-27T16:18:13.179635,1,32,FRAME,545.147,225.172,4.655,-1.824,200.0,32.0,,,
2026-09-27T16:18:13.196574,1,33,FRAME,549.802,223.348,4.655,-1.824,200.0,25.0,,,
2026-09-27T16:18:13.213249,1,34,FRAME,554.458,221.523,4.655,-1.824,200.0,32.0,,,
2026-09-27T16:18:13.232363,1,35,FRAME,559.113,219.699,4.655,-1.824,200.0,25.0,,,
2026-09-27T16:18:13.247779,1,36,FRAME,563.768,217.874,4.655,-1.824,200.0,32.0,,,
2026-09-27T16:18:13.261477,1,37,FRAME,568.423,216.05,4.655,-1.824,200.0,25.0,,,
2026-09-27T16:18:13.277880,1,38,FRAME,573.079,214.226,4.655,-1.824,200.0,32.0,,,
2026-09-27T16:18:13.295261,1,39,FRAME,577.734,212.401,4.655,-1.824,200.0,25.0,,,
2026-09-27T16:18:13.311670,1,40,FRAME,582.389,210.577,4.655,-1.824,200.0,32.0,,,
2026-09-27T16:18:13.328769,1,41,FRAME,587.045,208.752,4.655,-1.824,200.0,25.0,,,
2026-09-27T16:18:13.345608,1,42,FRAME,591.7,206.928,4.655,-1.824,200.0,32.0,,,
2026-09-27T16:18:13.361711,1,43,FRAME,596.355,205.104,4.655,-1.824,200.0,25.0,,,
2026-09-27T16:18:13.381643,1,44,FRAME,601.01,203.279,4.655,-1.824,200.0,32.0,,,
2026-09-27T16:18:13.394264,1,45,FRAME,605.666,201.455,4.655,-1.824,200.0,25.0,,,
2026-09-27T16:18:13.415689,1,46,FRAME,610.321,199.63,4.655,-1.824,200.0,32.0,,,
2026-09-27T16:18:13.428681,1,47,FRAME,614.976,197.806,4.655,-1.824,200.0,25.0,,,
2026-09-27T16:18:13.446057,1,48,FRAME,619.631,195.982,4.655,-1.824,200.0,32.0,,,
2026-09-27T16:18:13.463684,1,49,FRAME,624.287,194.157,4.655,-1.824,200.0,25.0,,,
2026-09-27T16:18:13.479919,1,50,FRAME,628.942,192.333,4.655,-1.824,200.0,32.0,,,
2026-09-27T16:18:13.495725,1,51,FRAME,633.597,190.508,4.655,-1.824,200.0,25.0,,,
2026-09-27T16:18:13.514106,1,52,FRAME,638.253,188.684,4.655,-1.824,200.0,32.0,,,
2026-09-27T16:18:13.530560,1,53,FRAME,642.908,186.86,4.655,-1.824,200.0,25.0,,,
2026-09-27T16:18:13.550019,1,54,FRAME,647.563,185.035,4.655,-1.824,200.0,32.0,,,
2026-09-27T16:18:13.567002,1,55,FRAME,652.218,183.211,4.655,-1.824,200.0,25.0,,,
2026-09-27T16:18:13.579965,1,56,FRAME,656.874,181.386,4.655,-1.824,200.0,32.0,,,
2026-09-27T16:18:13.595316,1,57,FRAME,661.529,179.562,4.655,-1.824,200.0,25.0,,,
2026-09-27T16:18:13.612927,1,58,FRAME,666.184,177.738,4.655,-1.824,200.0,32.0,,,
2026-09-27T16:18:13.629638,1,59,FRAME,670.839,175.913,4.655,-1.824,200.0,25.0,,,
2026-09-27T16:18:13.646514,1,60,FRAME,675.495,174.089,4.655,-1.824,200.0,32.0,,,
2026-09-27T16:18:13.664674,1,61,FRAME,680.15,172.264,4.655,-1.824,200.0,25.0,,,
2026-09-27T16:18:13.679777,1,62,FRAME,684.805,170.44,4.655,-1.824,200.0,32.0,,,
2026-09-27T16:18:13.696875,1,63,FRAME,689.461,168.616,4.655,-1.824,200.0,25.0,,,
2026-09-27T16:18:13.715356,1,64,FRAME,694.116,166.791,4.655,-1.824,200.0,32.0,,,
2026-09-27T16:18:13.730792,1,65,FRAME,698.771,164.967,4.655,-1.824,200.0,25.0,,,
2026-09-27T16:18:13.747994,1,66,FRAME,703.426,163.142,4.655,-1.824,200.0,32.0,,,
2026-09-27T16:18:13.762552,1,67,FRAME,708.082,161.318,4.655,-1.824,200.0,25.0,,,
2026-09-27T16:18:13.778922,1,68,FRAME,712.737,159.493,4.655,-1.824,200.0,32.0,,,
2026-09-27T16:18:13.796663,1,69,FRAME,717.392,157.669,4.655,-1.824,200.0,25.0,,,
2026-09-27T16:18:13.812600,1,70,FRAME,722.047,155.845,4.655,-1.824,200.0,32.0,,,
2026-09-27T16:18:13.829430,1,71,FRAME,726.703,154.02,4.655,-1.824,200.0,25.0,,,
2026-09-27T16:18:13.848935,1,72,FRAME,731.358,152.196,4.655,-1.824,200.0,32.0,,,
2026-09-27T16:18:13.860437,1,73,FRAME,736.013,150.371,4.655,-1.824,200.0,25.0,,,
2026-09-27T16:18:13.875785,1,74,FRAME,740.668,148.547,4.655,-1.824,200.0,32.0,,,
2026-09-27T16:18:13.893838,1,75,FRAME,745.324,146.723,4.655,-1.824,200.0,25.0,,,
2026-09-27T16:18:13.909951,1,76,FRAME,749.979,144.898,4.655,-1.824,200.0,32.0,,,
2026-09-27T16:18:13.925792,1,77,FRAME,754.634,143.074,4.655,-1.824,200.0,25.0,,,
2026-09-27T16:18:13.943591,1,78,FRAME,759.29,141.249,4.655,-1.824,200.0,32.0,,,
2026-09-27T16:18:13.964723,1,79,FRAME,763.945,139.425,4.655,-1.824,200.0,25.0,,,
2026-09-27T16:18:13.979930,1,80,FRAME,768.6,137.601,4.655,-1.824,200.0,32.0,,,
2026-09-27T16:18:13.996585,1,81,FRAME,773.255,135.776,4.655,-1.824,200.0,25.0,,,
2026-09-27T16:18:14.010812,1,82,FRAME,777.911,133.952,4.655,-1.824,200.0,32.0,,,
2026-09-27T16:18:14.028520,1,83,FRAME,782.566,132.127,4.655,-1.824,200.0,25.0,,,
2026-09-27T16:18:14.044201,1,84,FRAME,787.221,130.303,4.655,-1.824,200.0,32.0,,,
2026-09-27T16:18:14.062791,1,85,FRAME,791.876,128.479,4.655,-1.824,200.0,25.0,,,
2026-09-27T16:18:14.079778,1,86,FRAME,796.532,126.654,4.655,-1.824,200.0,32.0,,,
2026-09-27T16:18:14.093631,1,87,FRAME,801.187,124.83,4.655,-1.824,200.0,25.0,,,
2026-09-27T16:18:14.111620,1,88,FRAME,805.842,123.005,4.655,-1.824,200.0,32.0,,,
2026-09-27T16:18:14.128638,1,89,FRAME,810.498,121.181,4.655,-1.824,200.0,25.0,,,
2026-09-27T16:18:14.144278,1,90,FRAME,815.153,119.357,4.655,-1.824,200.0,32.0,,,
2026-09-27T16:18:14.160066,1,91,FRAME,819.808,117.532,4.655,-1.824,200.0,25.0,,,
2026-09-27T16:18:14.178065,1,92,FRAME,824.463,115.708,4.655,-1.824,200.0,32.0,,,
2026-09-27T16:18:14.191566,1,93,FRAME,829.119,113.883,4.655,-1.824,200.0,25.0,,,
2026-09-27T16:18:14.206596,1,94,FRAME,833.774,112.059,4.655,-1.824,200.0,32.0,,,
2026-09-27T16:18:14.223801,1,95,FRAME,838.429,110.235,4.655,-1.824,200.0,25.0,,,
2026-09-27T16:18:14.242300,1,96,FRAME,843.084,108.41,4.655,-1.824,200.0,32.0,,,
2026-09-27T16:18:14.257835,1,97,FRAME,847.74,106.586,4.655,-1.824,200.0,25.0,,,
2026-09-27T16:18:14.275332,1,98,FRAME,852.395,104.761,4.655,-1.824,200.0,32.0,,,
2026-09-27T16:18:14.291498,1,99,FRAME,857.05,102.937,4.655,-1.824,200.0,25.0,,,
2026-09-27T16:18:14.308771,1,100,FRAME,861.706,101.113,4.655,-1.824,200.0,32.0,,,
2026-09-27T16:18:14.323743,1,101,FRAME,866.361,99.288,4.655,-1.824,200.0,25.0,,,
2026-09-27T16:18:14.341321,1,102,FRAME,871.016,97.464,4.655,-1.824,200.0,32.0,,,
2026-09-27T16:18:14.358220,1,103,FRAME,875.671,95.639,4.655,-1.824,200.0,25.0,,,
2026-09-27T16:18:14.376186,1,104,FRAME,880.327,93.815,4.655,-1.824,200.0,32.0,,,
2026-09-27T16:18:14.392684,1,105,FRAME,884.982,91.99,4.655,-1.824,200.0,25.0,,,
2026-09-27T16:18:14.408812,1,106,FRAME,889.637,90.166,4.655,-1.824,200.0,32.0,,,
2026-09-27T16:18:14.427998,1,107,FRAME,894.292,88.342,4.655,-1.824,200.0,25.0,,,
2026-09-27T16:18:14.445246,1,108,FRAME,898.948,86.517,4.655,-1.824,200.0,32.0,,,
2026-09-27T16:18:14.460494,1,109,FRAME,903.603,84.693,4.655,-1.824,200.0,25.0,,,
2026-09-27T16:18:14.475945,1,110,FRAME,908.258,82.868,4.655,-1.824,200.0,32.0,,,
2026-09-27T16:18:14.492719,1,111,FRAME,912.914,81.044,4.655,-1.824,200.0,25.0,,,
2026-09-27T16:18:14.509025,1,112,FRAME,917.569,79.22,4.655,-1.824,200.0,32.0,,,
2026-09-27T16:18:14.526590,1,113,FRAME,922.224,77.395,4.655,-1.824,200.0,25.0,,,
2026-09-27T16:18:14.542680,1,114,FRAME,926.879,75.571,4.655,-1.824,200.0,32.0,,,
2026-09-27T16:18:14.559963,1,115,FRAME,931.535,73.746,4.655,-1.824,200.0,25.0,,,
2026-09-27T16:18:14.578301,1,116,FRAME,936.19,71.922,4.655,-1.824,200.0,32.0,,,
2026-09-27T16:18:14.594453,1,117,FRAME,940.845,70.098,4.655,-1.824,200.0,25.0,,,
2026-09-27T16:18:14.612249,1,118,FRAME,945.5,68.273,4.655,-1.824,200.0,32.0,,,
2026-09-27T16:18:14.628799,1,119,FRAME,950.156,66.449,4.655,-1.824,200.0,32.0,,,
2026-09-27T16:18:14.645635,1,120,FRAME,954.811,64.624,4.655,-1.824,200.0,32.0,,,
2026-09-27T16:18:14.658168,1,121,RIGHT_HIT,958,62.8,-4.81,-1.365,200.0,32.0,-0.264,-15.84,
2026-09-27T16:18:14.662684,1,122,FRAME,958,62.8,-4.81,-1.365,200.0,32.0,,,
2026-09-27T16:18:14.677845,1,123,FRAME,953.19,61.435,-4.81,-1.365,200.0,39.0,,,
2026-09-27T16:18:14.694558,1,124,FRAME,948.38,60.07,-4.81,-1.365,200.0,46.0,,,
2026-09-27T16:18:14.713167,1,125,FRAME,943.57,58.706,-4.81,-1.365,200.0,53.0,,,
2026-09-27T16:18:14.728263,1,126,FRAME,938.759,57.341,-4.81,-1.365,200.0,60.0,,,
2026-09-27T16:18:14.747917,1,127,FRAME,933.949,55.976,-4.81,-1.365,200.0,67.0,,,
2026-09-27T16:18:14.762644,1,128,FRAME,929.139,54.611,-4.81,-1.365,200.0,74.0,,,
2026-09-27T16:18:14.781154,1,129,FRAME,924.329,53.247,-4.81,-1.365,200.0,81.0,,,
2026-09-27T16:18:14.796574,1,130,FRAME,919.519,51.882,-4.81,-1.365,200.0,88.0,,,
2026-09-27T16:18:14.812654,1,131,FRAME,914.709,50.517,-4.81,-1.365,200.0,95.0,,,
2026-09-27T16:18:14.828191,1,132,FRAME,909.899,49.152,-4.81,-1.365,200.0,102.0,,,
2026-09-27T16:18:14.844322,1,133,FRAME,905.088,47.788,-4.81,-1.365,200.0,109.0,,,
2026-09-27T16:18:14.861972,1,134,FRAME,900.278,46.423,-4.81,-1.365,200.0,116.0,,,
2026-09-27T16:18:14.879346,1,135,FRAME,895.468,45.058,-4.81,-1.365,200.0,123.0,,,
2026-09-27T16:18:14.896399,1,136,FRAME,890.658,43.693,-4.81,-1.365,200.0,130.0,,,
2026-09-27T16:18:14.913443,1,137,FRAME,885.848,42.329,-4.81,-1.365,200.0,137.0,,,
2026-09-27T16:18:14.928681,1,138,FRAME,881.038,40.964,-4.81,-1.365,200.0,144.0,,,
2026-09-27T16:18:14.944734,1,139,FRAME,876.228,39.599,-4.81,-1.365,200.0,151.0,,,
2026-09-27T16:18:14.962615,1,140,FRAME,871.418,38.234,-4.81,-1.365,200.0,158.0,,,
2026-09-27T16:18:14.980849,1,141,FRAME,866.607,36.87,-4.81,-1.365,200.0,165.0,,,
2026-09-27T16:18:14.997005,1,142,FRAME,861.797,35.505,-4.81,-1.365,200.0,172.0,,,
2026-09-27T16:18:15.011791,1,143,FRAME,856.987,34.14,-4.81,-1.365,200.0,179.0,,,
2026-09-27T16:18:15.027802,1,144,FRAME,852.177,32.775,-4.81,-1.365,200.0,186.0,,,
2026-09-27T16:18:15.044658,1,145,FRAME,847.367,31.411,-4.81,-1.365,200.0,193.0,,,
2026-09-27T16:18:15.063496,1,146,FRAME,842.557,30.046,-4.81,-1.365,200.0,200.0,,,
2026-09-27T16:18:15.081507,1,147,FRAME,837.747,28.681,-4.81,-1.365,200.0,200.0,,,
2026-09-27T16:18:15.095873,1,148,FRAME,832.936,27.316,-4.81,-1.365,200.0,200.0,,,
2026-09-27T16:18:15.114708,1,149,FRAME,828.126,25.951,-4.81,-1.365,200.0,200.0,,,
2026-09-27T16:18:15.128765,1,150,FRAME,823.316,24.587,-4.81,-1.365,200.0,200.0,,,
2026-09-27T16:18:15.145843,1,151,FRAME,818.506,23.222,-4.81,-1.365,200.0,200.0,,,
2026-09-27T16:18:15.164674,1,152,FRAME,813.696,21.857,-4.81,-1.365,200.0,200.0,,,
2026-09-27T16:18:15.182755,1,153,FRAME,808.886,20.492,-4.81,-1.365,200.0,200.0,,,
2026-09-27T16:18:15.194981,1,154,FRAME,804.076,19.128,-4.81,-1.365,200.0,200.0,,,
2026-09-27T16:18:15.212876,1,155,FRAME,799.265,17.763,-4.81,-1.365,200.0,200.0,,,
2026-09-27T16:18:15.227967,1,156,FRAME,794.455,16.398,-4.81,-1.365,200.0,200.0,,,
2026-09-27T16:18:15.244237,1,157,FRAME,789.645,15.033,-4.81,-1.365,200.0,200.0,,,
2026-09-27T16:18:15.262730,1,158,FRAME,784.835,13.669,-4.81,-1.365,200.0,200.0,,,
2026-09-27T16:18:15.276386,1,159,FRAME,780.025,12.304,-4.81,-1.365,200.0,200.0,,,
2026-09-27T16:18:15.293616,1,160,FRAME,775.215,10.939,-4.81,-1.365,200.0,200.0,,,
2026-09-27T16:18:15.311787,1,161,FRAME,770.405,9.574,-4.81,-1.365,200.0,200.0,,,
2026-09-27T16:18:15.326510,1,162,FRAME,765.594,8.21,-4.81,-1.365,200.0,200.0,,,
2026-09-27T16:18:15.345567,1,163,FRAME,760.784,6.845,-4.81,-1.365,200.0,200.0,,,
2026-09-27T16:18:15.359937,1,164,FRAME,755.974,5.48,-4.81,-1.365,200.0,200.0,,,
2026-09-27T16:18:15.377936,1,165,FRAME,751.164,4.115,-4.81,-1.365,200.0,200.0,,,
2026-09-27T16:18:15.396483,1,166,FRAME,746.354,2.751,-4.81,-1.365,200.0,200.0,,,
2026-09-27T16:18:15.409790,1,167,FRAME,741.544,1.386,-4.81,-1.365,200.0,200.0,,,
2026-09-27T16:18:15.426501,1,168,FRAME,736.734,0.021,-4.81,-1.365,200.0,200.0,,,
2026-09-27T16:18:15.438224,1,169,WALL_BOUNCE,731.924,0,-4.81,1.365,200.0,200.0,,,
2026-09-27T16:18:15.443718,1,170,FRAME,731.924,0,-4.81,1.365,200.0,200.0,,,
2026-09-27T16:18:15.460652,1,171,FRAME,727.113,1.365,-4.81,1.365,200.0,200.0,,,
2026-09-27T16:18:15.476590,1,172,FRAME,722.303,2.73,-4.81,1.365,200.0,200.0,,,
2026-09-27T16:18:15.492562,1,173,FRAME,717.493,4.094,-4.81,1.365,200.0,200.0,,,
2026-09-27T16:18:15.509985,1,174,FRAME,712.683,5.459,-4.81,1.365,200.0,200.0,,,
2026-09-27T16:18:15.526850,1,175,FRAME,707.873,6.824,-4.81,1.365,200.0,200.0,,,
2026-09-27T16:18:15.544158,1,176,FRAME,703.063,8.189,-4.81,1.365,200.0,200.0,,,
2026-09-27T16:18:15.561074,1,177,FRAME,698.253,9.553,-4.81,1.365,200.0,200.0,,,
2026-09-27T16:18:15.578620,1,178,FRAME,693.442,10.918,-4.81,1.365,200.0,200.0,,,
2026-09-27T16:18:15.591783,1,179,FRAME,688.632,12.283,-4.81,1.365,200.0,200.0,,,
2026-09-27T16:18:15.608772,1,180,FRAME,683.822,13.648,-4.81,1.365,200.0,200.0,,,
2026-09-27T16:18:15.625865,1,181,FRAME,679.012,15.012,-4.81,1.365,200.0,200.0,,,
2026-09-27T16:18:15.644229,1,182,FRAME,674.202,16.377,-4.81,1.365,200.0,200.0,,,
2026-09-27T16:18:15.662224,1,183,FRAME,669.392,17.742,-4.81,1.365,200.0,200.0,,,
2026-09-27T16:18:15.679915,1,184,FRAME,664.582,19.107,-4.81,1.365,200.0,200.0,,,
2026-09-27T16:18:15.692612,1,185,FRAME,659.771,20.471,-4.81,1.365,200.0,200.0,,,
2026-09-27T16:18:15.710451,1,186,FRAME,654.961,21.836,-4.81,1.365,200.0,200.0,,,
2026-09-27T16:18:15.726080,1,187,FRAME,650.151,23.201,-4.81,1.365,200.0,200.0,,,
2026-09-27T16:18:15.745425,1,188,FRAME,645.341,24.566,-4.81,1.365,200.0,200.0,,,
2026-09-27T16:18:15.761853,1,189,FRAME,640.531,25.93,-4.81,1.365,200.0,200.0,,,
2026-09-27T16:18:15.776077,1,190,FRAME,635.721,27.295,-4.81,1.365,200.0,200.0,,,
2026-09-27T16:18:15.791519,1,191,FRAME,630.911,28.66,-4.81,1.365,200.0,200.0,,,
2026-09-27T16:18:15.808694,1,192,FRAME,626.1,30.025,-4.81,1.365,200.0,200.0,,,
2026-09-27T16:18:15.826214,1,193,FRAME,621.29,31.389,-4.81,1.365,200.0,200.0,,,
2026-09-27T16:18:15.842551,1,194,FRAME,616.48,32.754,-4.81,1.365,200.0,200.0,,,
2026-09-27T16:18:15.858628,1,195,FRAME,611.67,34.119,-4.81,1.365,200.0,200.0,,,
2026-09-27T16:18:15.877070,1,196,FRAME,606.86,35.484,-4.81,1.365,200.0,200.0,,,
2026-09-27T16:18:15.895729,1,197,FRAME,602.05,36.849,-4.81,1.365,200.0,200.0,,,
2026-09-27T16:18:15.910783,1,198,FRAME,597.24,38.213,-4.81,1.365,200.0,200.0,,,
2026-09-27T16:18:15.928017,1,199,FRAME,592.429,39.578,-4.81,1.365,200.0,200.0,,,
2026-09-27T16:18:15.942807,1,200,FRAME,587.619,40.943,-4.81,1.365,200.0,200.0,,,
2026-09-27T16:18:15.959571,1,201,FRAME,582.809,42.308,-4.81,1.365,200.0,200.0,,,
2026-09-27T16:18:15.978664,1,202,FRAME,577.999,43.672,-4.81,1.365,200.0,200.0,,,
2026-09-27T16:18:15.993713,1,203,FRAME,573.189,45.037,-4.81,1.365,200.0,200.0,,,
2026-09-27T16:18:16.012367,1,204,FRAME,568.379,46.402,-4.81,1.365,200.0,200.0,,,
2026-09-27T16:18:16.027318,1,205,FRAME,563.569,47.767,-4.81,1.365,200.0,200.0,,,
2026-09-27T16:18:16.044117,1,206,FRAME,558.759,49.131,-4.81,1.365,200.0,200.0,,,
2026-09-27T16:18:16.058693,1,207,FRAME,553.948,50.496,-4.81,1.365,200.0,200.0,,,
2026-09-27T16:18:16.075865,1,208,FRAME,549.138,51.861,-4.81,1.365,200.0,200.0,,,
2026-09-27T16:18:16.094885,1,209,FRAME,544.328,53.226,-4.81,1.365,200.0,200.0,,,
2026-09-27T16:18:16.114803,1,210,FRAME,539.518,54.59,-4.81,1.365,200.0,200.0,,,
2026-09-27T16:18:16.127868,1,211,FRAME,534.708,55.955,-4.81,1.365,200.0,200.0,,,
2026-09-27T16:18:16.142446,1,212,FRAME,529.898,57.32,-4.81,1.365,200.0,200.0,,,
2026-09-27T16:18:16.160621,1,213,FRAME,525.088,58.685,-4.81,1.365,200.0,200.0,,,
2026-09-27T16:18:16.177866,1,214,FRAME,520.277,60.049,-4.81,1.365,200.0,200.0,,,
2026-09-27T16:18:16.193432,1,215,FRAME,515.467,61.414,-4.81,1.365,200.0,200.0,,,
2026-09-27T16:18:16.213745,1,216,FRAME,510.657,62.779,-4.81,1.365,200.0,200.0,,,
2026-09-27T16:18:16.228201,1,217,FRAME,505.847,64.144,-4.81,1.365,200.0,200.0,,,
2026-09-27T16:18:16.246619,1,218,FRAME,501.037,65.508,-4.81,1.365,200.0,200.0,,,
2026-09-27T16:18:16.259650,1,219,FRAME,496.227,66.873,-4.81,1.365,200.0,200.0,,,
2026-09-27T16:18:16.275851,1,220,FRAME,491.417,68.238,-4.81,1.365,200.0,200.0,,,
2026-09-27T16:18:16.291145,1,221,FRAME,486.606,69.603,-4.81,1.365,200.0,200.0,,,
2026-09-27T16:18:16.308168,1,222,FRAME,481.796,70.968,-4.81,1.365,200.0,200.0,,,
2026-09-27T16:18:16.326443,1,223,FRAME,476.986,72.332,-4.81,1.365,200.0,200.0,,,
2026-09-27T16:18:16.346696,1,224,FRAME,472.176,73.697,-4.81,1.365,200.0,200.0,,,
2026-09-27T16:18:16.358901,1,225,FRAME,467.366,75.062,-4.81,1.365,200.0,200.0,,,
2026-09-27T16:18:16.376206,1,226,FRAME,462.556,76.427,-4.81,1.365,200.0,200.0,,,
2026-09-27T16:18:16.396589,1,227,FRAME,457.746,77.791,-4.81,1.365,200.0,200.0,,,
2026-09-27T16:18:16.410986,1,228,FRAME,452.935,79.156,-4.81,1.365,200.0,200.0,,,
2026-09-27T16:18:16.427223,1,229,FRAME,448.125,80.521,-4.81,1.365,200.0,200.0,,,
2026-09-27T16:18:16.442614,1,230,FRAME,443.315,81.886,-4.81,1.365,200.0,200.0,,,
2026-09-27T16:18:16.459688,1,231,FRAME,438.505,83.25,-4.81,1.365,200.0,200.0,,,
2026-09-27T16:18:16.478100,1,232,FRAME,433.695,84.615,-4.81,1.365,200.0,200.0,,,
2026-09-27T16:18:16.494677,1,233,FRAME,428.885,85.98,-4.81,1.365,200.0,200.0,,,
2026-09-27T16:18:16.511053,1,234,FRAME,424.075,87.345,-4.81,1.365,200.0,200.0,,,
2026-09-27T16:18:16.526759,1,235,FRAME,419.265,88.709,-4.81,1.365,200.0,200.0,,,
2026-09-27T16:18:16.542545,1,236,FRAME,414.454,90.074,-4.81,1.365,200.0,200.0,,,
2026-09-27T16:18:16.558725,1,237,FRAME,409.644,91.439,-4.81,1.365,200.0,200.0,,,
2026-09-27T16:18:16.575261,1,238,FRAME,404.834,92.804,-4.81,1.365,200.0,200.0,,,
2026-09-27T16:18:16.594446,1,239,FRAME,400.024,94.168,-4.81,1.365,200.0,200.0,,,
2026-09-27T16:18:16.609005,1,240,FRAME,395.214,95.533,-4.81,1.365,200.0,200.0,,,
2026-09-27T16:18:16.624611,1,241,FRAME,390.404,96.898,-4.81,1.365,200.0,200.0,,,
2026-09-27T16:18:16.644611,1,242,FRAME,385.594,98.263,-4.81,1.365,200.0,200.0,,,
2026-09-27T16:18:16.660733,1,243,FRAME,380.783,99.627,-4.81,1.365,200.0,200.0,,,
2026-09-27T16:18:16.676825,1,244,FRAME,375.973,100.992,-4.81,1.365,200.0,200.0,,,
2026-09-27T16:18:16.692592,1,245,FRAME,371.163,102.357,-4.81,1.365,200.0,200.0,,,
2026-09-27T16:18:16.710685,1,246,FRAME,366.353,103.722,-4.81,1.365,200.0,200.0,,,
2026-09-27T16:18:16.728690,1,247,FRAME,361.543,105.087,-4.81,1.365,200.0,200.0,,,
2026-09-27T16:18:16.743593,1,248,FRAME,356.733,106.451,-4.81,1.365,200.0,200.0,,,
2026-09-27T16:18:16.760234,1,249,FRAME,351.923,107.816,-4.81,1.365,200.0,200.0,,,
2026-09-27T16:18:16.776664,1,250,FRAME,347.112,109.181,-4.81,1.365,200.0,200.0,,,
2026-09-27T16:18:16.791734,1,251,FRAME,342.302,110.546,-4.81,1.365,200.0,200.0,,,
2026-09-27T16:18:16.813293,1,252,FRAME,337.492,111.91,-4.81,1.365,200.0,200.0,,,
2026-09-27T16:18:16.824605,1,253,FRAME,332.682,113.275,-4.81,1.365,200.0,200.0,,,
2026-09-27T16:18:16.843255,1,254,FRAME,327.872,114.64,-4.81,1.365,200.0,200.0,,,
2026-09-27T16:18:16.859533,1,255,FRAME,323.062,116.005,-4.81,1.365,200.0,200.0,,,
2026-09-27T16:18:16.876018,1,256,FRAME,318.252,117.369,-4.81,1.365,200.0,200.0,,,
2026-09-27T16:18:16.893746,1,257,FRAME,313.441,118.734,-4.81,1.365,200.0,200.0,,,
2026-09-27T16:18:16.910924,1,258,FRAME,308.631,120.099,-4.81,1.365,200.0,200.0,,,
2026-09-27T16:18:16.924864,1,259,FRAME,303.821,121.464,-4.81,1.365,200.0,200.0,,,
2026-09-27T16:18:16.941879,1,260,FRAME,299.011,122.828,-4.81,1.365,200.0,200.0,,,
2026-09-27T16:18:16.956723,1,261,FRAME,294.201,124.193,-4.81,1.365,200.0,200.0,,,
2026-09-27T16:18:16.975698,1,262,FRAME,289.391,125.558,-4.81,1.365,200.0,200.0,,,
2026-09-27T16:18:17.000477,1,263,FRAME,284.581,126.923,-4.81,1.365,200.0,200.0,,,
2026-09-27T16:18:17.008998,1,264,FRAME,279.771,128.287,-4.81,1.365,200.0,200.0,,,
2026-09-27T16:18:17.028225,1,265,FRAME,274.96,129.652,-4.81,1.365,200.0,200.0,,,
2026-09-27T16:18:17.041638,1,266,FRAME,270.15,131.017,-4.81,1.365,200.0,200.0,,,
2026-09-27T16:18:17.058596,1,267,FRAME,265.34,132.382,-4.81,1.365,200.0,200.0,,,
2026-09-27T16:18:17.074401,1,268,FRAME,260.53,133.746,-4.81,1.365,200.0,200.0,,,
2026-09-27T16:18:17.092364,1,269,FRAME,255.72,135.111,-4.81,1.365,200.0,200.0,,,
2026-09-27T16:18:17.108627,1,270,FRAME,250.91,136.476,-4.81,1.365,200.0,200.0,,,
2026-09-27T16:18:17.128054,1,271,FRAME,246.1,137.841,-4.81,1.365,200.0,200.0,,,
2026-09-27T16:18:17.143658,1,272,FRAME,241.289,139.206,-4.81,1.365,200.0,200.0,,,
2026-09-27T16:18:17.162144,1,273,FRAME,236.479,140.57,-4.81,1.365,200.0,200.0,,,
2026-09-27T16:18:17.179046,1,274,FRAME,231.669,141.935,-4.81,1.365,200.0,200.0,,,
2026-09-27T16:18:17.192472,1,275,FRAME,226.859,143.3,-4.81,1.365,200.0,200.0,,,
2026-09-27T16:18:17.212410,1,276,FRAME,222.049,144.665,-4.81,1.365,200.0,200.0,,,
2026-09-27T16:18:17.226386,1,277,FRAME,217.239,146.029,-4.81,1.365,200.0,200.0,,,
2026-09-27T16:18:17.242534,1,278,FRAME,212.429,147.394,-4.81,1.365,200.0,200.0,,,
2026-09-27T16:18:17.259561,1,279,FRAME,207.618,148.759,-4.81,1.365,200.0,200.0,,,
2026-09-27T16:18:17.278152,1,280,FRAME,202.808,150.124,-4.81,1.365,200.0,200.0,,,
2026-09-27T16:18:17.290232,1,281,FRAME,197.998,151.488,-4.81,1.365,200.0,200.0,,,
2026-09-27T16:18:17.308683,1,282,FRAME,193.188,152.853,-4.81,1.365,200.0,200.0,,,
2026-09-27T16:18:17.323082,1,283,FRAME,188.378,154.218,-4.81,1.365,200.0,200.0,,,
2026-09-27T16:18:17.341809,1,284,FRAME,183.568,155.583,-4.81,1.365,200.0,200.0,,,
2026-09-27T16:18:17.358912,1,285,FRAME,178.758,156.947,-4.81,1.365,200.0,200.0,,,
2026-09-27T16:18:17.374245,1,286,FRAME,173.947,158.312,-4.81,1.365,200.0,200.0,,,
2026-09-27T16:18:17.398450,1,287,FRAME,169.137,159.677,-4.81,1.365,200.0,200.0,,,
2026-09-27T16:18:17.407967,1,288,FRAME,164.327,161.042,-4.81,1.365,200.0,200.0,,,
2026-09-27T16:18:17.426250,1,289,FRAME,159.517,162.406,-4.81,1.365,200.0,200.0,,,
2026-09-27T16:18:17.442816,1,290,FRAME,154.707,163.771,-4.81,1.365,200.0,200.0,,,
2026-09-27T16:18:17.456730,1,291,FRAME,149.897,165.136,-4.81,1.365,200.0,200.0,,,
2026-09-27T16:18:17.476087,1,292,FRAME,145.087,166.501,-4.81,1.365,200.0,200.0,,,
2026-09-27T16:18:17.491255,1,293,FRAME,140.276,167.865,-4.81,1.365,200.0,200.0,,,
2026-09-27T16:18:17.510819,1,294,FRAME,135.466,169.23,-4.81,1.365,200.0,200.0,,,
2026-09-27T16:18:17.526647,1,295,FRAME,130.656,170.595,-4.81,1.365,200.0,200.0,,,
2026-09-27T16:18:17.542789,1,296,FRAME,125.846,171.96,-4.81,1.365,200.0,200.0,,,
2026-09-27T16:18:17.559120,1,297,FRAME,121.036,173.325,-4.81,1.365,200.0,200.0,,,
2026-09-27T16:18:17.575945,1,298,FRAME,116.226,174.689,-4.81,1.365,200.0,200.0,,,
2026-09-27T16:18:17.593670,1,299,FRAME,111.416,176.054,-4.81,1.365,200.0,200.0,,,
2026-09-27T16:18:17.608753,1,300,FRAME,106.606,177.419,-4.81,1.365,200.0,200.0,,,
2026-09-27T16:18:17.624948,1,301,FRAME,101.795,178.784,-4.81,1.365,200.0,200.0,,,
2026-09-27T16:18:17.646901,1,302,FRAME,96.985,180.148,-4.81,1.365,200.0,200.0,,,
2026-09-27T16:18:17.658605,1,303,FRAME,92.175,181.513,-4.81,1.365,200.0,200.0,,,
2026-09-27T16:18:17.675322,1,304,FRAME,87.365,182.878,-4.81,1.365,200.0,200.0,,,
2026-09-27T16:18:17.692758,1,305,FRAME,82.555,184.243,-4.81,1.365,200.0,200.0,,,
2026-09-27T16:18:17.710837,1,306,FRAME,77.745,185.607,-4.81,1.365,200.0,200.0,,,
2026-09-27T16:18:17.727639,1,307,FRAME,72.935,186.972,-4.81,1.365,200.0,200.0,,,
2026-09-27T16:18:17.741956,1,308,FRAME,68.124,188.337,-4.81,1.365,200.0,200.0,,,
2026-09-27T16:18:17.757945,1,309,FRAME,63.314,189.702,-4.81,1.365,200.0,200.0,,,
2026-09-27T16:18:17.775268,1,310,FRAME,58.504,191.066,-4.81,1.365,200.0,200.0,,,
2026-09-27T16:18:17.790521,1,311,FRAME,53.694,192.431,-4.81,1.365,200.0,200.0,,,
2026-09-27T16:18:17.810754,1,312,FRAME,48.884,193.796,-4.81,1.365,200.0,200.0,,,
2026-09-27T16:18:17.825689,1,313,FRAME,44.074,195.161,-4.81,1.365,200.0,200.0,,,
2026-09-27T16:18:17.846381,1,314,FRAME,39.264,196.525,-4.81,1.365,200.0,200.0,,,
2026-09-27T16:18:17.860398,1,315,FRAME,34.453,197.89,-4.81,1.365,200.0,200.0,,,
2026-09-27T16:18:17.871686,1,316,LEFT_HIT,30,199.255,2.96,-4.029,200.0,200.0,-0.895,-53.694,
2026-09-27T16:18:17.878231,1,317,FRAME,30,199.255,2.96,-4.029,200.0,200.0,,,
2026-09-27T16:18:17.894093,1,318,FRAME,32.96,195.226,2.96,-4.029,200.0,193.0,,,
2026-09-27T16:18:17.915986,1,319,FRAME,35.921,191.196,2.96,-4.029,200.0,186.0,,,
2026-09-27T16:18:17.927842,1,320,FRAME,38.881,187.167,2.96,-4.029,200.0,179.0,,,
2026-09-27T16:18:17.941508,1,321,FRAME,41.842,183.138,2.96,-4.029,200.0,172.0,,,
2026-09-27T16:18:17.958993,1,322,FRAME,44.802,179.108,2.96,-4.029,200.0,165.0,,,
2026-09-27T16:18:17.976249,1,323,FRAME,47.763,175.079,2.96,-4.029,200.0,158.0,,,
2026-09-27T16:18:17.991873,1,324,FRAME,50.723,171.05,2.96,-4.029,200.0,151.0,,,
2026-09-27T16:18:18.015684,1,325,FRAME,53.684,167.02,2.96,-4.029,200.0,144.0,,,
2026-09-27T16:18:18.024875,1,326,FRAME,56.644,162.991,2.96,-4.029,200.0,137.0,,,
2026-09-27T16:18:18.042644,1,327,FRAME,59.605,158.962,2.96,-4.029,200.0,130.0,,,
2026-09-27T16:18:18.059736,1,328,FRAME,62.565,154.932,2.96,-4.029,200.0,123.0,,,
2026-09-27T16:18:18.075518,1,329,FRAME,65.526,150.903,2.96,-4.029,200.0,116.0,,,
2026-09-27T16:18:18.091900,1,330,FRAME,68.486,146.874,2.96,-4.029,200.0,109.0,,,
2026-09-27T16:18:18.108777,1,331,FRAME,71.447,142.844,2.96,-4.029,200.0,102.0,,,
2026-09-27T16:18:18.124620,1,332,FRAME,74.407,138.815,2.96,-4.029,200.0,95.0,,,
2026-09-27T16:18:18.143110,1,333,FRAME,77.368,134.786,2.96,-4.029,200.0,88.0,,,
2026-09-27T16:18:18.161591,1,334,FRAME,80.328,130.756,2.96,-4.029,200.0,81.0,,,
2026-09-27T16:18:18.177869,1,335,FRAME,83.289,126.727,2.96,-4.029,200.0,74.0,,,
2026-09-27T16:18:18.194816,1,336,FRAME,86.249,122.698,2.96,-4.029,200.0,67.0,,,
2026-09-27T16:18:18.212245,1,337,FRAME,89.21,118.668,2.96,-4.029,200.0,60.0,,,
2026-09-27T16:18:18.227918,1,338,FRAME,92.17,114.639,2.96,-4.029,200.0,53.0,,,
2026-09-27T16:18:18.246095,1,339,FRAME,95.131,110.61,2.96,-4.029,200.0,46.0,,,
2026-09-27T16:18:18.260729,1,340,FRAME,98.091,106.58,2.96,-4.029,200.0,39.0,,,
2026-09-27T16:18:18.277052,1,341,FRAME,101.052,102.551,2.96,-4.029,200.0,32.0,,,
2026-09-27T16:18:18.293623,1,342,FRAME,104.012,98.522,2.96,-4.029,200.0,25.0,,,
2026-09-27T16:18:18.310690,1,343,FRAME,106.973,94.492,2.96,-4.029,200.0,18.0,,,
2026-09-27T16:18:18.327973,1,344,FRAME,109.933,90.463,2.96,-4.029,200.0,25.0,,,
2026-09-27T16:18:18.343843,1,345,FRAME,112.894,86.434,2.96,-4.029,200.0,18.0,,,
2026-09-27T16:18:18.359412,1,346,FRAME,115.854,82.404,2.96,-4.029,200.0,25.0,,,
2026-09-27T16:18:18.376726,1,347,FRAME,118.815,78.375,2.96,-4.029,200.0,18.0,,,
2026-09-27T16:18:18.394443,1,348,FRAME,121.775,74.346,2.96,-4.029,200.0,25.0,,,
2026-09-27T16:18:18.410443,1,349,FRAME,124.736,70.316,2.96,-4.029,200.0,18.0,,,
2026-09-27T16:18:18.425626,1,350,FRAME,127.696,66.287,2.96,-4.029,200.0,25.0,,,
2026-09-27T16:18:18.443426,1,351,FRAME,130.656,62.258,2.96,-4.029,200.0,18.0,,,
2026-09-27T16:18:18.459863,1,352,FRAME,133.617,58.228,2.96,-4.029,200.0,25.0,,,
2026-09-27T16:18:18.478291,1,353,FRAME,136.577,54.199,2.96,-4.029,200.0,18.0,,,
2026-09-27T16:18:18.494444,1,354,FRAME,139.538,50.17,2.96,-4.029,200.0,25.0,,,
2026-09-27T16:18:18.510300,1,355,FRAME,142.498,46.14,2.96,-4.029,200.0,18.0,,,
2026-09-27T16:18:18.531322,1,356,FRAME,145.459,42.111,2.96,-4.029,200.0,25.0,,,
2026-09-27T16:18:18.546359,1,357,FRAME,148.419,38.082,2.96,-4.029,200.0,18.0,,,
2026-09-27T16:18:18.560406,1,358,FRAME,151.38,34.052,2.96,-4.029,200.0,25.0,,,
2026-09-27T16:18:18.576523,1,359,FRAME,154.34,30.023,2.96,-4.029,200.0,18.0,,,
2026-09-27T16:18:18.593247,1,360,FRAME,157.301,25.994,2.96,-4.029,200.0,25.0,,,
2026-09-27T16:18:18.611634,1,361,FRAME,160.261,21.964,2.96,-4.029,200.0,18.0,,,
2026-09-27T16:18:18.627188,1,362,FRAME,163.222,17.935,2.96,-4.029,200.0,25.0,,,
2026-09-27T16:18:18.643340,1,363,FRAME,166.182,13.906,2.96,-4.029,200.0,18.0,,,
2026-09-27T16:18:18.658991,1,364,FRAME,169.143,9.876,2.96,-4.029,200.0,25.0,,,
2026-09-27T16:18:18.676223,1,365,FRAME,172.103,5.847,2.96,-4.029,200.0,18.0,,,
2026-09-27T16:18:18.693370,1,366,FRAME,175.064,1.818,2.96,-4.029,200.0,25.0,,,
2026-09-27T16:18:18.706634,1,367,WALL_BOUNCE,178.024,0,2.96,4.029,200.0,18.0,,,
2026-09-27T16:18:18.710721,1,368,FRAME,178.024,0,2.96,4.029,200.0,18.0,,,
2026-09-27T16:18:18.732364,1,369,FRAME,180.985,4.029,2.96,4.029,200.0,25.0,,,
2026-09-27T16:18:18.746231,1,370,FRAME,183.945,8.059,2.96,4.029,200.0,18.0,,,
2026-09-27T16:18:18.761023,1,371,FRAME,186.906,12.088,2.96,4.029,200.0,25.0,,,
2026-09-27T16:18:18.776739,1,372,FRAME,189.866,16.117,2.96,4.029,200.0,18.0,,,
2026-09-27T16:18:18.794412,1,373,FRAME,192.827,20.147,2.96,4.029,200.0,25.0,,,
2026-09-27T16:18:18.810056,1,374,FRAME,195.787,24.176,2.96,4.029,200.0,18.0,,,
2026-09-27T16:18:18.825617,1,375,FRAME,198.748,28.205,2.96,4.029,200.0,25.0,,,
2026-09-27T16:18:18.843606,1,376,FRAME,201.708,32.235,2.96,4.029,200.0,18.0,,,
2026-09-27T16:18:18.860635,1,377,FRAME,204.669,36.264,2.96,4.029,200.0,25.0,,,
2026-09-27T16:18:18.878183,1,378,FRAME,207.629,40.293,2.96,4.029,200.0,18.0,,,
2026-09-27T16:18:18.894713,1,379,FRAME,210.59,44.323,2.96,4.029,200.0,25.0,,,
2026-09-27T16:18:18.913842,1,380,FRAME,213.55,48.352,2.96,4.029,200.0,18.0,,,
2026-09-27T16:18:18.928092,1,381,FRAME,216.511,52.381,2.96,4.029,200.0,25.0,,,
2026-09-27T16:18:18.945431,1,382,FRAME,219.471,56.411,2.96,4.029,200.0,18.0,,,
2026-09-27T16:18:18.963598,1,383,FRAME,222.432,60.44,2.96,4.029,200.0,25.0,,,
2026-09-27T16:18:18.977240,1,384,FRAME,225.392,64.469,2.96,4.029,200.0,18.0,,,
2026-09-27T16:18:19.002433,1,385,FRAME,228.352,68.499,2.96,4.029,200.0,25.0,,,
2026-09-27T16:18:19.011511,1,386,FRAME,231.313,72.528,2.96,4.029,200.0,18.0,,,
2026-09-27T16:18:19.030004,1,387,FRAME,234.273,76.557,2.96,4.029,200.0,25.0,,,
2026-09-27T16:18:19.046515,1,388,FRAME,237.234,80.587,2.96,4.029,200.0,18.0,,,
2026-09-27T16:18:19.063737,1,389,FRAME,240.194,84.616,2.96,4.029,200.0,25.0,,,
2026-09-27T16:18:19.080594,1,390,FRAME,243.155,88.645,2.96,4.029,200.0,18.0,,,
2026-09-27T16:18:19.098147,1,391,FRAME,246.115,92.675,2.96,4.029,200.0,25.0,,,
2026-09-27T16:18:19.118065,1,392,FRAME,249.076,96.704,2.96,4.029,200.0,18.0,,,
2026-09-27T16:18:19.130907,1,393,FRAME,252.036,100.733,2.96,4.029,200.0,25.0,,,
2026-09-27T16:18:19.149701,1,394,FRAME,254.997,104.763,2.96,4.029,200.0,18.0,,,
2026-09-27T16:18:19.179085,1,395,FRAME,257.957,108.792,2.96,4.029,200.0,25.0,,,
2026-09-27T16:18:19.185614,1,396,FRAME,260.918,112.821,2.96,4.029,200.0,18.0,,,
2026-09-27T16:18:19.199620,1,397,FRAME,263.878,116.851,2.96,4.029,200.0,25.0,,,
2026-09-27T16:18:19.216606,1,398,FRAME,266.839,120.88,2.96,4.029,200.0,18.0,,,
2026-09-27T16:18:19.232712,1,399,FRAME,269.799,124.909,2.96,4.029,200.0,25.0,,,
2026-09-27T16:18:19.247732,1,400,FRAME,272.76,128.939,2.96,4.029,200.0,18.0,,,
2026-09-27T16:18:19.264326,1,401,FRAME,275.72,132.968,2.96,4.029,200.0,25.0,,,
2026-09-27T16:18:19.282950,1,402,FRAME,278.681,136.997,2.96,4.029,200.0,18.0,,,
2026-09-27T16:18:19.295060,1,403,FRAME,281.641,141.027,2.96,4.029,200.0,25.0,,,
2026-09-27T16:18:19.312958,1,404,FRAME,284.602,145.056,2.96,4.029,200.0,18.0,,,
2026-09-27T16:18:19.328985,1,405,FRAME,287.562,149.085,2.96,4.029,200.0,25.0,,,
2026-09-27T16:18:19.344814,1,406,FRAME,290.523,153.115,2.96,4.029,200.0,18.0,,,
2026-09-27T16:18:19.360476,1,407,FRAME,293.483,157.144,2.96,4.029,200.0,25.0,,,
2026-09-27T16:18:19.378090,1,408,FRAME,296.444,161.173,2.96,4.029,200.0,18.0,,,
2026-09-27T16:18:19.394314,1,409,FRAME,299.404,165.203,2.96,4.029,200.0,25.0,,,
2026-09-27T16:18:19.411758,1,410,FRAME,302.365,169.232,2.96,4.029,200.0,18.0,,,
2026-09-27T16:18:19.426675,1,411,FRAME,305.325,173.261,2.96,4.029,200.0,25.0,,,
2026-09-27T16:18:19.444905,1,412,FRAME,308.286,177.291,2.96,4.029,200.0,18.0,,,
2026-09-27T16:18:19.462299,1,413,FRAME,311.246,181.32,2.96,4.029,200.0,25.0,,,
2026-09-27T16:18:19.482645,1,414,FRAME,314.207,185.349,2.96,4.029,200.0,18.0,,,
2026-09-27T16:18:19.498865,1,415,FRAME,317.167,189.379,2.96,4.029,200.0,25.0,,,
2026-09-27T16:18:19.513313,1,416,FRAME,320.128,193.408,2.96,4.029,200.0,18.0,,,
2026-09-27T16:18:19.531200,1,417,FRAME,323.088,197.437,2.96,4.029,200.0,25.0,,,
2026-09-27T16:18:19.545891,1,418,FRAME,326.049,201.467,2.96,4.029,200.0,18.0,,,
2026-09-27T16:18:19.575058,1,419,FRAME,329.009,205.496,2.96,4.029,200.0,25.0,,,
2026-09-27T16:18:19.581607,1,420,FRAME,331.969,209.525,2.96,4.029,200.0,18.0,,,
2026-09-27T16:18:19.595693,1,421,FRAME,334.93,213.555,2.96,4.029,200.0,25.0,,,
2026-09-27T16:18:19.611892,1,422,FRAME,337.89,217.584,2.96,4.029,200.0,18.0,,,
2026-09-27T16:18:19.627948,1,423,FRAME,340.851,221.613,2.96,4.029,200.0,25.0,,,
2026-09-27T16:18:19.645761,1,424,FRAME,343.811,225.643,2.96,4.029,200.0,18.0,,,
2026-09-27T16:18:19.660651,1,425,FRAME,346.772,229.672,2.96,4.029,200.0,25.0,,,
2026-09-27T16:18:19.678283,1,426,FRAME,349.732,233.701,2.96,4.029,200.0,18.0,,,
2026-09-27T16:18:19.692618,1,427,FRAME,352.693,237.731,2.96,4.029,200.0,25.0,,,
2026-09-27T16:18:19.711085,1,428,FRAME,355.653,241.76,2.96,4.029,200.0,18.0,,,
2026-09-27T16:18:19.726673,1,429,FRAME,358.614,245.789,2.96,4.029,200.0,25.0,,,
2026-09-27T16:18:19.743892,1,430,FRAME,361.574,249.819,2.96,4.029,200.0,18.0,,,
2026-09-27T16:18:19.761641,1,431,FRAME,364.535,253.848,2.96,4.029,200.0,25.0,,,
2026-09-27T16:18:19.776629,1,432,FRAME,367.495,257.877,2.96,4.029,200.0,18.0,,,
2026-09-27T16:18:19.796203,1,433,FRAME,370.456,261.907,2.96,4.029,200.0,25.0,,,
2026-09-27T16:18:19.811309,1,434,FRAME,373.416,265.936,2.96,4.029,200.0,18.0,,,
2026-09-27T16:18:19.828046,1,435,FRAME,376.377,269.965,2.96,4.029,200.0,25.0,,,
2026-09-27T16:18:19.842980,1,436,FRAME,379.337,273.995,2.96,4.029,200.0,18.0,,,
2026-09-27T16:18:19.860200,1,437,FRAME,382.298,278.024,2.96,4.029,200.0,25.0,,,
2026-09-27T16:18:19.876853,1,438,FRAME,385.258,282.053,2.96,4.029,200.0,18.0,,,
2026-09-27T16:18:19.892489,1,439,FRAME,388.219,286.083,2.96,4.029,200.0,25.0,,,
2026-09-27T16:18:19.909483,1,440,FRAME,391.179,290.112,2.96,4.029,200.0,18.0,,,
2026-09-27T16:18:19.924983,1,441,FRAME,394.14,294.141,2.96,4.029,200.0,25.0,,,
2026-09-27T16:18:19.941668,1,442,FRAME,397.1,298.171,2.96,4.029,200.0,18.0,,,
2026-09-27T16:18:19.959550,1,443,FRAME,400.061,302.2,2.96,4.029,200.0,25.0,,,
2026-09-27T16:18:19.975455,1,444,FRAME,403.021,306.229,2.96,4.029,200.0,18.0,,,
2026-09-27T16:18:19.990393,1,445,FRAME,405.982,310.259,2.96,4.029,200.0,25.0,,,
2026-09-27T16:18:20.006833,1,446,FRAME,408.942,314.288,2.96,4.029,200.0,18.0,,,
2026-09-27T16:18:20.023494,1,447,FRAME,411.903,318.317,2.96,4.029,200.0,25.0,,,
2026-09-27T16:18:20.038829,1,448,FRAME,414.863,322.347,2.96,4.029,200.0,18.0,,,
2026-09-27T16:18:20.054656,1,449,FRAME,417.824,326.376,2.96,4.029,200.0,25.0,,,
2026-09-27T16:18:20.075354,1,450,FRAME,420.784,330.405,2.96,4.029,200.0,18.0,,,
2026-09-27T16:18:20.088720,1,451,FRAME,423.745,334.435,2.96,4.029,200.0,25.0,,,
2026-09-27T16:18:20.108816,1,452,FRAME,426.705,338.464,2.96,4.029,200.0,18.0,,,
2026-09-27T16:18:20.125569,1,453,FRAME,429.665,342.493,2.96,4.029,200.0,25.0,,,
2026-09-27T16:18:20.140759,1,454,FRAME,432.626,346.523,2.96,4.029,200.0,18.0,,,
2026-09-27T16:18:20.160067,1,455,FRAME,435.586,350.552,2.96,4.029,200.0,25.0,,,
2026-09-27T16:18:20.174235,1,456,FRAME,438.547,354.581,2.96,4.029,200.0,18.0,,,
2026-09-27T16:18:20.194431,1,457,FRAME,441.507,358.611,2.96,4.029,200.0,25.0,,,
2026-09-27T16:18:20.209637,1,458,FRAME,444.468,362.64,2.96,4.029,200.0,18.0,,,
2026-09-27T16:18:20.228621,1,459,FRAME,447.428,366.669,2.96,4.029,200.0,25.0,,,
2026-09-27T16:18:20.245544,1,460,FRAME,450.389,370.699,2.96,4.029,200.0,18.0,,,
2026-09-27T16:18:20.261529,1,461,FRAME,453.349,374.728,2.96,4.029,200.0,25.0,,,
2026-09-27T16:18:20.275503,1,462,FRAME,456.31,378.757,2.96,4.029,200.0,18.0,,,
2026-09-27T16:18:20.294499,1,463,FRAME,459.27,382.787,2.96,4.029,200.0,25.0,,,
2026-09-27T16:18:20.308905,1,464,FRAME,462.231,386.816,2.96,4.029,200.0,18.0,,,
2026-09-27T16:18:20.325625,1,465,FRAME,465.191,390.845,2.96,4.029,200.0,25.0,,,
2026-09-27T16:18:20.342790,1,466,FRAME,468.152,394.875,2.96,4.029,200.0,18.0,,,
2026-09-27T16:18:20.360597,1,467,FRAME,471.112,398.904,2.96,4.029,200.0,25.0,,,
2026-09-27T16:18:20.376989,1,468,FRAME,474.073,402.933,2.96,4.029,200.0,18.0,,,
2026-09-27T16:18:20.391625,1,469,FRAME,477.033,406.963,2.96,4.029,200.0,25.0,,,
2026-09-27T16:18:20.408747,1,470,FRAME,479.994,410.992,2.96,4.029,200.0,18.0,,,
2026-09-27T16:18:20.427976,1,471,FRAME,482.954,415.021,2.96,4.029,200.0,25.0,,,
2026-09-27T16:18:20.443578,1,472,FRAME,485.915,419.051,2.96,4.029,200.0,18.0,,,
2026-09-27T16:18:20.458026,1,473,FRAME,488.875,423.08,2.96,4.029,200.0,25.0,,,
2026-09-27T16:18:20.474560,1,474,FRAME,491.836,427.109,2.96,4.029,200.0,18.0,,,
2026-09-27T16:18:20.489666,1,475,FRAME,494.796,431.139,2.96,4.029,200.0,25.0,,,
2026-09-27T16:18:20.509351,1,476,FRAME,497.757,435.168,2.96,4.029,200.0,18.0,,,
2026-09-27T16:18:20.523394,1,477,FRAME,500.717,439.197,2.96,4.029,200.0,25.0,,,
2026-09-27T16:18:20.541034,1,478,FRAME,503.678,443.227,2.96,4.029,200.0,18.0,,,
2026-09-27T16:18:20.559731,1,479,FRAME,506.638,447.256,2.96,4.029,200.0,25.0,,,
2026-09-27T16:18:20.573110,1,480,FRAME,509.599,451.285,2.96,4.029,200.0,18.0,,,
2026-09-27T16:18:20.590270,1,481,FRAME,512.559,455.315,2.96,4.029,200.0,25.0,,,
2026-09-27T16:18:20.609858,1,482,FRAME,515.52,459.344,2.96,4.029,200.0,18.0,,,
2026-09-27T16:18:20.623349,1,483,FRAME,518.48,463.373,2.96,4.029,200.0,25.0,,,
2026-09-27T16:18:20.639742,1,484,FRAME,521.441,467.403,2.96,4.029,200.0,18.0,,,
2026-09-27T16:18:20.656701,1,485,FRAME,524.401,471.432,2.96,4.029,200.0,25.0,,,
2026-09-27T16:18:20.672241,1,486,FRAME,527.361,475.461,2.96,4.029,200.0,18.0,,,
2026-09-27T16:18:20.689625,1,487,FRAME,530.322,479.491,2.96,4.029,200.0,25.0,,,
2026-09-27T16:18:20.705304,1,488,FRAME,533.282,483.52,2.96,4.029,200.0,18.0,,,
2026-09-27T16:18:20.722321,1,489,FRAME,536.243,487.549,2.96,4.029,200.0,25.0,,,
2026-09-27T16:18:20.734575,1,490,WALL_BOUNCE,539.203,488,2.96,-4.029,200.0,18.0,,,
2026-09-27T16:18:20.743947,1,491,FRAME,539.203,488,2.96,-4.029,200.0,18.0,,,
2026-09-27T16:18:20.759940,1,492,FRAME,542.164,483.971,2.96,-4.029,200.0,11.0,,,
2026-09-27T16:18:20.775172,1,493,FRAME,545.124,479.941,2.96,-4.029,200.0,18.0,,,
2026-09-27T16:18:20.786608,1,494,FRAME,548.085,475.912,2.96,-4.029,200.0,11.0,,,
2026-09-27T16:18:20.804735,1,495,FRAME,551.045,471.883,2.96,-4.029,200.0,18.0,,,
2026-09-27T16:18:20.824310,1,496,FRAME,554.006,467.853,2.96,-4.029,200.0,11.0,,,
2026-09-27T16:18:20.838009,1,497,FRAME,556.966,463.824,2.96,-4.029,200.0,18.0,,,
2026-09-27T16:18:20.853911,1,498,FRAME,559.927,459.795,2.96,-4.029,200.0,11.0,,,
2026-09-27T16:18:20.871697,1,499,FRAME,562.887,455.765,2.96,-4.029,200.0,18.0,,,
2026-09-27T16:18:20.888678,1,500,FRAME,565.848,451.736,2.96,-4.029,200.0,11.0,,,
2026-09-27T16:18:20.906375,1,501,FRAME,568.808,447.707,2.96,-4.029,200.0,18.0,,,
2026-09-27T16:18:20.922063,1,502,FRAME,571.769,443.677,2.96,-4.029,200.0,11.0,,,
2026-09-27T16:18:20.938602,1,503,FRAME,574.729,439.648,2.96,-4.029,200.0,18.0,,,
2026-09-27T16:18:20.954235,1,504,FRAME,577.69,435.619,2.96,-4.029,200.0,11.0,,,
2026-09-27T16:18:20.972782,1,505,FRAME,580.65,431.589,2.96,-4.029,200.0,18.0,,,
2026-09-27T16:18:20.988797,1,506,FRAME,583.611,427.56,2.96,-4.029,200.0,11.0,,,
2026-09-27T16:18:21.004893,1,507,FRAME,586.571,423.531,2.96,-4.029,200.0,18.0,,,
2026-09-27T16:18:21.023600,1,508,FRAME,589.532,419.501,2.96,-4.029,200.0,11.0,,,
2026-09-27T16:18:21.038895,1,509,FRAME,592.492,415.472,2.96,-4.029,200.0,18.0,,,
2026-09-27T16:18:21.055444,1,510,FRAME,595.453,411.443,2.96,-4.029,200.0,11.0,,,
2026-09-27T16:18:21.075227,1,511,FRAME,598.413,407.413,2.96,-4.029,200.0,18.0,,,
2026-09-27T16:18:21.086656,1,512,FRAME,601.374,403.384,2.96,-4.029,200.0,11.0,,,
2026-09-27T16:18:21.105964,1,513,FRAME,604.334,399.355,2.96,-4.029,200.0,18.0,,,
2026-09-27T16:18:21.122448,1,514,FRAME,607.295,395.325,2.96,-4.029,200.0,11.0,,,
2026-09-27T16:18:21.139034,1,515,FRAME,610.255,391.296,2.96,-4.029,200.0,18.0,,,
2026-09-27T16:18:21.157040,1,516,FRAME,613.216,387.267,2.96,-4.029,200.0,11.0,,,
2026-09-27T16:18:21.173352,1,517,FRAME,616.176,383.237,2.96,-4.029,200.0,18.0,,,
2026-09-27T16:18:21.193395,1,518,FRAME,619.137,379.208,2.96,-4.029,200.0,11.0,,,
2026-09-27T16:18:21.210601,1,519,FRAME,622.097,375.179,2.96,-4.029,200.0,18.0,,,
2026-09-27T16:18:21.224964,1,520,FRAME,625.057,371.149,2.96,-4.029,200.0,11.0,,,
2026-09-27T16:18:21.240447,1,521,FRAME,628.018,367.12,2.96,-4.029,200.0,18.0,,,
2026-09-27T16:18:21.255258,1,522,FRAME,630.978,363.091,2.96,-4.029,200.0,11.0,,,
2026-09-27T16:18:21.271659,1,523,FRAME,633.939,359.061,2.96,-4.029,207.0,18.0,,,
2026-09-27T16:18:21.287208,1,524,FRAME,636.899,355.032,2.96,-4.029,214.0,11.0,,,
2026-09-27T16:18:21.303519,1,525,FRAME,639.86,351.003,2.96,-4.029,221.0,18.0,,,
2026-09-27T16:18:21.318822,1,526,FRAME,642.82,346.973,2.96,-4.029,228.0,11.0,,,
2026-09-27T16:18:21.337013,1,527,FRAME,645.781,342.944,2.96,-4.029,235.0,18.0,,,
2026-09-27T16:18:21.354552,1,528,FRAME,648.741,338.915,2.96,-4.029,242.0,11.0,,,
2026-09-27T16:18:21.371394,1,529,FRAME,651.702,334.885,2.96,-4.029,249.0,18.0,,,
2026-09-27T16:18:21.386830,1,530,FRAME,654.662,330.856,2.96,-4.029,249.0,11.0,,,
2026-09-27T16:18:21.402767,1,531,FRAME,657.623,326.827,2.96,-4.029,249.0,18.0,,,
2026-09-27T16:18:21.418818,1,532,FRAME,660.583,322.797,2.96,-4.029,249.0,11.0,,,
2026-09-27T16:18:21.435215,1,533,FRAME,663.544,318.768,2.96,-4.029,249.0,18.0,,,
2026-09-27T16:18:21.451403,1,534,FRAME,666.504,314.739,2.96,-4.029,249.0,11.0,,,
2026-09-27T16:18:21.470329,1,535,FRAME,669.465,310.709,2.96,-4.029,249.0,18.0,,,
2026-09-27T16:18:21.483758,1,536,FRAME,672.425,306.68,2.96,-4.029,249.0,11.0,,,
2026-09-27T16:18:21.502329,1,537,FRAME,675.386,302.651,2.96,-4.029,249.0,18.0,,,
2026-09-27T16:18:21.518933,1,538,FRAME,678.346,298.621,2.96,-4.029,249.0,11.0,,,
2026-09-27T16:18:21.534738,1,539,FRAME,681.307,294.592,2.96,-4.029,249.0,18.0,,,
2026-09-27T16:18:21.553617,1,540,FRAME,684.267,290.563,2.96,-4.029,249.0,11.0,,,
2026-09-27T16:18:21.568324,1,541,FRAME,687.228,286.533,2.96,-4.029,249.0,18.0,,,
2026-09-27T16:18:21.587957,1,542,FRAME,690.188,282.504,2.96,-4.029,249.0,11.0,,,
2026-09-27T16:18:21.603766,1,543,FRAME,693.149,278.475,2.96,-4.029,249.0,18.0,,,
2026-09-27T16:18:21.619590,1,544,FRAME,696.109,274.445,2.96,-4.029,249.0,11.0,,,
2026-09-27T16:18:21.636624,1,545,FRAME,699.07,270.416,2.96,-4.029,249.0,18.0,,,
2026-09-27T16:18:21.651114,1,546,FRAME,702.03,266.387,2.96,-4.029,249.0,11.0,,,
2026-09-27T16:18:21.668650,1,547,FRAME,704.991,262.357,2.96,-4.029,249.0,18.0,,,
2026-09-27T16:18:21.683572,1,548,FRAME,707.951,258.328,2.96,-4.029,249.0,11.0,,,
2026-09-27T16:18:21.700721,1,549,FRAME,710.912,254.299,2.96,-4.029,249.0,18.0,,,
2026-09-27T16:18:21.718976,1,550,FRAME,713.872,250.269,2.96,-4.029,249.0,11.0,,,
2026-09-27T16:18:21.732873,1,551,FRAME,716.833,246.24,2.96,-4.029,249.0,18.0,,,
2026-09-27T16:18:21.748581,1,552,FRAME,719.793,242.211,2.96,-4.029,249.0,11.0,,,
2026-09-27T16:18:21.765718,1,553,FRAME,722.753,238.181,2.96,-4.029,249.0,18.0,,,
2026-09-27T16:18:21.781567,1,554,FRAME,725.714,234.152,2.96,-4.029,249.0,11.0,,,
2026-09-27T16:18:21.801318,1,555,FRAME,728.674,230.123,2.96,-4.029,249.0,18.0,,,
2026-09-27T16:18:21.816865,1,556,FRAME,731.635,226.093,2.96,-4.029,249.0,11.0,,,
2026-09-27T16:18:21.833066,1,557,FRAME,734.595,222.064,2.96,-4.029,249.0,18.0,,,
2026-09-27T16:18:21.849975,1,558,FRAME,737.556,218.035,2.96,-4.029,249.0,11.0,,,
2026-09-27T16:18:21.865762,1,559,FRAME,740.516,214.005,2.96,-4.029,249.0,18.0,,,
2026-09-27T16:18:21.882985,1,560,FRAME,743.477,209.976,2.96,-4.029,249.0,11.0,,,
2026-09-27T16:18:21.899592,1,561,FRAME,746.437,205.947,2.96,-4.029,249.0,18.0,,,
2026-09-27T16:18:21.916210,1,562,FRAME,749.398,201.917,2.96,-4.029,249.0,11.0,,,
2026-09-27T16:18:21.934369,1,563,FRAME,752.358,197.888,2.96,-4.029,249.0,18.0,,,
2026-09-27T16:18:21.947758,1,564,FRAME,755.319,193.859,2.96,-4.029,249.0,11.0,,,
2026-09-27T16:18:21.964311,1,565,FRAME,758.279,189.829,2.96,-4.029,249.0,18.0,,,
2026-09-27T16:18:21.982766,1,566,FRAME,761.24,185.8,2.96,-4.029,249.0,11.0,,,
2026-09-27T16:18:21.997805,1,567,FRAME,764.2,181.771,2.96,-4.029,249.0,18.0,,,
2026-09-27T16:18:22.015665,1,568,FRAME,767.161,177.741,2.96,-4.029,249.0,11.0,,,
2026-09-27T16:18:22.034467,1,569,FRAME,770.121,173.712,2.96,-4.029,249.0,18.0,,,
2026-09-27T16:18:22.048636,1,570,FRAME,773.082,169.683,2.96,-4.029,249.0,11.0,,,
2026-09-27T16:18:22.066857,1,571,FRAME,776.042,165.653,2.96,-4.029,249.0,18.0,,,
2026-09-27T16:18:22.083072,1,572,FRAME,779.003,161.624,2.96,-4.029,249.0,11.0,,,
2026-09-27T16:18:22.098912,1,573,FRAME,781.963,157.595,2.96,-4.029,249.0,18.0,,,
2026-09-27T16:18:22.115172,1,574,FRAME,784.924,153.565,2.96,-4.029,249.0,11.0,,,
2026-09-27T16:18:22.131331,1,575,FRAME,787.884,149.536,2.96,-4.029,249.0,18.0,,,
2026-09-27T16:18:22.149701,1,576,FRAME,790.845,145.507,2.96,-4.029,249.0,11.0,,,
2026-09-27T16:18:22.164276,1,577,FRAME,793.805,141.477,2.96,-4.029,249.0,18.0,,,
2026-09-27T16:18:22.182533,1,578,FRAME,796.766,137.448,2.96,-4.029,249.0,11.0,,,
2026-09-27T16:18:22.199535,1,579,FRAME,799.726,133.419,2.96,-4.029,249.0,18.0,,,
2026-09-27T16:18:22.215533,1,580,FRAME,802.687,129.389,2.96,-4.029,249.0,11.0,,,
2026-09-27T16:18:22.230560,1,581,FRAME,805.647,125.36,2.96,-4.029,249.0,18.0,,,
2026-09-27T16:18:22.246990,1,582,FRAME,808.608,121.331,2.96,-4.029,249.0,11.0,,,
2026-09-27T16:18:22.261812,1,583,FRAME,811.568,117.301,2.96,-4.029,249.0,18.0,,,
2026-09-27T16:18:22.279146,1,584,FRAME,814.529,113.272,2.96,-4.029,249.0,11.0,,,
2026-09-27T16:18:22.295972,1,585,FRAME,817.489,109.243,2.96,-4.029,242.0,18.0,,,
2026-09-27T16:18:22.312489,1,586,FRAME,820.45,105.213,2.96,-4.029,235.0,11.0,,,
2026-09-27T16:18:22.327834,1,587,FRAME,823.41,101.184,2.96,-4.029,228.0,18.0,,,
2026-09-27T16:18:22.343834,1,588,FRAME,826.37,97.155,2.96,-4.029,221.0,11.0,,,
2026-09-27T16:18:22.360842,1,589,FRAME,829.331,93.125,2.96,-4.029,214.0,18.0,,,
2026-09-27T16:18:22.378372,1,590,FRAME,832.291,89.096,2.96,-4.029,207.0,11.0,,,
2026-09-27T16:18:22.393365,1,591,FRAME,835.252,85.067,2.96,-4.029,200.0,18.0,,,
2026-09-27T16:18:22.410365,1,592,FRAME,838.212,81.037,2.96,-4.029,193.0,11.0,,,
2026-09-27T16:18:22.425454,1,593,FRAME,841.173,77.008,2.96,-4.029,186.0,18.0,,,
2026-09-27T16:18:22.443000,1,594,FRAME,844.133,72.979,2.96,-4.029,179.0,11.0,,,
2026-09-27T16:18:22.458997,1,595,FRAME,847.094,68.949,2.96,-4.029,172.0,18.0,,,
2026-09-27T16:18:22.478511,1,596,FRAME,850.054,64.92,2.96,-4.029,165.0,11.0,,,
2026-09-27T16:18:22.491512,1,597,FRAME,853.015,60.891,2.96,-4.029,165.0,18.0,,,
2026-09-27T16:18:22.509514,1,598,FRAME,855.975,56.861,2.96,-4.029,165.0,11.0,,,
2026-09-27T16:18:22.524512,1,599,FRAME,858.936,52.832,2.96,-4.029,165.0,18.0,,,
2026-09-27T16:18:22.540513,1,600,FRAME,861.896,48.803,2.96,-4.029,165.0,11.0,,,
2026-09-27T16:18:22.557512,1,601,FRAME,864.857,44.773,2.96,-4.029,165.0,18.0,,,
2026-09-27T16:18:22.573535,1,602,FRAME,867.817,40.744,2.96,-4.029,165.0,11.0,,,
2026-09-27T16:18:22.588062,1,603,FRAME,870.778,36.715,2.96,-4.029,165.0,18.0,,,
2026-09-27T16:18:22.607698,1,604,FRAME,873.738,32.685,2.96,-4.029,165.0,11.0,,,
2026-09-27T16:18:22.624072,1,605,FRAME,876.699,28.656,2.96,-4.029,165.0,18.0,,,
2026-09-27T16:18:22.641073,1,606,FRAME,879.659,24.627,2.96,-4.029,165.0,11.0,,,
2026-09-27T16:18:22.657073,1,607,FRAME,882.62,20.597,2.96,-4.029,165.0,18.0,,,
2026-09-27T16:18:22.673080,1,608,FRAME,885.58,16.568,2.96,-4.029,165.0,11.0,,,
2026-09-27T16:18:22.690612,1,609,FRAME,888.541,12.539,2.96,-4.029,165.0,18.0,,,
2026-09-27T16:18:22.707613,1,610,FRAME,891.501,8.509,2.96,-4.029,165.0,11.0,,,
2026-09-27T16:18:22.724612,1,611,FRAME,894.462,4.48,2.96,-4.029,165.0,18.0,,,
2026-09-27T16:18:22.739612,1,612,FRAME,897.422,0.451,2.96,-4.029,165.0,11.0,,,
2026-09-27T16:18:22.753946,1,613,WALL_BOUNCE,900.383,0,2.96,4.029,165.0,18.0,,,
2026-09-27T16:18:22.759947,1,614,FRAME,900.383,0,2.96,4.029,165.0,18.0,,,
2026-09-27T16:18:22.774799,1,615,FRAME,903.343,4.029,2.96,4.029,165.0,11.0,,,
2026-09-27T16:18:22.793876,1,616,FRAME,906.304,8.059,2.96,4.029,165.0,18.0,,,
2026-09-27T16:18:22.807877,1,617,FRAME,909.264,12.088,2.96,4.029,165.0,11.0,,,
2026-09-27T16:18:22.826467,1,618,FRAME,912.225,16.117,2.96,4.029,165.0,18.0,,,
2026-09-27T16:18:22.843045,1,619,FRAME,915.185,20.147,2.96,4.029,165.0,11.0,,,
2026-09-27T16:18:22.857103,1,620,FRAME,918.146,24.176,2.96,4.029,165.0,18.0,,,
2026-09-27T16:18:22.876006,1,621,FRAME,921.106,28.205,2.96,4.029,165.0,11.0,,,
2026-09-27T16:18:22.891779,1,622,FRAME,924.066,32.235,2.96,4.029,165.0,18.0,,,
2026-09-27T16:18:22.912363,1,623,FRAME,927.027,36.264,2.96,4.029,165.0,11.0,,,
2026-09-27T16:18:22.928524,1,624,FRAME,929.987,40.293,2.96,4.029,158.0,18.0,,,
2026-09-27T16:18:22.941551,1,625,FRAME,932.948,44.323,2.96,4.029,151.0,11.0,,,
2026-09-27T16:18:22.956529,1,626,FRAME,935.908,48.352,2.96,4.029,144.0,18.0,,,
2026-09-27T16:18:22.972626,1,627,FRAME,938.869,52.381,2.96,4.029,137.0,11.0,,,
2026-09-27T16:18:22.988736,1,628,FRAME,941.829,56.411,2.96,4.029,130.0,18.0,,,
2026-09-27T16:18:23.005783,1,629,FRAME,944.79,60.44,2.96,4.029,123.0,11.0,,,
2026-09-27T16:18:23.023038,1,630,FRAME,947.75,64.469,2.96,4.029,116.0,11.0,,,
2026-09-27T16:18:23.038789,1,631,FRAME,950.711,68.499,2.96,4.029,109.0,11.0,,,
2026-09-27T16:18:23.054015,1,632,FRAME,953.671,72.528,2.96,4.029,102.0,11.0,,,
2026-09-27T16:18:23.074105,1,633,FRAME,956.632,76.557,2.96,4.029,102.0,11.0,,,
2026-09-27T16:18:23.083767,1,634,RIGHT_HIT,958,80.587,-4.299,2.553,102.0,11.0,0.512,30.704,
2026-09-27T16:18:23.087282,1,635,FRAME,958,80.587,-4.299,2.553,102.0,11.0,,,
2026-09-27T16:18:23.105005,1,636,FRAME,953.701,83.14,-4.299,2.553,102.0,18.0,,,
2026-09-27T16:18:23.122161,1,637,FRAME,949.402,85.693,-4.299,2.553,102.0,25.0,,,
2026-09-27T16:18:23.139301,1,638,FRAME,945.103,88.246,-4.299,2.553,102.0,32.0,,,
2026-09-27T16:18:23.154344,1,639,FRAME,940.804,90.799,-4.299,2.553,102.0,39.0,,,
2026-09-27T16:18:23.170876,1,640,FRAME,936.505,93.352,-4.299,2.553,102.0,46.0,,,
2026-09-27T16:18:23.188918,1,641,FRAME,932.206,95.905,-4.299,2.553,102.0,53.0,,,
2026-09-27T16:18:23.203947,1,642,FRAME,927.906,98.458,-4.299,2.553,102.0,60.0,,,
2026-09-27T16:18:23.221502,1,643,FRAME,923.607,101.011,-4.299,2.553,102.0,67.0,,,
2026-09-27T16:18:23.236023,1,644,FRAME,919.308,103.564,-4.299,2.553,102.0,74.0,,,
2026-09-27T16:18:23.253295,1,645,FRAME,915.009,106.117,-4.299,2.553,102.0,81.0,,,
2026-09-27T16:18:23.270070,1,646,FRAME,910.71,108.67,-4.299,2.553,102.0,88.0,,,
2026-09-27T16:18:23.284625,1,647,FRAME,906.411,111.223,-4.299,2.553,102.0,95.0,,,
2026-09-27T16:18:23.304331,1,648,FRAME,902.112,113.776,-4.299,2.553,102.0,102.0,,,
2026-09-27T16:18:23.318645,1,649,FRAME,897.813,116.329,-4.299,2.553,102.0,109.0,,,
2026-09-27T16:18:23.337001,1,650,FRAME,893.514,118.882,-4.299,2.553,102.0,116.0,,,
2026-09-27T16:18:23.355537,1,651,FRAME,889.215,121.435,-4.299,2.553,102.0,123.0,,,
2026-09-27T16:18:23.366554,1,652,FRAME,884.916,123.988,-4.299,2.553,102.0,130.0,,,
2026-09-27T16:18:23.386218,1,653,FRAME,880.617,126.541,-4.299,2.553,102.0,137.0,,,
2026-09-27T16:18:23.401850,1,654,FRAME,876.317,129.094,-4.299,2.553,102.0,144.0,,,
2026-09-27T16:18:23.417058,1,655,FRAME,872.018,131.647,-4.299,2.553,102.0,151.0,,,
2026-09-27T16:18:23.437649,1,656,FRAME,867.719,134.2,-4.299,2.553,102.0,158.0,,,
2026-09-27T16:18:23.451205,1,657,FRAME,863.42,136.753,-4.299,2.553,102.0,165.0,,,
2026-09-27T16:18:23.471103,1,658,FRAME,859.121,139.306,-4.299,2.553,102.0,172.0,,,
2026-09-27T16:18:23.484452,1,659,FRAME,854.822,141.859,-4.299,2.553,102.0,179.0,,,
2026-09-27T16:18:23.500044,1,660,FRAME,850.523,144.412,-4.299,2.553,102.0,186.0,,,
2026-09-27T16:18:23.515592,1,661,FRAME,846.224,146.965,-4.299,2.553,109.0,193.0,,,
2026-09-27T16:18:23.533950,1,662,FRAME,841.925,149.518,-4.299,2.553,116.0,200.0,,,
2026-09-27T16:18:23.551000,1,663,FRAME,837.626,152.071,-4.299,2.553,123.0,200.0,,,
2026-09-27T16:18:23.566015,1,664,FRAME,833.327,154.624,-4.299,2.553,130.0,200.0,,,
2026-09-27T16:18:23.584091,1,665,FRAME,829.028,157.177,-4.299,2.553,137.0,200.0,,,
2026-09-27T16:18:23.599611,1,666,FRAME,824.728,159.73,-4.299,2.553,144.0,200.0,,,
2026-09-27T16:18:23.613663,1,667,FRAME,820.429,162.283,-4.299,2.553,151.0,200.0,,,
2026-09-27T16:18:23.631726,1,668,FRAME,816.13,164.836,-4.299,2.553,158.0,200.0,,,
2026-09-27T16:18:23.648007,1,669,FRAME,811.831,167.389,-4.299,2.553,165.0,200.0,,,
2026-09-27T16:18:23.668314,1,670,FRAME,807.532,169.942,-4.299,2.553,172.0,200.0,,,
2026-09-27T16:18:23.680333,1,671,FRAME,803.233,172.495,-4.299,2.553,179.0,200.0,,,
2026-09-27T16:18:23.696888,1,672,FRAME,798.934,175.048,-4.299,2.553,186.0,200.0,,,
2026-09-27T16:18:23.713494,1,673,FRAME,794.635,177.601,-4.299,2.553,193.0,200.0,,,
2026-09-27T16:18:23.727044,1,674,FRAME,790.336,180.154,-4.299,2.553,200.0,200.0,,,
2026-09-27T16:18:23.750275,1,675,FRAME,786.037,182.707,-4.299,2.553,207.0,200.0,,,
2026-09-27T16:18:23.763322,1,676,FRAME,781.738,185.26,-4.299,2.553,214.0,200.0,,,
2026-09-27T16:18:23.778464,1,677,FRAME,777.439,187.813,-4.299,2.553,214.0,200.0,,,
2026-09-27T16:18:23.794518,1,678,FRAME,773.139,190.366,-4.299,2.553,214.0,200.0,,,
2026-09-27T16:18:23.810029,1,679,FRAME,768.84,192.919,-4.299,2.553,214.0,200.0,,,
2026-09-27T16:18:23.828626,1,680,FRAME,764.541,195.472,-4.299,2.553,214.0,200.0,,,
2026-09-27T16:18:23.843229,1,681,FRAME,760.242,198.025,-4.299,2.553,214.0,200.0,,,
2026-09-27T16:18:23.858266,1,682,FRAME,755.943,200.578,-4.299,2.553,214.0,200.0,,,
2026-09-27T16:18:23.876838,1,683,FRAME,751.644,203.131,-4.299,2.553,214.0,200.0,,,
2026-09-27T16:18:23.892012,1,684,FRAME,747.345,205.684,-4.299,2.553,214.0,200.0,,,
2026-09-27T16:18:23.913081,1,685,FRAME,743.046,208.237,-4.299,2.553,214.0,200.0,,,
2026-09-27T16:18:23.928625,1,686,FRAME,738.747,210.79,-4.299,2.553,214.0,200.0,,,
2026-09-27T16:18:23.942289,1,687,FRAME,734.448,213.343,-4.299,2.553,214.0,200.0,,,
2026-09-27T16:18:23.959653,1,688,FRAME,730.149,215.896,-4.299,2.553,214.0,200.0,,,
2026-09-27T16:18:23.974543,1,689,FRAME,725.85,218.449,-4.299,2.553,214.0,200.0,,,
2026-09-27T16:18:23.991069,1,690,FRAME,721.55,221.002,-4.299,2.553,214.0,200.0,,,
2026-09-27T16:18:24.007242,1,691,FRAME,717.251,223.556,-4.299,2.553,214.0,200.0,,,
2026-09-27T16:18:24.024630,1,692,FRAME,712.952,226.109,-4.299,2.553,214.0,200.0,,,
2026-09-27T16:18:24.045734,1,693,FRAME,708.653,228.662,-4.299,2.553,221.0,200.0,,,
2026-09-27T16:18:24.058761,1,694,FRAME,704.354,231.215,-4.299,2.553,228.0,200.0,,,
2026-09-27T16:18:24.075598,1,695,FRAME,700.055,233.768,-4.299,2.553,235.0,200.0,,,
2026-09-27T16:18:24.097114,1,696,FRAME,695.756,236.321,-4.299,2.553,242.0,200.0,,,
2026-09-27T16:18:24.109136,1,697,FRAME,691.457,238.874,-4.299,2.553,249.0,200.0,,,
2026-09-27T16:18:24.125791,1,698,FRAME,687.158,241.427,-4.299,2.553,256.0,200.0,,,
2026-09-27T16:18:24.143318,1,699,FRAME,682.859,243.98,-4.299,2.553,263.0,200.0,,,
2026-09-27T16:18:24.159852,1,700,FRAME,678.56,246.533,-4.299,2.553,270.0,200.0,,,
2026-09-27T16:18:24.175382,1,701,FRAME,674.261,249.086,-4.299,2.553,277.0,200.0,,,
2026-09-27T16:18:24.191416,1,702,FRAME,669.961,251.639,-4.299,2.553,284.0,200.0,,,
2026-09-27T16:18:24.213498,1,703,FRAME,665.662,254.192,-4.299,2.553,291.0,200.0,,,
2026-09-27T16:18:24.224902,1,704,FRAME,661.363,256.745,-4.299,2.553,298.0,200.0,,,
2026-09-27T16:18:24.245582,1,705,FRAME,657.064,259.298,-4.299,2.553,305.0,200.0,,,
2026-09-27T16:18:24.258300,1,706,FRAME,652.765,261.851,-4.299,2.553,312.0,200.0,,,
2026-09-27T16:18:24.274560,1,707,FRAME,648.466,264.404,-4.299,2.553,319.0,200.0,,,
2026-09-27T16:18:24.293695,1,708,FRAME,644.167,266.957,-4.299,2.553,326.0,200.0,,,
2026-09-27T16:18:24.306491,1,709,FRAME,639.868,269.51,-4.299,2.553,333.0,200.0,,,
2026-09-27T16:18:24.323121,1,710,FRAME,635.569,272.063,-4.299,2.553,340.0,200.0,,,
2026-09-27T16:18:24.339640,1,711,FRAME,631.27,274.616,-4.299,2.553,347.0,200.0,,,
2026-09-27T16:18:24.357207,1,712,FRAME,626.971,277.169,-4.299,2.553,354.0,200.0,,,
2026-09-27T16:18:24.374332,1,713,FRAME,622.672,279.722,-4.299,2.553,361.0,200.0,,,
2026-09-27T16:18:24.390493,1,714,FRAME,618.372,282.275,-4.299,2.553,368.0,200.0,,,
2026-09-27T16:18:24.408483,1,715,FRAME,614.073,284.828,-4.299,2.553,375.0,200.0,,,
2026-09-27T16:18:24.427189,1,716,FRAME,609.774,287.381,-4.299,2.553,382.0,200.0,,,
2026-09-27T16:18:24.439957,1,717,FRAME,605.475,289.934,-4.299,2.553,389.0,200.0,,,
2026-09-27T16:18:24.456675,1,718,FRAME,601.176,292.487,-4.299,2.553,396.0,200.0,,,
2026-09-27T16:18:24.472382,1,719,FRAME,596.877,295.04,-4.299,2.553,400,200.0,,,
2026-09-27T16:18:24.488653,1,720,FRAME,592.578,297.593,-4.299,2.553,400,200.0,,,
2026-09-27T16:18:24.505711,1,721,FRAME,588.279,300.146,-4.299,2.553,400,200.0,,,
2026-09-27T16:18:24.522938,1,722,FRAME,583.98,302.699,-4.299,2.553,400,200.0,,,
2026-09-27T16:18:24.543494,1,723,FRAME,579.681,305.252,-4.299,2.553,400,200.0,,,
2026-09-27T16:18:24.560575,1,724,FRAME,575.382,307.805,-4.299,2.553,400,200.0,,,
2026-09-27T16:18:24.573656,1,725,FRAME,571.083,310.358,-4.299,2.553,400,200.0,,,
2026-09-27T16:18:24.590672,1,726,FRAME,566.783,312.911,-4.299,2.553,400,200.0,,,
2026-09-27T16:18:24.606756,1,727,FRAME,562.484,315.464,-4.299,2.553,400,200.0,,,
2026-09-27T16:18:24.625920,1,728,FRAME,558.185,318.017,-4.299,2.553,400,200.0,,,
2026-09-27T16:18:24.638460,1,729,FRAME,553.886,320.57,-4.299,2.553,400,200.0,,,
2026-09-27T16:18:24.657632,1,730,FRAME,549.587,323.123,-4.299,2.553,400,200.0,,,
2026-09-27T16:18:24.677371,1,731,FRAME,545.288,325.676,-4.299,2.553,400,200.0,,,
2026-09-27T16:18:24.688689,1,732,FRAME,540.989,328.229,-4.299,2.553,400,200.0,,,
2026-09-27T16:18:24.705722,1,733,FRAME,536.69,330.782,-4.299,2.553,400,200.0,,,
2026-09-27T16:18:24.722560,1,734,FRAME,532.391,333.335,-4.299,2.553,400,200.0,,,
2026-09-27T16:18:24.741598,1,735,FRAME,528.092,335.888,-4.299,2.553,400,200.0,,,
2026-09-27T16:18:24.758420,1,736,FRAME,523.793,338.441,-4.299,2.553,400,200.0,,,
2026-09-27T16:18:24.773068,1,737,FRAME,519.494,340.994,-4.299,2.553,400,200.0,,,
2026-09-27T16:18:24.790136,1,738,FRAME,515.194,343.547,-4.299,2.553,400,200.0,,,
2026-09-27T16:18:24.806669,1,739,FRAME,510.895,346.1,-4.299,2.553,400,200.0,,,
2026-09-27T16:18:24.823681,1,740,FRAME,506.596,348.653,-4.299,2.553,400,200.0,,,
2026-09-27T16:18:24.842657,1,741,FRAME,502.297,351.206,-4.299,2.553,400,200.0,,,
2026-09-27T16:18:24.856898,1,742,FRAME,497.998,353.759,-4.299,2.553,400,200.0,,,
2026-09-27T16:18:24.875441,1,743,FRAME,493.699,356.312,-4.299,2.553,400,200.0,,,
2026-09-27T16:18:24.890082,1,744,FRAME,489.4,358.865,-4.299,2.553,400,200.0,,,
2026-09-27T16:18:24.908267,1,745,FRAME,485.101,361.418,-4.299,2.553,400,200.0,,,
2026-09-27T16:18:24.925384,1,746,FRAME,480.802,363.971,-4.299,2.553,400,200.0,,,
2026-09-27T16:18:24.939635,1,747,FRAME,476.503,366.524,-4.299,2.553,400,200.0,,,
2026-09-27T16:18:24.960900,1,748,FRAME,472.204,369.077,-4.299,2.553,400,200.0,,,
2026-09-27T16:18:24.972637,1,749,FRAME,467.905,371.63,-4.299,2.553,400,200.0,,,
2026-09-27T16:18:24.992910,1,750,FRAME,463.605,374.183,-4.299,2.553,400,200.0,,,
2026-09-27T16:18:25.009444,1,751,FRAME,459.306,376.736,-4.299,2.553,400,200.0,,,
2026-09-27T16:18:25.024892,1,752,FRAME,455.007,379.289,-4.299,2.553,400,200.0,,,
2026-09-27T16:18:25.042169,1,753,FRAME,450.708,381.842,-4.299,2.553,400,200.0,,,
2026-09-27T16:18:25.059344,1,754,FRAME,446.409,384.395,-4.299,2.553,400,200.0,,,
2026-09-27T16:18:25.074488,1,755,FRAME,442.11,386.948,-4.299,2.553,400,200.0,,,
2026-09-27T16:18:25.095901,1,756,FRAME,437.811,389.501,-4.299,2.553,400,200.0,,,
2026-09-27T16:18:25.107416,1,757,FRAME,433.512,392.055,-4.299,2.553,400,200.0,,,
2026-09-27T16:18:25.124503,1,758,FRAME,429.213,394.608,-4.299,2.553,400,200.0,,,
2026-09-27T16:18:25.139935,1,759,FRAME,424.914,397.161,-4.299,2.553,400,200.0,,,
2026-09-27T16:18:25.155940,1,760,FRAME,420.615,399.714,-4.299,2.553,400,200.0,,,
2026-09-27T16:18:25.172490,1,761,FRAME,416.316,402.267,-4.299,2.553,400,200.0,,,
2026-09-27T16:18:25.190772,1,762,FRAME,412.016,404.82,-4.299,2.553,400,200.0,,,
2026-09-27T16:18:25.209947,1,763,FRAME,407.717,407.373,-4.299,2.553,400,200.0,,,
2026-09-27T16:18:25.223410,1,764,FRAME,403.418,409.926,-4.299,2.553,400,200.0,,,
2026-09-27T16:18:25.240548,1,765,FRAME,399.119,412.479,-4.299,2.553,400,200.0,,,
2026-09-27T16:18:25.256592,1,766,FRAME,394.82,415.032,-4.299,2.553,400,200.0,,,
2026-09-27T16:18:25.273423,1,767,FRAME,390.521,417.585,-4.299,2.553,400,200.0,,,
2026-09-27T16:18:25.292028,1,768,FRAME,386.222,420.138,-4.299,2.553,400,200.0,,,
2026-09-27T16:18:25.305550,1,769,FRAME,381.923,422.691,-4.299,2.553,400,200.0,,,
2026-09-27T16:18:25.323918,1,770,FRAME,377.624,425.244,-4.299,2.553,400,200.0,,,
2026-09-27T16:18:25.343282,1,771,FRAME,373.325,427.797,-4.299,2.553,400,200.0,,,
2026-09-27T16:18:25.356466,1,772,FRAME,369.026,430.35,-4.299,2.553,400,200.0,,,
2026-09-27T16:18:25.372267,1,773,FRAME,364.727,432.903,-4.299,2.553,400,200.0,,,
2026-09-27T16:18:25.389821,1,774,FRAME,360.427,435.456,-4.299,2.553,400,200.0,,,
2026-09-27T16:18:25.409611,1,775,FRAME,356.128,438.009,-4.299,2.553,400,200.0,,,
2026-09-27T16:18:25.426618,1,776,FRAME,351.829,440.562,-4.299,2.553,400,200.0,,,
2026-09-27T16:18:25.440746,1,777,FRAME,347.53,443.115,-4.299,2.553,400,200.0,,,
2026-09-27T16:18:25.460735,1,778,FRAME,343.231,445.668,-4.299,2.553,400,200.0,,,
2026-09-27T16:18:25.475309,1,779,FRAME,338.932,448.221,-4.299,2.553,400,200.0,,,
2026-09-27T16:18:25.492314,1,780,FRAME,334.633,450.774,-4.299,2.553,400,200.0,,,
2026-09-27T16:18:25.509322,1,781,FRAME,330.334,453.327,-4.299,2.553,400,200.0,,,
2026-09-27T16:18:25.529955,1,782,FRAME,326.035,455.88,-4.299,2.553,400,200.0,,,
2026-09-27T16:18:25.542601,1,783,FRAME,321.736,458.433,-4.299,2.553,400,200.0,,,
2026-09-27T16:18:25.558431,1,784,FRAME,317.437,460.986,-4.299,2.553,400,200.0,,,
2026-09-27T16:18:25.574828,1,785,FRAME,313.138,463.539,-4.299,2.553,400,200.0,,,
2026-09-27T16:18:25.590540,1,786,FRAME,308.838,466.092,-4.299,2.553,400,200.0,,,
2026-09-27T16:18:25.609058,1,787,FRAME,304.539,468.645,-4.299,2.553,400,200.0,,,
2026-09-27T16:18:25.623651,1,788,FRAME,300.24,471.198,-4.299,2.553,400,200.0,,,
2026-09-27T16:18:25.639309,1,789,FRAME,295.941,473.751,-4.299,2.553,400,200.0,,,
2026-09-27T16:18:25.655204,1,790,FRAME,291.642,476.304,-4.299,2.553,400,200.0,,,
2026-09-27T16:18:25.672282,1,791,FRAME,287.343,478.857,-4.299,2.553,400,200.0,,,
2026-09-27T16:18:25.689793,1,792,FRAME,283.044,481.41,-4.299,2.553,400,200.0,,,
2026-09-27T16:18:25.705176,1,793,FRAME,278.745,483.963,-4.299,2.553,400,200.0,,,
2026-09-27T16:18:25.720687,1,794,FRAME,274.446,486.516,-4.299,2.553,400,200.0,,,
2026-09-27T16:18:25.734874,1,795,WALL_BOUNCE,270.147,488,-4.299,-2.553,400,200.0,,,
2026-09-27T16:18:25.740408,1,796,FRAME,270.147,488,-4.299,-2.553,400,200.0,,,
2026-09-27T16:18:25.754420,1,797,FRAME,265.848,485.447,-4.299,-2.553,400,200.0,,,
2026-09-27T16:18:25.772571,1,798,FRAME,261.549,482.894,-4.299,-2.553,400,200.0,,,
2026-09-27T16:18:25.788296,1,799,FRAME,257.249,480.341,-4.299,-2.553,400,200.0,,,
2026-09-27T16:18:25.802702,1,800,FRAME,252.95,477.788,-4.299,-2.553,400,200.0,,,
2026-09-27T16:18:25.820340,1,801,FRAME,248.651,475.235,-4.299,-2.553,400,200.0,,,
2026-09-27T16:18:25.836590,1,802,FRAME,244.352,472.682,-4.299,-2.553,400,200.0,,,
2026-09-27T16:18:25.852343,1,803,FRAME,240.053,470.129,-4.299,-2.553,400,200.0,,,
2026-09-27T16:18:25.872135,1,804,FRAME,235.754,467.576,-4.299,-2.553,400,200.0,,,
2026-09-27T16:18:25.884873,1,805,FRAME,231.455,465.023,-4.299,-2.553,400,200.0,,,
2026-09-27T16:18:25.903986,1,806,FRAME,227.156,462.47,-4.299,-2.553,400,200.0,,,
2026-09-27T16:18:25.918839,1,807,FRAME,222.857,459.917,-4.299,-2.553,400,200.0,,,
2026-09-27T16:18:25.936967,1,808,FRAME,218.558,457.364,-4.299,-2.553,400,200.0,,,
2026-09-27T16:18:25.952012,1,809,FRAME,214.259,454.811,-4.299,-2.553,400,200.0,,,
2026-09-27T16:18:25.968541,1,810,FRAME,209.96,452.258,-4.299,-2.553,400,200.0,,,
2026-09-27T16:18:25.986757,1,811,FRAME,205.66,449.705,-4.299,-2.553,400,200.0,,,
2026-09-27T16:18:26.009571,1,812,FRAME,201.361,447.152,-4.299,-2.553,400,200.0,,,
2026-09-27T16:18:26.020071,1,813,FRAME,197.062,444.599,-4.299,-2.553,400,200.0,,,
2026-09-27T16:18:26.037232,1,814,FRAME,192.763,442.046,-4.299,-2.553,400,200.0,,,
2026-09-27T16:18:26.055704,1,815,FRAME,188.464,439.493,-4.299,-2.553,400,200.0,,,
2026-09-27T16:18:26.071249,1,816,FRAME,184.165,436.94,-4.299,-2.553,400,200.0,,,
2026-09-27T16:18:26.088271,1,817,FRAME,179.866,434.387,-4.299,-2.553,400,200.0,,,
2026-09-27T16:18:26.104300,1,818,FRAME,175.567,431.834,-4.299,-2.553,400,200.0,,,
2026-09-27T16:18:26.120827,1,819,FRAME,171.268,429.281,-4.299,-2.553,400,200.0,,,
2026-09-27T16:18:26.136807,1,820,FRAME,166.969,426.728,-4.299,-2.553,400,200.0,,,
2026-09-27T16:18:26.152533,1,821,FRAME,162.67,424.175,-4.299,-2.553,400,200.0,,,
2026-09-27T16:18:26.168823,1,822,FRAME,158.371,421.622,-4.299,-2.553,400,200.0,,,
2026-09-27T16:18:26.184882,1,823,FRAME,154.071,419.069,-4.299,-2.553,400,200.0,,,
2026-09-27T16:18:26.203426,1,824,FRAME,149.772,416.516,-4.299,-2.553,393,200.0,,,
2026-09-27T16:18:26.219527,1,825,FRAME,145.473,413.963,-4.299,-2.553,386,200.0,,,
2026-09-27T16:18:26.237533,1,826,FRAME,141.174,411.41,-4.299,-2.553,379,200.0,,,
2026-09-27T16:18:26.256651,1,827,FRAME,136.875,408.857,-4.299,-2.553,372,200.0,,,
2026-09-27T16:18:26.270679,1,828,FRAME,132.576,406.304,-4.299,-2.553,365,200.0,,,
2026-09-27T16:18:26.286779,1,829,FRAME,128.277,403.751,-4.299,-2.553,358,200.0,,,
2026-09-27T16:18:26.302784,1,830,FRAME,123.978,401.197,-4.299,-2.553,351,200.0,,,
2026-09-27T16:18:26.320537,1,831,FRAME,119.679,398.644,-4.299,-2.553,344,200.0,,,
2026-09-27T16:18:26.336590,1,832,FRAME,115.38,396.091,-4.299,-2.553,337,200.0,,,
2026-09-27T16:18:26.354793,1,833,FRAME,111.081,393.538,-4.299,-2.553,330,200.0,,,
2026-09-27T16:18:26.366896,1,834,FRAME,106.782,390.985,-4.299,-2.553,323,200.0,,,
2026-09-27T16:18:26.385247,1,835,FRAME,102.482,388.432,-4.299,-2.553,316,200.0,,,
2026-09-27T16:18:26.399974,1,836,FRAME,98.183,385.879,-4.299,-2.553,309,200.0,,,
2026-09-27T16:18:26.418917,1,837,FRAME,93.884,383.326,-4.299,-2.553,302,200.0,,,
2026-09-27T16:18:26.435331,1,838,FRAME,89.585,380.773,-4.299,-2.553,295,200.0,,,
2026-09-27T16:18:26.451838,1,839,FRAME,85.286,378.22,-4.299,-2.553,288,200.0,,,
2026-09-27T16:18:26.469390,1,840,FRAME,80.987,375.667,-4.299,-2.553,281,200.0,,,
2026-09-27T16:18:26.484673,1,841,FRAME,76.688,373.114,-4.299,-2.553,274,200.0,,,
2026-09-27T16:18:26.502551,1,842,FRAME,72.389,370.561,-4.299,-2.553,267,200.0,,,
2026-09-27T16:18:26.515697,1,843,FRAME,68.09,368.008,-4.299,-2.553,260,200.0,,,
2026-09-27T16:18:26.533038,1,844,FRAME,63.791,365.455,-4.299,-2.553,253,200.0,,,
2026-09-27T16:18:26.556162,1,845,FRAME,59.492,362.902,-4.299,-2.553,246,200.0,,,
2026-09-27T16:18:26.566688,1,846,FRAME,55.193,360.349,-4.299,-2.553,239,200.0,,,
2026-09-27T16:18:26.588262,1,847,FRAME,50.893,357.796,-4.299,-2.553,232,200.0,,,
2026-09-27T16:18:26.600786,1,848,FRAME,46.594,355.243,-4.299,-2.553,232,200.0,,,
2026-09-27T16:18:26.616672,1,849,FRAME,42.295,352.69,-4.299,-2.553,232,200.0,,,
2026-09-27T16:18:26.635418,1,850,FRAME,37.996,350.137,-4.299,-2.553,232,200.0,,,
2026-09-27T16:18:26.650553,1,851,FRAME,33.697,347.584,-4.299,-2.553,239,200.0,,,
2026-09-27T16:18:26.663002,1,852,LEFT_HIT,30,345.031,2.5,4.33,246,200.0,1,60.0,
2026-09-27T16:18:26.667026,1,853,FRAME,30,345.031,2.5,4.33,246,200.0,,,
2026-09-27T16:18:26.682257,1,854,FRAME,32.5,349.361,2.5,4.33,253,193.0,,,
2026-09-27T16:18:26.700358,1,855,FRAME,35.0,353.691,2.5,4.33,260,186.0,,,
2026-09-27T16:18:26.716370,1,856,FRAME,37.5,358.022,2.5,4.33,267,179.0,,,
2026-09-27T16:18:26.732574,1,857,FRAME,40.0,362.352,2.5,4.33,274,172.0,,,
2026-09-27T16:18:26.750555,1,858,FRAME,42.5,366.682,2.5,4.33,281,165.0,,,
2026-09-27T16:18:26.767100,1,859,FRAME,45.0,371.012,2.5,4.33,288,158.0,,,
2026-09-27T16:18:26.786426,1,860,FRAME,47.5,375.342,2.5,4.33,295,151.0,,,
2026-09-27T16:18:26.802787,1,861,FRAME,50.0,379.672,2.5,4.33,302,144.0,,,
2026-09-27T16:18:26.815919,1,862,FRAME,52.5,384.002,2.5,4.33,309,137.0,,,
2026-09-27T16:18:26.833839,1,863,FRAME,55.0,388.332,2.5,4.33,316,130.0,,,
2026-09-27T16:18:26.851291,1,864,FRAME,57.5,392.663,2.5,4.33,323,123.0,,,
2026-09-27T16:18:26.869284,1,865,FRAME,60.0,396.993,2.5,4.33,330,116.0,,,
2026-09-27T16:18:26.885590,1,866,FRAME,62.5,401.323,2.5,4.33,337,109.0,,,
2026-09-27T16:18:26.898887,1,867,FRAME,65.0,405.653,2.5,4.33,344,102.0,,,
2026-09-27T16:18:26.919976,1,868,FRAME,67.5,409.983,2.5,4.33,351,95.0,,,
2026-09-27T16:18:26.931907,1,869,FRAME,70.0,414.313,2.5,4.33,358,88.0,,,
2026-09-27T16:18:26.947086,1,870,FRAME,72.5,418.643,2.5,4.33,365,81.0,,,
2026-09-27T16:18:26.964413,1,871,FRAME,75.0,422.973,2.5,4.33,372,74.0,,,
2026-09-27T16:18:26.981122,1,872,FRAME,77.5,427.304,2.5,4.33,379,67.0,,,
2026-09-27T16:18:26.999375,1,873,FRAME,80.0,431.634,2.5,4.33,386,60.0,,,
2026-09-27T16:18:27.012815,1,874,FRAME,82.5,435.964,2.5,4.33,393,53.0,,,
2026-09-27T16:18:27.029832,1,875,FRAME,85.0,440.294,2.5,4.33,400,46.0,,,
2026-09-27T16:18:27.046168,1,876,FRAME,87.5,444.624,2.5,4.33,400,39.0,,,
2026-09-27T16:18:27.067464,1,877,FRAME,90.0,448.954,2.5,4.33,400,32.0,,,
2026-09-27T16:18:27.083625,1,878,FRAME,92.5,453.284,2.5,4.33,400,25.0,,,
2026-09-27T16:18:27.095358,1,879,FRAME,95.0,457.614,2.5,4.33,400,18.0,,,
2026-09-27T16:18:27.112334,1,880,FRAME,97.5,461.945,2.5,4.33,400,11.0,,,
2026-09-27T16:18:27.128314,1,881,FRAME,100.0,466.275,2.5,4.33,400,4.0,,,
2026-09-27T16:18:27.144531,1,882,FRAME,102.5,470.605,2.5,4.33,400,0,,,
2026-09-27T16:18:27.161204,1,883,FRAME,105.0,474.935,2.5,4.33,400,0,,,
2026-09-27T16:18:27.177331,1,884,FRAME,107.5,479.265,2.5,4.33,400,0,,,
2026-09-27T16:18:27.196306,1,885,FRAME,110.0,483.595,2.5,4.33,400,0,,,
2026-09-27T16:18:27.212297,1,886,FRAME,112.5,487.925,2.5,4.33,400,0,,,
2026-09-27T16:18:27.223569,1,887,WALL_BOUNCE,115.0,488,2.5,-4.33,400,0,,,
2026-09-27T16:18:27.226574,1,888,FRAME,115.0,488,2.5,-4.33,400,0,,,
2026-09-27T16:18:27.247987,1,889,FRAME,117.5,483.67,2.5,-4.33,400,0,,,
2026-09-27T16:18:27.260323,1,890,FRAME,120.0,479.34,2.5,-4.33,400,0,,,
2026-09-27T16:18:27.281278,1,891,FRAME,122.5,475.01,2.5,-4.33,400,0,,,
2026-09-27T16:18:27.294687,1,892,FRAME,125.0,470.679,2.5,-4.33,400,0,,,
2026-09-27T16:18:27.313671,1,893,FRAME,127.5,466.349,2.5,-4.33,400,0,,,
2026-09-27T16:18:27.330022,1,894,FRAME,130.0,462.019,2.5,-4.33,400,0,,,
2026-09-27T16:18:27.342640,1,895,FRAME,132.5,457.689,2.5,-4.33,400,0,,,
2026-09-27T16:18:27.362959,1,896,FRAME,135.0,453.359,2.5,-4.33,400,0,,,
2026-09-27T16:18:27.376774,1,897,FRAME,137.5,449.029,2.5,-4.33,400,0,,,
2026-09-27T16:18:27.394056,1,898,FRAME,140.0,444.699,2.5,-4.33,400,0,,,
2026-09-27T16:18:27.410164,1,899,FRAME,142.5,440.369,2.5,-4.33,400,0,,,
2026-09-27T16:18:27.426203,1,900,FRAME,145.0,436.038,2.5,-4.33,400,0,,,
2026-09-27T16:18:27.446287,1,901,FRAME,147.5,431.708,2.5,-4.33,400,0,,,
2026-09-27T16:18:27.462132,1,902,FRAME,150.0,427.378,2.5,-4.33,400,0,,,
2026-09-27T16:18:27.476479,1,903,FRAME,152.5,423.048,2.5,-4.33,400,0,,,
2026-09-27T16:18:27.494682,1,904,FRAME,155.0,418.718,2.5,-4.33,400,0,,,
2026-09-27T16:18:27.510627,1,905,FRAME,157.5,414.388,2.5,-4.33,400,0,,,
2026-09-27T16:18:27.526635,1,906,FRAME,160.0,410.058,2.5,-4.33,400,0,,,
2026-09-27T16:18:27.542457,1,907,FRAME,162.5,405.728,2.5,-4.33,400,0,,,
2026-09-27T16:18:27.559692,1,908,FRAME,165.0,401.397,2.5,-4.33,400,0,,,
2026-09-27T16:18:27.576762,1,909,FRAME,167.5,397.067,2.5,-4.33,400,0,,,
2026-09-27T16:18:27.592672,1,910,FRAME,170.0,392.737,2.5,-4.33,400,0,,,
2026-09-27T16:18:27.610319,1,911,FRAME,172.5,388.407,2.5,-4.33,400,0,,,
2026-09-27T16:18:27.626849,1,912,FRAME,175.0,384.077,2.5,-4.33,400,0,,,
2026-09-27T16:18:27.642386,1,913,FRAME,177.5,379.747,2.5,-4.33,400,0,,,
2026-09-27T16:18:27.660821,1,914,FRAME,180.0,375.417,2.5,-4.33,400,0,,,
2026-09-27T16:18:27.675876,1,915,FRAME,182.5,371.087,2.5,-4.33,400,0,,,
2026-09-27T16:18:27.696239,1,916,FRAME,185.0,366.756,2.5,-4.33,400,0,,,
2026-09-27T16:18:27.710314,1,917,FRAME,187.5,362.426,2.5,-4.33,400,0,,,
2026-09-27T16:18:27.726864,1,918,FRAME,190.0,358.096,2.5,-4.33,400,0,,,
2026-09-27T16:18:27.744375,1,919,FRAME,192.5,353.766,2.5,-4.33,393,0,,,
2026-09-27T16:18:27.759268,1,920,FRAME,195.0,349.436,2.5,-4.33,386,0,,,
2026-09-27T16:18:27.778351,1,921,FRAME,197.5,345.106,2.5,-4.33,379,0,,,
2026-09-27T16:18:27.792990,1,922,FRAME,200.0,340.776,2.5,-4.33,372,0,,,
2026-09-27T16:18:27.807524,1,923,FRAME,202.5,336.446,2.5,-4.33,365,0,,,
2026-09-27T16:18:27.828478,1,924,FRAME,205.0,332.115,2.5,-4.33,358,0,,,
2026-09-27T16:18:27.840021,1,925,FRAME,207.5,327.785,2.5,-4.33,351,0,,,
2026-09-27T16:18:27.856623,1,926,FRAME,210.0,323.455,2.5,-4.33,344,0,,,
2026-09-27T16:18:27.872401,1,927,FRAME,212.5,319.125,2.5,-4.33,337,0,,,
2026-09-27T16:18:27.889443,1,928,FRAME,215.0,314.795,2.5,-4.33,330,0,,,
2026-09-27T16:18:27.909566,1,929,FRAME,217.5,310.465,2.5,-4.33,323,0,,,
2026-09-27T16:18:27.925823,1,930,FRAME,220.0,306.135,2.5,-4.33,323,0,,,
2026-09-27T16:18:27.943852,1,931,FRAME,222.5,301.805,2.5,-4.33,330,0,,,
2026-09-27T16:18:27.956409,1,932,FRAME,225.0,297.474,2.5,-4.33,337,0,,,
2026-09-27T16:18:27.973894,1,933,FRAME,227.5,293.144,2.5,-4.33,344,0,,,
2026-09-27T16:18:27.990852,1,934,FRAME,230.0,288.814,2.5,-4.33,351,0,,,
2026-09-27T16:18:28.006363,1,935,FRAME,232.5,284.484,2.5,-4.33,358,0,,,
2026-09-27T16:18:28.025999,1,936,FRAME,235.0,280.154,2.5,-4.33,365,0,,,
2026-09-27T16:18:28.039026,1,937,FRAME,237.5,275.824,2.5,-4.33,372,0,,,
2026-09-27T16:18:28.056083,1,938,FRAME,240.0,271.494,2.5,-4.33,379,0,,,
2026-09-27T16:18:28.074628,1,939,FRAME,242.5,267.164,2.5,-4.33,386,0,,,
2026-09-27T16:18:28.092893,1,940,FRAME,245.0,262.833,2.5,-4.33,393,0,,,
2026-09-27T16:18:28.112979,1,941,FRAME,247.5,258.503,2.5,-4.33,400,0,,,
2026-09-27T16:18:28.125513,1,942,FRAME,250.0,254.173,2.5,-4.33,400,0,,,
2026-09-27T16:18:28.140060,1,943,FRAME,252.5,249.843,2.5,-4.33,393,0,,,
2026-09-27T16:18:28.155073,1,944,FRAME,255.0,245.513,2.5,-4.33,386,0,,,
2026-09-27T16:18:28.173126,1,945,FRAME,257.5,241.183,2.5,-4.33,379,0,,,
2026-09-27T16:18:28.189420,1,946,FRAME,260.0,236.853,2.5,-4.33,372,0,,,
2026-09-27T16:18:28.204935,1,947,FRAME,262.5,232.523,2.5,-4.33,365,0,,,
2026-09-27T16:18:28.226583,1,948,FRAME,265.0,228.192,2.5,-4.33,358,0,,,
2026-09-27T16:18:28.241363,1,949,FRAME,267.5,223.862,2.5,-4.33,351,0,,,
2026-09-27T16:18:28.256683,1,950,FRAME,270.0,219.532,2.5,-4.33,344,0,,,
2026-09-27T16:18:28.273215,1,951,FRAME,272.5,215.202,2.5,-4.33,337,0,,,
2026-09-27T16:18:28.288251,1,952,FRAME,275.0,210.872,2.5,-4.33,344,0,,,
2026-09-27T16:18:28.306658,1,953,FRAME,277.5,206.542,2.5,-4.33,351,0,,,
2026-09-27T16:18:28.324319,1,954,FRAME,280.0,202.212,2.5,-4.33,358,0,,,
2026-09-27T16:18:28.340586,1,955,FRAME,282.5,197.881,2.5,-4.33,365,0,,,
2026-09-27T16:18:28.356922,1,956,FRAME,285.0,193.551,2.5,-4.33,372,0,,,
2026-09-27T16:18:28.371515,1,957,FRAME,287.5,189.221,2.5,-4.33,379,0,,,
2026-09-27T16:18:28.389556,1,958,FRAME,290.0,184.891,2.5,-4.33,386,0,,,
2026-09-27T16:18:28.404588,1,959,FRAME,292.5,180.561,2.5,-4.33,393,0,,,
2026-09-27T16:18:28.426300,1,960,FRAME,295.0,176.231,2.5,-4.33,400,0,,,
2026-09-27T16:18:28.441055,1,961,FRAME,297.5,171.901,2.5,-4.33,400,0,,,
2026-09-27T16:18:28.456704,1,962,FRAME,300.0,167.571,2.5,-4.33,393,0,,,
2026-09-27T16:18:28.475021,1,963,FRAME,302.5,163.24,2.5,-4.33,386,0,,,
2026-09-27T16:18:28.489550,1,964,FRAME,305.0,158.91,2.5,-4.33,379,0,,,
2026-09-27T16:18:28.508265,1,965,FRAME,307.5,154.58,2.5,-4.33,372,0,,,
2026-09-27T16:18:28.522415,1,966,FRAME,310.0,150.25,2.5,-4.33,365,0,,,
2026-09-27T16:18:28.539693,1,967,FRAME,312.5,145.92,2.5,-4.33,358,0,,,
2026-09-27T16:18:28.557212,1,968,FRAME,315.0,141.59,2.5,-4.33,351,0,,,
2026-09-27T16:18:28.571587,1,969,FRAME,317.5,137.26,2.5,-4.33,344,0,,,
2026-09-27T16:18:28.591172,1,970,FRAME,320.0,132.93,2.5,-4.33,337,0,,,
2026-09-27T16:18:28.603902,1,971,FRAME,322.5,128.599,2.5,-4.33,330,0,,,
2026-09-27T16:18:28.620233,1,972,FRAME,325.0,124.269,2.5,-4.33,323,0,,,
2026-09-27T16:18:28.637240,1,973,FRAME,327.5,119.939,2.5,-4.33,316,0,,,
2026-09-27T16:18:28.654512,1,974,FRAME,330.0,115.609,2.5,-4.33,316,0,,,
2026-09-27T16:18:28.670548,1,975,FRAME,332.5,111.279,2.5,-4.33,316,0,,,
2026-09-27T16:18:28.686326,1,976,FRAME,335.0,106.949,2.5,-4.33,316,0,,,
2026-09-27T16:18:28.704104,1,977,FRAME,337.5,102.619,2.5,-4.33,323,0,,,
2026-09-27T16:18:28.721650,1,978,FRAME,340.0,98.289,2.5,-4.33,330,0,,,
2026-09-27T16:18:28.737242,1,979,FRAME,342.5,93.958,2.5,-4.33,337,0,,,
2026-09-27T16:18:28.752942,1,980,FRAME,345.0,89.628,2.5,-4.33,344,0,,,
2026-09-27T16:18:28.771290,1,981,FRAME,347.5,85.298,2.5,-4.33,351,0,,,
2026-09-27T16:18:28.786362,1,982,FRAME,350.0,80.968,2.5,-4.33,358,0,,,
2026-09-27T16:18:28.803471,1,983,FRAME,352.5,76.638,2.5,-4.33,365,0,,,
2026-09-27T16:18:28.821553,1,984,FRAME,355.0,72.308,2.5,-4.33,372,0,,,
2026-09-27T16:18:28.836887,1,985,FRAME,357.5,67.978,2.5,-4.33,379,0,,,
2026-09-27T16:18:28.854396,1,986,FRAME,360.0,63.648,2.5,-4.33,386,0,,,
2026-09-27T16:18:28.871831,1,987,FRAME,362.5,59.317,2.5,-4.33,393,0,,,
2026-09-27T16:18:28.886936,1,988,FRAME,365.0,54.987,2.5,-4.33,400,0,,,
2026-09-27T16:18:28.904993,1,989,FRAME,367.5,50.657,2.5,-4.33,400,0,,,
2026-09-27T16:18:28.926236,1,990,FRAME,370.0,46.327,2.5,-4.33,400,0,,,
2026-09-27T16:18:28.939305,1,991,FRAME,372.5,41.997,2.5,-4.33,400,0,,,
2026-09-27T16:18:28.953991,1,992,FRAME,375.0,37.667,2.5,-4.33,400,0,,,
2026-09-27T16:18:28.971026,1,993,FRAME,377.5,33.337,2.5,-4.33,400,0,,,
2026-09-27T16:18:28.990587,1,994,FRAME,380.0,29.007,2.5,-4.33,400,0,,,
2026-09-27T16:18:29.005431,1,995,FRAME,382.5,24.676,2.5,-4.33,400,0,,,
2026-09-27T16:18:29.024151,1,996,FRAME,385.0,20.346,2.5,-4.33,400,0,,,
2026-09-27T16:18:29.036401,1,997,FRAME,387.5,16.016,2.5,-4.33,400,0,,,
2026-09-27T16:18:29.053325,1,998,FRAME,390.0,11.686,2.5,-4.33,400,0,,,
2026-09-27T16:18:29.076029,1,999,FRAME,392.5,7.356,2.5,-4.33,400,0,,,
2026-09-27T16:18:29.086145,1,1000,FRAME,395.0,3.026,2.5,-4.33,400,0,,,
2026-09-27T16:18:29.098953,1,1001,WALL_BOUNCE,397.5,0,2.5,4.33,400,0,,,
2026-09-27T16:18:29.103964,1,1002,FRAME,397.5,0,2.5,4.33,400,0,,,
2026-09-27T16:18:29.119234,1,1003,FRAME,400.0,4.33,2.5,4.33,400,0,,,
2026-09-27T16:18:29.135258,1,1004,FRAME,402.5,8.66,2.5,4.33,400,0,,,
2026-09-27T16:18:29.156367,1,1005,FRAME,405.0,12.99,2.5,4.33,400,0,,,
2026-09-27T16:18:29.170440,1,1006,FRAME,407.5,17.321,2.5,4.33,400,0,,,
2026-09-27T16:18:29.186984,1,1007,FRAME,410.0,21.651,2.5,4.33,400,0,,,
2026-09-27T16:18:29.203494,1,1008,FRAME,412.5,25.981,2.5,4.33,400,0,,,
2026-09-27T16:18:29.218373,1,1009,FRAME,415.0,30.311,2.5,4.33,400,0,,,
2026-09-27T16:18:29.235856,1,1010,FRAME,417.5,34.641,2.5,4.33,393,0,,,
2026-09-27T16:18:29.251900,1,1011,FRAME,420.0,38.971,2.5,4.33,386,0,,,
2026-09-27T16:18:29.274030,1,1012,FRAME,422.5,43.301,2.5,4.33,379,0,,,
2026-09-27T16:18:29.286080,1,1013,FRAME,425.0,47.631,2.5,4.33,372,0,,,
2026-09-27T16:18:29.302066,1,1014,FRAME,427.5,51.962,2.5,4.33,365,0,,,
2026-09-27T16:18:29.317956,1,1015,FRAME,430.0,56.292,2.5,4.33,358,0,,,
2026-09-27T16:18:29.334511,1,1016,FRAME,432.5,60.622,2.5,4.33,351,0,,,
2026-09-27T16:18:29.352613,1,1017,FRAME,435.0,64.952,2.5,4.33,344,0,,,
2026-09-27T16:18:29.368665,1,1018,FRAME,437.5,69.282,2.5,4.33,337,0,,,
2026-09-27T16:18:29.382887,1,1019,FRAME,440.0,73.612,2.5,4.33,330,0,,,
2026-09-27T16:18:29.400792,1,1020,FRAME,442.5,77.942,2.5,4.33,323,0,,,
2026-09-27T16:18:29.415137,1,1021,FRAME,445.0,82.272,2.5,4.33,316,0,,,
2026-09-27T16:18:29.432778,1,1022,FRAME,447.5,86.603,2.5,4.33,309,0,,,
2026-09-27T16:18:29.447308,1,1023,FRAME,450.0,90.933,2.5,4.33,302,0,,,
2026-09-27T16:18:29.464453,1,1024,FRAME,452.5,95.263,2.5,4.33,295,0,,,
2026-09-27T16:18:29.483481,1,1025,FRAME,455.0,99.593,2.5,4.33,288,0,,,
2026-09-27T16:18:29.494676,1,1026,FRAME,457.5,103.923,2.5,4.33,281,0,,,
2026-09-27T16:18:29.513082,1,1027,FRAME,460.0,108.253,2.5,4.33,274,0,,,
2026-09-27T16:18:29.529225,1,1028,FRAME,462.5,112.583,2.5,4.33,267,0,,,
2026-09-27T16:18:29.545706,1,1029,FRAME,465.0,116.913,2.5,4.33,260,0,,,
2026-09-27T16:18:29.568279,1,1030,FRAME,467.5,121.244,2.5,4.33,253,0,,,
2026-09-27T16:18:29.577681,1,1031,FRAME,470.0,125.574,2.5,4.33,246,0,,,
2026-09-27T16:18:29.595803,1,1032,FRAME,472.5,129.904,2.5,4.33,239,0,,,
2026-09-27T16:18:29.614061,1,1033,FRAME,475.0,134.234,2.5,4.33,232,0,,,
2026-09-27T16:18:29.626925,1,1034,FRAME,477.5,138.564,2.5,4.33,225,0,,,
2026-09-27T16:18:29.645003,1,1035,FRAME,480.0,142.894,2.5,4.33,218,0,,,
2026-09-27T16:18:29.663100,1,1036,FRAME,482.5,147.224,2.5,4.33,211,0,,,
2026-09-27T16:18:29.679145,1,1037,FRAME,485.0,151.554,2.5,4.33,204,0,,,
2026-09-27T16:18:29.696931,1,1038,FRAME,487.5,155.885,2.5,4.33,197,0,,,
2026-09-27T16:18:29.711187,1,1039,FRAME,490.0,160.215,2.5,4.33,190,0,,,
2026-09-27T16:18:29.730516,1,1040,FRAME,492.5,164.545,2.5,4.33,183,0,,,
2026-09-27T16:18:29.744075,1,1041,FRAME,495.0,168.875,2.5,4.33,176,0,,,
2026-09-27T16:18:29.760711,1,1042,FRAME,497.5,173.205,2.5,4.33,169,0,,,
2026-09-27T16:18:29.777361,1,1043,FRAME,500.0,177.535,2.5,4.33,162,0,,,
2026-09-27T16:18:29.794191,1,1044,FRAME,502.5,181.865,2.5,4.33,155,0,,,
2026-09-27T16:18:29.811718,1,1045,FRAME,505.0,186.195,2.5,4.33,148,0,,,
2026-09-27T16:18:29.827309,1,1046,FRAME,507.5,190.526,2.5,4.33,141,0,,,
2026-09-27T16:18:29.843231,1,1047,FRAME,510.0,194.856,2.5,4.33,134,0,,,
2026-09-27T16:18:29.864052,1,1048,FRAME,512.5,199.186,2.5,4.33,127,0,,,
2026-09-27T16:18:29.876117,1,1049,FRAME,515.0,203.516,2.5,4.33,127,0,,,
2026-09-27T16:18:29.892425,1,1050,FRAME,517.5,207.846,2.5,4.33,127,0,,,
2026-09-27T16:18:29.908752,1,1051,FRAME,520.0,212.176,2.5,4.33,127,0,,,
2026-09-27T16:18:29.926269,1,1052,FRAME,522.5,216.506,2.5,4.33,127,0,,,
2026-09-27T16:18:29.942992,1,1053,FRAME,525.0,220.836,2.5,4.33,127,0,,,
2026-09-27T16:18:29.958377,1,1054,FRAME,527.5,225.167,2.5,4.33,127,0,,,
2026-09-27T16:18:29.976418,1,1055,FRAME,530.0,229.497,2.5,4.33,127,0,,,
2026-09-27T16:18:29.991034,1,1056,FRAME,532.5,233.827,2.5,4.33,127,0,,,
2026-09-27T16:18:30.008621,1,1057,FRAME,535.0,238.157,2.5,4.33,127,0,,,
2026-09-27T16:18:30.025279,1,1058,FRAME,537.5,242.487,2.5,4.33,127,0,,,
2026-09-27T16:18:30.039391,1,1059,FRAME,540.0,246.817,2.5,4.33,127,0,,,
2026-09-27T16:18:30.059147,1,1060,FRAME,542.5,251.147,2.5,4.33,127,0,,,
2026-09-27T16:18:30.088500,1,1061,FRAME,545.0,255.477,2.5,4.33,127,0,,,
2026-09-27T16:18:30.092512,1,1062,FRAME,547.5,259.808,2.5,4.33,127,0,,,
2026-09-27T16:18:30.108556,1,1063,FRAME,550.0,264.138,2.5,4.33,127,0,,,
2026-09-27T16:18:30.126093,1,1064,FRAME,552.5,268.468,2.5,4.33,127,0,,,
2026-09-27T16:18:30.142676,1,1065,FRAME,555.0,272.798,2.5,4.33,127,0,,,
2026-09-27T16:18:30.158190,1,1066,FRAME,557.5,277.128,2.5,4.33,127,0,,,
2026-09-27T16:18:30.174714,1,1067,FRAME,560.0,281.458,2.5,4.33,127,0,,,
2026-09-27T16:18:30.192423,1,1068,FRAME,562.5,285.788,2.5,4.33,127,0,,,
2026-09-27T16:18:30.210992,1,1069,FRAME,565.0,290.119,2.5,4.33,127,0,,,
2026-09-27T16:18:30.230575,1,1070,FRAME,567.5,294.449,2.5,4.33,127,0,,,
2026-09-27T16:18:30.240688,1,1071,FRAME,570.0,298.779,2.5,4.33,127,0,,,
2026-09-27T16:18:30.260670,1,1072,FRAME,572.5,303.109,2.5,4.33,127,0,,,
2026-09-27T16:18:30.273367,1,1073,FRAME,575.0,307.439,2.5,4.33,127,0,,,
2026-09-27T16:18:30.291255,1,1074,FRAME,577.5,311.769,2.5,4.33,127,0,,,
2026-09-27T16:18:30.307682,1,1075,FRAME,580.0,316.099,2.5,4.33,127,0,,,
2026-09-27T16:18:30.324303,1,1076,FRAME,582.5,320.429,2.5,4.33,127,0,,,
2026-09-27T16:18:30.340250,1,1077,FRAME,585.0,324.76,2.5,4.33,127,0,,,
2026-09-27T16:18:30.356289,1,1078,FRAME,587.5,329.09,2.5,4.33,127,0,,,
2026-09-27T16:18:30.377440,1,1079,FRAME,590.0,333.42,2.5,4.33,127,0,,,
2026-09-27T16:18:30.390058,1,1080,FRAME,592.5,337.75,2.5,4.33,127,0,,,
2026-09-27T16:18:30.405136,1,1081,FRAME,595.0,342.08,2.5,4.33,127,0,,,
2026-09-27T16:18:30.422697,1,1082,FRAME,597.5,346.41,2.5,4.33,127,0,,,
2026-09-27T16:18:30.437232,1,1083,FRAME,600.0,350.74,2.5,4.33,127,0,,,
2026-09-27T16:18:30.454799,1,1084,FRAME,602.5,355.07,2.5,4.33,127,0,,,
2026-09-27T16:18:30.469251,1,1085,FRAME,605.0,359.401,2.5,4.33,127,0,,,
2026-09-27T16:18:30.487499,1,1086,FRAME,607.5,363.731,2.5,4.33,127,0,,,
2026-09-27T16:18:30.508669,1,1087,FRAME,610.0,368.061,2.5,4.33,127,0,,,
2026-09-27T16:18:30.523286,1,1088,FRAME,612.5,372.391,2.5,4.33,127,0,,,
2026-09-27T16:18:30.538319,1,1089,FRAME,615.0,376.721,2.5,4.33,127,0,,,
2026-09-27T16:18:30.553148,1,1090,FRAME,617.5,381.051,2.5,4.33,127,0,,,
2026-09-27T16:18:30.571475,1,1091,FRAME,620.0,385.381,2.5,4.33,127,0,,,
2026-09-27T16:18:30.586591,1,1092,FRAME,622.5,389.711,2.5,4.33,127,0,,,
2026-09-27T16:18:30.602609,1,1093,FRAME,625.0,394.042,2.5,4.33,127,0,,,
2026-09-27T16:18:30.627344,1,1094,FRAME,627.5,398.372,2.5,4.33,127,0,,,
2026-09-27T16:18:30.636864,1,1095,FRAME,630.0,402.702,2.5,4.33,127,0,,,
2026-09-27T16:18:30.654098,1,1096,FRAME,632.5,407.032,2.5,4.33,127,0,,,
2026-09-27T16:18:30.671148,1,1097,FRAME,635.0,411.362,2.5,4.33,127,0,,,
2026-09-27T16:18:30.690349,1,1098,FRAME,637.5,415.692,2.5,4.33,127,0,,,
2026-09-27T16:18:30.706964,1,1099,FRAME,640.0,420.022,2.5,4.33,127,0,,,
2026-09-27T16:18:30.719523,1,1100,FRAME,642.5,424.352,2.5,4.33,127,0,,,
2026-09-27T16:18:30.736521,1,1101,FRAME,645.0,428.683,2.5,4.33,127,0,,,
2026-09-27T16:18:30.751398,1,1102,FRAME,647.5,433.013,2.5,4.33,127,0,,,
2026-09-27T16:18:30.768410,1,1103,FRAME,650.0,437.343,2.5,4.33,127,0,,,
2026-09-27T16:18:30.785466,1,1104,FRAME,652.5,441.673,2.5,4.33,127,0,,,
2026-09-27T16:18:30.801487,1,1105,FRAME,655.0,446.003,2.5,4.33,127,0,,,
2026-09-27T16:18:30.823957,1,1106,FRAME,657.5,450.333,2.5,4.33,127,0,,,
2026-09-27T16:18:30.837033,1,1107,FRAME,660.0,454.663,2.5,4.33,127,0,,,
2026-09-27T16:18:30.854345,1,1108,FRAME,662.5,458.993,2.5,4.33,127,0,,,
2026-09-27T16:18:30.871770,1,1109,FRAME,665.0,463.324,2.5,4.33,127,0,,,
2026-09-27T16:18:30.886817,1,1110,FRAME,667.5,467.654,2.5,4.33,127,0,,,
2026-09-27T16:18:30.904087,1,1111,FRAME,670.0,471.984,2.5,4.33,127,0,,,
2026-09-27T16:18:30.918618,1,1112,FRAME,672.5,476.314,2.5,4.33,127,0,,,
2026-09-27T16:18:30.936129,1,1113,FRAME,675.0,480.644,2.5,4.33,127,0,,,
2026-09-27T16:18:30.951799,1,1114,FRAME,677.5,484.974,2.5,4.33,127,0,,,
2026-09-27T16:18:30.966212,1,1115,WALL_BOUNCE,680.0,488,2.5,-4.33,127,0,,,
2026-09-27T16:18:30.970605,1,1116,FRAME,680.0,488,2.5,-4.33,127,0,,,
2026-09-27T16:18:30.988318,1,1117,FRAME,682.5,483.67,2.5,-4.33,127,0,,,
2026-09-27T16:18:31.003643,1,1118,FRAME,685.0,479.34,2.5,-4.33,127,0,,,
2026-09-27T16:18:31.021354,1,1119,FRAME,687.5,475.01,2.5,-4.33,127,0,,,
2026-09-27T16:18:31.035040,1,1120,FRAME,690.0,470.679,2.5,-4.33,127,0,,,
2026-09-27T16:18:31.052155,1,1121,FRAME,692.5,466.349,2.5,-4.33,127,0,,,
2026-09-27T16:18:31.069746,1,1122,FRAME,695.0,462.019,2.5,-4.33,127,0,,,
2026-09-27T16:18:31.086044,1,1123,FRAME,697.5,457.689,2.5,-4.33,127,0,,,
2026-09-27T16:18:31.103444,1,1124,FRAME,700.0,453.359,2.5,-4.33,127,0,,,
2026-09-27T16:18:31.116970,1,1125,FRAME,702.5,449.029,2.5,-4.33,127,0,,,
2026-09-27T16:18:31.135319,1,1126,FRAME,705.0,444.699,2.5,-4.33,127,0,,,
2026-09-27T16:18:31.153366,1,1127,FRAME,707.5,440.369,2.5,-4.33,127,0,,,
2026-09-27T16:18:31.165899,1,1128,FRAME,710.0,436.038,2.5,-4.33,127,0,,,
2026-09-27T16:18:31.184263,1,1129,FRAME,712.5,431.708,2.5,-4.33,127,0,,,
2026-09-27T16:18:31.199332,1,1130,FRAME,715.0,427.378,2.5,-4.33,127,0,,,
2026-09-27T16:18:31.217170,1,1131,FRAME,717.5,423.048,2.5,-4.33,127,0,,,
2026-09-27T16:18:31.235928,1,1132,FRAME,720.0,418.718,2.5,-4.33,127,0,,,
2026-09-27T16:18:31.249917,1,1133,FRAME,722.5,414.388,2.5,-4.33,127,0,,,
2026-09-27T16:18:31.268165,1,1134,FRAME,725.0,410.058,2.5,-4.33,127,0,,,
2026-09-27T16:18:31.282658,1,1135,FRAME,727.5,405.728,2.5,-4.33,127,0,,,
2026-09-27T16:18:31.300324,1,1136,FRAME,730.0,401.397,2.5,-4.33,127,0,,,
2026-09-27T16:18:31.319624,1,1137,FRAME,732.5,397.067,2.5,-4.33,127,0,,,
2026-09-27T16:18:31.332674,1,1138,FRAME,735.0,392.737,2.5,-4.33,127,0,,,
2026-09-27T16:18:31.351574,1,1139,FRAME,737.5,388.407,2.5,-4.33,127,0,,,
2026-09-27T16:18:31.367124,1,1140,FRAME,740.0,384.077,2.5,-4.33,127,0,,,
2026-09-27T16:18:31.381373,1,1141,FRAME,742.5,379.747,2.5,-4.33,127,0,,,
2026-09-27T16:18:31.399440,1,1142,FRAME,745.0,375.417,2.5,-4.33,127,0,,,
2026-09-27T16:18:31.414485,1,1143,FRAME,747.5,371.087,2.5,-4.33,127,0,,,
2026-09-27T16:18:31.433957,1,1144,FRAME,750.0,366.756,2.5,-4.33,127,0,,,
2026-09-27T16:18:31.447549,1,1145,FRAME,752.5,362.426,2.5,-4.33,127,0,,,
2026-09-27T16:18:31.464206,1,1146,FRAME,755.0,358.096,2.5,-4.33,127,0,,,
2026-09-27T16:18:31.487072,1,1147,FRAME,757.5,353.766,2.5,-4.33,127,0,,,
2026-09-27T16:18:31.498211,1,1148,FRAME,760.0,349.436,2.5,-4.33,127,0,,,
2026-09-27T16:18:31.516324,1,1149,FRAME,762.5,345.106,2.5,-4.33,127,0,,,
2026-09-27T16:18:31.531450,1,1150,FRAME,765.0,340.776,2.5,-4.33,127,0,,,
2026-09-27T16:18:31.549627,1,1151,FRAME,767.5,336.446,2.5,-4.33,127,0,,,
2026-09-27T16:18:31.566180,1,1152,FRAME,770.0,332.115,2.5,-4.33,127,0,,,
2026-09-27T16:18:31.582591,1,1153,FRAME,772.5,327.785,2.5,-4.33,127,0,,,
2026-09-27T16:18:31.603209,1,1154,FRAME,775.0,323.455,2.5,-4.33,127,0,,,
2026-09-27T16:18:31.613429,1,1155,FRAME,777.5,319.125,2.5,-4.33,127,0,,,
2026-09-27T16:18:31.633211,1,1156,FRAME,780.0,314.795,2.5,-4.33,127,0,,,
2026-09-27T16:18:31.646961,1,1157,FRAME,782.5,310.465,2.5,-4.33,127,0,,,
2026-09-27T16:18:31.663246,1,1158,FRAME,785.0,306.135,2.5,-4.33,127,0,,,
2026-09-27T16:18:31.681656,1,1159,FRAME,787.5,301.805,2.5,-4.33,127,0,,,
2026-09-27T16:18:31.696377,1,1160,FRAME,790.0,297.474,2.5,-4.33,127,0,,,
2026-09-27T16:18:31.711660,1,1161,FRAME,792.5,293.144,2.5,-4.33,127,0,,,
2026-09-27T16:18:31.729705,1,1162,FRAME,795.0,288.814,2.5,-4.33,127,0,,,
2026-09-27T16:18:31.747303,1,1163,FRAME,797.5,284.484,2.5,-4.33,127,0,,,
2026-09-27T16:18:31.761829,1,1164,FRAME,800.0,280.154,2.5,-4.33,127,0,,,
2026-09-27T16:18:31.776033,1,1165,FRAME,802.5,275.824,2.5,-4.33,127,0,,,
2026-09-27T16:18:31.792494,1,1166,FRAME,805.0,271.494,2.5,-4.33,127,0,,,
2026-09-27T16:18:31.810011,1,1167,FRAME,807.5,267.164,2.5,-4.33,127,0,,,
2026-09-27T16:18:31.824927,1,1168,FRAME,810.0,262.833,2.5,-4.33,127,0,,,
2026-09-27T16:18:31.843971,1,1169,FRAME,812.5,258.503,2.5,-4.33,127,0,,,
2026-09-27T16:18:31.860603,1,1170,FRAME,815.0,254.173,2.5,-4.33,127,0,,,
2026-09-27T16:18:31.875153,1,1171,FRAME,817.5,249.843,2.5,-4.33,127,0,,,
2026-09-27T16:18:31.891945,1,1172,FRAME,820.0,245.513,2.5,-4.33,127,0,,,
2026-09-27T16:18:31.910390,1,1173,FRAME,822.5,241.183,2.5,-4.33,127,0,,,
2026-09-27T16:18:31.929720,1,1174,FRAME,825.0,236.853,2.5,-4.33,127,0,,,
2026-09-27T16:18:31.944291,1,1175,FRAME,827.5,232.523,2.5,-4.33,127,0,,,
2026-09-27T16:18:31.956909,1,1176,FRAME,830.0,228.192,2.5,-4.33,127,0,,,
2026-09-27T16:18:31.979257,1,1177,FRAME,832.5,223.862,2.5,-4.33,127,0,,,
2026-09-27T16:18:31.991338,1,1178,FRAME,835.0,219.532,2.5,-4.33,127,0,,,
2026-09-27T16:18:32.008944,1,1179,FRAME,837.5,215.202,2.5,-4.33,127,0,,,
2026-09-27T16:18:32.025480,1,1180,FRAME,840.0,210.872,2.5,-4.33,127,0,,,
2026-09-27T16:18:32.041604,1,1181,FRAME,842.5,206.542,2.5,-4.33,127,0,,,
2026-09-27T16:18:32.061719,1,1182,FRAME,845.0,202.212,2.5,-4.33,127,0,,,
2026-09-27T16:18:32.076235,1,1183,FRAME,847.5,197.881,2.5,-4.33,127,0,,,
2026-09-27T16:18:32.095579,1,1184,FRAME,850.0,193.551,2.5,-4.33,127,0,,,
2026-09-27T16:18:32.107547,1,1185,FRAME,852.5,189.221,2.5,-4.33,127,0,,,
2026-09-27T16:18:32.124584,1,1186,FRAME,855.0,184.891,2.5,-4.33,127,0,,,
2026-09-27T16:18:32.144918,1,1187,FRAME,857.5,180.561,2.5,-4.33,127,0,,,
2026-09-27T16:18:32.159036,1,1188,FRAME,860.0,176.231,2.5,-4.33,127,0,,,
2026-09-27T16:18:32.174412,1,1189,FRAME,862.5,171.901,2.5,-4.33,127,0,,,
2026-09-27T16:18:32.190587,1,1190,FRAME,865.0,167.571,2.5,-4.33,127,0,,,
2026-09-27T16:18:32.209639,1,1191,FRAME,867.5,163.24,2.5,-4.33,127,0,,,
2026-09-27T16:18:32.225277,1,1192,FRAME,870.0,158.91,2.5,-4.33,127,0,,,
2026-09-27T16:18:32.239803,1,1193,FRAME,872.5,154.58,2.5,-4.33,127,0,,,
2026-09-27T16:18:32.262403,1,1194,FRAME,875.0,150.25,2.5,-4.33,127,0,,,
2026-09-27T16:18:32.275092,1,1195,FRAME,877.5,145.92,2.5,-4.33,127,0,,,
2026-09-27T16:18:32.295358,1,1196,FRAME,880.0,141.59,2.5,-4.33,127,0,,,
2026-09-27T16:18:32.306886,1,1197,FRAME,882.5,137.26,2.5,-4.33,127,0,,,
2026-09-27T16:18:32.327418,1,1198,FRAME,885.0,132.93,2.5,-4.33,127,0,,,
2026-09-27T16:18:32.341465,1,1199,FRAME,887.5,128.599,2.5,-4.33,127,0,,,
2026-09-27T16:18:32.358653,1,1200,FRAME,890.0,124.269,2.5,-4.33,127,0,,,
2026-09-27T16:18:32.376055,1,1201,FRAME,892.5,119.939,2.5,-4.33,127,0,,,
2026-09-27T16:18:32.391994,1,1202,FRAME,895.0,115.609,2.5,-4.33,127,0,,,
2026-09-27T16:18:32.408709,1,1203,FRAME,897.5,111.279,2.5,-4.33,127,0,,,
2026-09-27T16:18:32.424693,1,1204,FRAME,900.0,106.949,2.5,-4.33,127,0,,,
2026-09-27T16:18:32.442785,1,1205,FRAME,902.5,102.619,2.5,-4.33,127,0,,,
2026-09-27T16:18:32.459056,1,1206,FRAME,905.0,98.289,2.5,-4.33,127,0,,,
2026-09-27T16:18:32.475208,1,1207,FRAME,907.5,93.958,2.5,-4.33,127,0,,,
2026-09-27T16:18:32.491600,1,1208,FRAME,910.0,89.628,2.5,-4.33,127,0,,,
2026-09-27T16:18:32.506853,1,1209,FRAME,912.5,85.298,2.5,-4.33,127,0,,,
2026-09-27T16:18:32.523975,1,1210,FRAME,915.0,80.968,2.5,-4.33,127,0,,,
2026-09-27T16:18:32.540799,1,1211,FRAME,917.5,76.638,2.5,-4.33,127,0,,,
2026-09-27T16:18:32.556957,1,1212,FRAME,920.0,72.308,2.5,-4.33,127,0,,,
2026-09-27T16:18:32.574572,1,1213,FRAME,922.5,67.978,2.5,-4.33,127,0,,,
2026-09-27T16:18:32.589533,1,1214,FRAME,925.0,63.648,2.5,-4.33,127,0,,,
2026-09-27T16:18:32.605782,1,1215,FRAME,927.5,59.317,2.5,-4.33,127,0,,,
2026-09-27T16:18:32.623134,1,1216,FRAME,930.0,54.987,2.5,-4.33,127,0,,,
2026-09-27T16:18:32.639516,1,1217,FRAME,932.5,50.657,2.5,-4.33,127,0,,,
2026-09-27T16:18:32.656157,1,1218,FRAME,935.0,46.327,2.5,-4.33,127,0,,,
2026-09-27T16:18:32.673940,1,1219,FRAME,937.5,41.997,2.5,-4.33,127,0,,,
2026-09-27T16:18:32.689749,1,1220,FRAME,940.0,37.667,2.5,-4.33,127,0,,,
2026-09-27T16:18:32.704326,1,1221,FRAME,942.5,33.337,2.5,-4.33,127,0,,,
2026-09-27T16:18:32.722565,1,1222,FRAME,945.0,29.007,2.5,-4.33,127,0,,,
2026-09-27T16:18:32.739648,1,1223,FRAME,947.5,24.676,2.5,-4.33,127,0,,,
2026-09-27T16:18:32.755658,1,1224,FRAME,950.0,20.346,2.5,-4.33,127,0,,,
2026-09-27T16:18:32.772434,1,1225,FRAME,952.5,16.016,2.5,-4.33,127,0,,,
2026-09-27T16:18:32.788577,1,1226,FRAME,955.0,11.686,2.5,-4.33,127,0,,,
2026-09-27T16:18:32.805140,1,1227,FRAME,957.5,7.356,2.5,-4.33,127,0,,,
2026-09-27T16:18:32.818237,1,1228,RIGHT_HIT,958,3.026,-3.269,-3.783,127,0,-0.819,-49.169,
2026-09-27T16:18:32.822807,1,1229,FRAME,958,3.026,-3.269,-3.783,127,0,,,
2026-09-27T16:18:32.834859,1,1230,WALL_BOUNCE,954.731,0,-3.269,3.783,127,7,,,
2026-09-27T16:18:32.838371,1,1231,FRAME,954.731,0,-3.269,3.783,127,7,,,
2026-09-27T16:18:32.856168,1,1232,FRAME,951.462,3.783,-3.269,3.783,127,14,,,
2026-09-27T16:18:32.871452,1,1233,FRAME,948.193,7.566,-3.269,3.783,127,21,,,
2026-09-27T16:18:32.888674,1,1234,FRAME,944.923,11.35,-3.269,3.783,127,28,,,
2026-09-27T16:18:32.904325,1,1235,FRAME,941.654,15.133,-3.269,3.783,127,35,,,
2026-09-27T16:18:32.921094,1,1236,FRAME,938.385,18.916,-3.269,3.783,127,42,,,
2026-09-27T16:18:32.938258,1,1237,FRAME,935.116,22.699,-3.269,3.783,127,49,,,
2026-09-27T16:18:32.955892,1,1238,FRAME,931.847,26.482,-3.269,3.783,127,56,,,
2026-09-27T16:18:32.971452,1,1239,FRAME,928.578,30.266,-3.269,3.783,127,63,,,
2026-09-27T16:18:32.991198,1,1240,FRAME,925.309,34.049,-3.269,3.783,127,70,,,
2026-09-27T16:18:33.004379,1,1241,FRAME,922.039,37.832,-3.269,3.783,127,77,,,
2026-09-27T16:18:33.021169,1,1242,FRAME,918.77,41.615,-3.269,3.783,127,84,,,
2026-09-27T16:18:33.037226,1,1243,FRAME,915.501,45.399,-3.269,3.783,127,91,,,
2026-09-27T16:18:33.053269,1,1244,FRAME,912.232,49.182,-3.269,3.783,127,98,,,
2026-09-27T16:18:33.070662,1,1245,FRAME,908.963,52.965,-3.269,3.783,127,105,,,
2026-09-27T16:18:33.085209,1,1246,FRAME,905.694,56.748,-3.269,3.783,127,112,,,
2026-09-27T16:18:33.104153,1,1247,FRAME,902.425,60.531,-3.269,3.783,127,119,,,
2026-09-27T16:18:33.119483,1,1248,FRAME,899.155,64.315,-3.269,3.783,127,126,,,
2026-09-27T16:18:33.135508,1,1249,FRAME,895.886,68.098,-3.269,3.783,127,133,,,
2026-09-27T16:18:33.154295,1,1250,FRAME,892.617,71.881,-3.269,3.783,127,140,,,
2026-09-27T16:18:33.168640,1,1251,FRAME,889.348,75.664,-3.269,3.783,127,147,,,
2026-09-27T16:18:33.185808,1,1252,FRAME,886.079,79.447,-3.269,3.783,127,154,,,
2026-09-27T16:18:33.201947,1,1253,FRAME,882.81,83.231,-3.269,3.783,127,161,,,
2026-09-27T16:18:33.217709,1,1254,FRAME,879.541,87.014,-3.269,3.783,127,168,,,
2026-09-27T16:18:33.234803,1,1255,FRAME,876.271,90.797,-3.269,3.783,127,175,,,
2026-09-27T16:18:33.251400,1,1256,FRAME,873.002,94.58,-3.269,3.783,127,182,,,
2026-09-27T16:18:33.268537,1,1257,FRAME,869.733,98.363,-3.269,3.783,127,189,,,
2026-09-27T16:18:33.285589,1,1258,FRAME,866.464,102.147,-3.269,3.783,127,196,,,
2026-09-27T16:18:33.300400,1,1259,FRAME,863.195,105.93,-3.269,3.783,127,203,,,
2026-09-27T16:18:33.317458,1,1260,FRAME,859.926,109.713,-3.269,3.783,127,196,,,
2026-09-27T16:18:33.334162,1,1261,FRAME,856.656,113.496,-3.269,3.783,127,203,,,
2026-09-27T16:18:33.352491,1,1262,FRAME,853.387,117.28,-3.269,3.783,127,196,,,
2026-09-27T16:18:33.367578,1,1263,FRAME,850.118,121.063,-3.269,3.783,127,203,,,
2026-09-27T16:18:33.384289,1,1264,FRAME,846.849,124.846,-3.269,3.783,127,196,,,
2026-09-27T16:18:33.402013,1,1265,FRAME,843.58,128.629,-3.269,3.783,127,203,,,
2026-09-27T16:18:33.417596,1,1266,FRAME,840.311,132.412,-3.269,3.783,127,196,,,
2026-09-27T16:18:33.434168,1,1267,FRAME,837.042,136.196,-3.269,3.783,127,203,,,
2026-09-27T16:18:33.450300,1,1268,FRAME,833.772,139.979,-3.269,3.783,127,196,,,
2026-09-27T16:18:33.468586,1,1269,FRAME,830.503,143.762,-3.269,3.783,127,203,,,
2026-09-27T16:18:33.484239,1,1270,FRAME,827.234,147.545,-3.269,3.783,127,196,,,
2026-09-27T16:18:33.500126,1,1271,FRAME,823.965,151.328,-3.269,3.783,127,203,,,
2026-09-27T16:18:33.519160,1,1272,FRAME,820.696,155.112,-3.269,3.783,127,196,,,
2026-09-27T16:18:33.534049,1,1273,FRAME,817.427,158.895,-3.269,3.783,127,203,,,
2026-09-27T16:18:33.550158,1,1274,FRAME,814.158,162.678,-3.269,3.783,127,196,,,
2026-09-27T16:18:33.566837,1,1275,FRAME,810.888,166.461,-3.269,3.783,127,203,,,
2026-09-27T16:18:33.584119,1,1276,FRAME,807.619,170.245,-3.269,3.783,127,196,,,
2026-09-27T16:18:33.602371,1,1277,FRAME,804.35,174.028,-3.269,3.783,127,203,,,
2026-09-27T16:18:33.617010,1,1278,FRAME,801.081,177.811,-3.269,3.783,127,196,,,
2026-09-27T16:18:33.634099,1,1279,FRAME,797.812,181.594,-3.269,3.783,127,203,,,
2026-09-27T16:18:33.651906,1,1280,FRAME,794.543,185.377,-3.269,3.783,127,196,,,
2026-09-27T16:18:33.666109,1,1281,FRAME,791.274,189.161,-3.269,3.783,127,203,,,
2026-09-27T16:18:33.683212,1,1282,FRAME,788.004,192.944,-3.269,3.783,127,196,,,
2026-09-27T16:18:33.698833,1,1283,FRAME,784.735,196.727,-3.269,3.783,127,203,,,
2026-09-27T16:18:33.714791,1,1284,FRAME,781.466,200.51,-3.269,3.783,127,196,,,
2026-09-27T16:18:33.732400,1,1285,FRAME,778.197,204.293,-3.269,3.783,127,203,,,
2026-09-27T16:18:33.747358,1,1286,FRAME,774.928,208.077,-3.269,3.783,127,196,,,
2026-09-27T16:18:33.764417,1,1287,FRAME,771.659,211.86,-3.269,3.783,127,203,,,
2026-09-27T16:18:33.779461,1,1288,FRAME,768.39,215.643,-3.269,3.783,127,196,,,
2026-09-27T16:18:33.797042,1,1289,FRAME,765.12,219.426,-3.269,3.783,127,203,,,
2026-09-27T16:18:33.814869,1,1290,FRAME,761.851,223.209,-3.269,3.783,127,196,,,
2026-09-27T16:18:33.829302,1,1291,FRAME,758.582,226.993,-3.269,3.783,127,203,,,
2026-09-27T16:18:33.846124,1,1292,FRAME,755.313,230.776,-3.269,3.783,127,196,,,
2026-09-27T16:18:33.864220,1,1293,FRAME,752.044,234.559,-3.269,3.783,127,203,,,
2026-09-27T16:18:33.880783,1,1294,FRAME,748.775,238.342,-3.269,3.783,127,196,,,
2026-09-27T16:18:33.897589,1,1295,FRAME,745.506,242.126,-3.269,3.783,120,203,,,
2026-09-27T16:18:33.912826,1,1296,FRAME,742.236,245.909,-3.269,3.783,113,196,,,
2026-09-27T16:18:33.930918,1,1297,FRAME,738.967,249.692,-3.269,3.783,106,203,,,
2026-09-27T16:18:33.947542,1,1298,FRAME,735.698,253.475,-3.269,3.783,99,196,,,
2026-09-27T16:18:33.964154,1,1299,FRAME,732.429,257.258,-3.269,3.783,92,203,,,
2026-09-27T16:18:33.982763,1,1300,FRAME,729.16,261.042,-3.269,3.783,85,196,,,
2026-09-27T16:18:33.997833,1,1301,FRAME,725.891,264.825,-3.269,3.783,78,203,,,
2026-09-27T16:18:34.016398,1,1302,FRAME,722.622,268.608,-3.269,3.783,71,196,,,
2026-09-27T16:18:34.033961,1,1303,FRAME,719.352,272.391,-3.269,3.783,64,203,,,
2026-09-27T16:18:34.047061,1,1304,FRAME,716.083,276.174,-3.269,3.783,57,196,,,
2026-09-27T16:18:34.066241,1,1305,FRAME,712.814,279.958,-3.269,3.783,50,203,,,
2026-09-27T16:18:34.080610,1,1306,FRAME,709.545,283.741,-3.269,3.783,43,196,,,
2026-09-27T16:18:34.096783,1,1307,FRAME,706.276,287.524,-3.269,3.783,36,203,,,
2026-09-27T16:18:34.115943,1,1308,FRAME,703.007,291.307,-3.269,3.783,29,196,,,
2026-09-27T16:18:34.132029,1,1309,FRAME,699.737,295.09,-3.269,3.783,29,203,,,
2026-09-27T16:18:34.147789,1,1310,FRAME,696.468,298.874,-3.269,3.783,29,196,,,
2026-09-27T16:18:34.163593,1,1311,FRAME,693.199,302.657,-3.269,3.783,29,203,,,
2026-09-27T16:18:34.182042,1,1312,FRAME,689.93,306.44,-3.269,3.783,29,196,,,
2026-09-27T16:18:34.198666,1,1313,FRAME,686.661,310.223,-3.269,3.783,29,203,,,
2026-09-27T16:18:34.213133,1,1314,FRAME,683.392,314.007,-3.269,3.783,29,196,,,
2026-09-27T16:18:34.230207,1,1315,FRAME,680.123,317.79,-3.269,3.783,29,203,,,
2026-09-27T16:18:34.245376,1,1316,FRAME,676.853,321.573,-3.269,3.783,29,196,,,
2026-09-27T16:18:34.262939,1,1317,FRAME,673.584,325.356,-3.269,3.783,29,203,,,
2026-09-27T16:18:34.278201,1,1318,FRAME,670.315,329.139,-3.269,3.783,29,196,,,
2026-09-27T16:18:34.293903,1,1319,FRAME,667.046,332.923,-3.269,3.783,29,203,,,
2026-09-27T16:18:34.311582,1,1320,FRAME,663.777,336.706,-3.269,3.783,29,196,,,
2026-09-27T16:18:34.327192,1,1321,FRAME,660.508,340.489,-3.269,3.783,29,203,,,
2026-09-27T16:18:34.342344,1,1322,FRAME,657.239,344.272,-3.269,3.783,29,196,,,
2026-09-27T16:18:34.360402,1,1323,FRAME,653.969,348.055,-3.269,3.783,29,203,,,
2026-09-27T16:18:34.375947,1,1324,FRAME,650.7,351.839,-3.269,3.783,29,196,,,
2026-09-27T16:18:34.392521,1,1325,FRAME,647.431,355.622,-3.269,3.783,29,203,,,
2026-09-27T16:18:34.410579,1,1326,FRAME,644.162,359.405,-3.269,3.783,29,196,,,
2026-09-27T16:18:34.425188,1,1327,FRAME,640.893,363.188,-3.269,3.783,29,203,,,
2026-09-27T16:18:34.442809,1,1328,FRAME,637.624,366.971,-3.269,3.783,29,196,,,
2026-09-27T16:18:34.459376,1,1329,FRAME,634.355,370.755,-3.269,3.783,29,203,,,
2026-09-27T16:18:34.476954,1,1330,FRAME,631.085,374.538,-3.269,3.783,29,196,,,
2026-09-27T16:18:34.492475,1,1331,FRAME,627.816,378.321,-3.269,3.783,29,203,,,
2026-09-27T16:18:34.508205,1,1332,FRAME,624.547,382.104,-3.269,3.783,29,196,,,
2026-09-27T16:18:34.525234,1,1333,FRAME,621.278,385.888,-3.269,3.783,29,203,,,
2026-09-27T16:18:34.542208,1,1334,FRAME,618.009,389.671,-3.269,3.783,29,196,,,
2026-09-27T16:18:34.558538,1,1335,FRAME,614.74,393.454,-3.269,3.783,29,203,,,
2026-09-27T16:18:34.573706,1,1336,FRAME,611.471,397.237,-3.269,3.783,29,196,,,
2026-09-27T16:18:34.589281,1,1337,FRAME,608.201,401.02,-3.269,3.783,29,203,,,
2026-09-27T16:18:34.606367,1,1338,FRAME,604.932,404.804,-3.269,3.783,29,196,,,
2026-09-27T16:18:34.622033,1,1339,FRAME,601.663,408.587,-3.269,3.783,29,203,,,
2026-09-27T16:18:34.639685,1,1340,FRAME,598.394,412.37,-3.269,3.783,29,196,,,
2026-09-27T16:18:34.654285,1,1341,FRAME,595.125,416.153,-3.269,3.783,29,203,,,
2026-09-27T16:18:34.671363,1,1342,FRAME,591.856,419.936,-3.269,3.783,29,196,,,
2026-09-27T16:18:34.689334,1,1343,FRAME,588.587,423.72,-3.269,3.783,29,203,,,
2026-09-27T16:18:34.704422,1,1344,FRAME,585.317,427.503,-3.269,3.783,29,196,,,
2026-09-27T16:18:34.720193,1,1345,FRAME,582.048,431.286,-3.269,3.783,29,203,,,
2026-09-27T16:18:34.736760,1,1346,FRAME,578.779,435.069,-3.269,3.783,29,196,,,
2026-09-27T16:18:34.754856,1,1347,FRAME,575.51,438.852,-3.269,3.783,29,203,,,
2026-09-27T16:18:34.772926,1,1348,FRAME,572.241,442.636,-3.269,3.783,29,196,,,
2026-09-27T16:18:34.785962,1,1349,FRAME,568.972,446.419,-3.269,3.783,29,203,,,
2026-09-27T16:18:34.804053,1,1350,FRAME,565.703,450.202,-3.269,3.783,29,196,,,
2026-09-27T16:18:34.818635,1,1351,FRAME,562.433,453.985,-3.269,3.783,29,203,,,
2026-09-27T16:18:34.836231,1,1352,FRAME,559.164,457.769,-3.269,3.783,29,196,,,
2026-09-27T16:18:34.852845,1,1353,FRAME,555.895,461.552,-3.269,3.783,29,203,,,
2026-09-27T16:18:34.870867,1,1354,FRAME,552.626,465.335,-3.269,3.783,29,196,,,
2026-09-27T16:18:34.888406,1,1355,FRAME,549.357,469.118,-3.269,3.783,29,203,,,
2026-09-27T16:18:34.902100,1,1356,FRAME,546.088,472.901,-3.269,3.783,29,196,,,
2026-09-27T16:18:34.918679,1,1357,FRAME,542.818,476.685,-3.269,3.783,29,203,,,
2026-09-27T16:18:34.935848,1,1358,FRAME,539.549,480.468,-3.269,3.783,29,196,,,
2026-09-27T16:18:34.951025,1,1359,FRAME,536.28,484.251,-3.269,3.783,29,203,,,
2026-09-27T16:18:34.965075,1,1360,WALL_BOUNCE,533.011,488,-3.269,-3.783,29,196,,,
2026-09-27T16:18:34.969107,1,1361,FRAME,533.011,488,-3.269,-3.783,29,196,,,
2026-09-27T16:18:34.984708,1,1362,FRAME,529.742,484.217,-3.269,-3.783,29,203,,,
2026-09-27T16:18:35.002274,1,1363,FRAME,526.473,480.434,-3.269,-3.783,29,196,,,
2026-09-27T16:18:35.018960,1,1364,FRAME,523.204,476.65,-3.269,-3.783,29,203,,,
2026-09-27T16:18:35.035150,1,1365,FRAME,519.934,472.867,-3.269,-3.783,29,196,,,
2026-09-27T16:18:35.051271,1,1366,FRAME,516.665,469.084,-3.269,-3.783,29,203,,,
2026-09-27T16:18:35.068336,1,1367,FRAME,513.396,465.301,-3.269,-3.783,29,196,,,
2026-09-27T16:18:35.085438,1,1368,FRAME,510.127,461.518,-3.269,-3.783,29,203,,,
2026-09-27T16:18:35.100060,1,1369,FRAME,506.858,457.734,-3.269,-3.783,29,196,,,
2026-09-27T16:18:35.118173,1,1370,FRAME,503.589,453.951,-3.269,-3.783,29,203,,,
2026-09-27T16:18:35.134228,1,1371,FRAME,500.32,450.168,-3.269,-3.783,29,196,,,
2026-09-27T16:18:35.151507,1,1372,FRAME,497.05,446.385,-3.269,-3.783,29,203,,,
2026-09-27T16:18:35.166057,1,1373,FRAME,493.781,442.601,-3.269,-3.783,29,196,,,
2026-09-27T16:18:35.183151,1,1374,FRAME,490.512,438.818,-3.269,-3.783,29,203,,,
2026-09-27T16:18:35.198898,1,1375,FRAME,487.243,435.035,-3.269,-3.783,29,196,,,
2026-09-27T16:18:35.216646,1,1376,FRAME,483.974,431.252,-3.269,-3.783,29,203,,,
2026-09-27T16:18:35.231940,1,1377,FRAME,480.705,427.469,-3.269,-3.783,29,196,,,
2026-09-27T16:18:35.248475,1,1378,FRAME,477.436,423.685,-3.269,-3.783,29,203,,,
2026-09-27T16:18:35.265823,1,1379,FRAME,474.166,419.902,-3.269,-3.783,29,196,,,
2026-09-27T16:18:35.281416,1,1380,FRAME,470.897,416.119,-3.269,-3.783,29,203,,,
2026-09-27T16:18:35.298966,1,1381,FRAME,467.628,412.336,-3.269,-3.783,29,196,,,
2026-09-27T16:18:35.314213,1,1382,FRAME,464.359,408.553,-3.269,-3.783,29,203,,,
2026-09-27T16:18:35.331372,1,1383,FRAME,461.09,404.769,-3.269,-3.783,29,196,,,
2026-09-27T16:18:35.347110,1,1384,FRAME,457.821,400.986,-3.269,-3.783,29,203,,,
2026-09-27T16:18:35.364194,1,1385,FRAME,454.552,397.203,-3.269,-3.783,29,196,,,
2026-09-27T16:18:35.380679,1,1386,FRAME,451.282,393.42,-3.269,-3.783,29,203,,,
2026-09-27T16:18:35.398324,1,1387,FRAME,448.013,389.637,-3.269,-3.783,29,196,,,
2026-09-27T16:18:35.412962,1,1388,FRAME,444.744,385.853,-3.269,-3.783,29,203,,,
2026-09-27T16:18:35.430576,1,1389,FRAME,441.475,382.07,-3.269,-3.783,29,196,,,
2026-09-27T16:18:35.446150,1,1390,FRAME,438.206,378.287,-3.269,-3.783,29,203,,,
2026-09-27T16:18:35.461693,1,1391,FRAME,434.937,374.504,-3.269,-3.783,29,196,,,
2026-09-27T16:18:35.479220,1,1392,FRAME,431.668,370.72,-3.269,-3.783,29,203,,,
2026-09-27T16:18:35.494055,1,1393,FRAME,428.398,366.937,-3.269,-3.783,29,196,,,
2026-09-27T16:18:35.509784,1,1394,FRAME,425.129,363.154,-3.269,-3.783,29,203,,,
2026-09-27T16:18:35.527455,1,1395,FRAME,421.86,359.371,-3.269,-3.783,29,196,,,
2026-09-27T16:18:35.544046,1,1396,FRAME,418.591,355.588,-3.269,-3.783,29,203,,,
2026-09-27T16:18:35.561118,1,1397,FRAME,415.322,351.804,-3.269,-3.783,29,196,,,
2026-09-27T16:18:35.576147,1,1398,FRAME,412.053,348.021,-3.269,-3.783,29,203,,,
2026-09-27T16:18:35.593274,1,1399,FRAME,408.784,344.238,-3.269,-3.783,29,196,,,
2026-09-27T16:18:35.608884,1,1400,FRAME,405.514,340.455,-3.269,-3.783,29,203,,,
2026-09-27T16:18:35.624568,1,1401,FRAME,402.245,336.672,-3.269,-3.783,29,196,,,
2026-09-27T16:18:35.642147,1,1402,FRAME,398.976,332.888,-3.269,-3.783,29,203,,,
2026-09-27T16:18:35.659333,1,1403,FRAME,395.707,329.105,-3.269,-3.783,29,196,,,
2026-09-27T16:18:35.676960,1,1404,FRAME,392.438,325.322,-3.269,-3.783,29,203,,,
2026-09-27T16:18:35.693517,1,1405,FRAME,389.169,321.539,-3.269,-3.783,29,196,,,
2026-09-27T16:18:35.710263,1,1406,FRAME,385.9,317.755,-3.269,-3.783,29,203,,,
2026-09-27T16:18:35.726299,1,1407,FRAME,382.63,313.972,-3.269,-3.783,29,196,,,
2026-09-27T16:18:35.742387,1,1408,FRAME,379.361,310.189,-3.269,-3.783,29,203,,,
2026-09-27T16:18:35.759228,1,1409,FRAME,376.092,306.406,-3.269,-3.783,29,196,,,
2026-09-27T16:18:35.775238,1,1410,FRAME,372.823,302.623,-3.269,-3.783,29,203,,,
2026-09-27T16:18:35.791986,1,1411,FRAME,369.554,298.839,-3.269,-3.783,29,196,,,
2026-09-27T16:18:35.808503,1,1412,FRAME,366.285,295.056,-3.269,-3.783,29,203,,,
2026-09-27T16:18:35.824103,1,1413,FRAME,363.015,291.273,-3.269,-3.783,29,196,,,
2026-09-27T16:18:35.844003,1,1414,FRAME,359.746,287.49,-3.269,-3.783,29,203,,,
2026-09-27T16:18:35.858231,1,1415,FRAME,356.477,283.707,-3.269,-3.783,29,196,,,
2026-09-27T16:18:35.874969,1,1416,FRAME,353.208,279.923,-3.269,-3.783,29,203,,,
2026-09-27T16:18:35.892698,1,1417,FRAME,349.939,276.14,-3.269,-3.783,29,196,,,
2026-09-27T16:18:35.911362,1,1418,FRAME,346.67,272.357,-3.269,-3.783,29,203,,,
2026-09-27T16:18:35.925399,1,1419,FRAME,343.401,268.574,-3.269,-3.783,29,196,,,
2026-09-27T16:18:35.940964,1,1420,FRAME,340.131,264.791,-3.269,-3.783,29,203,,,
2026-09-27T16:18:35.958293,1,1421,FRAME,336.862,261.007,-3.269,-3.783,29,196,,,
2026-09-27T16:18:35.973335,1,1422,FRAME,333.593,257.224,-3.269,-3.783,29,203,,,
2026-09-27T16:18:35.991038,1,1423,FRAME,330.324,253.441,-3.269,-3.783,29,196,,,
2026-09-27T16:18:36.007470,1,1424,FRAME,327.055,249.658,-3.269,-3.783,29,203,,,
2026-09-27T16:18:36.022559,1,1425,FRAME,323.786,245.874,-3.269,-3.783,29,196,,,
2026-09-27T16:18:36.040253,1,1426,FRAME,320.517,242.091,-3.269,-3.783,29,203,,,
2026-09-27T16:18:36.055418,1,1427,FRAME,317.247,238.308,-3.269,-3.783,29,196,,,
2026-09-27T16:18:36.072019,1,1428,FRAME,313.978,234.525,-3.269,-3.783,29,203,,,
2026-09-27T16:18:36.089179,1,1429,FRAME,310.709,230.742,-3.269,-3.783,29,196,,,
2026-09-27T16:18:36.104246,1,1430,FRAME,307.44,226.958,-3.269,-3.783,29,203,,,
2026-09-27T16:18:36.120636,1,1431,FRAME,304.171,223.175,-3.269,-3.783,29,196,,,
2026-09-27T16:18:36.136340,1,1432,FRAME,300.902,219.392,-3.269,-3.783,29,203,,,
2026-09-27T16:18:36.151864,1,1433,FRAME,297.633,215.609,-3.269,-3.783,29,196,,,
2026-09-27T16:18:36.168913,1,1434,FRAME,294.363,211.826,-3.269,-3.783,29,203,,,
2026-09-27T16:18:36.185984,1,1435,FRAME,291.094,208.042,-3.269,-3.783,29,196,,,
2026-09-27T16:18:36.202047,1,1436,FRAME,287.825,204.259,-3.269,-3.783,29,203,,,
2026-09-27T16:18:36.219675,1,1437,FRAME,284.556,200.476,-3.269,-3.783,29,196,,,
2026-09-27T16:18:36.234310,1,1438,FRAME,281.287,196.693,-3.269,-3.783,29,203,,,
2026-09-27T16:18:36.252515,1,1439,FRAME,278.018,192.91,-3.269,-3.783,29,196,,,
2026-09-27T16:18:36.269161,1,1440,FRAME,274.749,189.126,-3.269,-3.783,29,203,,,
2026-09-27T16:18:36.285237,1,1441,FRAME,271.479,185.343,-3.269,-3.783,29,196,,,
2026-09-27T16:18:36.302574,1,1442,FRAME,268.21,181.56,-3.269,-3.783,29,203,,,
2026-09-27T16:18:36.321170,1,1443,FRAME,264.941,177.777,-3.269,-3.783,29,196,,,
2026-09-27T16:18:36.336223,1,1444,FRAME,261.672,173.993,-3.269,-3.783,29,203,,,
2026-09-27T16:18:36.351789,1,1445,FRAME,258.403,170.21,-3.269,-3.783,29,196,,,
2026-09-27T16:18:36.369767,1,1446,FRAME,255.134,166.427,-3.269,-3.783,29,203,,,
2026-09-27T16:18:36.385935,1,1447,FRAME,251.865,162.644,-3.269,-3.783,29,196,,,
2026-09-27T16:18:36.403124,1,1448,FRAME,248.595,158.861,-3.269,-3.783,29,203,,,
2026-09-27T16:18:36.419148,1,1449,FRAME,245.326,155.077,-3.269,-3.783,29,196,,,
2026-09-27T16:18:36.436187,1,1450,FRAME,242.057,151.294,-3.269,-3.783,29,203,,,
2026-09-27T16:18:36.452795,1,1451,FRAME,238.788,147.511,-3.269,-3.783,29,196,,,
2026-09-27T16:18:36.468405,1,1452,FRAME,235.519,143.728,-3.269,-3.783,29,203,,,
2026-09-27T16:18:36.484040,1,1453,FRAME,232.25,139.945,-3.269,-3.783,29,196,,,
2026-09-27T16:18:36.502941,1,1454,FRAME,228.981,136.161,-3.269,-3.783,29,203,,,
2026-09-27T16:18:36.518973,1,1455,FRAME,225.711,132.378,-3.269,-3.783,29,196,,,
2026-09-27T16:18:36.534336,1,1456,FRAME,222.442,128.595,-3.269,-3.783,29,203,,,
2026-09-27T16:18:36.551900,1,1457,FRAME,219.173,124.812,-3.269,-3.783,29,196,,,
2026-09-27T16:18:36.568536,1,1458,FRAME,215.904,121.029,-3.269,-3.783,29,203,,,
2026-09-27T16:18:36.584440,1,1459,FRAME,212.635,117.245,-3.269,-3.783,29,196,,,
2026-09-27T16:18:36.601536,1,1460,FRAME,209.366,113.462,-3.269,-3.783,29,203,,,
2026-09-27T16:18:36.617163,1,1461,FRAME,206.096,109.679,-3.269,-3.783,29,196,,,
2026-09-27T16:18:36.633805,1,1462,FRAME,202.827,105.896,-3.269,-3.783,29,203,,,
2026-09-27T16:18:36.649367,1,1463,FRAME,199.558,102.112,-3.269,-3.783,22,196,,,
2026-09-27T16:18:36.668053,1,1464,FRAME,196.289,98.329,-3.269,-3.783,15,203,,,
2026-09-27T16:18:36.684844,1,1465,FRAME,193.02,94.546,-3.269,-3.783,8,196,,,
2026-09-27T16:18:36.701154,1,1466,FRAME,189.751,90.763,-3.269,-3.783,1,203,,,
2026-09-27T16:18:36.716998,1,1467,FRAME,186.482,86.98,-3.269,-3.783,0,196,,,
2026-09-27T16:18:36.734132,1,1468,FRAME,183.212,83.196,-3.269,-3.783,0,203,,,
2026-09-27T16:18:36.751319,1,1469,FRAME,179.943,79.413,-3.269,-3.783,0,196,,,
2026-09-27T16:18:36.769402,1,1470,FRAME,176.674,75.63,-3.269,-3.783,0,203,,,
2026-09-27T16:18:36.786225,1,1471,FRAME,173.405,71.847,-3.269,-3.783,0,196,,,
2026-09-27T16:18:36.803479,1,1472,FRAME,170.136,68.064,-3.269,-3.783,0,203,,,
2026-09-27T16:18:36.820414,1,1473,FRAME,166.867,64.28,-3.269,-3.783,0,196,,,
2026-09-27T16:18:36.837208,1,1474,FRAME,163.598,60.497,-3.269,-3.783,0,203,,,
2026-09-27T16:18:36.852796,1,1475,FRAME,160.328,56.714,-3.269,-3.783,0,196,,,
2026-09-27T16:18:36.869396,1,1476,FRAME,157.059,52.931,-3.269,-3.783,0,203,,,
2026-09-27T16:18:36.885929,1,1477,FRAME,153.79,49.148,-3.269,-3.783,0,196,,,
2026-09-27T16:18:36.902657,1,1478,FRAME,150.521,45.364,-3.269,-3.783,0,203,,,
2026-09-27T16:18:36.921333,1,1479,FRAME,147.252,41.581,-3.269,-3.783,0,196,,,
2026-09-27T16:18:36.938452,1,1480,FRAME,143.983,37.798,-3.269,-3.783,0,203,,,
2026-09-27T16:18:36.955028,1,1481,FRAME,140.714,34.015,-3.269,-3.783,0,196,,,
2026-09-27T16:18:36.971624,1,1482,FRAME,137.444,30.231,-3.269,-3.783,0,203,,,
2026-09-27T16:18:36.988299,1,1483,FRAME,134.175,26.448,-3.269,-3.783,0,196,,,
2026-09-27T16:18:37.004349,1,1484,FRAME,130.906,22.665,-3.269,-3.783,0,203,,,
2026-09-27T16:18:37.019898,1,1485,FRAME,127.637,18.882,-3.269,-3.783,0,196,,,
2026-09-27T16:18:37.036791,1,1486,FRAME,124.368,15.099,-3.269,-3.783,0,203,,,
2026-09-27T16:18:37.054928,1,1487,FRAME,121.099,11.315,-3.269,-3.783,0,196,,,
2026-09-27T16:18:37.070650,1,1488,FRAME,117.83,7.532,-3.269,-3.783,0,203,,,
2026-09-27T16:18:37.086694,1,1489,FRAME,114.56,3.749,-3.269,-3.783,0,196,,,
2026-09-27T16:18:37.100318,1,1490,WALL_BOUNCE,111.291,0,-3.269,3.783,0,203,,,
2026-09-27T16:18:37.103914,1,1491,FRAME,111.291,0,-3.269,3.783,0,203,,,
2026-09-27T16:18:37.120535,1,1492,FRAME,108.022,3.783,-3.269,3.783,0,196,,,
2026-09-27T16:18:37.136135,1,1493,FRAME,104.753,7.566,-3.269,3.783,0,203,,,
2026-09-27T16:18:37.152242,1,1494,FRAME,101.484,11.35,-3.269,3.783,0,196,,,
2026-09-27T16:18:37.169974,1,1495,FRAME,98.215,15.133,-3.269,3.783,0,203,,,
2026-09-27T16:18:37.186884,1,1496,FRAME,94.946,18.916,-3.269,3.783,0,196,,,
2026-09-27T16:18:37.203780,1,1497,FRAME,91.676,22.699,-3.269,3.783,0,203,,,
2026-09-27T16:18:37.221772,1,1498,FRAME,88.407,26.482,-3.269,3.783,0,196,,,
2026-09-27T16:18:37.238867,1,1499,FRAME,85.138,30.266,-3.269,3.783,0,203,,,
2026-09-27T16:18:37.255406,1,1500,FRAME,81.869,34.049,-3.269,3.783,0,196,,,
2026-09-27T16:18:37.270006,1,1501,FRAME,78.6,37.832,-3.269,3.783,0,203,,,
2026-09-27T16:18:37.286630,1,1502,FRAME,75.331,41.615,-3.269,3.783,0,196,,,
2026-09-27T16:18:37.304274,1,1503,FRAME,72.062,45.399,-3.269,3.783,0,203,,,
2026-09-27T16:18:37.321160,1,1504,FRAME,68.792,49.182,-3.269,3.783,0,196,,,
2026-09-27T16:18:37.339756,1,1505,FRAME,65.523,52.965,-3.269,3.783,0,203,,,
2026-09-27T16:18:37.355850,1,1506,FRAME,62.254,56.748,-3.269,3.783,0,196,,,
2026-09-27T16:18:37.371871,1,1507,FRAME,58.985,60.531,-3.269,3.783,0,203,,,
2026-09-27T16:18:37.388438,1,1508,FRAME,55.716,64.315,-3.269,3.783,0,196,,,
2026-09-27T16:18:37.404481,1,1509,FRAME,52.447,68.098,-3.269,3.783,0,203,,,
2026-09-27T16:18:37.421557,1,1510,FRAME,49.177,71.881,-3.269,3.783,0,196,,,
2026-09-27T16:18:37.437209,1,1511,FRAME,45.908,75.664,-3.269,3.783,0,203,,,
2026-09-27T16:18:37.454194,1,1512,FRAME,42.639,79.447,-3.269,3.783,7,196,,,
2026-09-27T16:18:37.471252,1,1513,FRAME,39.37,83.231,-3.269,3.783,14,203,,,
2026-09-27T16:18:37.487255,1,1514,FRAME,36.101,87.014,-3.269,3.783,21,196,,,
2026-09-27T16:18:37.504083,1,1515,FRAME,32.832,90.797,-3.269,3.783,28,203,,,
2026-09-27T16:18:37.517142,1,1516,LEFT_HIT,30,94.58,4.736,1.603,35,196,0.312,18.696,
2026-09-27T16:18:37.521647,1,1517,FRAME,30,94.58,4.736,1.603,35,196,,,
2026-09-27T16:18:37.536086,1,1518,FRAME,34.736,96.183,4.736,1.603,42,203,,,
2026-09-27T16:18:37.553219,1,1519,FRAME,39.472,97.786,4.736,1.603,49,210,,,
2026-09-27T16:18:37.570765,1,1520,FRAME,44.208,99.389,4.736,1.603,56,217,,,
2026-09-27T16:18:37.587578,1,1521,FRAME,48.945,100.991,4.736,1.603,63,224,,,
2026-09-27T16:18:37.602693,1,1522,FRAME,53.681,102.594,4.736,1.603,70,231,,,
2026-09-27T16:18:37.619273,1,1523,FRAME,58.417,104.197,4.736,1.603,77,238,,,
2026-09-27T16:18:37.635312,1,1524,FRAME,63.153,105.8,4.736,1.603,84,245,,,
2026-09-27T16:18:37.652885,1,1525,FRAME,67.889,107.402,4.736,1.603,91,252,,,
2026-09-27T16:18:37.668283,1,1526,FRAME,72.625,109.005,4.736,1.603,98,259,,,
2026-09-27T16:18:37.684818,1,1527,FRAME,77.362,110.608,4.736,1.603,105,266,,,
2026-09-27T16:18:37.701972,1,1528,FRAME,82.098,112.211,4.736,1.603,112,273,,,
2026-09-27T16:18:37.718556,1,1529,FRAME,86.834,113.813,4.736,1.603,119,280,,,
2026-09-27T16:18:37.734098,1,1530,FRAME,91.57,115.416,4.736,1.603,126,287,,,
2026-09-27T16:18:37.750308,1,1531,FRAME,96.306,117.019,4.736,1.603,133,294,,,
2026-09-27T16:18:37.767357,1,1532,FRAME,101.042,118.622,4.736,1.603,140,301,,,
2026-09-27T16:18:37.782961,1,1533,FRAME,105.778,120.224,4.736,1.603,147,308,,,
2026-09-27T16:18:37.800045,1,1534,FRAME,110.515,121.827,4.736,1.603,154,315,,,
2026-09-27T16:18:37.815127,1,1535,FRAME,115.251,123.43,4.736,1.603,161,322,,,
2026-09-27T16:18:37.834119,1,1536,FRAME,119.987,125.033,4.736,1.603,168,329,,,
2026-09-27T16:18:37.849252,1,1537,FRAME,124.723,126.636,4.736,1.603,175,336,,,
2026-09-27T16:18:37.865808,1,1538,FRAME,129.459,128.238,4.736,1.603,182,343,,,
2026-09-27T16:18:37.882924,1,1539,FRAME,134.195,129.841,4.736,1.603,189,350,,,
2026-09-27T16:18:37.898537,1,1540,FRAME,138.932,131.444,4.736,1.603,196,357,,,
2026-09-27T16:18:37.915624,1,1541,FRAME,143.668,133.047,4.736,1.603,203,364,,,
2026-09-27T16:18:37.931715,1,1542,FRAME,148.404,134.649,4.736,1.603,210,357,,,
2026-09-27T16:18:37.947300,1,1543,FRAME,153.14,136.252,4.736,1.603,217,364,,,
2026-09-27T16:18:37.964899,1,1544,FRAME,157.876,137.855,4.736,1.603,224,357,,,
2026-09-27T16:18:37.980763,1,1545,FRAME,162.612,139.458,4.736,1.603,231,364,,,
2026-09-27T16:18:37.998821,1,1546,FRAME,167.348,141.06,4.736,1.603,238,357,,,
2026-09-27T16:18:38.014243,1,1547,FRAME,172.085,142.663,4.736,1.603,245,364,,,
2026-09-27T16:18:38.030571,1,1548,FRAME,176.821,144.266,4.736,1.603,252,357,,,
2026-09-27T16:18:38.047149,1,1549,FRAME,181.557,145.869,4.736,1.603,259,364,,,
2026-09-27T16:18:38.062509,1,1550,FRAME,186.293,147.471,4.736,1.603,266,357,,,
2026-09-27T16:18:38.079135,1,1551,FRAME,191.029,149.074,4.736,1.603,273,364,,,
2026-09-27T16:18:38.096120,1,1552,FRAME,195.765,150.677,4.736,1.603,280,357,,,
2026-09-27T16:18:38.112184,1,1553,FRAME,200.502,152.28,4.736,1.603,287,364,,,
2026-09-27T16:18:38.129650,1,1554,FRAME,205.238,153.882,4.736,1.603,294,357,,,
2026-09-27T16:18:38.146112,1,1555,FRAME,209.974,155.485,4.736,1.603,301,364,,,
2026-09-27T16:18:38.162164,1,1556,FRAME,214.71,157.088,4.736,1.603,308,357,,,
2026-09-27T16:18:38.178611,1,1557,FRAME,219.446,158.691,4.736,1.603,315,364,,,
2026-09-27T16:18:38.195958,1,1558,FRAME,224.182,160.294,4.736,1.603,322,357,,,
2026-09-27T16:18:38.213593,1,1559,FRAME,228.918,161.896,4.736,1.603,329,364,,,
2026-09-27T16:18:38.230192,1,1560,FRAME,233.655,163.499,4.736,1.603,336,357,,,
2026-09-27T16:18:38.247252,1,1561,FRAME,238.391,165.102,4.736,1.603,343,364,,,
2026-09-27T16:18:38.263036,1,1562,FRAME,243.127,166.705,4.736,1.603,350,357,,,
2026-09-27T16:18:38.278180,1,1563,FRAME,247.863,168.307,4.736,1.603,350,364,,,
2026-09-27T16:18:38.296558,1,1564,FRAME,252.599,169.91,4.736,1.603,350,357,,,
2026-09-27T16:18:38.311855,1,1565,FRAME,257.335,171.513,4.736,1.603,350,364,,,
2026-09-27T16:18:38.328383,1,1566,FRAME,262.072,173.116,4.736,1.603,350,357,,,
2026-09-27T16:18:38.345621,1,1567,FRAME,266.808,174.718,4.736,1.603,350,364,,,
2026-09-27T16:18:38.360665,1,1568,FRAME,271.544,176.321,4.736,1.603,350,357,,,
2026-09-27T16:18:38.378489,1,1569,FRAME,276.28,177.924,4.736,1.603,350,364,,,
2026-09-27T16:18:38.393919,1,1570,FRAME,281.016,179.527,4.736,1.603,350,357,,,
2026-09-27T16:18:38.411687,1,1571,FRAME,285.752,181.129,4.736,1.603,350,364,,,
2026-09-27T16:18:38.428876,1,1572,FRAME,290.488,182.732,4.736,1.603,350,357,,,
2026-09-27T16:18:38.443970,1,1573,FRAME,295.225,184.335,4.736,1.603,350,364,,,
2026-09-27T16:18:38.459869,1,1574,FRAME,299.961,185.938,4.736,1.603,350,357,,,
2026-09-27T16:18:38.476984,1,1575,FRAME,304.697,187.54,4.736,1.603,350,364,,,
2026-09-27T16:18:38.493058,1,1576,FRAME,309.433,189.143,4.736,1.603,350,357,,,
2026-09-27T16:18:38.509307,1,1577,FRAME,314.169,190.746,4.736,1.603,350,364,,,
2026-09-27T16:18:38.526176,1,1578,FRAME,318.905,192.349,4.736,1.603,350,357,,,
2026-09-27T16:18:38.543514,1,1579,FRAME,323.642,193.952,4.736,1.603,350,364,,,
2026-09-27T16:18:38.559547,1,1580,FRAME,328.378,195.554,4.736,1.603,350,357,,,
2026-09-27T16:18:38.575098,1,1581,FRAME,333.114,197.157,4.736,1.603,350,364,,,
2026-09-27T16:18:38.591211,1,1582,FRAME,337.85,198.76,4.736,1.603,350,357,,,
2026-09-27T16:18:38.608235,1,1583,FRAME,342.586,200.363,4.736,1.603,350,364,,,
2026-09-27T16:18:38.625253,1,1584,FRAME,347.322,201.965,4.736,1.603,350,357,,,
2026-09-27T16:18:38.641566,1,1585,FRAME,352.058,203.568,4.736,1.603,350,364,,,
2026-09-27T16:18:38.658184,1,1586,FRAME,356.795,205.171,4.736,1.603,350,357,,,
2026-09-27T16:18:38.675185,1,1587,FRAME,361.531,206.774,4.736,1.603,350,364,,,
2026-09-27T16:18:38.690497,1,1588,FRAME,366.267,208.376,4.736,1.603,350,357,,,
2026-09-27T16:18:38.708398,1,1589,FRAME,371.003,209.979,4.736,1.603,350,364,,,
2026-09-27T16:18:38.723043,1,1590,FRAME,375.739,211.582,4.736,1.603,350,357,,,
2026-09-27T16:18:38.738809,1,1591,FRAME,380.475,213.185,4.736,1.603,350,364,,,
2026-09-27T16:18:38.755161,1,1592,FRAME,385.212,214.787,4.736,1.603,350,357,,,
2026-09-27T16:18:38.771244,1,1593,FRAME,389.948,216.39,4.736,1.603,350,364,,,
2026-09-27T16:18:38.786722,1,1594,FRAME,394.684,217.993,4.736,1.603,350,357,,,
2026-09-27T16:18:38.803341,1,1595,FRAME,399.42,219.596,4.736,1.603,350,364,,,
2026-09-27T16:18:38.819922,1,1596,FRAME,404.156,221.198,4.736,1.603,350,357,,,
2026-09-27T16:18:38.837027,1,1597,FRAME,408.892,222.801,4.736,1.603,350,364,,,
2026-09-27T16:18:38.852505,1,1598,FRAME,413.628,224.404,4.736,1.603,350,357,,,
2026-09-27T16:18:38.869269,1,1599,FRAME,418.365,226.007,4.736,1.603,350,364,,,
2026-09-27T16:18:38.886146,1,1600,FRAME,423.101,227.61,4.736,1.603,350,357,,,
2026-09-27T16:18:38.902965,1,1601,FRAME,427.837,229.212,4.736,1.603,350,364,,,
2026-09-27T16:18:38.920056,1,1602,FRAME,432.573,230.815,4.736,1.603,350,357,,,
2026-09-27T16:18:38.937570,1,1603,FRAME,437.309,232.418,4.736,1.603,350,364,,,
2026-09-27T16:18:38.954355,1,1604,FRAME,442.045,234.021,4.736,1.603,350,357,,,
2026-09-27T16:18:38.969550,1,1605,FRAME,446.782,235.623,4.736,1.603,350,364,,,
2026-09-27T16:18:38.987188,1,1606,FRAME,451.518,237.226,4.736,1.603,350,357,,,
2026-09-27T16:18:39.004248,1,1607,FRAME,456.254,238.829,4.736,1.603,350,364,,,
2026-09-27T16:18:39.019994,1,1608,FRAME,460.99,240.432,4.736,1.603,350,357,,,
2026-09-27T16:18:39.036056,1,1609,FRAME,465.726,242.034,4.736,1.603,350,364,,,
2026-09-27T16:18:39.051930,1,1610,FRAME,470.462,243.637,4.736,1.603,350,357,,,
2026-09-27T16:18:39.069549,1,1611,FRAME,475.198,245.24,4.736,1.603,350,364,,,
2026-09-27T16:18:39.086801,1,1612,FRAME,479.935,246.843,4.736,1.603,350,357,,,
2026-09-27T16:18:39.100603,1,1613,FRAME,484.671,248.445,4.736,1.603,350,364,,,
2026-09-27T16:18:39.118391,1,1614,FRAME,489.407,250.048,4.736,1.603,350,357,,,
2026-09-27T16:18:39.134967,1,1615,FRAME,494.143,251.651,4.736,1.603,350,364,,,
2026-09-27T16:18:39.152679,1,1616,FRAME,498.879,253.254,4.736,1.603,350,357,,,
2026-09-27T16:18:39.169297,1,1617,FRAME,503.615,254.856,4.736,1.603,350,364,,,
2026-09-27T16:18:39.185510,1,1618,FRAME,508.352,256.459,4.736,1.603,350,357,,,
2026-09-27T16:18:39.203013,1,1619,FRAME,513.088,258.062,4.736,1.603,350,364,,,
2026-09-27T16:18:39.218061,1,1620,FRAME,517.824,259.665,4.736,1.603,350,357,,,
2026-09-27T16:18:39.233830,1,1621,FRAME,522.56,261.268,4.736,1.603,350,364,,,
2026-09-27T16:18:39.250634,1,1622,FRAME,527.296,262.87,4.736,1.603,350,357,,,
2026-09-27T16:18:39.266373,1,1623,FRAME,532.032,264.473,4.736,1.603,350,364,,,
2026-09-27T16:18:39.283423,1,1624,FRAME,536.768,266.076,4.736,1.603,350,357,,,
2026-09-27T16:18:39.298512,1,1625,FRAME,541.505,267.679,4.736,1.603,350,364,,,
2026-09-27T16:18:39.315067,1,1626,FRAME,546.241,269.281,4.736,1.603,350,357,,,
2026-09-27T16:18:39.330487,1,1627,FRAME,550.977,270.884,4.736,1.603,350,364,,,
2026-09-27T16:18:39.347210,1,1628,FRAME,555.713,272.487,4.736,1.603,350,357,,,
2026-09-27T16:18:39.363315,1,1629,FRAME,560.449,274.09,4.736,1.603,350,364,,,
2026-09-27T16:18:39.379229,1,1630,FRAME,565.185,275.692,4.736,1.603,350,357,,,
2026-09-27T16:18:39.396856,1,1631,FRAME,569.922,277.295,4.736,1.603,350,364,,,
2026-09-27T16:18:39.415424,1,1632,FRAME,574.658,278.898,4.736,1.603,350,357,,,
2026-09-27T16:18:39.429190,1,1633,FRAME,579.394,280.501,4.736,1.603,350,364,,,
2026-09-27T16:18:39.446255,1,1634,FRAME,584.13,282.103,4.736,1.603,350,357,,,
2026-09-27T16:18:39.463025,1,1635,FRAME,588.866,283.706,4.736,1.603,350,364,,,
2026-09-27T16:18:39.479758,1,1636,FRAME,593.602,285.309,4.736,1.603,350,357,,,
2026-09-27T16:18:39.497481,1,1637,FRAME,598.338,286.912,4.736,1.603,350,364,,,
2026-09-27T16:18:39.513067,1,1638,FRAME,603.075,288.514,4.736,1.603,350,357,,,
2026-09-27T16:18:39.530625,1,1639,FRAME,607.811,290.117,4.736,1.603,350,364,,,
2026-09-27T16:18:39.544664,1,1640,FRAME,612.547,291.72,4.736,1.603,350,357,,,
2026-09-27T16:18:39.561731,1,1641,FRAME,617.283,293.323,4.736,1.603,350,364,,,
2026-09-27T16:18:39.579088,1,1642,FRAME,622.019,294.926,4.736,1.603,350,357,,,
2026-09-27T16:18:39.594674,1,1643,FRAME,626.755,296.528,4.736,1.603,350,364,,,
2026-09-27T16:18:39.612296,1,1644,FRAME,631.492,298.131,4.736,1.603,350,357,,,
2026-09-27T16:18:39.629735,1,1645,FRAME,636.228,299.734,4.736,1.603,350,364,,,
2026-09-27T16:18:39.646276,1,1646,FRAME,640.964,301.337,4.736,1.603,350,357,,,
2026-09-27T16:18:39.662141,1,1647,FRAME,645.7,302.939,4.736,1.603,350,364,,,
2026-09-27T16:18:39.678227,1,1648,FRAME,650.436,304.542,4.736,1.603,350,357,,,
2026-09-27T16:18:39.694356,1,1649,FRAME,655.172,306.145,4.736,1.603,350,364,,,
2026-09-27T16:18:39.710579,1,1650,FRAME,659.908,307.748,4.736,1.603,350,357,,,
2026-09-27T16:18:39.727176,1,1651,FRAME,664.645,309.35,4.736,1.603,350,364,,,
2026-09-27T16:18:39.744334,1,1652,FRAME,669.381,310.953,4.736,1.603,350,357,,,
2026-09-27T16:18:39.759490,1,1653,FRAME,674.117,312.556,4.736,1.603,350,364,,,
2026-09-27T16:18:39.775068,1,1654,FRAME,678.853,314.159,4.736,1.603,350,357,,,
2026-09-27T16:18:39.791628,1,1655,FRAME,683.589,315.761,4.736,1.603,350,364,,,
2026-09-27T16:18:39.807648,1,1656,FRAME,688.325,317.364,4.736,1.603,350,357,,,
2026-09-27T16:18:39.825330,1,1657,FRAME,693.062,318.967,4.736,1.603,350,364,,,
2026-09-27T16:18:39.841426,1,1658,FRAME,697.798,320.57,4.736,1.603,350,357,,,
2026-09-27T16:18:39.858543,1,1659,FRAME,702.534,322.172,4.736,1.603,350,364,,,
2026-09-27T16:18:39.876300,1,1660,FRAME,707.27,323.775,4.736,1.603,350,357,,,
2026-09-27T16:18:39.892335,1,1661,FRAME,712.006,325.378,4.736,1.603,350,364,,,
2026-09-27T16:18:39.909412,1,1662,FRAME,716.742,326.981,4.736,1.603,350,357,,,
2026-09-27T16:18:39.926448,1,1663,FRAME,721.478,328.584,4.736,1.603,350,364,,,
2026-09-27T16:18:39.944258,1,1664,FRAME,726.215,330.186,4.736,1.603,350,357,,,
2026-09-27T16:18:39.959322,1,1665,FRAME,730.951,331.789,4.736,1.603,350,364,,,
2026-09-27T16:18:39.977572,1,1666,FRAME,735.687,333.392,4.736,1.603,350,357,,,
2026-09-27T16:18:39.994264,1,1667,FRAME,740.423,334.995,4.736,1.603,350,364,,,
2026-09-27T16:18:40.011231,1,1668,FRAME,745.159,336.597,4.736,1.603,350,357,,,
2026-09-27T16:18:40.027319,1,1669,FRAME,749.895,338.2,4.736,1.603,350,364,,,
2026-09-27T16:18:40.043346,1,1670,FRAME,754.632,339.803,4.736,1.603,350,357,,,
2026-09-27T16:18:40.060981,1,1671,FRAME,759.368,341.406,4.736,1.603,350,364,,,
2026-09-27T16:18:40.077164,1,1672,FRAME,764.104,343.008,4.736,1.603,350,357,,,
2026-09-27T16:18:40.092450,1,1673,FRAME,768.84,344.611,4.736,1.603,350,364,,,
2026-09-27T16:18:40.109125,1,1674,FRAME,773.576,346.214,4.736,1.603,350,357,,,
2026-09-27T16:18:40.125715,1,1675,FRAME,778.312,347.817,4.736,1.603,350,364,,,
2026-09-27T16:18:40.141775,1,1676,FRAME,783.048,349.419,4.736,1.603,350,357,,,
2026-09-27T16:18:40.158145,1,1677,FRAME,787.785,351.022,4.736,1.603,350,364,,,
2026-09-27T16:18:40.173193,1,1678,FRAME,792.521,352.625,4.736,1.603,350,357,,,
2026-09-27T16:18:40.190668,1,1679,FRAME,797.257,354.228,4.736,1.603,350,364,,,
2026-09-27T16:18:40.206756,1,1680,FRAME,801.993,355.83,4.736,1.603,350,357,,,
2026-09-27T16:18:40.223586,1,1681,FRAME,806.729,357.433,4.736,1.603,350,364,,,
2026-09-27T16:18:40.240193,1,1682,FRAME,811.465,359.036,4.736,1.603,350,357,,,
2026-09-27T16:18:40.256928,1,1683,FRAME,816.202,360.639,4.736,1.603,350,364,,,
2026-09-27T16:18:40.275014,1,1684,FRAME,820.938,362.242,4.736,1.603,350,357,,,
2026-09-27T16:18:40.290161,1,1685,FRAME,825.674,363.844,4.736,1.603,350,364,,,
2026-09-27T16:18:40.308295,1,1686,FRAME,830.41,365.447,4.736,1.603,350,357,,,
2026-09-27T16:18:40.324222,1,1687,FRAME,835.146,367.05,4.736,1.603,350,364,,,
2026-09-27T16:18:40.341660,1,1688,FRAME,839.882,368.653,4.736,1.603,350,357,,,
2026-09-27T16:18:40.357568,1,1689,FRAME,844.618,370.255,4.736,1.603,350,364,,,
2026-09-27T16:18:40.374756,1,1690,FRAME,849.355,371.858,4.736,1.603,350,357,,,
2026-09-27T16:18:40.392558,1,1691,FRAME,854.091,373.461,4.736,1.603,350,364,,,
2026-09-27T16:18:40.407406,1,1692,FRAME,858.827,375.064,4.736,1.603,350,357,,,
2026-09-27T16:18:40.424436,1,1693,FRAME,863.563,376.666,4.736,1.603,350,364,,,
2026-09-27T16:18:40.441152,1,1694,FRAME,868.299,378.269,4.736,1.603,350,357,,,
2026-09-27T16:18:40.457019,1,1695,FRAME,873.035,379.872,4.736,1.603,350,364,,,
2026-09-27T16:18:40.475190,1,1696,FRAME,877.772,381.475,4.736,1.603,350,357,,,
2026-09-27T16:18:40.490381,1,1697,FRAME,882.508,383.077,4.736,1.603,350,364,,,
2026-09-27T16:18:40.507187,1,1698,FRAME,887.244,384.68,4.736,1.603,350,357,,,
2026-09-27T16:18:40.523041,1,1699,FRAME,891.98,386.283,4.736,1.603,350,364,,,
2026-09-27T16:18:40.538872,1,1700,FRAME,896.716,387.886,4.736,1.603,350,357,,,
2026-09-27T16:18:40.555163,1,1701,FRAME,901.452,389.488,4.736,1.603,350,364,,,
2026-09-27T16:18:40.571136,1,1702,FRAME,906.188,391.091,4.736,1.603,350,357,,,
2026-09-27T16:18:40.590594,1,1703,FRAME,910.925,392.694,4.736,1.603,350,364,,,
2026-09-27T16:18:40.604686,1,1704,FRAME,915.661,394.297,4.736,1.603,350,357,,,
2026-09-27T16:18:40.624325,1,1705,FRAME,920.397,395.9,4.736,1.603,350,364,,,
2026-09-27T16:18:40.640415,1,1706,FRAME,925.133,397.502,4.736,1.603,350,357,,,
2026-09-27T16:18:40.655101,1,1707,FRAME,929.869,399.105,4.736,1.603,350,364,,,
2026-09-27T16:18:40.671398,1,1708,FRAME,934.605,400.708,4.736,1.603,350,357,,,
2026-09-27T16:18:40.688476,1,1709,FRAME,939.342,402.311,4.736,1.603,350,364,,,
2026-09-27T16:18:40.704549,1,1710,FRAME,944.078,403.913,4.736,1.603,350,357,,,
2026-09-27T16:18:40.721334,1,1711,FRAME,948.814,405.516,4.736,1.603,350,357,,,
2026-09-27T16:18:40.738314,1,1712,FRAME,953.55,407.119,4.736,1.603,350,357,,,
2026-09-27T16:18:40.750990,1,1713,RIGHT_HIT,958,408.722,-4.935,0.805,350,357,0.154,9.266,
2026-09-27T16:18:40.757512,1,1714,FRAME,958,408.722,-4.935,0.805,350,357,,,
2026-09-27T16:18:40.773163,1,1715,FRAME,953.065,409.527,-4.935,0.805,350,350,,,
2026-09-27T16:18:40.788469,1,1716,FRAME,948.13,410.332,-4.935,0.805,350,343,,,
2026-09-27T16:18:40.805081,1,1717,FRAME,943.196,411.137,-4.935,0.805,350,336,,,
2026-09-27T16:18:40.820889,1,1718,FRAME,938.261,411.942,-4.935,0.805,350,329,,,
2026-09-27T16:18:40.838454,1,1719,FRAME,933.326,412.747,-4.935,0.805,350,322,,,
2026-09-27T16:18:40.855170,1,1720,FRAME,928.391,413.552,-4.935,0.805,350,315,,,
2026-09-27T16:18:40.871454,1,1721,FRAME,923.457,414.357,-4.935,0.805,350,308,,,
2026-09-27T16:18:40.889575,1,1722,FRAME,918.522,415.162,-4.935,0.805,350,301,,,
2026-09-27T16:18:40.906873,1,1723,FRAME,913.587,415.967,-4.935,0.805,350,294,,,
2026-09-27T16:18:40.924173,1,1724,FRAME,908.652,416.772,-4.935,0.805,350,287,,,
2026-09-27T16:18:40.940025,1,1725,FRAME,903.718,417.578,-4.935,0.805,350,280,,,
2026-09-27T16:18:40.958351,1,1726,FRAME,898.783,418.383,-4.935,0.805,350,273,,,
2026-09-27T16:18:40.974064,1,1727,FRAME,893.848,419.188,-4.935,0.805,350,266,,,
2026-09-27T16:18:40.991311,1,1728,FRAME,888.913,419.993,-4.935,0.805,350,259,,,
2026-09-27T16:18:41.007037,1,1729,FRAME,883.979,420.798,-4.935,0.805,350,252,,,
2026-09-27T16:18:41.022761,1,1730,FRAME,879.044,421.603,-4.935,0.805,350,245,,,
2026-09-27T16:18:41.038875,1,1731,FRAME,874.109,422.408,-4.935,0.805,350,238,,,
2026-09-27T16:18:41.056767,1,1732,FRAME,869.174,423.213,-4.935,0.805,350,231,,,
2026-09-27T16:18:41.076387,1,1733,FRAME,864.24,424.018,-4.935,0.805,350,224,,,
2026-09-27T16:18:41.088414,1,1734,FRAME,859.305,424.823,-4.935,0.805,350,217,,,
2026-09-27T16:18:41.105171,1,1735,FRAME,854.37,425.628,-4.935,0.805,350,210,,,
2026-09-27T16:18:41.123216,1,1736,FRAME,849.435,426.433,-4.935,0.805,350,203,,,
2026-09-27T16:18:41.139131,1,1737,FRAME,844.501,427.239,-4.935,0.805,350,196,,,
2026-09-27T16:18:41.158712,1,1738,FRAME,839.566,428.044,-4.935,0.805,350,203,,,
2026-09-27T16:18:41.172712,1,1739,FRAME,834.631,428.849,-4.935,0.805,350,196,,,
2026-09-27T16:18:41.189831,1,1740,FRAME,829.696,429.654,-4.935,0.805,350,203,,,
2026-09-27T16:18:41.208390,1,1741,FRAME,824.762,430.459,-4.935,0.805,350,196,,,
2026-09-27T16:18:41.224147,1,1742,FRAME,819.827,431.264,-4.935,0.805,350,203,,,
2026-09-27T16:18:41.242455,1,1743,FRAME,814.892,432.069,-4.935,0.805,350,196,,,
2026-09-27T16:18:41.258877,1,1744,FRAME,809.957,432.874,-4.935,0.805,350,203,,,
2026-09-27T16:18:41.276919,1,1745,FRAME,805.022,433.679,-4.935,0.805,350,196,,,
2026-09-27T16:18:41.292526,1,1746,FRAME,800.088,434.484,-4.935,0.805,350,203,,,
2026-09-27T16:18:41.306797,1,1747,FRAME,795.153,435.289,-4.935,0.805,350,196,,,
2026-09-27T16:18:41.325077,1,1748,FRAME,790.218,436.094,-4.935,0.805,350,203,,,
2026-09-27T16:18:41.341729,1,1749,FRAME,785.283,436.9,-4.935,0.805,350,196,,,
2026-09-27T16:18:41.356190,1,1750,FRAME,780.349,437.705,-4.935,0.805,350,203,,,
2026-09-27T16:18:41.375708,1,1751,FRAME,775.414,438.51,-4.935,0.805,350,196,,,
2026-09-27T16:18:41.390957,1,1752,FRAME,770.479,439.315,-4.935,0.805,350,203,,,
2026-09-27T16:18:41.409247,1,1753,FRAME,765.544,440.12,-4.935,0.805,350,196,,,
2026-09-27T16:18:41.426066,1,1754,FRAME,760.61,440.925,-4.935,0.805,350,203,,,
2026-09-27T16:18:41.439606,1,1755,FRAME,755.675,441.73,-4.935,0.805,350,196,,,
2026-09-27T16:18:41.457634,1,1756,FRAME,750.74,442.535,-4.935,0.805,350,203,,,
2026-09-27T16:18:41.472458,1,1757,FRAME,745.805,443.34,-4.935,0.805,350,196,,,
2026-09-27T16:18:41.491288,1,1758,FRAME,740.871,444.145,-4.935,0.805,350,203,,,
2026-09-27T16:18:41.506927,1,1759,FRAME,735.936,444.95,-4.935,0.805,350,196,,,
2026-09-27T16:18:41.524020,1,1760,FRAME,731.001,445.756,-4.935,0.805,350,203,,,
2026-09-27T16:18:41.540741,1,1761,FRAME,726.066,446.561,-4.935,0.805,350,196,,,
2026-09-27T16:18:41.555038,1,1762,FRAME,721.132,447.366,-4.935,0.805,350,203,,,
2026-09-27T16:18:41.570999,1,1763,FRAME,716.197,448.171,-4.935,0.805,350,196,,,
2026-09-27T16:18:41.589676,1,1764,FRAME,711.262,448.976,-4.935,0.805,350,203,,,
2026-09-27T16:18:41.605248,1,1765,FRAME,706.327,449.781,-4.935,0.805,350,196,,,
2026-09-27T16:18:41.622090,1,1766,FRAME,701.393,450.586,-4.935,0.805,350,203,,,
2026-09-27T16:18:41.639575,1,1767,FRAME,696.458,451.391,-4.935,0.805,350,196,,,
2026-09-27T16:18:41.655138,1,1768,FRAME,691.523,452.196,-4.935,0.805,350,203,,,
2026-09-27T16:18:41.672271,1,1769,FRAME,686.588,453.001,-4.935,0.805,350,196,,,
2026-09-27T16:18:41.687297,1,1770,FRAME,681.654,453.806,-4.935,0.805,350,203,,,
2026-09-27T16:18:41.704958,1,1771,FRAME,676.719,454.611,-4.935,0.805,350,196,,,
2026-09-27T16:18:41.720486,1,1772,FRAME,671.784,455.417,-4.935,0.805,350,203,,,
2026-09-27T16:18:41.737966,1,1773,FRAME,666.849,456.222,-4.935,0.805,350,196,,,
2026-09-27T16:18:41.756437,1,1774,FRAME,661.915,457.027,-4.935,0.805,350,203,,,
2026-09-27T16:18:41.771376,1,1775,FRAME,656.98,457.832,-4.935,0.805,350,196,,,
2026-09-27T16:18:41.788482,1,1776,FRAME,652.045,458.637,-4.935,0.805,350,203,,,
2026-09-27T16:18:41.803341,1,1777,FRAME,647.11,459.442,-4.935,0.805,350,196,,,
2026-09-27T16:18:41.821031,1,1778,FRAME,642.175,460.247,-4.935,0.805,350,203,,,
2026-09-27T16:18:41.836078,1,1779,FRAME,637.241,461.052,-4.935,0.805,350,196,,,
2026-09-27T16:18:41.852647,1,1780,FRAME,632.306,461.857,-4.935,0.805,350,203,,,
2026-09-27T16:18:41.870423,1,1781,FRAME,627.371,462.662,-4.935,0.805,350,196,,,
2026-09-27T16:18:41.886114,1,1782,FRAME,622.436,463.467,-4.935,0.805,350,203,,,
2026-09-27T16:18:41.904225,1,1783,FRAME,617.502,464.272,-4.935,0.805,350,196,,,
2026-09-27T16:18:41.920272,1,1784,FRAME,612.567,465.078,-4.935,0.805,350,203,,,
2026-09-27T16:18:41.937549,1,1785,FRAME,607.632,465.883,-4.935,0.805,350,196,,,
2026-09-27T16:18:41.952542,1,1786,FRAME,602.697,466.688,-4.935,0.805,350,203,,,
2026-09-27T16:18:41.968254,1,1787,FRAME,597.763,467.493,-4.935,0.805,350,196,,,
2026-09-27T16:18:41.988267,1,1788,FRAME,592.828,468.298,-4.935,0.805,350,203,,,
2026-09-27T16:18:42.004022,1,1789,FRAME,587.893,469.103,-4.935,0.805,350,196,,,
2026-09-27T16:18:42.019948,1,1790,FRAME,582.958,469.908,-4.935,0.805,350,203,,,
2026-09-27T16:18:42.037004,1,1791,FRAME,578.024,470.713,-4.935,0.805,350,196,,,
2026-09-27T16:18:42.052534,1,1792,FRAME,573.089,471.518,-4.935,0.805,350,203,,,
2026-09-27T16:18:42.069359,1,1793,FRAME,568.154,472.323,-4.935,0.805,350,196,,,
2026-09-27T16:18:42.084420,1,1794,FRAME,563.219,473.128,-4.935,0.805,350,203,,,
2026-09-27T16:18:42.102089,1,1795,FRAME,558.285,473.933,-4.935,0.805,350,196,,,
2026-09-27T16:18:42.119306,1,1796,FRAME,553.35,474.739,-4.935,0.805,350,203,,,
2026-09-27T16:18:42.134181,1,1797,FRAME,548.415,475.544,-4.935,0.805,350,196,,,
2026-09-27T16:18:42.150398,1,1798,FRAME,543.48,476.349,-4.935,0.805,350,203,,,
2026-09-27T16:18:42.166934,1,1799,FRAME,538.546,477.154,-4.935,0.805,350,196,,,
2026-09-27T16:18:42.184492,1,1800,FRAME,533.611,477.959,-4.935,0.805,350,203,,,
2026-09-27T16:18:42.201686,1,1801,FRAME,528.676,478.764,-4.935,0.805,350,196,,,
2026-09-27T16:18:42.217257,1,1802,FRAME,523.741,479.569,-4.935,0.805,350,203,,,
2026-09-27T16:18:42.235117,1,1803,FRAME,518.807,480.374,-4.935,0.805,350,196,,,
2026-09-27T16:18:42.250285,1,1804,FRAME,513.872,481.179,-4.935,0.805,350,203,,,
2026-09-27T16:18:42.268613,1,1805,FRAME,508.937,481.984,-4.935,0.805,350,196,,,
2026-09-27T16:18:42.284139,1,1806,FRAME,504.002,482.789,-4.935,0.805,350,203,,,
2026-09-27T16:18:42.300707,1,1807,FRAME,499.067,483.595,-4.935,0.805,350,196,,,
2026-09-27T16:18:42.318795,1,1808,FRAME,494.133,484.4,-4.935,0.805,350,203,,,
2026-09-27T16:18:42.333847,1,1809,FRAME,489.198,485.205,-4.935,0.805,350,196,,,
2026-09-27T16:18:42.349533,1,1810,FRAME,484.263,486.01,-4.935,0.805,350,203,,,
2026-09-27T16:18:42.368905,1,1811,FRAME,479.328,486.815,-4.935,0.805,350,196,,,
2026-09-27T16:18:42.383620,1,1812,FRAME,474.394,487.62,-4.935,0.805,350,203,,,
2026-09-27T16:18:42.397012,1,1813,WALL_BOUNCE,469.459,488,-4.935,-0.805,350,196,,,
2026-09-27T16:18:42.405551,1,1814,FRAME,469.459,488,-4.935,-0.805,350,196,,,
2026-09-27T16:18:42.418305,1,1815,FRAME,464.524,487.195,-4.935,-0.805,350,203,,,
2026-09-27T16:18:42.435257,1,1816,FRAME,459.589,486.39,-4.935,-0.805,350,196,,,
2026-09-27T16:18:42.450812,1,1817,FRAME,454.655,485.585,-4.935,-0.805,350,203,,,
2026-09-27T16:18:42.467213,1,1818,FRAME,449.72,484.78,-4.935,-0.805,350,196,,,
2026-09-27T16:18:42.487453,1,1819,FRAME,444.785,483.975,-4.935,-0.805,350,203,,,
2026-09-27T16:18:42.499520,1,1820,FRAME,439.85,483.169,-4.935,-0.805,350,196,,,
2026-09-27T16:18:42.517183,1,1821,FRAME,434.916,482.364,-4.935,-0.805,350,203,,,
2026-09-27T16:18:42.533554,1,1822,FRAME,429.981,481.559,-4.935,-0.805,350,196,,,
2026-09-27T16:18:42.548301,1,1823,FRAME,425.046,480.754,-4.935,-0.805,350,203,,,
2026-09-27T16:18:42.566337,1,1824,FRAME,420.111,479.949,-4.935,-0.805,350,196,,,
2026-09-27T16:18:42.581056,1,1825,FRAME,415.177,479.144,-4.935,-0.805,350,203,,,
2026-09-27T16:18:42.597327,1,1826,FRAME,410.242,478.339,-4.935,-0.805,350,196,,,
2026-09-27T16:18:42.618604,1,1827,FRAME,405.307,477.534,-4.935,-0.805,350,203,,,
2026-09-27T16:18:42.632663,1,1828,FRAME,400.372,476.729,-4.935,-0.805,350,196,,,
2026-09-27T16:18:42.648220,1,1829,FRAME,395.438,475.924,-4.935,-0.805,350,203,,,
2026-09-27T16:18:42.668236,1,1830,FRAME,390.503,475.119,-4.935,-0.805,350,196,,,
2026-09-27T16:18:42.681968,1,1831,FRAME,385.568,474.314,-4.935,-0.805,350,203,,,
2026-09-27T16:18:42.697120,1,1832,FRAME,380.633,473.508,-4.935,-0.805,350,196,,,
2026-09-27T16:18:42.716099,1,1833,FRAME,375.699,472.703,-4.935,-0.805,350,203,,,
2026-09-27T16:18:42.734187,1,1834,FRAME,370.764,471.898,-4.935,-0.805,350,196,,,
2026-09-27T16:18:42.746328,1,1835,FRAME,365.829,471.093,-4.935,-0.805,350,203,,,
2026-09-27T16:18:42.766022,1,1836,FRAME,360.894,470.288,-4.935,-0.805,350,196,,,
2026-09-27T16:18:42.781057,1,1837,FRAME,355.96,469.483,-4.935,-0.805,350,203,,,
2026-09-27T16:18:42.795661,1,1838,FRAME,351.025,468.678,-4.935,-0.805,350,196,,,
2026-09-27T16:18:42.812785,1,1839,FRAME,346.09,467.873,-4.935,-0.805,350,203,,,
2026-09-27T16:18:42.829425,1,1840,FRAME,341.155,467.068,-4.935,-0.805,350,196,,,
2026-09-27T16:18:42.845045,1,1841,FRAME,336.22,466.263,-4.935,-0.805,350,203,,,
2026-09-27T16:18:42.862626,1,1842,FRAME,331.286,465.458,-4.935,-0.805,350,196,,,
2026-09-27T16:18:42.879175,1,1843,FRAME,326.351,464.653,-4.935,-0.805,350,203,,,
2026-09-27T16:18:42.900321,1,1844,FRAME,321.416,463.847,-4.935,-0.805,350,196,,,
2026-09-27T16:18:42.910961,1,1845,FRAME,316.481,463.042,-4.935,-0.805,350,203,,,
2026-09-27T16:18:42.932640,1,1846,FRAME,311.547,462.237,-4.935,-0.805,350,196,,,
2026-09-27T16:18:42.945017,1,1847,FRAME,306.612,461.432,-4.935,-0.805,350,203,,,
2026-09-27T16:18:42.961618,1,1848,FRAME,301.677,460.627,-4.935,-0.805,350,196,,,
2026-09-27T16:18:42.976117,1,1849,FRAME,296.742,459.822,-4.935,-0.805,350,203,,,
2026-09-27T16:18:42.994128,1,1850,FRAME,291.808,459.017,-4.935,-0.805,350,196,,,
2026-09-27T16:18:43.010157,1,1851,FRAME,286.873,458.212,-4.935,-0.805,350,203,,,
2026-09-27T16:18:43.027318,1,1852,FRAME,281.938,457.407,-4.935,-0.805,350,196,,,
2026-09-27T16:18:43.048273,1,1853,FRAME,277.003,456.602,-4.935,-0.805,357,203,,,
2026-09-27T16:18:43.062345,1,1854,FRAME,272.069,455.797,-4.935,-0.805,364,196,,,
2026-09-27T16:18:43.080797,1,1855,FRAME,267.134,454.992,-4.935,-0.805,371,203,,,
2026-09-27T16:18:43.097203,1,1856,FRAME,262.199,454.186,-4.935,-0.805,378,196,,,
2026-09-27T16:18:43.109672,1,1857,FRAME,257.264,453.381,-4.935,-0.805,385,203,,,
2026-09-27T16:18:43.131626,1,1858,FRAME,252.33,452.576,-4.935,-0.805,392,196,,,
2026-09-27T16:18:43.142154,1,1859,FRAME,247.395,451.771,-4.935,-0.805,399,203,,,
2026-09-27T16:18:43.159643,1,1860,FRAME,242.46,450.966,-4.935,-0.805,400,196,,,
2026-09-27T16:18:43.174332,1,1861,FRAME,237.525,450.161,-4.935,-0.805,400,203,,,
2026-09-27T16:18:43.193945,1,1862,FRAME,232.591,449.356,-4.935,-0.805,400,196,,,
2026-09-27T16:18:43.211415,1,1863,FRAME,227.656,448.551,-4.935,-0.805,400,203,,,
2026-09-27T16:18:43.224947,1,1864,FRAME,222.721,447.746,-4.935,-0.805,400,196,,,
2026-09-27T16:18:43.247263,1,1865,FRAME,217.786,446.941,-4.935,-0.805,400,203,,,
2026-09-27T16:18:43.258208,1,1866,FRAME,212.852,446.136,-4.935,-0.805,400,196,,,
2026-09-27T16:18:43.276264,1,1867,FRAME,207.917,445.33,-4.935,-0.805,400,203,,,
2026-09-27T16:18:43.292847,1,1868,FRAME,202.982,444.525,-4.935,-0.805,400,196,,,
2026-09-27T16:18:43.307005,1,1869,FRAME,198.047,443.72,-4.935,-0.805,400,203,,,
2026-09-27T16:18:43.331294,1,1870,FRAME,193.112,442.915,-4.935,-0.805,400,196,,,
2026-09-27T16:18:43.341926,1,1871,FRAME,188.178,442.11,-4.935,-0.805,400,203,,,
2026-09-27T16:18:43.359355,1,1872,FRAME,183.243,441.305,-4.935,-0.805,400,196,,,
2026-09-27T16:18:43.381313,1,1873,FRAME,178.308,440.5,-4.935,-0.805,400,203,,,
2026-09-27T16:18:43.395078,1,1874,FRAME,173.373,439.695,-4.935,-0.805,400,196,,,
2026-09-27T16:18:43.411940,1,1875,FRAME,168.439,438.89,-4.935,-0.805,400,203,,,
2026-09-27T16:18:43.424403,1,1876,FRAME,163.504,438.085,-4.935,-0.805,400,196,,,
2026-09-27T16:18:43.448618,1,1877,FRAME,158.569,437.28,-4.935,-0.805,400,203,,,
2026-09-27T16:18:43.463703,1,1878,FRAME,153.634,436.475,-4.935,-0.805,400,196,,,
2026-09-27T16:18:43.478260,1,1879,FRAME,148.7,435.669,-4.935,-0.805,393,203,,,
2026-09-27T16:18:43.494341,1,1880,FRAME,143.765,434.864,-4.935,-0.805,386,196,,,
2026-09-27T16:18:43.509539,1,1881,FRAME,138.83,434.059,-4.935,-0.805,379,203,,,
2026-09-27T16:18:43.527589,1,1882,FRAME,133.895,433.254,-4.935,-0.805,372,196,,,
2026-09-27T16:18:43.546017,1,1883,FRAME,128.961,432.449,-4.935,-0.805,365,203,,,
2026-09-27T16:18:43.558619,1,1884,FRAME,124.026,431.644,-4.935,-0.805,358,196,,,
2026-09-27T16:18:43.577324,1,1885,FRAME,119.091,430.839,-4.935,-0.805,351,203,,,
2026-09-27T16:18:43.590958,1,1886,FRAME,114.156,430.034,-4.935,-0.805,344,196,,,
2026-09-27T16:18:43.610107,1,1887,FRAME,109.222,429.229,-4.935,-0.805,337,203,,,
2026-09-27T16:18:43.625140,1,1888,FRAME,104.287,428.424,-4.935,-0.805,330,196,,,
2026-09-27T16:18:43.641681,1,1889,FRAME,99.352,427.619,-4.935,-0.805,323,203,,,
2026-09-27T16:18:43.664219,1,1890,FRAME,94.417,426.814,-4.935,-0.805,316,196,,,
2026-09-27T16:18:43.675219,1,1891,FRAME,89.483,426.008,-4.935,-0.805,309,203,,,
2026-09-27T16:18:43.690847,1,1892,FRAME,84.548,425.203,-4.935,-0.805,302,196,,,
2026-09-27T16:18:43.708786,1,1893,FRAME,79.613,424.398,-4.935,-0.805,295,203,,,
2026-09-27T16:18:43.724315,1,1894,FRAME,74.678,423.593,-4.935,-0.805,288,196,,,
2026-09-27T16:18:43.744371,1,1895,FRAME,69.744,422.788,-4.935,-0.805,288,203,,,
2026-09-27T16:18:43.758541,1,1896,FRAME,64.809,421.983,-4.935,-0.805,288,196,,,
2026-09-27T16:18:43.775103,1,1897,FRAME,59.874,421.178,-4.935,-0.805,288,203,,,
2026-09-27T16:18:43.791688,1,1898,FRAME,54.939,420.373,-4.935,-0.805,288,196,,,
2026-09-27T16:18:43.811942,1,1899,FRAME,50.004,419.568,-4.935,-0.805,295,203,,,
2026-09-27T16:18:43.829438,1,1900,FRAME,45.07,418.763,-4.935,-0.805,302,196,,,
2026-09-27T16:18:43.841026,1,1901,FRAME,40.135,417.958,-4.935,-0.805,309,203,,,
2026-09-27T16:18:43.861103,1,1902,FRAME,35.2,417.153,-4.935,-0.805,316,196,,,
2026-09-27T16:18:43.876211,1,1903,FRAME,30.265,416.347,-4.935,-0.805,323,203,,,
2026-09-27T16:18:43.889249,1,1904,LEFT_HIT,30,415.542,3.224,3.822,330,196,0.831,49.851,
2026-09-27T16:18:43.892768,1,1905,FRAME,30,415.542,3.224,3.822,330,196,,,
2026-09-27T16:18:43.910667,1,1906,FRAME,33.224,419.364,3.224,3.822,337,203,,,
2026-09-27T16:18:43.926276,1,1907,FRAME,36.448,423.186,3.224,3.822,344,210,,,
2026-09-27T16:18:43.944190,1,1908,FRAME,39.672,427.008,3.224,3.822,351,217,,,
2026-09-27T16:18:43.959728,1,1909,FRAME,42.896,430.83,3.224,3.822,358,224,,,
2026-09-27T16:18:43.976764,1,1910,FRAME,46.119,434.652,3.224,3.822,365,231,,,
2026-09-27T16:18:43.992220,1,1911,FRAME,49.343,438.473,3.224,3.822,372,238,,,
2026-09-27T16:18:44.009519,1,1912,FRAME,52.567,442.295,3.224,3.822,379,245,,,
2026-09-27T16:18:44.026254,1,1913,FRAME,55.791,446.117,3.224,3.822,386,252,,,
2026-09-27T16:18:44.042332,1,1914,FRAME,59.015,449.939,3.224,3.822,393,259,,,
2026-09-27T16:18:44.058400,1,1915,FRAME,62.239,453.761,3.224,3.822,400,266,,,
2026-09-27T16:18:44.074019,1,1916,FRAME,65.463,457.583,3.224,3.822,400,273,,,
2026-09-27T16:18:44.091047,1,1917,FRAME,68.687,461.404,3.224,3.822,400,280,,,
2026-09-27T16:18:44.107804,1,1918,FRAME,71.911,465.226,3.224,3.822,400,287,,,
2026-09-27T16:18:44.124334,1,1919,FRAME,75.135,469.048,3.224,3.822,400,294,,,
2026-09-27T16:18:44.142343,1,1920,FRAME,78.358,472.87,3.224,3.822,400,301,,,
2026-09-27T16:18:44.158396,1,1921,FRAME,81.582,476.692,3.224,3.822,400,308,,,
2026-09-27T16:18:44.174490,1,1922,FRAME,84.806,480.514,3.224,3.822,400,315,,,
2026-09-27T16:18:44.192395,1,1923,FRAME,88.03,484.336,3.224,3.822,400,322,,,
2026-09-27T16:18:44.204469,1,1924,WALL_BOUNCE,91.254,488,3.224,-3.822,400,329,,,
2026-09-27T16:18:44.207473,1,1925,FRAME,91.254,488,3.224,-3.822,400,329,,,
2026-09-27T16:18:44.225189,1,1926,FRAME,94.478,484.178,3.224,-3.822,400,336,,,
2026-09-27T16:18:44.240722,1,1927,FRAME,97.702,480.356,3.224,-3.822,400,343,,,
2026-09-27T16:18:44.256277,1,1928,FRAME,100.926,476.534,3.224,-3.822,400,350,,,
2026-09-27T16:18:44.272833,1,1929,FRAME,104.15,472.713,3.224,-3.822,400,357,,,
2026-09-27T16:18:44.289986,1,1930,FRAME,107.374,468.891,3.224,-3.822,400,364,,,
2026-09-27T16:18:44.308883,1,1931,FRAME,110.597,465.069,3.224,-3.822,393,371,,,
2026-09-27T16:18:44.322899,1,1932,FRAME,113.821,461.247,3.224,-3.822,386,378,,,
2026-09-27T16:18:44.339468,1,1933,FRAME,117.045,457.425,3.224,-3.822,379,385,,,
2026-09-27T16:18:44.359539,1,1934,FRAME,120.269,453.603,3.224,-3.822,372,392,,,
2026-09-27T16:18:44.373063,1,1935,FRAME,123.493,449.782,3.224,-3.822,365,399,,,
2026-09-27T16:18:44.389648,1,1936,FRAME,126.717,445.96,3.224,-3.822,358,400,,,
2026-09-27T16:18:44.404778,1,1937,FRAME,129.941,442.138,3.224,-3.822,351,400,,,
2026-09-27T16:18:44.423584,1,1938,FRAME,133.165,438.316,3.224,-3.822,344,400,,,
2026-09-27T16:18:44.439119,1,1939,FRAME,136.389,434.494,3.224,-3.822,337,400,,,
2026-09-27T16:18:44.453615,1,1940,FRAME,139.613,430.672,3.224,-3.822,330,400,,,
2026-09-27T16:18:44.475299,1,1941,FRAME,142.836,426.851,3.224,-3.822,323,400,,,
2026-09-27T16:18:44.489311,1,1942,FRAME,146.06,423.029,3.224,-3.822,316,400,,,
2026-09-27T16:18:44.506405,1,1943,FRAME,149.284,419.207,3.224,-3.822,309,400,,,
2026-09-27T16:18:44.521201,1,1944,FRAME,152.508,415.385,3.224,-3.822,302,400,,,
2026-09-27T16:18:44.541667,1,1945,FRAME,155.732,411.563,3.224,-3.822,295,400,,,
2026-09-27T16:18:44.557200,1,1946,FRAME,158.956,407.741,3.224,-3.822,288,400,,,
2026-09-27T16:18:44.570518,1,1947,FRAME,162.18,403.919,3.224,-3.822,281,400,,,
2026-09-27T16:18:44.591456,1,1948,FRAME,165.404,400.098,3.224,-3.822,274,400,,,
2026-09-27T16:18:44.602923,1,1949,FRAME,168.628,396.276,3.224,-3.822,267,400,,,
2026-09-27T16:18:44.620776,1,1950,FRAME,171.852,392.454,3.224,-3.822,260,400,,,
2026-09-27T16:18:44.636295,1,1951,FRAME,175.075,388.632,3.224,-3.822,253,400,,,
2026-09-27T16:18:44.652570,1,1952,FRAME,178.299,384.81,3.224,-3.822,246,400,,,
2026-09-27T16:18:44.671858,1,1953,FRAME,181.523,380.988,3.224,-3.822,239,400,,,
2026-09-27T16:18:44.687590,1,1954,FRAME,184.747,377.167,3.224,-3.822,232,400,,,
2026-09-27T16:18:44.706276,1,1955,FRAME,187.971,373.345,3.224,-3.822,225,400,,,
2026-09-27T16:18:44.721375,1,1956,FRAME,191.195,369.523,3.224,-3.822,218,400,,,
2026-09-27T16:18:44.735254,1,1957,FRAME,194.419,365.701,3.224,-3.822,211,400,,,
2026-09-27T16:18:44.756994,1,1958,FRAME,197.643,361.879,3.224,-3.822,204,400,,,
2026-09-27T16:18:44.774478,1,1959,FRAME,200.867,358.057,3.224,-3.822,197,400,,,
2026-09-27T16:18:44.786977,1,1960,FRAME,204.091,354.236,3.224,-3.822,190,400,,,
2026-09-27T16:18:44.804010,1,1961,FRAME,207.314,350.414,3.224,-3.822,183,400,,,
2026-09-27T16:18:44.820308,1,1962,FRAME,210.538,346.592,3.224,-3.822,176,400,,,
2026-09-27T16:18:44.838935,1,1963,FRAME,213.762,342.77,3.224,-3.822,169,400,,,
2026-09-27T16:18:44.852487,1,1964,FRAME,216.986,338.948,3.224,-3.822,162,400,,,
2026-09-27T16:18:44.870599,1,1965,FRAME,220.21,335.126,3.224,-3.822,155,400,,,
2026-09-27T16:18:44.885156,1,1966,FRAME,223.434,331.304,3.224,-3.822,148,400,,,
2026-09-27T16:18:44.901678,1,1967,FRAME,226.658,327.483,3.224,-3.822,141,400,,,
2026-09-27T16:18:44.922252,1,1968,FRAME,229.882,323.661,3.224,-3.822,134,400,,,
2026-09-27T16:18:44.935566,1,1969,FRAME,233.106,319.839,3.224,-3.822,127,400,,,
2026-09-27T16:18:44.952485,1,1970,FRAME,236.33,316.017,3.224,-3.822,120,400,,,
2026-09-27T16:18:44.969225,1,1971,FRAME,239.553,312.195,3.224,-3.822,113,400,,,
2026-09-27T16:18:44.985358,1,1972,FRAME,242.777,308.373,3.224,-3.822,106,400,,,
2026-09-27T16:18:45.001412,1,1973,FRAME,246.001,304.552,3.224,-3.822,99,400,,,
2026-09-27T16:18:45.017021,1,1974,FRAME,249.225,300.73,3.224,-3.822,99,400,,,
2026-09-27T16:18:45.039126,1,1975,FRAME,252.449,296.908,3.224,-3.822,99,400,,,
2026-09-27T16:18:45.052642,1,1976,FRAME,255.673,293.086,3.224,-3.822,99,400,,,
2026-09-27T16:18:45.069086,1,1977,FRAME,258.897,289.264,3.224,-3.822,99,400,,,
2026-09-27T16:18:45.091168,1,1978,FRAME,262.121,285.442,3.224,-3.822,99,400,,,
2026-09-27T16:18:45.105319,1,1979,FRAME,265.345,281.621,3.224,-3.822,99,400,,,
2026-09-27T16:18:45.119929,1,1980,FRAME,268.569,277.799,3.224,-3.822,99,400,,,
2026-09-27T16:18:45.136921,1,1981,FRAME,271.792,273.977,3.224,-3.822,99,400,,,
2026-09-27T16:18:45.158157,1,1982,FRAME,275.016,270.155,3.224,-3.822,99,400,,,
2026-09-27T16:18:45.172216,1,1983,FRAME,278.24,266.333,3.224,-3.822,99,400,,,
2026-09-27T16:18:45.188164,1,1984,FRAME,281.464,262.511,3.224,-3.822,99,400,,,
2026-09-27T16:18:45.203673,1,1985,FRAME,284.688,258.69,3.224,-3.822,99,400,,,
2026-09-27T16:18:45.221257,1,1986,FRAME,287.912,254.868,3.224,-3.822,99,400,,,
2026-09-27T16:18:45.241698,1,1987,FRAME,291.136,251.046,3.224,-3.822,99,400,,,
2026-09-27T16:18:45.254099,1,1988,FRAME,294.36,247.224,3.224,-3.822,99,400,,,
2026-09-27T16:18:45.271051,1,1989,FRAME,297.584,243.402,3.224,-3.822,99,400,,,
2026-09-27T16:18:45.289609,1,1990,FRAME,300.808,239.58,3.224,-3.822,99,400,,,
2026-09-27T16:18:45.301682,1,1991,FRAME,304.031,235.758,3.224,-3.822,99,400,,,
2026-09-27T16:18:45.320580,1,1992,FRAME,307.255,231.937,3.224,-3.822,99,400,,,
2026-09-27T16:18:45.334823,1,1993,FRAME,310.479,228.115,3.224,-3.822,99,400,,,
2026-09-27T16:18:45.350462,1,1994,FRAME,313.703,224.293,3.224,-3.822,99,400,,,
2026-09-27T16:18:45.372146,1,1995,FRAME,316.927,220.471,3.224,-3.822,99,400,,,
2026-09-27T16:18:45.383464,1,1996,FRAME,320.151,216.649,3.224,-3.822,99,400,,,
2026-09-27T16:18:45.401685,1,1997,FRAME,323.375,212.827,3.224,-3.822,99,400,,,
2026-09-27T16:18:45.418717,1,1998,FRAME,326.599,209.006,3.224,-3.822,99,400,,,
2026-09-27T16:18:45.432225,1,1999,FRAME,329.823,205.184,3.224,-3.822,99,400,,,
2026-09-27T16:18:45.452389,1,2000,FRAME,333.047,201.362,3.224,-3.822,99,400,,,
2026-09-27T16:18:45.467110,1,2001,FRAME,336.27,197.54,3.224,-3.822,99,400,,,
2026-09-27T16:18:45.483147,1,2002,FRAME,339.494,193.718,3.224,-3.822,99,400,,,
2026-09-27T16:18:45.499597,1,2003,FRAME,342.718,189.896,3.224,-3.822,99,400,,,
2026-09-27T16:18:45.517423,1,2004,FRAME,345.942,186.075,3.224,-3.822,106,400,,,
2026-09-27T16:18:45.537609,1,2005,FRAME,349.166,182.253,3.224,-3.822,113,400,,,
2026-09-27T16:18:45.550210,1,2006,FRAME,352.39,178.431,3.224,-3.822,120,400,,,
2026-09-27T16:18:45.567356,1,2007,FRAME,355.614,174.609,3.224,-3.822,127,400,,,
2026-09-27T16:18:45.583181,1,2008,FRAME,358.838,170.787,3.224,-3.822,134,400,,,
2026-09-27T16:18:45.601795,1,2009,FRAME,362.062,166.965,3.224,-3.822,141,400,,,
2026-09-27T16:18:45.623283,1,2010,FRAME,365.286,163.143,3.224,-3.822,148,400,,,
2026-09-27T16:18:45.633880,1,2011,FRAME,368.509,159.322,3.224,-3.822,155,400,,,
2026-09-27T16:18:45.654557,1,2012,FRAME,371.733,155.5,3.224,-3.822,162,400,,,
2026-09-27T16:18:45.667661,1,2013,FRAME,374.957,151.678,3.224,-3.822,169,400,,,
2026-09-27T16:18:45.683783,1,2014,FRAME,378.181,147.856,3.224,-3.822,176,400,,,
2026-09-27T16:18:45.700288,1,2015,FRAME,381.405,144.034,3.224,-3.822,183,400,,,
2026-09-27T16:18:45.717043,1,2016,FRAME,384.629,140.212,3.224,-3.822,190,400,,,
2026-09-27T16:18:45.738318,1,2017,FRAME,387.853,136.391,3.224,-3.822,197,400,,,
2026-09-27T16:18:45.752410,1,2018,FRAME,391.077,132.569,3.224,-3.822,204,400,,,
2026-09-27T16:18:45.765419,1,2019,FRAME,394.301,128.747,3.224,-3.822,204,400,,,
2026-09-27T16:18:45.781439,1,2020,FRAME,397.525,124.925,3.224,-3.822,204,400,,,
2026-09-27T16:18:45.796943,1,2021,FRAME,400.748,121.103,3.224,-3.822,204,400,,,
2026-09-27T16:18:45.814563,1,2022,FRAME,403.972,117.281,3.224,-3.822,204,400,,,
2026-09-27T16:18:45.831047,1,2023,FRAME,407.196,113.46,3.224,-3.822,204,400,,,
2026-09-27T16:18:45.849447,1,2024,FRAME,410.42,109.638,3.224,-3.822,204,400,,,
2026-09-27T16:18:45.865028,1,2025,FRAME,413.644,105.816,3.224,-3.822,204,400,,,
2026-09-27T16:18:45.881672,1,2026,FRAME,416.868,101.994,3.224,-3.822,204,400,,,
2026-09-27T16:18:45.897153,1,2027,FRAME,420.092,98.172,3.224,-3.822,204,400,,,
2026-09-27T16:18:45.913073,1,2028,FRAME,423.316,94.35,3.224,-3.822,204,400,,,
2026-09-27T16:18:45.932697,1,2029,FRAME,426.54,90.528,3.224,-3.822,204,400,,,
2026-09-27T16:18:45.946303,1,2030,FRAME,429.764,86.707,3.224,-3.822,204,400,,,
2026-09-27T16:18:45.962411,1,2031,FRAME,432.987,82.885,3.224,-3.822,204,400,,,
2026-09-27T16:18:45.981649,1,2032,FRAME,436.211,79.063,3.224,-3.822,204,400,,,
2026-09-27T16:18:45.996093,1,2033,FRAME,439.435,75.241,3.224,-3.822,204,400,,,
2026-09-27T16:18:46.016564,1,2034,FRAME,442.659,71.419,3.224,-3.822,204,400,,,
2026-09-27T16:18:46.028334,1,2035,FRAME,445.883,67.597,3.224,-3.822,204,400,,,
2026-09-27T16:18:46.043863,1,2036,FRAME,449.107,63.776,3.224,-3.822,204,400,,,
2026-09-27T16:18:46.061596,1,2037,FRAME,452.331,59.954,3.224,-3.822,204,400,,,
2026-09-27T16:18:46.079837,1,2038,FRAME,455.555,56.132,3.224,-3.822,204,400,,,
2026-09-27T16:18:46.100307,1,2039,FRAME,458.779,52.31,3.224,-3.822,204,400,,,
2026-09-27T16:18:46.112840,1,2040,FRAME,462.003,48.488,3.224,-3.822,204,400,,,
2026-09-27T16:18:46.127440,1,2041,FRAME,465.226,44.666,3.224,-3.822,204,400,,,
2026-09-27T16:18:46.142646,1,2042,FRAME,468.45,40.845,3.224,-3.822,204,400,,,
2026-09-27T16:18:46.160315,1,2043,FRAME,471.674,37.023,3.224,-3.822,204,400,,,
2026-09-27T16:18:46.179701,1,2044,FRAME,474.898,33.201,3.224,-3.822,204,400,,,
2026-09-27T16:18:46.194440,1,2045,FRAME,478.122,29.379,3.224,-3.822,204,400,,,
2026-09-27T16:18:46.212252,1,2046,FRAME,481.346,25.557,3.224,-3.822,204,400,,,
2026-09-27T16:18:46.227594,1,2047,FRAME,484.57,21.735,3.224,-3.822,204,400,,,
2026-09-27T16:18:46.246228,1,2048,FRAME,487.794,17.913,3.224,-3.822,204,400,,,
2026-09-27T16:18:46.262585,1,2049,FRAME,491.018,14.092,3.224,-3.822,204,400,,,
2026-09-27T16:18:46.284397,1,2050,FRAME,494.241,10.27,3.224,-3.822,204,400,,,
2026-09-27T16:18:46.299725,1,2051,FRAME,497.465,6.448,3.224,-3.822,204,400,,,
2026-09-27T16:18:46.311505,1,2052,FRAME,500.689,2.626,3.224,-3.822,204,400,,,
2026-09-27T16:18:46.324164,1,2053,WALL_BOUNCE,503.913,0,3.224,3.822,204,400,,,
2026-09-27T16:18:46.328692,1,2054,FRAME,503.913,0,3.224,3.822,204,400,,,
2026-09-27T16:18:46.343273,1,2055,FRAME,507.137,3.822,3.224,3.822,204,400,,,
2026-09-27T16:18:46.360218,1,2056,FRAME,510.361,7.644,3.224,3.822,204,400,,,
2026-09-27T16:18:46.376723,1,2057,FRAME,513.585,11.466,3.224,3.822,204,400,,,
2026-09-27T16:18:46.395089,1,2058,FRAME,516.809,15.287,3.224,3.822,204,400,,,
2026-09-27T16:18:46.411454,1,2059,FRAME,520.033,19.109,3.224,3.822,204,400,,,
2026-09-27T16:18:46.426012,1,2060,FRAME,523.257,22.931,3.224,3.822,204,400,,,
2026-09-27T16:18:46.442609,1,2061,FRAME,526.48,26.753,3.224,3.822,204,400,,,
2026-09-27T16:18:46.459304,1,2062,FRAME,529.704,30.575,3.224,3.822,204,400,,,
2026-09-27T16:18:46.474338,1,2063,FRAME,532.928,34.397,3.224,3.822,204,400,,,
2026-09-27T16:18:46.492885,1,2064,FRAME,536.152,38.218,3.224,3.822,204,400,,,
2026-09-27T16:18:46.507007,1,2065,FRAME,539.376,42.04,3.224,3.822,204,400,,,
2026-09-27T16:18:46.524559,1,2066,FRAME,542.6,45.862,3.224,3.822,204,400,,,
2026-09-27T16:18:46.540626,1,2067,FRAME,545.824,49.684,3.224,3.822,204,400,,,
2026-09-27T16:18:46.558328,1,2068,FRAME,549.048,53.506,3.224,3.822,211,400,,,
2026-09-27T16:18:46.573078,1,2069,FRAME,552.272,57.328,3.224,3.822,218,400,,,
2026-09-27T16:18:46.590226,1,2070,FRAME,555.496,61.149,3.224,3.822,225,400,,,
2026-09-27T16:18:46.607599,1,2071,FRAME,558.719,64.971,3.224,3.822,232,400,,,
2026-09-27T16:18:46.623105,1,2072,FRAME,561.943,68.793,3.224,3.822,239,400,,,
2026-09-27T16:18:46.640586,1,2073,FRAME,565.167,72.615,3.224,3.822,246,400,,,
2026-09-27T16:18:46.656232,1,2074,FRAME,568.391,76.437,3.224,3.822,253,400,,,
2026-09-27T16:18:46.673163,1,2075,FRAME,571.615,80.259,3.224,3.822,260,400,,,
2026-09-27T16:18:46.688750,1,2076,FRAME,574.839,84.081,3.224,3.822,267,400,,,
2026-09-27T16:18:46.705560,1,2077,FRAME,578.063,87.902,3.224,3.822,274,400,,,
2026-09-27T16:18:46.722091,1,2078,FRAME,581.287,91.724,3.224,3.822,281,400,,,
2026-09-27T16:18:46.741711,1,2079,FRAME,584.511,95.546,3.224,3.822,281,400,,,
2026-09-27T16:18:46.755321,1,2080,FRAME,587.735,99.368,3.224,3.822,281,400,,,
2026-09-27T16:18:46.771839,1,2081,FRAME,590.958,103.19,3.224,3.822,281,400,,,
2026-09-27T16:18:46.788420,1,2082,FRAME,594.182,107.012,3.224,3.822,281,400,,,
2026-09-27T16:18:46.809799,1,2083,FRAME,597.406,110.833,3.224,3.822,281,400,,,
2026-09-27T16:18:46.824757,1,2084,FRAME,600.63,114.655,3.224,3.822,281,400,,,
2026-09-27T16:18:46.838491,1,2085,FRAME,603.854,118.477,3.224,3.822,281,400,,,
2026-09-27T16:18:46.856102,1,2086,FRAME,607.078,122.299,3.224,3.822,281,400,,,
2026-09-27T16:18:46.870068,1,2087,FRAME,610.302,126.121,3.224,3.822,281,400,,,
2026-09-27T16:18:46.889108,1,2088,FRAME,613.526,129.943,3.224,3.822,281,400,,,
2026-09-27T16:18:46.903102,1,2089,FRAME,616.75,133.764,3.224,3.822,281,400,,,
2026-09-27T16:18:46.921641,1,2090,FRAME,619.974,137.586,3.224,3.822,281,400,,,
2026-09-27T16:18:46.940558,1,2091,FRAME,623.197,141.408,3.224,3.822,281,400,,,
2026-09-27T16:18:46.952606,1,2092,FRAME,626.421,145.23,3.224,3.822,281,400,,,
2026-09-27T16:18:46.971653,1,2093,FRAME,629.645,149.052,3.224,3.822,281,400,,,
2026-09-27T16:18:46.987236,1,2094,FRAME,632.869,152.874,3.224,3.822,281,400,,,
2026-09-27T16:18:47.004956,1,2095,FRAME,636.093,156.696,3.224,3.822,281,400,,,
2026-09-27T16:18:47.020594,1,2096,FRAME,639.317,160.517,3.224,3.822,281,400,,,
2026-09-27T16:18:47.034153,1,2097,FRAME,642.541,164.339,3.224,3.822,281,400,,,
2026-09-27T16:18:47.051423,1,2098,FRAME,645.765,168.161,3.224,3.822,281,400,,,
2026-09-27T16:18:47.069819,1,2099,FRAME,648.989,171.983,3.224,3.822,281,400,,,
2026-09-27T16:18:47.085826,1,2100,FRAME,652.213,175.805,3.224,3.822,281,400,,,
2026-09-27T16:18:47.102885,1,2101,FRAME,655.436,179.627,3.224,3.822,281,400,,,
2026-09-27T16:18:47.118463,1,2102,FRAME,658.66,183.448,3.224,3.822,281,400,,,
2026-09-27T16:18:47.134489,1,2103,FRAME,661.884,187.27,3.224,3.822,281,400,,,
2026-09-27T16:18:47.150530,1,2104,FRAME,665.108,191.092,3.224,3.822,281,400,,,
2026-09-27T16:18:47.167467,1,2105,FRAME,668.332,194.914,3.224,3.822,281,400,,,
2026-09-27T16:18:47.183756,1,2106,FRAME,671.556,198.736,3.224,3.822,281,400,,,
2026-09-27T16:18:47.203567,1,2107,FRAME,674.78,202.558,3.224,3.822,281,400,,,
2026-09-27T16:18:47.220836,1,2108,FRAME,678.004,206.379,3.224,3.822,281,400,,,
2026-09-27T16:18:47.235894,1,2109,FRAME,681.228,210.201,3.224,3.822,281,400,,,
2026-09-27T16:18:47.254056,1,2110,FRAME,684.452,214.023,3.224,3.822,281,400,,,
2026-09-27T16:18:47.268669,1,2111,FRAME,687.675,217.845,3.224,3.822,281,400,,,
2026-09-27T16:18:47.285253,1,2112,FRAME,690.899,221.667,3.224,3.822,281,400,,,
2026-09-27T16:18:47.307312,1,2113,FRAME,694.123,225.489,3.224,3.822,281,400,,,
2026-09-27T16:18:47.321628,1,2114,FRAME,697.347,229.31,3.224,3.822,281,400,,,
2026-09-27T16:18:47.338381,1,2115,FRAME,700.571,233.132,3.224,3.822,281,400,,,
2026-09-27T16:18:47.352193,1,2116,FRAME,703.795,236.954,3.224,3.822,281,400,,,
2026-09-27T16:18:47.372956,1,2117,FRAME,707.019,240.776,3.224,3.822,281,400,,,
2026-09-27T16:18:47.384157,1,2118,FRAME,710.243,244.598,3.224,3.822,281,400,,,
2026-09-27T16:18:47.404236,1,2119,FRAME,713.467,248.42,3.224,3.822,281,400,,,
2026-09-27T16:18:47.422394,1,2120,FRAME,716.691,252.242,3.224,3.822,281,400,,,
2026-09-27T16:18:47.432578,1,2121,FRAME,719.914,256.063,3.224,3.822,281,400,,,
2026-09-27T16:18:47.455689,1,2122,FRAME,723.138,259.885,3.224,3.822,281,400,,,
2026-09-27T16:18:47.468930,1,2123,FRAME,726.362,263.707,3.224,3.822,281,400,,,
2026-09-27T16:18:47.484544,1,2124,FRAME,729.586,267.529,3.224,3.822,281,400,,,
2026-09-27T16:18:47.505952,1,2125,FRAME,732.81,271.351,3.224,3.822,281,400,,,
2026-09-27T16:18:47.519744,1,2126,FRAME,736.034,275.173,3.224,3.822,281,400,,,
2026-09-27T16:18:47.539971,1,2127,FRAME,739.258,278.994,3.224,3.822,281,400,,,
2026-09-27T16:18:47.552080,1,2128,FRAME,742.482,282.816,3.224,3.822,281,400,,,
2026-09-27T16:18:47.568512,1,2129,FRAME,745.706,286.638,3.224,3.822,281,400,,,
2026-09-27T16:18:47.584066,1,2130,FRAME,748.93,290.46,3.224,3.822,281,400,,,
2026-09-27T16:18:47.600544,1,2131,FRAME,752.153,294.282,3.224,3.822,281,400,,,
2026-09-27T16:18:47.623319,1,2132,FRAME,755.377,298.104,3.224,3.822,281,400,,,
2026-09-27T16:18:47.633877,1,2133,FRAME,758.601,301.925,3.224,3.822,281,400,,,
2026-09-27T16:18:47.651808,1,2134,FRAME,761.825,305.747,3.224,3.822,281,400,,,
2026-09-27T16:18:47.666728,1,2135,FRAME,765.049,309.569,3.224,3.822,281,400,,,
2026-09-27T16:18:47.687270,1,2136,FRAME,768.273,313.391,3.224,3.822,281,400,,,
2026-09-27T16:18:47.706527,1,2137,FRAME,771.497,317.213,3.224,3.822,281,400,,,
2026-09-27T16:18:47.717077,1,2138,FRAME,774.721,321.035,3.224,3.822,281,400,,,
2026-09-27T16:18:47.736286,1,2139,FRAME,777.945,324.857,3.224,3.822,281,400,,,
2026-09-27T16:18:47.751510,1,2140,FRAME,781.169,328.678,3.224,3.822,281,400,,,
2026-09-27T16:18:47.769002,1,2141,FRAME,784.392,332.5,3.224,3.822,281,400,,,
2026-09-27T16:18:47.786320,1,2142,FRAME,787.616,336.322,3.224,3.822,281,400,,,
2026-09-27T16:18:47.800360,1,2143,FRAME,790.84,340.144,3.224,3.822,281,400,,,
2026-09-27T16:18:47.819449,1,2144,FRAME,794.064,343.966,3.224,3.822,281,400,,,
2026-09-27T16:18:47.834096,1,2145,FRAME,797.288,347.788,3.224,3.822,281,400,,,
2026-09-27T16:18:47.850202,1,2146,FRAME,800.512,351.609,3.224,3.822,281,400,,,
2026-09-27T16:18:47.867187,1,2147,FRAME,803.736,355.431,3.224,3.822,281,400,,,
2026-09-27T16:18:47.884852,1,2148,FRAME,806.96,359.253,3.224,3.822,281,400,,,
2026-09-27T16:18:47.902048,1,2149,FRAME,810.184,363.075,3.224,3.822,281,400,,,
2026-09-27T16:18:47.917091,1,2150,FRAME,813.408,366.897,3.224,3.822,281,400,,,
2026-09-27T16:18:47.934213,1,2151,FRAME,816.631,370.719,3.224,3.822,281,400,,,
2026-09-27T16:18:47.950279,1,2152,FRAME,819.855,374.54,3.224,3.822,281,400,,,
2026-09-27T16:18:47.968324,1,2153,FRAME,823.079,378.362,3.224,3.822,281,400,,,
2026-09-27T16:18:47.982866,1,2154,FRAME,826.303,382.184,3.224,3.822,281,400,,,
2026-09-27T16:18:47.999955,1,2155,FRAME,829.527,386.006,3.224,3.822,281,400,,,
2026-09-27T16:18:48.016137,1,2156,FRAME,832.751,389.828,3.224,3.822,281,400,,,
2026-09-27T16:18:48.032200,1,2157,FRAME,835.975,393.65,3.224,3.822,281,400,,,
2026-09-27T16:18:48.051777,1,2158,FRAME,839.199,397.472,3.224,3.822,281,400,,,
2026-09-27T16:18:48.066868,1,2159,FRAME,842.423,401.293,3.224,3.822,281,400,,,
2026-09-27T16:18:48.083689,1,2160,FRAME,845.647,405.115,3.224,3.822,281,400,,,
2026-09-27T16:18:48.099323,1,2161,FRAME,848.87,408.937,3.224,3.822,281,400,,,
2026-09-27T16:18:48.116941,1,2162,FRAME,852.094,412.759,3.224,3.822,281,400,,,
2026-09-27T16:18:48.134532,1,2163,FRAME,855.318,416.581,3.224,3.822,281,400,,,
2026-09-27T16:18:48.149169,1,2164,FRAME,858.542,420.403,3.224,3.822,281,400,,,
2026-09-27T16:18:48.166870,1,2165,FRAME,861.766,424.224,3.224,3.822,281,400,,,
2026-09-27T16:18:48.185082,1,2166,FRAME,864.99,428.046,3.224,3.822,281,400,,,
2026-09-27T16:18:48.200569,1,2167,FRAME,868.214,431.868,3.224,3.822,281,400,,,
2026-09-27T16:18:48.220988,1,2168,FRAME,871.438,435.69,3.224,3.822,281,400,,,
2026-09-27T16:18:48.235211,1,2169,FRAME,874.662,439.512,3.224,3.822,281,400,,,
2026-09-27T16:18:48.254751,1,2170,FRAME,877.886,443.334,3.224,3.822,281,400,,,
2026-09-27T16:18:48.269301,1,2171,FRAME,881.109,447.155,3.224,3.822,281,400,,,
2026-09-27T16:18:48.286301,1,2172,FRAME,884.333,450.977,3.224,3.822,281,400,,,
2026-09-27T16:18:48.303388,1,2173,FRAME,887.557,454.799,3.224,3.822,281,400,,,
2026-09-27T16:18:48.319437,1,2174,FRAME,890.781,458.621,3.224,3.822,281,400,,,
2026-09-27T16:18:48.338608,1,2175,FRAME,894.005,462.443,3.224,3.822,281,400,,,
2026-09-27T16:18:48.355795,1,2176,FRAME,897.229,466.265,3.224,3.822,281,400,,,
2026-09-27T16:18:48.371792,1,2177,FRAME,900.453,470.087,3.224,3.822,281,400,,,
2026-09-27T16:18:48.389446,1,2178,FRAME,903.677,473.908,3.224,3.822,281,400,,,
2026-09-27T16:18:48.404992,1,2179,FRAME,906.901,477.73,3.224,3.822,281,400,,,
2026-09-27T16:18:48.424142,1,2180,FRAME,910.124,481.552,3.224,3.822,281,400,,,
2026-09-27T16:18:48.437153,1,2181,FRAME,913.348,485.374,3.224,3.822,281,400,,,
2026-09-27T16:18:48.451644,1,2182,WALL_BOUNCE,916.572,488,3.224,-3.822,281,400,,,
2026-09-27T16:18:48.457533,1,2183,FRAME,916.572,488,3.224,-3.822,281,400,,,
2026-09-27T16:18:48.477178,1,2184,FRAME,919.796,484.178,3.224,-3.822,281,400,,,
2026-09-27T16:18:48.492604,1,2185,FRAME,923.02,480.356,3.224,-3.822,281,400,,,
2026-09-27T16:18:48.507280,1,2186,FRAME,926.244,476.534,3.224,-3.822,281,400,,,
2026-09-27T16:18:48.521250,1,2187,FRAME,929.468,472.713,3.224,-3.822,281,400,,,
2026-09-27T16:18:48.539862,1,2188,FRAME,932.692,468.891,3.224,-3.822,281,400,,,
2026-09-27T16:18:48.553385,1,2189,FRAME,935.916,465.069,3.224,-3.822,281,400,,,
2026-09-27T16:18:48.569173,1,2190,FRAME,939.14,461.247,3.224,-3.822,281,400,,,
2026-09-27T16:18:48.589596,1,2191,FRAME,942.363,457.425,3.224,-3.822,281,400,,,
2026-09-27T16:18:48.605215,1,2192,FRAME,945.587,453.603,3.224,-3.822,281,400,,,
2026-09-27T16:18:48.620655,1,2193,FRAME,948.811,449.782,3.224,-3.822,281,400,,,
2026-09-27T16:18:48.635952,1,2194,FRAME,952.035,445.96,3.224,-3.822,281,400,,,
2026-09-27T16:18:48.652488,1,2195,FRAME,955.259,442.138,3.224,-3.822,281,400,,,
2026-09-27T16:18:48.665342,1,2196,RIGHT_HIT,958,438.316,-4.965,-0.594,281,400,-0.114,-6.821,
2026-09-27T16:18:48.669362,1,2197,FRAME,958,438.316,-4.965,-0.594,281,400,,,
2026-09-27T16:18:48.683916,1,2198,FRAME,953.035,437.722,-4.965,-0.594,281,393,,,
2026-09-27T16:18:48.701095,1,2199,FRAME,948.071,437.128,-4.965,-0.594,281,386,,,
2026-09-27T16:18:48.716723,1,2200,FRAME,943.106,436.535,-4.965,-0.594,281,379,,,
2026-09-27T16:18:48.736200,1,2201,FRAME,938.142,435.941,-4.965,-0.594,281,372,,,
2026-09-27T16:18:48.755159,1,2202,FRAME,933.177,435.347,-4.965,-0.594,281,365,,,
2026-09-27T16:18:48.768677,1,2203,FRAME,928.212,434.753,-4.965,-0.594,281,358,,,
2026-09-27T16:18:48.786231,1,2204,FRAME,923.248,434.159,-4.965,-0.594,281,351,,,
2026-09-27T16:18:48.803874,1,2205,FRAME,918.283,433.566,-4.965,-0.594,281,344,,,
2026-09-27T16:18:48.820459,1,2206,FRAME,913.318,432.972,-4.965,-0.594,281,337,,,
2026-09-27T16:18:48.839132,1,2207,FRAME,908.354,432.378,-4.965,-0.594,281,330,,,
2026-09-27T16:18:48.852191,1,2208,FRAME,903.389,431.784,-4.965,-0.594,281,323,,,
2026-09-27T16:18:48.868248,1,2209,FRAME,898.425,431.19,-4.965,-0.594,281,316,,,
2026-09-27T16:18:48.886685,1,2210,FRAME,893.46,430.596,-4.965,-0.594,281,309,,,
2026-09-27T16:18:48.901232,1,2211,FRAME,888.495,430.003,-4.965,-0.594,281,302,,,
2026-09-27T16:18:48.919391,1,2212,FRAME,883.531,429.409,-4.965,-0.594,281,295,,,
2026-09-27T16:18:48.934581,1,2213,FRAME,878.566,428.815,-4.965,-0.594,281,288,,,
2026-09-27T16:18:48.951833,1,2214,FRAME,873.602,428.221,-4.965,-0.594,281,281,,,
2026-09-27T16:18:48.968162,1,2215,FRAME,868.637,427.627,-4.965,-0.594,281,274,,,
2026-09-27T16:18:48.986681,1,2216,FRAME,863.672,427.034,-4.965,-0.594,281,267,,,
2026-09-27T16:18:49.006007,1,2217,FRAME,858.708,426.44,-4.965,-0.594,281,260,,,
2026-09-27T16:18:49.020964,1,2218,FRAME,853.743,425.846,-4.965,-0.594,281,253,,,
2026-09-27T16:18:49.038513,1,2219,FRAME,848.779,425.252,-4.965,-0.594,281,246,,,
2026-09-27T16:18:49.053142,1,2220,FRAME,843.814,424.658,-4.965,-0.594,281,239,,,
2026-09-27T16:18:49.071282,1,2221,FRAME,838.849,424.064,-4.965,-0.594,281,232,,,
2026-09-27T16:18:49.087403,1,2222,FRAME,833.885,423.471,-4.965,-0.594,281,225,,,
2026-09-27T16:18:49.101800,1,2223,FRAME,828.92,422.877,-4.965,-0.594,288,218,,,
2026-09-27T16:18:49.119971,1,2224,FRAME,823.955,422.283,-4.965,-0.594,295,211,,,
2026-09-27T16:18:49.135993,1,2225,FRAME,818.991,421.689,-4.965,-0.594,302,204,,,
2026-09-27T16:18:49.152059,1,2226,FRAME,814.026,421.095,-4.965,-0.594,309,197,,,
2026-09-27T16:18:49.168594,1,2227,FRAME,809.062,420.502,-4.965,-0.594,316,204,,,
2026-09-27T16:18:49.184657,1,2228,FRAME,804.097,419.908,-4.965,-0.594,323,197,,,
2026-09-27T16:18:49.202285,1,2229,FRAME,799.132,419.314,-4.965,-0.594,330,204,,,
2026-09-27T16:18:49.217348,1,2230,FRAME,794.168,418.72,-4.965,-0.594,337,197,,,
2026-09-27T16:18:49.236333,1,2231,FRAME,789.203,418.126,-4.965,-0.594,344,204,,,
2026-09-27T16:18:49.250372,1,2232,FRAME,784.239,417.532,-4.965,-0.594,351,197,,,
2026-09-27T16:18:49.269963,1,2233,FRAME,779.274,416.939,-4.965,-0.594,358,204,,,
2026-09-27T16:18:49.283485,1,2234,FRAME,774.309,416.345,-4.965,-0.594,365,197,,,
2026-09-27T16:18:49.298653,1,2235,FRAME,769.345,415.751,-4.965,-0.594,372,204,,,
2026-09-27T16:18:49.318822,1,2236,FRAME,764.38,415.157,-4.965,-0.594,379,197,,,
2026-09-27T16:18:49.333650,1,2237,FRAME,759.415,414.563,-4.965,-0.594,386,204,,,
2026-09-27T16:18:49.350035,1,2238,FRAME,754.451,413.97,-4.965,-0.594,393,197,,,
2026-09-27T16:18:49.367563,1,2239,FRAME,749.486,413.376,-4.965,-0.594,393,204,,,
2026-09-27T16:18:49.381763,1,2240,FRAME,744.522,412.782,-4.965,-0.594,393,197,,,
2026-09-27T16:18:49.401548,1,2241,FRAME,739.557,412.188,-4.965,-0.594,400,204,,,
2026-09-27T16:18:49.416002,1,2242,FRAME,734.592,411.594,-4.965,-0.594,400,197,,,
2026-09-27T16:18:49.432009,1,2243,FRAME,729.628,411.001,-4.965,-0.594,400,204,,,
2026-09-27T16:18:49.449623,1,2244,FRAME,724.663,410.407,-4.965,-0.594,400,197,,,
2026-09-27T16:18:49.465164,1,2245,FRAME,719.699,409.813,-4.965,-0.594,400,204,,,
2026-09-27T16:18:49.482730,1,2246,FRAME,714.734,409.219,-4.965,-0.594,400,197,,,
2026-09-27T16:18:49.498275,1,2247,FRAME,709.769,408.625,-4.965,-0.594,400,204,,,
2026-09-27T16:18:49.515843,1,2248,FRAME,704.805,408.031,-4.965,-0.594,400,197,,,
2026-09-27T16:18:49.530924,1,2249,FRAME,699.84,407.438,-4.965,-0.594,400,204,,,
2026-09-27T16:18:49.546733,1,2250,FRAME,694.876,406.844,-4.965,-0.594,400,197,,,
2026-09-27T16:18:49.564969,1,2251,FRAME,689.911,406.25,-4.965,-0.594,400,204,,,
2026-09-27T16:18:49.580948,1,2252,FRAME,684.946,405.656,-4.965,-0.594,400,197,,,
2026-09-27T16:18:49.597000,1,2253,FRAME,679.982,405.062,-4.965,-0.594,400,204,,,
2026-09-27T16:18:49.616520,1,2254,FRAME,675.017,404.469,-4.965,-0.594,400,197,,,
2026-09-27T16:18:49.630058,1,2255,FRAME,670.052,403.875,-4.965,-0.594,400,204,,,
2026-09-27T16:18:49.647086,1,2256,FRAME,665.088,403.281,-4.965,-0.594,400,197,,,
2026-09-27T16:18:49.662334,1,2257,FRAME,660.123,402.687,-4.965,-0.594,400,204,,,
2026-09-27T16:18:49.680526,1,2258,FRAME,655.159,402.093,-4.965,-0.594,400,197,,,
2026-09-27T16:18:49.697323,1,2259,FRAME,650.194,401.499,-4.965,-0.594,400,204,,,
2026-09-27T16:18:49.714456,1,2260,FRAME,645.229,400.906,-4.965,-0.594,400,197,,,
2026-09-27T16:18:49.729678,1,2261,FRAME,640.265,400.312,-4.965,-0.594,400,204,,,
2026-09-27T16:18:49.745706,1,2262,FRAME,635.3,399.718,-4.965,-0.594,400,197,,,
2026-09-27T16:18:49.763248,1,2263,FRAME,630.336,399.124,-4.965,-0.594,400,204,,,
2026-09-27T16:18:49.778673,1,2264,FRAME,625.371,398.53,-4.965,-0.594,400,197,,,
2026-09-27T16:18:49.796231,1,2265,FRAME,620.406,397.937,-4.965,-0.594,400,204,,,
2026-09-27T16:18:49.817690,1,2266,FRAME,615.442,397.343,-4.965,-0.594,400,197,,,
2026-09-27T16:18:49.832231,1,2267,FRAME,610.477,396.749,-4.965,-0.594,400,204,,,
2026-09-27T16:18:49.846990,1,2268,FRAME,605.512,396.155,-4.965,-0.594,400,197,,,
2026-09-27T16:18:49.864014,1,2269,FRAME,600.548,395.561,-4.965,-0.594,400,204,,,
2026-09-27T16:18:49.879688,1,2270,FRAME,595.583,394.967,-4.965,-0.594,400,197,,,
2026-09-27T16:18:49.900348,1,2271,FRAME,590.619,394.374,-4.965,-0.594,400,204,,,
2026-09-27T16:18:49.913878,1,2272,FRAME,585.654,393.78,-4.965,-0.594,400,197,,,
2026-09-27T16:18:49.934112,1,2273,FRAME,580.689,393.186,-4.965,-0.594,400,204,,,
2026-09-27T16:18:49.949217,1,2274,FRAME,575.725,392.592,-4.965,-0.594,400,197,,,
2026-09-27T16:18:49.963235,1,2275,FRAME,570.76,391.998,-4.965,-0.594,400,204,,,
2026-09-27T16:18:49.979036,1,2276,FRAME,565.796,391.405,-4.965,-0.594,400,197,,,
2026-09-27T16:18:49.996076,1,2277,FRAME,560.831,390.811,-4.965,-0.594,400,204,,,
2026-09-27T16:18:50.011109,1,2278,FRAME,555.866,390.217,-4.965,-0.594,400,197,,,
2026-09-27T16:18:50.027012,1,2279,FRAME,550.902,389.623,-4.965,-0.594,400,204,,,
2026-09-27T16:18:50.042652,1,2280,FRAME,545.937,389.029,-4.965,-0.594,400,197,,,
2026-09-27T16:18:50.063441,1,2281,FRAME,540.973,388.436,-4.965,-0.594,400,204,,,
2026-09-27T16:18:50.081238,1,2282,FRAME,536.008,387.842,-4.965,-0.594,400,197,,,
2026-09-27T16:18:50.093538,1,2283,FRAME,531.043,387.248,-4.965,-0.594,400,204,,,
2026-09-27T16:18:50.113889,1,2284,FRAME,526.079,386.654,-4.965,-0.594,400,197,,,
2026-09-27T16:18:50.125497,1,2285,FRAME,521.114,386.06,-4.965,-0.594,400,204,,,
2026-09-27T16:18:50.142339,1,2286,FRAME,516.149,385.466,-4.965,-0.594,400,197,,,
2026-09-27T16:18:50.156874,1,2287,FRAME,511.185,384.873,-4.965,-0.594,400,204,,,
2026-09-27T16:18:50.172615,1,2288,FRAME,506.22,384.279,-4.965,-0.594,400,197,,,
2026-09-27T16:18:50.190710,1,2289,FRAME,501.256,383.685,-4.965,-0.594,400,204,,,
2026-09-27T16:18:50.207480,1,2290,FRAME,496.291,383.091,-4.965,-0.594,400,197,,,
2026-09-27T16:18:50.226031,1,2291,FRAME,491.326,382.497,-4.965,-0.594,400,204,,,
2026-09-27T16:18:50.239547,1,2292,FRAME,486.362,381.904,-4.965,-0.594,400,197,,,
2026-09-27T16:18:50.256908,1,2293,FRAME,481.397,381.31,-4.965,-0.594,400,204,,,
2026-09-27T16:18:50.274078,1,2294,FRAME,476.433,380.716,-4.965,-0.594,400,197,,,
2026-09-27T16:18:50.289484,1,2295,FRAME,471.468,380.122,-4.965,-0.594,400,204,,,
2026-09-27T16:18:50.308902,1,2296,FRAME,466.503,379.528,-4.965,-0.594,400,197,,,
2026-09-27T16:18:50.321967,1,2297,FRAME,461.539,378.934,-4.965,-0.594,400,204,,,
2026-09-27T16:18:50.337489,1,2298,FRAME,456.574,378.341,-4.965,-0.594,400,197,,,
2026-09-27T16:18:50.355205,1,2299,FRAME,451.609,377.747,-4.965,-0.594,400,204,,,
2026-09-27T16:18:50.368739,1,2300,FRAME,446.645,377.153,-4.965,-0.594,400,197,,,
2026-09-27T16:18:50.388434,1,2301,FRAME,441.68,376.559,-4.965,-0.594,400,204,,,
2026-09-27T16:18:50.403982,1,2302,FRAME,436.716,375.965,-4.965,-0.594,400,197,,,
2026-09-27T16:18:50.420697,1,2303,FRAME,431.751,375.372,-4.965,-0.594,400,204,,,
2026-09-27T16:18:50.438248,1,2304,FRAME,426.786,374.778,-4.965,-0.594,400,197,,,
2026-09-27T16:18:50.455787,1,2305,FRAME,421.822,374.184,-4.965,-0.594,400,204,,,
2026-09-27T16:18:50.473986,1,2306,FRAME,416.857,373.59,-4.965,-0.594,400,197,,,
2026-09-27T16:18:50.492122,1,2307,FRAME,411.893,372.996,-4.965,-0.594,400,204,,,
2026-09-27T16:18:50.505825,1,2308,FRAME,406.928,372.402,-4.965,-0.594,400,197,,,
2026-09-27T16:18:50.520837,1,2309,FRAME,401.963,371.809,-4.965,-0.594,400,204,,,
2026-09-27T16:18:50.537669,1,2310,FRAME,396.999,371.215,-4.965,-0.594,400,197,,,
2026-09-27T16:18:50.556325,1,2311,FRAME,392.034,370.621,-4.965,-0.594,400,204,,,
2026-09-27T16:18:50.569848,1,2312,FRAME,387.07,370.027,-4.965,-0.594,400,197,,,
2026-09-27T16:18:50.590445,1,2313,FRAME,382.105,369.433,-4.965,-0.594,400,204,,,
2026-09-27T16:18:50.604517,1,2314,FRAME,377.14,368.84,-4.965,-0.594,400,197,,,
2026-09-27T16:18:50.621550,1,2315,FRAME,372.176,368.246,-4.965,-0.594,400,204,,,
2026-09-27T16:18:50.637093,1,2316,FRAME,367.211,367.652,-4.965,-0.594,400,197,,,
2026-09-27T16:18:50.653066,1,2317,FRAME,362.246,367.058,-4.965,-0.594,400,204,,,
2026-09-27T16:18:50.670097,1,2318,FRAME,357.282,366.464,-4.965,-0.594,400,197,,,
2026-09-27T16:18:50.686099,1,2319,FRAME,352.317,365.87,-4.965,-0.594,393,204,,,
2026-09-27T16:18:50.702132,1,2320,FRAME,347.353,365.277,-4.965,-0.594,386,197,,,
2026-09-27T16:18:50.719489,1,2321,FRAME,342.388,364.683,-4.965,-0.594,379,204,,,
2026-09-27T16:18:50.734172,1,2322,FRAME,337.423,364.089,-4.965,-0.594,372,197,,,
2026-09-27T16:18:50.755931,1,2323,FRAME,332.459,363.495,-4.965,-0.594,365,204,,,
2026-09-27T16:18:50.771041,1,2324,FRAME,327.494,362.901,-4.965,-0.594,358,197,,,
2026-09-27T16:18:50.787626,1,2325,FRAME,322.53,362.308,-4.965,-0.594,351,204,,,
2026-09-27T16:18:50.806646,1,2326,FRAME,317.565,361.714,-4.965,-0.594,344,197,,,
2026-09-27T16:18:50.820331,1,2327,FRAME,312.6,361.12,-4.965,-0.594,337,204,,,
2026-09-27T16:18:50.836134,1,2328,FRAME,307.636,360.526,-4.965,-0.594,330,197,,,
2026-09-27T16:18:50.852474,1,2329,FRAME,302.671,359.932,-4.965,-0.594,323,204,,,
2026-09-27T16:18:50.869101,1,2330,FRAME,297.706,359.339,-4.965,-0.594,323,197,,,
2026-09-27T16:18:50.886143,1,2331,FRAME,292.742,358.745,-4.965,-0.594,323,204,,,
2026-09-27T16:18:50.902596,1,2332,FRAME,287.777,358.151,-4.965,-0.594,323,197,,,
2026-09-27T16:18:50.920263,1,2333,FRAME,282.813,357.557,-4.965,-0.594,323,204,,,
2026-09-27T16:18:50.935329,1,2334,FRAME,277.848,356.963,-4.965,-0.594,323,197,,,
2026-09-27T16:18:50.950778,1,2335,FRAME,272.883,356.369,-4.965,-0.594,323,204,,,
2026-09-27T16:18:50.966341,1,2336,FRAME,267.919,355.776,-4.965,-0.594,323,197,,,
2026-09-27T16:18:50.982168,1,2337,FRAME,262.954,355.182,-4.965,-0.594,323,204,,,
2026-09-27T16:18:50.999416,1,2338,FRAME,257.99,354.588,-4.965,-0.594,323,197,,,
2026-09-27T16:18:51.016995,1,2339,FRAME,253.025,353.994,-4.965,-0.594,316,204,,,
2026-09-27T16:18:51.034126,1,2340,FRAME,248.06,353.4,-4.965,-0.594,309,197,,,
2026-09-27T16:18:51.054713,1,2341,FRAME,243.096,352.807,-4.965,-0.594,302,204,,,
2026-09-27T16:18:51.068250,1,2342,FRAME,238.131,352.213,-4.965,-0.594,295,197,,,
2026-09-27T16:18:51.085309,1,2343,FRAME,233.166,351.619,-4.965,-0.594,288,204,,,
2026-09-27T16:18:51.100497,1,2344,FRAME,228.202,351.025,-4.965,-0.594,281,197,,,
2026-09-27T16:18:51.115068,1,2345,FRAME,223.237,350.431,-4.965,-0.594,274,204,,,
2026-09-27T16:18:51.131737,1,2346,FRAME,218.273,349.837,-4.965,-0.594,267,197,,,
2026-09-27T16:18:51.147618,1,2347,FRAME,213.308,349.244,-4.965,-0.594,260,204,,,
2026-09-27T16:18:51.164710,1,2348,FRAME,208.343,348.65,-4.965,-0.594,253,197,,,
2026-09-27T16:18:51.182393,1,2349,FRAME,203.379,348.056,-4.965,-0.594,246,204,,,
2026-09-27T16:18:51.204459,1,2350,FRAME,198.414,347.462,-4.965,-0.594,239,197,,,
2026-09-27T16:18:51.217386,1,2351,FRAME,193.45,346.868,-4.965,-0.594,232,204,,,
2026-09-27T16:18:51.231425,1,2352,FRAME,188.485,346.275,-4.965,-0.594,225,197,,,
2026-09-27T16:18:51.247060,1,2353,FRAME,183.52,345.681,-4.965,-0.594,218,204,,,
2026-09-27T16:18:51.263837,1,2354,FRAME,178.556,345.087,-4.965,-0.594,211,197,,,
2026-09-27T16:18:51.281422,1,2355,FRAME,173.591,344.493,-4.965,-0.594,204,204,,,
2026-09-27T16:18:51.297474,1,2356,FRAME,168.627,343.899,-4.965,-0.594,197,197,,,
2026-09-27T16:18:51.313292,1,2357,FRAME,163.662,343.305,-4.965,-0.594,190,204,,,
2026-09-27T16:18:51.331701,1,2358,FRAME,158.697,342.712,-4.965,-0.594,190,197,,,
2026-09-27T16:18:51.346096,1,2359,FRAME,153.733,342.118,-4.965,-0.594,190,204,,,
2026-09-27T16:18:51.362734,1,2360,FRAME,148.768,341.524,-4.965,-0.594,190,197,,,
2026-09-27T16:18:51.378281,1,2361,FRAME,143.803,340.93,-4.965,-0.594,190,204,,,
2026-09-27T16:18:51.396111,1,2362,FRAME,138.839,340.336,-4.965,-0.594,190,197,,,
2026-09-27T16:18:51.413659,1,2363,FRAME,133.874,339.743,-4.965,-0.594,190,204,,,
2026-09-27T16:18:51.428198,1,2364,FRAME,128.91,339.149,-4.965,-0.594,190,197,,,
2026-09-27T16:18:51.446249,1,2365,FRAME,123.945,338.555,-4.965,-0.594,190,204,,,
2026-09-27T16:18:51.465969,1,2366,FRAME,118.98,337.961,-4.965,-0.594,190,197,,,
2026-09-27T16:18:51.478559,1,2367,FRAME,114.016,337.367,-4.965,-0.594,190,204,,,
2026-09-27T16:18:51.496287,1,2368,FRAME,109.051,336.774,-4.965,-0.594,190,197,,,
2026-09-27T16:18:51.511687,1,2369,FRAME,104.087,336.18,-4.965,-0.594,190,204,,,
2026-09-27T16:18:51.528720,1,2370,FRAME,99.122,335.586,-4.965,-0.594,190,197,,,
2026-09-27T16:18:51.544371,1,2371,FRAME,94.157,334.992,-4.965,-0.594,190,204,,,
2026-09-27T16:18:51.561721,1,2372,FRAME,89.193,334.398,-4.965,-0.594,190,197,,,
2026-09-27T16:18:51.582371,1,2373,FRAME,84.228,333.804,-4.965,-0.594,190,204,,,
2026-09-27T16:18:51.595741,1,2374,FRAME,79.263,333.211,-4.965,-0.594,190,197,,,
2026-09-27T16:18:51.611681,1,2375,FRAME,74.299,332.617,-4.965,-0.594,190,204,,,
2026-09-27T16:18:51.631616,1,2376,FRAME,69.334,332.023,-4.965,-0.594,197,197,,,
2026-09-27T16:18:51.645353,1,2377,FRAME,64.37,331.429,-4.965,-0.594,204,204,,,
2026-09-27T16:18:51.662749,1,2378,FRAME,59.405,330.835,-4.965,-0.594,211,197,,,
2026-09-27T16:18:51.677082,1,2379,FRAME,54.44,330.242,-4.965,-0.594,218,204,,,
2026-09-27T16:18:51.694641,1,2380,FRAME,49.476,329.648,-4.965,-0.594,225,197,,,
2026-09-27T16:18:51.710094,1,2381,FRAME,44.511,329.054,-4.965,-0.594,232,204,,,
2026-09-27T16:18:51.729769,1,2382,FRAME,39.547,328.46,-4.965,-0.594,239,197,,,
2026-09-27T16:18:51.745414,1,2383,FRAME,34.582,327.866,-4.965,-0.594,246,204,,,
2026-09-27T16:18:51.756719,1,2384,LEFT_HIT,30,327.272,4.028,2.962,253,197,0.605,36.327,
2026-09-27T16:18:51.760323,1,2385,FRAME,30,327.272,4.028,2.962,253,197,,,
2026-09-27T16:18:51.777633,1,2386,FRAME,34.028,330.234,4.028,2.962,260,190,,,
2026-09-27T16:18:51.793303,1,2387,FRAME,38.056,333.196,4.028,2.962,267,183,,,
2026-09-27T16:18:51.809876,1,2388,FRAME,42.085,336.158,4.028,2.962,274,176,,,
2026-09-27T16:18:51.828345,1,2389,FRAME,46.113,339.12,4.028,2.962,281,169,,,
2026-09-27T16:18:51.842289,1,2390,FRAME,50.141,342.082,4.028,2.962,288,162,,,
2026-09-27T16:18:51.862279,1,2391,FRAME,54.169,345.044,4.028,2.962,295,155,,,
2026-09-27T16:18:51.875301,1,2392,FRAME,58.198,348.006,4.028,2.962,302,148,,,
2026-09-27T16:18:51.894596,1,2393,FRAME,62.226,350.968,4.028,2.962,309,141,,,
2026-09-27T16:18:51.910241,1,2394,FRAME,66.254,353.93,4.028,2.962,316,134,,,
2026-09-27T16:18:51.928315,1,2395,FRAME,70.282,356.892,4.028,2.962,323,127,,,
2026-09-27T16:18:51.947115,1,2396,FRAME,74.311,359.854,4.028,2.962,330,120,,,
2026-09-27T16:18:51.960682,1,2397,FRAME,78.339,362.816,4.028,2.962,337,113,,,
2026-09-27T16:18:51.976067,1,2398,FRAME,82.367,365.778,4.028,2.962,344,106,,,
2026-09-27T16:18:51.991354,1,2399,FRAME,86.395,368.74,4.028,2.962,351,99,,,
2026-09-27T16:18:52.006360,1,2400,FRAME,90.424,371.702,4.028,2.962,358,92,,,
2026-09-27T16:18:52.022413,1,2401,FRAME,94.452,374.664,4.028,2.962,365,85,,,
2026-09-27T16:18:52.038460,1,2402,FRAME,98.48,377.626,4.028,2.962,372,78,,,
2026-09-27T16:18:52.056572,1,2403,FRAME,102.508,380.588,4.028,2.962,379,71,,,
2026-09-27T16:18:52.073156,1,2404,FRAME,106.537,383.55,4.028,2.962,379,64,,,
2026-09-27T16:18:52.095033,1,2405,FRAME,110.565,386.512,4.028,2.962,379,57,,,
2026-09-27T16:18:52.107704,1,2406,FRAME,114.593,389.474,4.028,2.962,379,50,,,
2026-09-27T16:18:52.122243,1,2407,FRAME,118.621,392.436,4.028,2.962,379,43,,,
2026-09-27T16:18:52.139049,1,2408,FRAME,122.65,395.398,4.028,2.962,379,36,,,
2026-09-27T16:18:52.155088,1,2409,FRAME,126.678,398.359,4.028,2.962,379,29,,,
2026-09-27T16:18:52.171620,1,2410,FRAME,130.706,401.321,4.028,2.962,379,22,,,
2026-09-27T16:18:52.189844,1,2411,FRAME,134.734,404.283,4.028,2.962,379,15,,,
2026-09-27T16:18:52.202450,1,2412,FRAME,138.763,407.245,4.028,2.962,379,8,,,
2026-09-27T16:18:52.221226,1,2413,FRAME,142.791,410.207,4.028,2.962,379,1,,,
2026-09-27T16:18:52.236141,1,2414,FRAME,146.819,413.169,4.028,2.962,379,0,,,
2026-09-27T16:18:52.253674,1,2415,FRAME,150.847,416.131,4.028,2.962,379,0,,,
2026-09-27T16:18:52.274987,1,2416,FRAME,154.876,419.093,4.028,2.962,379,0,,,
2026-09-27T16:18:52.287604,1,2417,FRAME,158.904,422.055,4.028,2.962,379,0,,,
2026-09-27T16:18:52.305182,1,2418,FRAME,162.932,425.017,4.028,2.962,379,0,,,
2026-09-27T16:18:52.319933,1,2419,FRAME,166.96,427.979,4.028,2.962,379,0,,,
2026-09-27T16:18:52.337225,1,2420,FRAME,170.989,430.941,4.028,2.962,379,0,,,
2026-09-27T16:18:52.359333,1,2421,FRAME,175.017,433.903,4.028,2.962,379,0,,,
2026-09-27T16:18:52.370001,1,2422,FRAME,179.045,436.865,4.028,2.962,379,0,,,
2026-09-27T16:18:52.387259,1,2423,FRAME,183.073,439.827,4.028,2.962,379,0,,,
2026-09-27T16:18:52.403347,1,2424,FRAME,187.102,442.789,4.028,2.962,379,0,,,
2026-09-27T16:18:52.418569,1,2425,FRAME,191.13,445.751,4.028,2.962,379,0,,,
2026-09-27T16:18:52.434113,1,2426,FRAME,195.158,448.713,4.028,2.962,379,0,,,
2026-09-27T16:18:52.451435,1,2427,FRAME,199.186,451.675,4.028,2.962,379,0,,,
2026-09-27T16:18:52.469496,1,2428,FRAME,203.215,454.637,4.028,2.962,379,0,,,
2026-09-27T16:18:52.486035,1,2429,FRAME,207.243,457.599,4.028,2.962,379,0,,,
2026-09-27T16:18:52.501791,1,2430,FRAME,211.271,460.561,4.028,2.962,379,0,,,
2026-09-27T16:18:52.518832,1,2431,FRAME,215.299,463.523,4.028,2.962,379,0,,,
2026-09-27T16:18:52.534882,1,2432,FRAME,219.328,466.485,4.028,2.962,379,0,,,
2026-09-27T16:18:52.551962,1,2433,FRAME,223.356,469.447,4.028,2.962,379,0,,,
2026-09-27T16:18:52.567486,1,2434,FRAME,227.384,472.409,4.028,2.962,379,0,,,
2026-09-27T16:18:52.584582,1,2435,FRAME,231.412,475.37,4.028,2.962,379,0,,,
2026-09-27T16:18:52.604145,1,2436,FRAME,235.441,478.332,4.028,2.962,379,0,,,
2026-09-27T16:18:52.617028,1,2437,FRAME,239.469,481.294,4.028,2.962,379,0,,,
2026-09-27T16:18:52.636611,1,2438,FRAME,243.497,484.256,4.028,2.962,379,0,,,
2026-09-27T16:18:52.651662,1,2439,FRAME,247.525,487.218,4.028,2.962,379,0,,,
2026-09-27T16:18:52.666105,1,2440,WALL_BOUNCE,251.554,488,4.028,-2.962,379,0,,,
2026-09-27T16:18:52.669642,1,2441,FRAME,251.554,488,4.028,-2.962,379,0,,,
2026-09-27T16:18:52.687729,1,2442,FRAME,255.582,485.038,4.028,-2.962,379,0,,,
2026-09-27T16:18:52.702302,1,2443,FRAME,259.61,482.076,4.028,-2.962,379,0,,,
2026-09-27T16:18:52.719234,1,2444,FRAME,263.638,479.114,4.028,-2.962,379,0,,,
2026-09-27T16:18:52.734260,1,2445,FRAME,267.667,476.152,4.028,-2.962,379,0,,,
2026-09-27T16:18:52.750622,1,2446,FRAME,271.695,473.19,4.028,-2.962,379,0,,,
2026-09-27T16:18:52.767660,1,2447,FRAME,275.723,470.228,4.028,-2.962,379,0,,,
2026-09-27T16:18:52.785225,1,2448,FRAME,279.751,467.266,4.028,-2.962,379,0,,,
2026-09-27T16:18:52.802366,1,2449,FRAME,283.78,464.304,4.028,-2.962,379,0,,,
2026-09-27T16:18:52.818572,1,2450,FRAME,287.808,461.342,4.028,-2.962,379,0,,,
2026-09-27T16:18:52.834137,1,2451,FRAME,291.836,458.38,4.028,-2.962,379,0,,,
2026-09-27T16:18:52.851329,1,2452,FRAME,295.864,455.418,4.028,-2.962,379,0,,,
2026-09-27T16:18:52.868438,1,2453,FRAME,299.893,452.456,4.028,-2.962,379,0,,,
2026-09-27T16:18:52.885498,1,2454,FRAME,303.921,449.495,4.028,-2.962,379,0,,,
2026-09-27T16:18:52.899173,1,2455,FRAME,307.949,446.533,4.028,-2.962,379,0,,,
2026-09-27T16:18:52.918682,1,2456,FRAME,311.977,443.571,4.028,-2.962,379,0,,,
2026-09-27T16:18:52.932250,1,2457,FRAME,316.006,440.609,4.028,-2.962,379,0,,,
2026-09-27T16:18:52.952287,1,2458,FRAME,320.034,437.647,4.028,-2.962,379,0,,,
2026-09-27T16:18:52.965274,1,2459,FRAME,324.062,434.685,4.028,-2.962,379,0,,,
2026-09-27T16:18:52.982528,1,2460,FRAME,328.09,431.723,4.028,-2.962,379,0,,,
2026-09-27T16:18:53.002309,1,2461,FRAME,332.119,428.761,4.028,-2.962,379,0,,,
2026-09-27T16:18:53.014245,1,2462,FRAME,336.147,425.799,4.028,-2.962,379,0,,,
2026-09-27T16:18:53.032853,1,2463,FRAME,340.175,422.837,4.028,-2.962,379,0,,,
2026-09-27T16:18:53.047522,1,2464,FRAME,344.203,419.875,4.028,-2.962,379,0,,,
2026-09-27T16:18:53.068261,1,2465,FRAME,348.232,416.913,4.028,-2.962,379,0,,,
2026-09-27T16:18:53.084297,1,2466,FRAME,352.26,413.951,4.028,-2.962,379,0,,,
2026-09-27T16:18:53.098593,1,2467,FRAME,356.288,410.989,4.028,-2.962,379,0,,,
2026-09-27T16:18:53.117010,1,2468,FRAME,360.316,408.027,4.028,-2.962,379,0,,,
2026-09-27T16:18:53.130210,1,2469,FRAME,364.345,405.065,4.028,-2.962,379,0,,,
2026-09-27T16:18:53.149701,1,2470,FRAME,368.373,402.103,4.028,-2.962,379,0,,,
2026-09-27T16:18:53.162734,1,2471,FRAME,372.401,399.141,4.028,-2.962,379,0,,,
2026-09-27T16:18:53.181447,1,2472,FRAME,376.429,396.179,4.028,-2.962,379,0,,,
2026-09-27T16:18:53.197160,1,2473,FRAME,380.458,393.217,4.028,-2.962,379,0,,,
2026-09-27T16:18:53.213699,1,2474,FRAME,384.486,390.255,4.028,-2.962,379,0,,,
2026-09-27T16:18:53.231557,1,2475,FRAME,388.514,387.293,4.028,-2.962,379,0,,,
2026-09-27T16:18:53.246596,1,2476,FRAME,392.542,384.331,4.028,-2.962,379,0,,,
2026-09-27T16:18:53.268399,1,2477,FRAME,396.571,381.369,4.028,-2.962,379,0,,,
2026-09-27T16:18:53.286006,1,2478,FRAME,400.599,378.407,4.028,-2.962,379,0,,,
2026-09-27T16:18:53.300913,1,2479,FRAME,404.627,375.446,4.028,-2.962,379,0,,,
2026-09-27T16:18:53.316310,1,2480,FRAME,408.655,372.484,4.028,-2.962,379,0,,,
2026-09-27T16:18:53.329493,1,2481,FRAME,412.684,369.522,4.028,-2.962,379,0,,,
2026-09-27T16:18:53.346405,1,2482,FRAME,416.712,366.56,4.028,-2.962,379,0,,,
2026-09-27T16:18:53.362801,1,2483,FRAME,420.74,363.598,4.028,-2.962,379,0,,,
2026-09-27T16:18:53.380387,1,2484,FRAME,424.768,360.636,4.028,-2.962,379,0,,,
2026-09-27T16:18:53.395974,1,2485,FRAME,428.797,357.674,4.028,-2.962,379,0,,,
2026-09-27T16:18:53.413100,1,2486,FRAME,432.825,354.712,4.028,-2.962,379,0,,,
2026-09-27T16:18:53.431388,1,2487,FRAME,436.853,351.75,4.028,-2.962,379,0,,,
2026-09-27T16:18:53.445457,1,2488,FRAME,440.881,348.788,4.028,-2.962,379,0,,,
2026-09-27T16:18:53.461966,1,2489,FRAME,444.91,345.826,4.028,-2.962,379,0,,,
2026-09-27T16:18:53.480606,1,2490,FRAME,448.938,342.864,4.028,-2.962,379,0,,,
2026-09-27T16:18:53.496235,1,2491,FRAME,452.966,339.902,4.028,-2.962,379,0,,,
2026-09-27T16:18:53.511482,1,2492,FRAME,456.994,336.94,4.028,-2.962,379,0,,,
2026-09-27T16:18:53.528294,1,2493,FRAME,461.023,333.978,4.028,-2.962,379,0,,,
2026-09-27T16:18:53.543164,1,2494,FRAME,465.051,331.016,4.028,-2.962,379,0,,,
2026-09-27T16:18:53.564266,1,2495,FRAME,469.079,328.054,4.028,-2.962,379,0,,,
2026-09-27T16:18:53.577062,1,2496,FRAME,473.107,325.092,4.028,-2.962,379,0,,,
2026-09-27T16:18:53.593886,1,2497,FRAME,477.136,322.13,4.028,-2.962,379,0,,,
2026-09-27T16:18:53.613861,1,2498,FRAME,481.164,319.168,4.028,-2.962,379,0,,,
2026-09-27T16:18:53.629662,1,2499,FRAME,485.192,316.206,4.028,-2.962,379,0,,,
2026-09-27T16:18:53.646839,1,2500,FRAME,489.22,313.244,4.028,-2.962,379,0,,,
2026-09-27T16:18:53.665198,1,2501,FRAME,493.249,310.282,4.028,-2.962,379,0,,,
2026-09-27T16:18:53.682408,1,2502,FRAME,497.277,307.32,4.028,-2.962,379,0,,,
2026-09-27T16:18:53.694553,1,2503,FRAME,501.305,304.358,4.028,-2.962,379,0,,,
2026-09-27T16:18:53.712520,1,2504,FRAME,505.333,301.396,4.028,-2.962,379,0,,,
2026-09-27T16:18:53.727559,1,2505,FRAME,509.362,298.435,4.028,-2.962,379,0,,,
2026-09-27T16:18:53.745332,1,2506,FRAME,513.39,295.473,4.028,-2.962,379,0,,,
2026-09-27T16:18:53.762550,1,2507,FRAME,517.418,292.511,4.028,-2.962,379,0,,,
2026-09-27T16:18:53.777131,1,2508,FRAME,521.446,289.549,4.028,-2.962,379,0,,,
2026-09-27T16:18:53.800523,1,2509,FRAME,525.475,286.587,4.028,-2.962,379,0,,,
2026-09-27T16:18:53.813046,1,2510,FRAME,529.503,283.625,4.028,-2.962,379,0,,,
2026-09-27T16:18:53.830077,1,2511,FRAME,533.531,280.663,4.028,-2.962,379,0,,,
2026-09-27T16:18:53.845365,1,2512,FRAME,537.559,277.701,4.028,-2.962,379,0,,,
2026-09-27T16:18:53.861034,1,2513,FRAME,541.588,274.739,4.028,-2.962,379,0,,,
2026-09-27T16:18:53.879662,1,2514,FRAME,545.616,271.777,4.028,-2.962,379,0,,,
2026-09-27T16:18:53.899212,1,2515,FRAME,549.644,268.815,4.028,-2.962,379,0,,,
2026-09-27T16:18:53.911416,1,2516,FRAME,553.672,265.853,4.028,-2.962,379,0,,,
2026-09-27T16:18:53.930488,1,2517,FRAME,557.701,262.891,4.028,-2.962,379,0,,,
2026-09-27T16:18:53.942645,1,2518,FRAME,561.729,259.929,4.028,-2.962,379,0,,,
2026-09-27T16:18:53.960689,1,2519,FRAME,565.757,256.967,4.028,-2.962,379,0,,,
2026-09-27T16:18:53.978452,1,2520,FRAME,569.785,254.005,4.028,-2.962,379,0,,,
2026-09-27T16:18:53.994006,1,2521,FRAME,573.814,251.043,4.028,-2.962,379,0,,,
2026-09-27T16:18:54.009255,1,2522,FRAME,577.842,248.081,4.028,-2.962,379,0,,,
2026-09-27T16:18:54.025408,1,2523,FRAME,581.87,245.119,4.028,-2.962,379,0,,,
2026-09-27T16:18:54.044108,1,2524,FRAME,585.898,242.157,4.028,-2.962,379,0,,,
2026-09-27T16:18:54.058630,1,2525,FRAME,589.927,239.195,4.028,-2.962,379,0,,,
2026-09-27T16:18:54.075726,1,2526,FRAME,593.955,236.233,4.028,-2.962,379,0,,,
2026-09-27T16:18:54.096598,1,2527,FRAME,597.983,233.271,4.028,-2.962,379,0,,,
2026-09-27T16:18:54.108733,1,2528,FRAME,602.011,230.309,4.028,-2.962,379,0,,,
2026-09-27T16:18:54.124877,1,2529,FRAME,606.04,227.347,4.028,-2.962,379,0,,,
2026-09-27T16:18:54.142886,1,2530,FRAME,610.068,224.386,4.028,-2.962,379,0,,,
2026-09-27T16:18:54.162492,1,2531,FRAME,614.096,221.424,4.028,-2.962,379,0,,,
2026-09-27T16:18:54.177261,1,2532,FRAME,618.124,218.462,4.028,-2.962,379,0,,,
2026-09-27T16:18:54.194304,1,2533,FRAME,622.153,215.5,4.028,-2.962,379,0,,,
2026-09-27T16:18:54.212002,1,2534,FRAME,626.181,212.538,4.028,-2.962,379,0,,,
2026-09-27T16:18:54.226114,1,2535,FRAME,630.209,209.576,4.028,-2.962,379,0,,,
2026-09-27T16:18:54.242712,1,2536,FRAME,634.237,206.614,4.028,-2.962,379,0,,,
2026-09-27T16:18:54.260227,1,2537,FRAME,638.266,203.652,4.028,-2.962,379,0,,,
2026-09-27T16:18:54.281322,1,2538,FRAME,642.294,200.69,4.028,-2.962,379,0,,,
2026-09-27T16:18:54.297390,1,2539,FRAME,646.322,197.728,4.028,-2.962,379,0,,,
2026-09-27T16:18:54.309102,1,2540,FRAME,650.35,194.766,4.028,-2.962,379,0,,,
2026-09-27T16:18:54.327623,1,2541,FRAME,654.379,191.804,4.028,-2.962,379,0,,,
2026-09-27T16:18:54.341942,1,2542,FRAME,658.407,188.842,4.028,-2.962,379,0,,,
2026-09-27T16:18:54.365141,1,2543,FRAME,662.435,185.88,4.028,-2.962,379,0,,,
2026-09-27T16:18:54.376391,1,2544,FRAME,666.463,182.918,4.028,-2.962,379,0,,,
2026-09-27T16:18:54.394201,1,2545,FRAME,670.492,179.956,4.028,-2.962,379,0,,,
2026-09-27T16:18:54.410751,1,2546,FRAME,674.52,176.994,4.028,-2.962,379,0,,,
2026-09-27T16:18:54.430315,1,2547,FRAME,678.548,174.032,4.028,-2.962,379,0,,,
2026-09-27T16:18:54.444383,1,2548,FRAME,682.576,171.07,4.028,-2.962,379,0,,,
2026-09-27T16:18:54.462286,1,2549,FRAME,686.605,168.108,4.028,-2.962,379,0,,,
2026-09-27T16:18:54.482265,1,2550,FRAME,690.633,165.146,4.028,-2.962,379,0,,,
2026-09-27T16:18:54.498702,1,2551,FRAME,694.661,162.184,4.028,-2.962,379,0,,,
2026-09-27T16:18:54.512273,1,2552,FRAME,698.689,159.222,4.028,-2.962,379,0,,,
2026-09-27T16:18:54.530438,1,2553,FRAME,702.718,156.26,4.028,-2.962,379,0,,,
2026-09-27T16:18:54.545281,1,2554,FRAME,706.746,153.298,4.028,-2.962,379,0,,,
2026-09-27T16:18:54.565335,1,2555,FRAME,710.774,150.337,4.028,-2.962,379,0,,,
2026-09-27T16:18:54.578016,1,2556,FRAME,714.802,147.375,4.028,-2.962,379,0,,,
2026-09-27T16:18:54.595165,1,2557,FRAME,718.831,144.413,4.028,-2.962,379,0,,,
2026-09-27T16:18:54.616926,1,2558,FRAME,722.859,141.451,4.028,-2.962,379,0,,,
2026-09-27T16:18:54.631554,1,2559,FRAME,726.887,138.489,4.028,-2.962,379,0,,,
2026-09-27T16:18:54.645086,1,2560,FRAME,730.915,135.527,4.028,-2.962,379,0,,,
2026-09-27T16:18:54.661788,1,2561,FRAME,734.944,132.565,4.028,-2.962,379,0,,,
2026-09-27T16:18:54.677565,1,2562,FRAME,738.972,129.603,4.028,-2.962,379,0,,,
2026-09-27T16:18:54.693911,1,2563,FRAME,743.0,126.641,4.028,-2.962,379,0,,,
2026-09-27T16:18:54.709858,1,2564,FRAME,747.028,123.679,4.028,-2.962,379,0,,,
2026-09-27T16:18:54.729715,1,2565,FRAME,751.057,120.717,4.028,-2.962,379,0,,,
2026-09-27T16:18:54.743234,1,2566,FRAME,755.085,117.755,4.028,-2.962,379,0,,,
2026-09-27T16:18:54.759048,1,2567,FRAME,759.113,114.793,4.028,-2.962,379,0,,,
2026-09-27T16:18:54.776065,1,2568,FRAME,763.141,111.831,4.028,-2.962,379,0,,,
2026-09-27T16:18:54.792111,1,2569,FRAME,767.17,108.869,4.028,-2.962,379,0,,,
2026-09-27T16:18:54.810160,1,2570,FRAME,771.198,105.907,4.028,-2.962,379,0,,,
2026-09-27T16:18:54.827341,1,2571,FRAME,775.226,102.945,4.028,-2.962,379,0,,,
2026-09-27T16:18:54.844548,1,2572,FRAME,779.254,99.983,4.028,-2.962,379,0,,,
2026-09-27T16:18:54.863364,1,2573,FRAME,783.283,97.021,4.028,-2.962,379,0,,,
2026-09-27T16:18:54.875246,1,2574,FRAME,787.311,94.059,4.028,-2.962,379,0,,,
2026-09-27T16:18:54.894390,1,2575,FRAME,791.339,91.097,4.028,-2.962,379,0,,,
2026-09-27T16:18:54.910081,1,2576,FRAME,795.367,88.135,4.028,-2.962,379,0,,,
2026-09-27T16:18:54.926613,1,2577,FRAME,799.396,85.173,4.028,-2.962,379,0,,,
2026-09-27T16:18:54.946214,1,2578,FRAME,803.424,82.211,4.028,-2.962,379,0,,,
2026-09-27T16:18:54.959897,1,2579,FRAME,807.452,79.249,4.028,-2.962,379,0,,,
2026-09-27T16:18:54.978362,1,2580,FRAME,811.48,76.288,4.028,-2.962,379,0,,,
2026-09-27T16:18:54.992901,1,2581,FRAME,815.509,73.326,4.028,-2.962,379,0,,,
2026-09-27T16:18:55.011543,1,2582,FRAME,819.537,70.364,4.028,-2.962,379,0,,,
2026-09-27T16:18:55.025259,1,2583,FRAME,823.565,67.402,4.028,-2.962,379,0,,,
2026-09-27T16:18:55.043288,1,2584,FRAME,827.593,64.44,4.028,-2.962,379,0,,,
2026-09-27T16:18:55.062361,1,2585,FRAME,831.622,61.478,4.028,-2.962,379,0,,,
2026-09-27T16:18:55.076429,1,2586,FRAME,835.65,58.516,4.028,-2.962,379,0,,,
2026-09-27T16:18:55.092315,1,2587,FRAME,839.678,55.554,4.028,-2.962,379,0,,,
2026-09-27T16:18:55.108490,1,2588,FRAME,843.706,52.592,4.028,-2.962,379,0,,,
2026-09-27T16:18:55.125116,1,2589,FRAME,847.735,49.63,4.028,-2.962,379,0,,,
2026-09-27T16:18:55.142940,1,2590,FRAME,851.763,46.668,4.028,-2.962,379,0,,,
2026-09-27T16:18:55.159484,1,2591,FRAME,855.791,43.706,4.028,-2.962,379,0,,,
2026-09-27T16:18:55.176508,1,2592,FRAME,859.819,40.744,4.028,-2.962,379,0,,,
2026-09-27T16:18:55.192560,1,2593,FRAME,863.848,37.782,4.028,-2.962,379,0,,,
2026-09-27T16:18:55.212367,1,2594,FRAME,867.876,34.82,4.028,-2.962,379,0,,,
2026-09-27T16:18:55.225986,1,2595,FRAME,871.904,31.858,4.028,-2.962,379,0,,,
2026-09-27T16:18:55.243226,1,2596,FRAME,875.932,28.896,4.028,-2.962,379,0,,,
2026-09-27T16:18:55.261013,1,2597,FRAME,879.961,25.934,4.028,-2.962,379,0,,,
2026-09-27T16:18:55.275745,1,2598,FRAME,883.989,22.972,4.028,-2.962,379,0,,,
2026-09-27T16:18:55.292785,1,2599,FRAME,888.017,20.01,4.028,-2.962,379,0,,,
2026-09-27T16:18:55.309524,1,2600,FRAME,892.045,17.048,4.028,-2.962,379,0,,,
2026-09-27T16:18:55.325083,1,2601,FRAME,896.074,14.086,4.028,-2.962,379,0,,,
2026-09-27T16:18:55.343279,1,2602,FRAME,900.102,11.124,4.028,-2.962,379,0,,,
2026-09-27T16:18:55.364521,1,2603,FRAME,904.13,8.162,4.028,-2.962,379,0,,,
2026-09-27T16:18:55.377552,1,2604,FRAME,908.158,5.2,4.028,-2.962,379,0,,,
2026-09-27T16:18:55.391096,1,2605,FRAME,912.187,2.239,4.028,-2.962,379,0,,,
2026-09-27T16:18:55.404661,1,2606,WALL_BOUNCE,916.215,0,4.028,2.962,379,0,,,
2026-09-27T16:18:55.407663,1,2607,FRAME,916.215,0,4.028,2.962,379,0,,,
2026-09-27T16:18:55.423851,1,2608,FRAME,920.243,2.962,4.028,2.962,379,0,,,
2026-09-27T16:18:55.442445,1,2609,FRAME,924.271,5.924,4.028,2.962,379,0,,,
2026-09-27T16:18:55.458613,1,2610,FRAME,928.3,8.886,4.028,2.962,379,0,,,
2026-09-27T16:18:55.474604,1,2611,FRAME,932.328,11.848,4.028,2.962,379,0,,,
2026-09-27T16:18:55.491999,1,2612,FRAME,936.356,14.81,4.028,2.962,379,0,,,
2026-09-27T16:18:55.507068,1,2613,FRAME,940.384,17.772,4.028,2.962,379,0,,,
2026-09-27T16:18:55.525693,1,2614,FRAME,944.413,20.734,4.028,2.962,379,0,,,
2026-09-27T16:18:55.540057,1,2615,FRAME,948.441,23.696,4.028,2.962,379,0,,,
2026-09-27T16:18:55.557294,1,2616,FRAME,952.469,26.658,4.028,2.962,379,0,,,
2026-09-27T16:18:55.573411,1,2617,FRAME,956.497,29.62,4.028,2.962,379,0,,,
2026-09-27T16:18:55.588211,1,2618,RIGHT_HIT,958,32.582,-4.858,-1.184,379,0,-0.228,-13.702,
2026-09-27T16:18:55.591298,1,2619,FRAME,958,32.582,-4.858,-1.184,379,0,,,
2026-09-27T16:18:55.609766,1,2620,FRAME,953.142,31.397,-4.858,-1.184,379,7,,,
2026-09-27T16:18:55.624273,1,2621,FRAME,948.285,30.213,-4.858,-1.184,379,14,,,
2026-09-27T16:18:55.641615,1,2622,FRAME,943.427,29.028,-4.858,-1.184,379,21,,,
2026-09-27T16:18:55.663849,1,2623,FRAME,938.569,27.844,-4.858,-1.184,379,28,,,
2026-09-27T16:18:55.677370,1,2624,FRAME,933.711,26.66,-4.858,-1.184,379,35,,,
2026-09-27T16:18:55.692775,1,2625,FRAME,928.854,25.475,-4.858,-1.184,379,42,,,
2026-09-27T16:18:55.709346,1,2626,FRAME,923.996,24.291,-4.858,-1.184,379,49,,,
2026-09-27T16:18:55.728656,1,2627,FRAME,919.138,23.107,-4.858,-1.184,379,56,,,
2026-09-27T16:18:55.744200,1,2628,FRAME,914.281,21.922,-4.858,-1.184,379,63,,,
2026-09-27T16:18:55.760602,1,2629,FRAME,909.423,20.738,-4.858,-1.184,379,70,,,
2026-09-27T16:18:55.777681,1,2630,FRAME,904.565,19.553,-4.858,-1.184,379,77,,,
2026-09-27T16:18:55.793355,1,2631,FRAME,899.708,18.369,-4.858,-1.184,379,84,,,
2026-09-27T16:18:55.811463,1,2632,FRAME,894.85,17.185,-4.858,-1.184,379,91,,,
2026-09-27T16:18:55.828620,1,2633,FRAME,889.992,16.0,-4.858,-1.184,379,98,,,
2026-09-27T16:18:55.845111,1,2634,FRAME,885.134,14.816,-4.858,-1.184,379,105,,,
2026-09-27T16:18:55.861126,1,2635,FRAME,880.277,13.632,-4.858,-1.184,379,112,,,
2026-09-27T16:18:55.876796,1,2636,FRAME,875.419,12.447,-4.858,-1.184,379,119,,,
2026-09-27T16:18:55.896170,1,2637,FRAME,870.561,11.263,-4.858,-1.184,379,126,,,
2026-09-27T16:18:55.911496,1,2638,FRAME,865.704,10.079,-4.858,-1.184,379,133,,,
2026-09-27T16:18:55.928598,1,2639,FRAME,860.846,8.894,-4.858,-1.184,379,140,,,
2026-09-27T16:18:55.943323,1,2640,FRAME,855.988,7.71,-4.858,-1.184,379,147,,,
2026-09-27T16:18:55.959376,1,2641,FRAME,851.131,6.525,-4.858,-1.184,379,154,,,
2026-09-27T16:18:55.976732,1,2642,FRAME,846.273,5.341,-4.858,-1.184,379,161,,,
2026-09-27T16:18:55.993959,1,2643,FRAME,841.415,4.157,-4.858,-1.184,379,168,,,
2026-09-27T16:18:56.016916,1,2644,FRAME,836.557,2.972,-4.858,-1.184,379,175,,,
2026-09-27T16:18:56.029485,1,2645,FRAME,831.7,1.788,-4.858,-1.184,379,182,,,
2026-09-27T16:18:56.042545,1,2646,FRAME,826.842,0.604,-4.858,-1.184,379,189,,,
2026-09-27T16:18:56.058207,1,2647,WALL_BOUNCE,821.984,0,-4.858,1.184,379,196,,,
2026-09-27T16:18:56.062213,1,2648,FRAME,821.984,0,-4.858,1.184,379,196,,,
2026-09-27T16:18:56.076785,1,2649,FRAME,817.127,1.184,-4.858,1.184,379,203,,,
2026-09-27T16:18:56.100837,1,2650,FRAME,812.269,2.369,-4.858,1.184,379,196,,,
2026-09-27T16:18:56.109000,1,2651,FRAME,807.411,3.553,-4.858,1.184,379,203,,,
2026-09-27T16:18:56.126517,1,2652,FRAME,802.554,4.737,-4.858,1.184,379,196,,,
2026-09-27T16:18:56.142227,1,2653,FRAME,797.696,5.922,-4.858,1.184,379,203,,,
2026-09-27T16:18:56.158174,1,2654,FRAME,792.838,7.106,-4.858,1.184,379,196,,,
2026-09-27T16:18:56.174369,1,2655,FRAME,787.98,8.291,-4.858,1.184,379,203,,,
2026-09-27T16:18:56.191892,1,2656,FRAME,783.123,9.475,-4.858,1.184,379,196,,,
2026-09-27T16:18:56.207420,1,2657,FRAME,778.265,10.659,-4.858,1.184,379,203,,,
2026-09-27T16:18:56.224004,1,2658,FRAME,773.407,11.844,-4.858,1.184,379,196,,,
2026-09-27T16:18:56.239542,1,2659,FRAME,768.55,13.028,-4.858,1.184,379,203,,,
2026-09-27T16:18:56.256120,1,2660,FRAME,763.692,14.212,-4.858,1.184,379,196,,,
2026-09-27T16:18:56.272666,1,2661,FRAME,758.834,15.397,-4.858,1.184,379,203,,,
2026-09-27T16:18:56.296307,1,2662,FRAME,753.977,16.581,-4.858,1.184,379,196,,,
2026-09-27T16:18:56.312560,1,2663,FRAME,749.119,17.766,-4.858,1.184,379,203,,,
2026-09-27T16:18:56.324862,1,2664,FRAME,744.261,18.95,-4.858,1.184,379,196,,,
2026-09-27T16:18:56.341739,1,2665,FRAME,739.403,20.134,-4.858,1.184,379,203,,,
2026-09-27T16:18:56.356930,1,2666,FRAME,734.546,21.319,-4.858,1.184,379,196,,,
2026-09-27T16:18:56.375209,1,2667,FRAME,729.688,22.503,-4.858,1.184,379,203,,,
2026-09-27T16:18:56.389409,1,2668,FRAME,724.83,23.687,-4.858,1.184,379,196,,,
2026-09-27T16:18:56.409551,1,2669,FRAME,719.973,24.872,-4.858,1.184,379,203,,,
2026-09-27T16:18:56.426651,1,2670,FRAME,715.115,26.056,-4.858,1.184,379,196,,,
2026-09-27T16:18:56.442261,1,2671,FRAME,710.257,27.241,-4.858,1.184,379,203,,,
2026-09-27T16:18:56.458788,1,2672,FRAME,705.4,28.425,-4.858,1.184,379,196,,,
2026-09-27T16:18:56.474371,1,2673,FRAME,700.542,29.609,-4.858,1.184,379,203,,,
2026-09-27T16:18:56.490138,1,2674,FRAME,695.684,30.794,-4.858,1.184,379,196,,,
2026-09-27T16:18:56.507292,1,2675,FRAME,690.826,31.978,-4.858,1.184,379,203,,,
2026-09-27T16:18:56.522427,1,2676,FRAME,685.969,33.162,-4.858,1.184,379,196,,,
2026-09-27T16:18:56.540426,1,2677,FRAME,681.111,34.347,-4.858,1.184,379,203,,,
2026-09-27T16:18:56.558077,1,2678,FRAME,676.253,35.531,-4.858,1.184,379,196,,,
2026-09-27T16:18:56.571697,1,2679,FRAME,671.396,36.715,-4.858,1.184,379,203,,,
2026-09-27T16:18:56.592485,1,2680,FRAME,666.538,37.9,-4.858,1.184,379,196,,,
2026-09-27T16:18:56.605514,1,2681,FRAME,661.68,39.084,-4.858,1.184,379,203,,,
2026-09-27T16:18:56.622222,1,2682,FRAME,656.822,40.269,-4.858,1.184,379,196,,,
2026-09-27T16:18:56.638399,1,2683,FRAME,651.965,41.453,-4.858,1.184,379,203,,,
2026-09-27T16:18:56.656468,1,2684,FRAME,647.107,42.637,-4.858,1.184,379,196,,,
2026-09-27T16:18:56.674586,1,2685,FRAME,642.249,43.822,-4.858,1.184,379,203,,,
2026-09-27T16:18:56.687127,1,2686,FRAME,637.392,45.006,-4.858,1.184,379,196,,,
2026-09-27T16:18:56.705247,1,2687,FRAME,632.534,46.19,-4.858,1.184,379,203,,,
2026-09-27T16:18:56.722325,1,2688,FRAME,627.676,47.375,-4.858,1.184,379,196,,,
2026-09-27T16:18:56.740244,1,2689,FRAME,622.819,48.559,-4.858,1.184,379,203,,,
2026-09-27T16:18:56.757050,1,2690,FRAME,617.961,49.744,-4.858,1.184,379,196,,,
2026-09-27T16:18:56.771420,1,2691,FRAME,613.103,50.928,-4.858,1.184,379,203,,,
2026-09-27T16:18:56.790246,1,2692,FRAME,608.245,52.112,-4.858,1.184,379,196,,,
2026-09-27T16:18:56.808319,1,2693,FRAME,603.388,53.297,-4.858,1.184,379,203,,,
2026-09-27T16:18:56.822661,1,2694,FRAME,598.53,54.481,-4.858,1.184,379,196,,,
2026-09-27T16:18:56.838179,1,2695,FRAME,593.672,55.665,-4.858,1.184,379,203,,,
2026-09-27T16:18:56.854149,1,2696,FRAME,588.815,56.85,-4.858,1.184,379,196,,,
2026-09-27T16:18:56.874861,1,2697,FRAME,583.957,58.034,-4.858,1.184,379,203,,,
2026-09-27T16:18:56.888305,1,2698,FRAME,579.099,59.219,-4.858,1.184,379,196,,,
2026-09-27T16:18:56.905282,1,2699,FRAME,574.242,60.403,-4.858,1.184,379,203,,,
2026-09-27T16:18:56.922312,1,2700,FRAME,569.384,61.587,-4.858,1.184,379,196,,,
2026-09-27T16:18:56.939989,1,2701,FRAME,564.526,62.772,-4.858,1.184,379,203,,,
2026-09-27T16:18:56.957170,1,2702,FRAME,559.668,63.956,-4.858,1.184,379,196,,,
2026-09-27T16:18:56.970412,1,2703,FRAME,554.811,65.14,-4.858,1.184,379,203,,,
2026-09-27T16:18:56.990648,1,2704,FRAME,549.953,66.325,-4.858,1.184,379,196,,,
2026-09-27T16:18:57.005250,1,2705,FRAME,545.095,67.509,-4.858,1.184,379,203,,,
2026-09-27T16:18:57.021498,1,2706,FRAME,540.238,68.694,-4.858,1.184,379,196,,,
2026-09-27T16:18:57.037043,1,2707,FRAME,535.38,69.878,-4.858,1.184,379,203,,,
2026-09-27T16:18:57.053803,1,2708,FRAME,530.522,71.062,-4.858,1.184,379,196,,,
2026-09-27T16:18:57.074124,1,2709,FRAME,525.665,72.247,-4.858,1.184,379,203,,,
2026-09-27T16:18:57.088701,1,2710,FRAME,520.807,73.431,-4.858,1.184,379,196,,,
2026-09-27T16:18:57.106079,1,2711,FRAME,515.949,74.615,-4.858,1.184,379,203,,,
2026-09-27T16:18:57.122703,1,2712,FRAME,511.091,75.8,-4.858,1.184,379,196,,,
2026-09-27T16:18:57.137364,1,2713,FRAME,506.234,76.984,-4.858,1.184,379,203,,,
2026-09-27T16:18:57.155399,1,2714,FRAME,501.376,78.168,-4.858,1.184,379,196,,,
2026-09-27T16:18:57.170452,1,2715,FRAME,496.518,79.353,-4.858,1.184,379,203,,,
2026-09-27T16:18:57.188012,1,2716,FRAME,491.661,80.537,-4.858,1.184,379,196,,,
2026-09-27T16:18:57.203540,1,2717,FRAME,486.803,81.722,-4.858,1.184,379,203,,,
2026-09-27T16:18:57.219388,1,2718,FRAME,481.945,82.906,-4.858,1.184,379,196,,,
2026-09-27T16:18:57.236935,1,2719,FRAME,477.088,84.09,-4.858,1.184,379,203,,,
2026-09-27T16:18:57.252488,1,2720,FRAME,472.23,85.275,-4.858,1.184,379,196,,,
2026-09-27T16:18:57.267652,1,2721,FRAME,467.372,86.459,-4.858,1.184,379,203,,,
2026-09-27T16:18:57.285212,1,2722,FRAME,462.514,87.643,-4.858,1.184,379,196,,,
2026-09-27T16:18:57.299452,1,2723,FRAME,457.657,88.828,-4.858,1.184,379,203,,,
2026-09-27T16:18:57.318506,1,2724,FRAME,452.799,90.012,-4.858,1.184,379,196,,,
2026-09-27T16:18:57.334036,1,2725,FRAME,447.941,91.197,-4.858,1.184,379,203,,,
2026-09-27T16:18:57.349700,1,2726,FRAME,443.084,92.381,-4.858,1.184,379,196,,,
2026-09-27T16:18:57.366778,1,2727,FRAME,438.226,93.565,-4.858,1.184,379,203,,,
2026-09-27T16:18:57.384224,1,2728,FRAME,433.368,94.75,-4.858,1.184,379,196,,,
2026-09-27T16:18:57.404344,1,2729,FRAME,428.511,95.934,-4.858,1.184,379,203,,,
2026-09-27T16:18:57.416932,1,2730,FRAME,423.653,97.118,-4.858,1.184,379,196,,,
2026-09-27T16:18:57.435025,1,2731,FRAME,418.795,98.303,-4.858,1.184,379,203,,,
2026-09-27T16:18:57.452494,1,2732,FRAME,413.937,99.487,-4.858,1.184,379,196,,,
2026-09-27T16:18:57.466950,1,2733,FRAME,409.08,100.672,-4.858,1.184,379,203,,,
2026-09-27T16:18:57.488606,1,2734,FRAME,404.222,101.856,-4.858,1.184,379,196,,,
2026-09-27T16:18:57.500730,1,2735,FRAME,399.364,103.04,-4.858,1.184,379,203,,,
2026-09-27T16:18:57.516234,1,2736,FRAME,394.507,104.225,-4.858,1.184,379,196,,,
2026-09-27T16:18:57.534645,1,2737,FRAME,389.649,105.409,-4.858,1.184,379,203,,,
2026-09-27T16:18:57.549206,1,2738,FRAME,384.791,106.593,-4.858,1.184,379,196,,,
2026-09-27T16:18:57.570975,1,2739,FRAME,379.933,107.778,-4.858,1.184,379,203,,,
2026-09-27T16:18:57.583288,1,2740,FRAME,375.076,108.962,-4.858,1.184,379,196,,,
2026-09-27T16:18:57.599878,1,2741,FRAME,370.218,110.146,-4.858,1.184,379,203,,,
2026-09-27T16:18:57.619437,1,2742,FRAME,365.36,111.331,-4.858,1.184,379,196,,,
2026-09-27T16:18:57.633327,1,2743,FRAME,360.503,112.515,-4.858,1.184,379,203,,,
2026-09-27T16:18:57.653213,1,2744,FRAME,355.645,113.7,-4.858,1.184,379,196,,,
2026-09-27T16:18:57.667476,1,2745,FRAME,350.787,114.884,-4.858,1.184,379,203,,,
2026-09-27T16:18:57.688465,1,2746,FRAME,345.93,116.068,-4.858,1.184,379,196,,,
2026-09-27T16:18:57.700682,1,2747,FRAME,341.072,117.253,-4.858,1.184,379,203,,,
2026-09-27T16:18:57.719580,1,2748,FRAME,336.214,118.437,-4.858,1.184,379,196,,,
2026-09-27T16:18:57.732514,1,2749,FRAME,331.356,119.621,-4.858,1.184,379,203,,,
2026-09-27T16:18:57.749158,1,2750,FRAME,326.499,120.806,-4.858,1.184,379,196,,,
2026-09-27T16:18:57.770187,1,2751,FRAME,321.641,121.99,-4.858,1.184,379,203,,,
2026-09-27T16:18:57.784360,1,2752,FRAME,316.783,123.175,-4.858,1.184,379,196,,,
2026-09-27T16:18:57.801400,1,2753,FRAME,311.926,124.359,-4.858,1.184,379,203,,,
2026-09-27T16:18:57.820637,1,2754,FRAME,307.068,125.543,-4.858,1.184,379,196,,,
2026-09-27T16:18:57.840774,1,2755,FRAME,302.21,126.728,-4.858,1.184,379,203,,,
2026-09-27T16:18:57.851673,1,2756,FRAME,297.353,127.912,-4.858,1.184,379,196,,,
2026-09-27T16:18:57.871580,1,2757,FRAME,292.495,129.096,-4.858,1.184,379,203,,,
2026-09-27T16:18:57.884101,1,2758,FRAME,287.637,130.281,-4.858,1.184,379,196,,,
2026-09-27T16:18:57.901131,1,2759,FRAME,282.779,131.465,-4.858,1.184,379,203,,,
2026-09-27T16:18:57.918688,1,2760,FRAME,277.922,132.65,-4.858,1.184,372,196,,,
2026-09-27T16:18:57.934150,1,2761,FRAME,273.064,133.834,-4.858,1.184,365,203,,,
2026-09-27T16:18:57.950432,1,2762,FRAME,268.206,135.018,-4.858,1.184,358,196,,,
2026-09-27T16:18:57.968115,1,2763,FRAME,263.349,136.203,-4.858,1.184,351,203,,,
2026-09-27T16:18:57.985461,1,2764,FRAME,258.491,137.387,-4.858,1.184,344,196,,,
2026-09-27T16:18:58.001007,1,2765,FRAME,253.633,138.571,-4.858,1.184,337,203,,,
2026-09-27T16:18:58.018530,1,2766,FRAME,248.776,139.756,-4.858,1.184,330,196,,,
2026-09-27T16:18:58.036279,1,2767,FRAME,243.918,140.94,-4.858,1.184,323,203,,,
2026-09-27T16:18:58.052007,1,2768,FRAME,239.06,142.124,-4.858,1.184,316,196,,,
2026-09-27T16:18:58.069770,1,2769,FRAME,234.202,143.309,-4.858,1.184,316,203,,,
2026-09-27T16:18:58.088775,1,2770,FRAME,229.345,144.493,-4.858,1.184,316,196,,,
2026-09-27T16:18:58.103112,1,2771,FRAME,224.487,145.678,-4.858,1.184,316,203,,,
2026-09-27T16:18:58.120161,1,2772,FRAME,219.629,146.862,-4.858,1.184,316,196,,,
2026-09-27T16:18:58.135666,1,2773,FRAME,214.772,148.046,-4.858,1.184,316,203,,,
2026-09-27T16:18:58.156245,1,2774,FRAME,209.914,149.231,-4.858,1.184,316,196,,,
2026-09-27T16:18:58.169566,1,2775,FRAME,205.056,150.415,-4.858,1.184,316,203,,,
2026-09-27T16:18:58.185110,1,2776,FRAME,200.199,151.599,-4.858,1.184,316,196,,,
2026-09-27T16:18:58.201296,1,2777,FRAME,195.341,152.784,-4.858,1.184,316,203,,,
2026-09-27T16:18:58.217589,1,2778,FRAME,190.483,153.968,-4.858,1.184,316,196,,,
2026-09-27T16:18:58.240174,1,2779,FRAME,185.625,155.153,-4.858,1.184,316,203,,,
2026-09-27T16:18:58.250688,1,2780,FRAME,180.768,156.337,-4.858,1.184,316,196,,,
2026-09-27T16:18:58.266407,1,2781,FRAME,175.91,157.521,-4.858,1.184,316,203,,,
2026-09-27T16:18:58.282932,1,2782,FRAME,171.052,158.706,-4.858,1.184,316,196,,,
2026-09-27T16:18:58.299978,1,2783,FRAME,166.195,159.89,-4.858,1.184,316,203,,,
2026-09-27T16:18:58.318672,1,2784,FRAME,161.337,161.074,-4.858,1.184,316,196,,,
2026-09-27T16:18:58.334363,1,2785,FRAME,156.479,162.259,-4.858,1.184,316,203,,,
2026-09-27T16:18:58.350905,1,2786,FRAME,151.622,163.443,-4.858,1.184,309,196,,,
2026-09-27T16:18:58.366464,1,2787,FRAME,146.764,164.628,-4.858,1.184,302,203,,,
2026-09-27T16:18:58.382759,1,2788,FRAME,141.906,165.812,-4.858,1.184,295,196,,,
2026-09-27T16:18:58.402674,1,2789,FRAME,137.048,166.996,-4.858,1.184,288,203,,,
2026-09-27T16:18:58.414734,1,2790,FRAME,132.191,168.181,-4.858,1.184,281,196,,,
2026-09-27T16:18:58.432109,1,2791,FRAME,127.333,169.365,-4.858,1.184,281,203,,,
2026-09-27T16:18:58.450586,1,2792,FRAME,122.475,170.549,-4.858,1.184,281,196,,,
2026-09-27T16:18:58.465211,1,2793,FRAME,117.618,171.734,-4.858,1.184,281,203,,,
2026-09-27T16:18:58.480778,1,2794,FRAME,112.76,172.918,-4.858,1.184,281,196,,,
2026-09-27T16:18:58.497681,1,2795,FRAME,107.902,174.103,-4.858,1.184,281,203,,,
2026-09-27T16:18:58.516102,1,2796,FRAME,103.044,175.287,-4.858,1.184,281,196,,,
2026-09-27T16:18:58.534421,1,2797,FRAME,98.187,176.471,-4.858,1.184,281,203,,,
2026-09-27T16:18:58.547367,1,2798,FRAME,93.329,177.656,-4.858,1.184,281,196,,,
2026-09-27T16:18:58.565216,1,2799,FRAME,88.471,178.84,-4.858,1.184,281,203,,,
2026-09-27T16:18:58.580371,1,2800,FRAME,83.614,180.024,-4.858,1.184,281,196,,,
2026-09-27T16:18:58.599668,1,2801,FRAME,78.756,181.209,-4.858,1.184,281,203,,,
2026-09-27T16:18:58.615694,1,2802,FRAME,73.898,182.393,-4.858,1.184,281,196,,,
2026-09-27T16:18:58.632379,1,2803,FRAME,69.041,183.577,-4.858,1.184,281,203,,,
2026-09-27T16:18:58.649345,1,2804,FRAME,64.183,184.762,-4.858,1.184,281,196,,,
2026-09-27T16:18:58.666105,1,2805,FRAME,59.325,185.946,-4.858,1.184,281,203,,,
2026-09-27T16:18:58.683920,1,2806,FRAME,54.467,187.131,-4.858,1.184,281,196,,,
2026-09-27T16:18:58.704423,1,2807,FRAME,49.61,188.315,-4.858,1.184,281,203,,,
2026-09-27T16:18:58.716194,1,2808,FRAME,44.752,189.499,-4.858,1.184,281,196,,,
2026-09-27T16:18:58.736287,1,2809,FRAME,39.894,190.684,-4.858,1.184,281,203,,,
2026-09-27T16:18:58.749485,1,2810,FRAME,35.037,191.868,-4.858,1.184,281,196,,,
2026-09-27T16:18:58.768536,1,2811,FRAME,30.179,193.052,-4.858,1.184,281,203,,,
2026-09-27T16:18:58.782893,1,2812,FRAME,25.321,194.237,-4.858,1.184,281,196,,,
2026-09-27T16:18:58.798675,1,2813,FRAME,20.464,195.421,-4.858,1.184,281,203,,,
2026-09-27T16:18:58.819081,1,2814,FRAME,15.606,196.606,-4.858,1.184,274,196,,,
2026-09-27T16:18:58.832631,1,2815,FRAME,10.748,197.79,-4.858,1.184,267,203,,,
2026-09-27T16:18:58.848898,1,2816,FRAME,5.89,198.974,-4.858,1.184,260,196,,,
2026-09-27T16:18:58.866366,1,2817,FRAME,1.033,200.159,-4.858,1.184,253,203,,,
2026-09-27T16:18:58.882956,1,2818,FRAME,-3.825,201.343,-4.858,1.184,246,196,,,
2026-09-27T16:18:58.902662,1,2819,FRAME,-8.683,202.527,-4.858,1.184,239,203,,,
2026-09-27T16:18:58.911438,1,2820,MISS_LEFT,-13.54,203.712,-4.858,1.184,232,196,,,RIGHT
2026-09-27T16:18:58.914001,2,2821,FRAME,386.027,291.126,4.436,2.307,232,196,,,
2026-09-27T16:18:58.932453,2,2822,FRAME,390.463,293.433,4.436,2.307,225,203,,,
2026-09-27T16:18:58.948417,2,2823,FRAME,394.899,295.739,4.436,2.307,218,210,,,
2026-09-27T16:18:58.965855,2,2824,FRAME,399.335,298.046,4.436,2.307,211,217,,,
2026-09-27T16:18:58.981470,2,2825,FRAME,403.771,300.353,4.436,2.307,204,224,,,
2026-09-27T16:18:59.000593,2,2826,FRAME,408.207,302.659,4.436,2.307,197,231,,,
2026-09-27T16:18:59.021557,2,2827,FRAME,412.644,304.966,4.436,2.307,190,238,,,
2026-09-27T16:18:59.032725,2,2828,FRAME,417.08,307.273,4.436,2.307,183,245,,,
2026-09-27T16:18:59.048440,2,2829,FRAME,421.516,309.579,4.436,2.307,176,252,,,
2026-09-27T16:18:59.065716,2,2830,FRAME,425.952,311.886,4.436,2.307,169,259,,,
2026-09-27T16:18:59.085355,2,2831,FRAME,430.388,314.193,4.436,2.307,162,266,,,
2026-09-27T16:18:59.103167,2,2832,FRAME,434.824,316.5,4.436,2.307,155,273,,,
2026-09-27T16:18:59.115244,2,2833,FRAME,439.26,318.806,4.436,2.307,148,280,,,
2026-09-27T16:18:59.134419,2,2834,FRAME,443.697,321.113,4.436,2.307,141,287,,,
2026-09-27T16:18:59.149507,2,2835,FRAME,448.133,323.42,4.436,2.307,141,294,,,
2026-09-27T16:18:59.167272,2,2836,FRAME,452.569,325.726,4.436,2.307,141,301,,,
2026-09-27T16:18:59.183801,2,2837,FRAME,457.005,328.033,4.436,2.307,141,308,,,
2026-09-27T16:18:59.200343,2,2838,FRAME,461.441,330.34,4.436,2.307,141,315,,,
2026-09-27T16:18:59.220304,2,2839,FRAME,465.877,332.646,4.436,2.307,141,322,,,
2026-09-27T16:18:59.234036,2,2840,FRAME,470.313,334.953,4.436,2.307,141,329,,,
2026-09-27T16:18:59.251397,2,2841,FRAME,474.749,337.26,4.436,2.307,141,336,,,
2026-09-27T16:18:59.266843,2,2842,FRAME,479.186,339.566,4.436,2.307,141,343,,,
2026-09-27T16:18:59.284405,2,2843,FRAME,483.622,341.873,4.436,2.307,141,350,,,
2026-09-27T16:18:59.303226,2,2844,FRAME,488.058,344.18,4.436,2.307,141,357,,,
2026-09-27T16:18:59.316102,2,2845,FRAME,492.494,346.486,4.436,2.307,141,350,,,
2026-09-27T16:18:59.331952,2,2846,FRAME,496.93,348.793,4.436,2.307,141,357,,,
2026-09-27T16:18:59.349039,2,2847,FRAME,501.366,351.1,4.436,2.307,141,350,,,
2026-09-27T16:18:59.366076,2,2848,FRAME,505.802,353.406,4.436,2.307,141,357,,,
2026-09-27T16:18:59.386240,2,2849,FRAME,510.238,355.713,4.436,2.307,141,350,,,
2026-09-27T16:18:59.403045,2,2850,FRAME,514.675,358.02,4.436,2.307,141,357,,,
2026-09-27T16:18:59.416284,2,2851,FRAME,519.111,360.326,4.436,2.307,141,350,,,
2026-09-27T16:18:59.432836,2,2852,FRAME,523.547,362.633,4.436,2.307,141,357,,,
2026-09-27T16:18:59.450471,2,2853,FRAME,527.983,364.94,4.436,2.307,141,350,,,
2026-09-27T16:18:59.468252,2,2854,FRAME,532.419,367.246,4.436,2.307,141,357,,,
2026-09-27T16:18:59.483356,2,2855,FRAME,536.855,369.553,4.436,2.307,141,350,,,
2026-09-27T16:18:59.502478,2,2856,FRAME,541.291,371.86,4.436,2.307,141,357,,,
2026-09-27T16:18:59.517065,2,2857,FRAME,545.728,374.166,4.436,2.307,141,350,,,
2026-09-27T16:18:59.534277,2,2858,FRAME,550.164,376.473,4.436,2.307,141,357,,,
2026-09-27T16:18:59.554353,2,2859,FRAME,554.6,378.78,4.436,2.307,141,350,,,
2026-09-27T16:18:59.567459,2,2860,FRAME,559.036,381.086,4.436,2.307,141,357,,,
2026-09-27T16:18:59.582168,2,2861,FRAME,563.472,383.393,4.436,2.307,141,350,,,
2026-09-27T16:18:59.599636,2,2862,FRAME,567.908,385.7,4.436,2.307,141,357,,,
2026-09-27T16:18:59.616208,2,2863,FRAME,572.344,388.006,4.436,2.307,141,350,,,
2026-09-27T16:18:59.636990,2,2864,FRAME,576.78,390.313,4.436,2.307,141,357,,,
2026-09-27T16:18:59.649850,2,2865,FRAME,581.217,392.62,4.436,2.307,141,350,,,
2026-09-27T16:18:59.664900,2,2866,FRAME,585.653,394.926,4.436,2.307,141,357,,,
2026-09-27T16:18:59.685658,2,2867,FRAME,590.089,397.233,4.436,2.307,141,350,,,
2026-09-27T16:18:59.698953,2,2868,FRAME,594.525,399.54,4.436,2.307,141,357,,,
2026-09-27T16:18:59.719722,2,2869,FRAME,598.961,401.846,4.436,2.307,141,350,,,
2026-09-27T16:18:59.733229,2,2870,FRAME,603.397,404.153,4.436,2.307,141,357,,,
2026-09-27T16:18:59.749801,2,2871,FRAME,607.833,406.46,4.436,2.307,141,350,,,
2026-09-27T16:18:59.766332,2,2872,FRAME,612.269,408.766,4.436,2.307,141,357,,,
2026-09-27T16:18:59.785315,2,2873,FRAME,616.706,411.073,4.436,2.307,141,350,,,
2026-09-27T16:18:59.800526,2,2874,FRAME,621.142,413.38,4.436,2.307,141,357,,,
2026-09-27T16:18:59.816461,2,2875,FRAME,625.578,415.686,4.436,2.307,141,350,,,
2026-09-27T16:18:59.832089,2,2876,FRAME,630.014,417.993,4.436,2.307,141,357,,,
2026-09-27T16:18:59.848618,2,2877,FRAME,634.45,420.3,4.436,2.307,141,350,,,
2026-09-27T16:18:59.874050,2,2878,FRAME,638.886,422.606,4.436,2.307,141,357,,,
2026-09-27T16:18:59.883183,2,2879,FRAME,643.322,424.913,4.436,2.307,141,350,,,
2026-09-27T16:18:59.901726,2,2880,FRAME,647.759,427.22,4.436,2.307,141,357,,,
2026-09-27T16:18:59.916246,2,2881,FRAME,652.195,429.527,4.436,2.307,141,350,,,
2026-09-27T16:18:59.932298,2,2882,FRAME,656.631,431.833,4.436,2.307,141,357,,,
2026-09-27T16:18:59.950304,2,2883,FRAME,661.067,434.14,4.436,2.307,141,350,,,
2026-09-27T16:18:59.965260,2,2884,FRAME,665.503,436.447,4.436,2.307,141,357,,,
2026-09-27T16:18:59.983824,2,2885,FRAME,669.939,438.753,4.436,2.307,141,350,,,
2026-09-27T16:19:00.000453,2,2886,FRAME,674.375,441.06,4.436,2.307,141,357,,,
2026-09-27T16:19:00.015310,2,2887,FRAME,678.811,443.367,4.436,2.307,141,350,,,
2026-09-27T16:19:00.031693,2,2888,FRAME,683.248,445.673,4.436,2.307,141,357,,,
2026-09-27T16:19:00.046316,2,2889,FRAME,687.684,447.98,4.436,2.307,141,350,,,
2026-09-27T16:19:00.062025,2,2890,FRAME,692.12,450.287,4.436,2.307,141,357,,,
2026-09-27T16:19:00.078442,2,2891,FRAME,696.556,452.593,4.436,2.307,141,350,,,
2026-09-27T16:19:00.096929,2,2892,FRAME,700.992,454.9,4.436,2.307,141,357,,,
2026-09-27T16:19:00.112607,2,2893,FRAME,705.428,457.207,4.436,2.307,141,350,,,
2026-09-27T16:19:00.129993,2,2894,FRAME,709.864,459.513,4.436,2.307,141,357,,,
2026-09-27T16:19:00.146224,2,2895,FRAME,714.3,461.82,4.436,2.307,141,350,,,
2026-09-27T16:19:00.161866,2,2896,FRAME,718.737,464.127,4.436,2.307,141,357,,,
2026-09-27T16:19:00.178388,2,2897,FRAME,723.173,466.433,4.436,2.307,141,350,,,
2026-09-27T16:19:00.197045,2,2898,FRAME,727.609,468.74,4.436,2.307,141,357,,,
2026-09-27T16:19:00.216097,2,2899,FRAME,732.045,471.047,4.436,2.307,134,350,,,
2026-09-27T16:19:00.229860,2,2900,FRAME,736.481,473.353,4.436,2.307,127,357,,,
2026-09-27T16:19:00.247260,2,2901,FRAME,740.917,475.66,4.436,2.307,120,350,,,
2026-09-27T16:19:00.266327,2,2902,FRAME,745.353,477.967,4.436,2.307,113,357,,,
2026-09-27T16:19:00.283070,2,2903,FRAME,749.79,480.273,4.436,2.307,106,350,,,
2026-09-27T16:19:00.298609,2,2904,FRAME,754.226,482.58,4.436,2.307,99,357,,,
2026-09-27T16:19:00.314300,2,2905,FRAME,758.662,484.887,4.436,2.307,92,350,,,
2026-09-27T16:19:00.331654,2,2906,FRAME,763.098,487.193,4.436,2.307,85,357,,,
2026-09-27T16:19:00.346376,2,2907,WALL_BOUNCE,767.534,488,4.436,-2.307,78,350,,,
2026-09-27T16:19:00.354274,2,2908,FRAME,767.534,488,4.436,-2.307,78,350,,,
2026-09-27T16:19:00.365931,2,2909,FRAME,771.97,485.693,4.436,-2.307,71,357,,,
2026-09-27T16:19:00.384572,2,2910,FRAME,776.406,483.387,4.436,-2.307,71,350,,,
2026-09-27T16:19:00.399324,2,2911,FRAME,780.842,481.08,4.436,-2.307,71,357,,,
2026-09-27T16:19:00.414661,2,2912,FRAME,785.279,478.773,4.436,-2.307,71,350,,,
2026-09-27T16:19:00.434113,2,2913,FRAME,789.715,476.467,4.436,-2.307,71,357,,,
2026-09-27T16:19:00.447474,2,2914,FRAME,794.151,474.16,4.436,-2.307,71,350,,,
2026-09-27T16:19:00.464179,2,2915,FRAME,798.587,471.853,4.436,-2.307,71,357,,,
2026-09-27T16:19:00.481557,2,2916,FRAME,803.023,469.547,4.436,-2.307,71,350,,,
2026-09-27T16:19:00.500143,2,2917,FRAME,807.459,467.24,4.436,-2.307,71,357,,,
2026-09-27T16:19:00.515198,2,2918,FRAME,811.895,464.933,4.436,-2.307,71,350,,,
2026-09-27T16:19:00.532717,2,2919,FRAME,816.332,462.627,4.436,-2.307,71,357,,,
2026-09-27T16:19:00.550511,2,2920,FRAME,820.768,460.32,4.436,-2.307,71,350,,,
2026-09-27T16:19:00.569652,2,2921,FRAME,825.204,458.013,4.436,-2.307,71,357,,,
2026-09-27T16:19:00.581438,2,2922,FRAME,829.64,455.707,4.436,-2.307,71,350,,,
2026-09-27T16:19:00.597001,2,2923,FRAME,834.076,453.4,4.436,-2.307,71,357,,,
2026-09-27T16:19:00.613964,2,2924,FRAME,838.512,451.093,4.436,-2.307,71,350,,,
2026-09-27T16:19:00.634046,2,2925,FRAME,842.948,448.787,4.436,-2.307,71,357,,,
2026-09-27T16:19:00.647043,2,2926,FRAME,847.384,446.48,4.436,-2.307,71,350,,,
2026-09-27T16:19:00.666169,2,2927,FRAME,851.821,444.173,4.436,-2.307,71,357,,,
2026-09-27T16:19:00.682988,2,2928,FRAME,856.257,441.867,4.436,-2.307,71,350,,,
2026-09-27T16:19:00.699628,2,2929,FRAME,860.693,439.56,4.436,-2.307,71,357,,,
2026-09-27T16:19:00.718205,2,2930,FRAME,865.129,437.253,4.436,-2.307,78,350,,,
2026-09-27T16:19:00.732773,2,2931,FRAME,869.565,434.947,4.436,-2.307,85,357,,,
2026-09-27T16:19:00.749011,2,2932,FRAME,874.001,432.64,4.436,-2.307,92,350,,,
2026-09-27T16:19:00.765016,2,2933,FRAME,878.437,430.333,4.436,-2.307,99,357,,,
2026-09-27T16:19:00.782594,2,2934,FRAME,882.873,428.026,4.436,-2.307,106,350,,,
2026-09-27T16:19:00.803658,2,2935,FRAME,887.31,425.72,4.436,-2.307,113,357,,,
2026-09-27T16:19:00.815262,2,2936,FRAME,891.746,423.413,4.436,-2.307,120,350,,,
2026-09-27T16:19:00.838463,2,2937,FRAME,896.182,421.106,4.436,-2.307,127,357,,,
2026-09-27T16:19:00.851804,2,2938,FRAME,900.618,418.8,4.436,-2.307,134,350,,,
2026-09-27T16:19:00.865748,2,2939,FRAME,905.054,416.493,4.436,-2.307,141,357,,,
2026-09-27T16:19:00.884441,2,2940,FRAME,909.49,414.186,4.436,-2.307,148,350,,,
2026-09-27T16:19:00.898538,2,2941,FRAME,913.926,411.88,4.436,-2.307,155,357,,,
2026-09-27T16:19:00.915163,2,2942,FRAME,918.363,409.573,4.436,-2.307,162,350,,,
2026-09-27T16:19:00.934772,2,2943,FRAME,922.799,407.266,4.436,-2.307,169,357,,,
2026-09-27T16:19:00.947185,2,2944,FRAME,927.235,404.96,4.436,-2.307,176,350,,,
2026-09-27T16:19:00.965099,2,2945,FRAME,931.671,402.653,4.436,-2.307,183,357,,,
2026-09-27T16:19:00.981496,2,2946,FRAME,936.107,400.346,4.436,-2.307,190,350,,,
2026-09-27T16:19:01.003626,2,2947,FRAME,940.543,398.04,4.436,-2.307,197,357,,,
2026-09-27T16:19:01.014240,2,2948,FRAME,944.979,395.733,4.436,-2.307,204,350,,,
2026-09-27T16:19:01.033422,2,2949,FRAME,949.415,393.426,4.436,-2.307,211,350,,,
2026-09-27T16:19:01.049772,2,2950,FRAME,953.852,391.12,4.436,-2.307,218,350,,,
2026-09-27T16:19:01.060573,2,2951,RIGHT_HIT,958,388.813,-4.971,-0.542,218,350,-0.104,-6.224,
2026-09-27T16:19:01.065097,2,2952,FRAME,958,388.813,-4.971,-0.542,218,350,,,
2026-09-27T16:19:01.081237,2,2953,FRAME,953.029,388.271,-4.971,-0.542,218,343,,,
2026-09-27T16:19:01.098240,2,2954,FRAME,948.059,387.729,-4.971,-0.542,218,336,,,
2026-09-27T16:19:01.115374,2,2955,FRAME,943.088,387.187,-4.971,-0.542,218,329,,,
2026-09-27T16:19:01.131794,2,2956,FRAME,938.118,386.645,-4.971,-0.542,218,322,,,
2026-09-27T16:19:01.147085,2,2957,FRAME,933.147,386.102,-4.971,-0.542,218,315,,,
2026-09-27T16:19:01.162616,2,2958,FRAME,928.177,385.56,-4.971,-0.542,211,308,,,
2026-09-27T16:19:01.179673,2,2959,FRAME,923.206,385.018,-4.971,-0.542,204,301,,,
2026-09-27T16:19:01.195714,2,2960,FRAME,918.236,384.476,-4.971,-0.542,197,294,,,
2026-09-27T16:19:01.212773,2,2961,FRAME,913.265,383.934,-4.971,-0.542,190,287,,,
2026-09-27T16:19:01.227074,2,2962,FRAME,908.295,383.392,-4.971,-0.542,183,280,,,
2026-09-27T16:19:01.247135,2,2963,FRAME,903.324,382.85,-4.971,-0.542,176,273,,,
2026-09-27T16:19:01.265503,2,2964,FRAME,898.354,382.308,-4.971,-0.542,169,266,,,
2026-09-27T16:19:01.278573,2,2965,FRAME,893.383,381.766,-4.971,-0.542,162,259,,,
2026-09-27T16:19:01.295324,2,2966,FRAME,888.413,381.224,-4.971,-0.542,155,252,,,
2026-09-27T16:19:01.310517,2,2967,FRAME,883.442,380.681,-4.971,-0.542,148,245,,,
2026-09-27T16:19:01.327156,2,2968,FRAME,878.472,380.139,-4.971,-0.542,141,238,,,
2026-09-27T16:19:01.344345,2,2969,FRAME,873.501,379.597,-4.971,-0.542,134,231,,,
2026-09-27T16:19:01.359410,2,2970,FRAME,868.531,379.055,-4.971,-0.542,127,224,,,
2026-09-27T16:19:01.374607,2,2971,FRAME,863.56,378.513,-4.971,-0.542,120,217,,,
2026-09-27T16:19:01.392627,2,2972,FRAME,858.59,377.971,-4.971,-0.542,113,210,,,
2026-09-27T16:19:01.414744,2,2973,FRAME,853.619,377.429,-4.971,-0.542,106,203,,,
2026-09-27T16:19:01.428316,2,2974,FRAME,848.648,376.887,-4.971,-0.542,99,196,,,
2026-09-27T16:19:01.442908,2,2975,FRAME,843.678,376.345,-4.971,-0.542,92,203,,,
2026-09-27T16:19:01.464210,2,2976,FRAME,838.707,375.802,-4.971,-0.542,85,196,,,
2026-09-27T16:19:01.477689,2,2977,FRAME,833.737,375.26,-4.971,-0.542,78,203,,,
2026-09-27T16:19:01.493415,2,2978,FRAME,828.766,374.718,-4.971,-0.542,71,196,,,
2026-09-27T16:19:01.509482,2,2979,FRAME,823.796,374.176,-4.971,-0.542,64,203,,,
2026-09-27T16:19:01.527547,2,2980,FRAME,818.825,373.634,-4.971,-0.542,57,196,,,
2026-09-27T16:19:01.542636,2,2981,FRAME,813.855,373.092,-4.971,-0.542,50,203,,,
2026-09-27T16:19:01.558688,2,2982,FRAME,808.884,372.55,-4.971,-0.542,43,196,,,
2026-09-27T16:19:01.574349,2,2983,FRAME,803.914,372.008,-4.971,-0.542,36,203,,,
2026-09-27T16:19:01.590825,2,2984,FRAME,798.943,371.466,-4.971,-0.542,29,196,,,
2026-09-27T16:19:01.610852,2,2985,FRAME,793.973,370.923,-4.971,-0.542,22,203,,,
2026-09-27T16:19:01.623371,2,2986,FRAME,789.002,370.381,-4.971,-0.542,15,196,,,
2026-09-27T16:19:01.638558,2,2987,FRAME,784.032,369.839,-4.971,-0.542,8,203,,,
2026-09-27T16:19:01.658890,2,2988,FRAME,779.061,369.297,-4.971,-0.542,1,196,,,
2026-09-27T16:19:01.672982,2,2989,FRAME,774.091,368.755,-4.971,-0.542,0,203,,,
2026-09-27T16:19:01.689979,2,2990,FRAME,769.12,368.213,-4.971,-0.542,0,196,,,
2026-09-27T16:19:01.707346,2,2991,FRAME,764.15,367.671,-4.971,-0.542,0,203,,,
2026-09-27T16:19:01.726133,2,2992,FRAME,759.179,367.129,-4.971,-0.542,0,196,,,
2026-09-27T16:19:01.742842,2,2993,FRAME,754.208,366.587,-4.971,-0.542,0,203,,,
2026-09-27T16:19:01.756038,2,2994,FRAME,749.238,366.044,-4.971,-0.542,0,196,,,
2026-09-27T16:19:01.774123,2,2995,FRAME,744.267,365.502,-4.971,-0.542,0,203,,,
2026-09-27T16:19:01.789242,2,2996,FRAME,739.297,364.96,-4.971,-0.542,0,196,,,
2026-09-27T16:19:01.809503,2,2997,FRAME,734.326,364.418,-4.971,-0.542,0,203,,,
2026-09-27T16:19:01.824056,2,2998,FRAME,729.356,363.876,-4.971,-0.542,0,196,,,
2026-09-27T16:19:01.839676,2,2999,FRAME,724.385,363.334,-4.971,-0.542,0,203,,,
2026-09-27T16:19:01.859739,2,3000,FRAME,719.415,362.792,-4.971,-0.542,0,196,,,
2026-09-27T16:19:01.872267,2,3001,FRAME,714.444,362.25,-4.971,-0.542,0,203,,,
2026-09-27T16:19:01.891883,2,3002,FRAME,709.474,361.708,-4.971,-0.542,0,196,,,
2026-09-27T16:19:01.907033,2,3003,FRAME,704.503,361.165,-4.971,-0.542,7,203,,,
2026-09-27T16:19:01.922723,2,3004,FRAME,699.533,360.623,-4.971,-0.542,14,196,,,
2026-09-27T16:19:01.942232,2,3005,FRAME,694.562,360.081,-4.971,-0.542,21,203,,,
2026-09-27T16:19:01.954831,2,3006,FRAME,689.592,359.539,-4.971,-0.542,28,196,,,
2026-09-27T16:19:01.975515,2,3007,FRAME,684.621,358.997,-4.971,-0.542,35,203,,,
2026-09-27T16:19:01.987182,2,3008,FRAME,679.651,358.455,-4.971,-0.542,42,196,,,
2026-09-27T16:19:02.006444,2,3009,FRAME,674.68,357.913,-4.971,-0.542,49,203,,,
2026-09-27T16:19:02.026359,2,3010,FRAME,669.71,357.371,-4.971,-0.542,56,196,,,
2026-09-27T16:19:02.039538,2,3011,FRAME,664.739,356.829,-4.971,-0.542,63,203,,,
2026-09-27T16:19:02.058316,2,3012,FRAME,659.769,356.286,-4.971,-0.542,70,196,,,
2026-09-27T16:19:02.071915,2,3013,FRAME,654.798,355.744,-4.971,-0.542,77,203,,,
2026-09-27T16:19:02.087432,2,3014,FRAME,649.827,355.202,-4.971,-0.542,84,196,,,
2026-09-27T16:19:02.104529,2,3015,FRAME,644.857,354.66,-4.971,-0.542,91,203,,,
2026-09-27T16:19:02.121668,2,3016,FRAME,639.886,354.118,-4.971,-0.542,98,196,,,
2026-09-27T16:19:02.143367,2,3017,FRAME,634.916,353.576,-4.971,-0.542,105,203,,,
2026-09-27T16:19:02.156022,2,3018,FRAME,629.945,353.034,-4.971,-0.542,112,196,,,
2026-09-27T16:19:02.171654,2,3019,FRAME,624.975,352.492,-4.971,-0.542,119,203,,,
2026-09-27T16:19:02.188537,2,3020,FRAME,620.004,351.95,-4.971,-0.542,126,196,,,
2026-09-27T16:19:02.203069,2,3021,FRAME,615.034,351.408,-4.971,-0.542,133,203,,,
2026-09-27T16:19:02.221650,2,3022,FRAME,610.063,350.865,-4.971,-0.542,140,196,,,
2026-09-27T16:19:02.238367,2,3023,FRAME,605.093,350.323,-4.971,-0.542,147,203,,,
2026-09-27T16:19:02.256332,2,3024,FRAME,600.122,349.781,-4.971,-0.542,154,196,,,
2026-09-27T16:19:02.275955,2,3025,FRAME,595.152,349.239,-4.971,-0.542,161,203,,,
2026-09-27T16:19:02.288099,2,3026,FRAME,590.181,348.697,-4.971,-0.542,168,196,,,
2026-09-27T16:19:02.309521,2,3027,FRAME,585.211,348.155,-4.971,-0.542,175,203,,,
2026-09-27T16:19:02.320108,2,3028,FRAME,580.24,347.613,-4.971,-0.542,182,196,,,
2026-09-27T16:19:02.339152,2,3029,FRAME,575.27,347.071,-4.971,-0.542,189,203,,,
2026-09-27T16:19:02.356742,2,3030,FRAME,570.299,346.529,-4.971,-0.542,196,196,,,
2026-09-27T16:19:02.370526,2,3031,FRAME,565.329,345.986,-4.971,-0.542,203,203,,,
2026-09-27T16:19:02.385008,2,3032,FRAME,560.358,345.444,-4.971,-0.542,210,196,,,
2026-09-27T16:19:02.401808,2,3033,FRAME,555.387,344.902,-4.971,-0.542,217,203,,,
2026-09-27T16:19:02.421174,2,3034,FRAME,550.417,344.36,-4.971,-0.542,224,196,,,
2026-09-27T16:19:02.437063,2,3035,FRAME,545.446,343.818,-4.971,-0.542,231,203,,,
2026-09-27T16:19:02.451573,2,3036,FRAME,540.476,343.276,-4.971,-0.542,238,196,,,
2026-09-27T16:19:02.470150,2,3037,FRAME,535.505,342.734,-4.971,-0.542,245,203,,,
2026-09-27T16:19:02.483656,2,3038,FRAME,530.535,342.192,-4.971,-0.542,252,196,,,
2026-09-27T16:19:02.500289,2,3039,FRAME,525.564,341.65,-4.971,-0.542,259,203,,,
2026-09-27T16:19:02.517621,2,3040,FRAME,520.594,341.107,-4.971,-0.542,259,196,,,
2026-09-27T16:19:02.534220,2,3041,FRAME,515.623,340.565,-4.971,-0.542,259,203,,,
2026-09-27T16:19:02.551254,2,3042,FRAME,510.653,340.023,-4.971,-0.542,259,196,,,
2026-09-27T16:19:02.567253,2,3043,FRAME,505.682,339.481,-4.971,-0.542,259,203,,,
2026-09-27T16:19:02.588240,2,3044,FRAME,500.712,338.939,-4.971,-0.542,259,196,,,
2026-09-27T16:19:02.601471,2,3045,FRAME,495.741,338.397,-4.971,-0.542,259,203,,,
2026-09-27T16:19:02.617258,2,3046,FRAME,490.771,337.855,-4.971,-0.542,259,196,,,
2026-09-27T16:19:02.633303,2,3047,FRAME,485.8,337.313,-4.971,-0.542,259,203,,,
2026-09-27T16:19:02.650087,2,3048,FRAME,480.83,336.771,-4.971,-0.542,259,196,,,
2026-09-27T16:19:02.669341,2,3049,FRAME,475.859,336.228,-4.971,-0.542,259,203,,,
2026-09-27T16:19:02.683457,2,3050,FRAME,470.889,335.686,-4.971,-0.542,259,196,,,
2026-09-27T16:19:02.700277,2,3051,FRAME,465.918,335.144,-4.971,-0.542,259,203,,,
2026-09-27T16:19:02.717200,2,3052,FRAME,460.948,334.602,-4.971,-0.542,259,196,,,
2026-09-27T16:19:02.734264,2,3053,FRAME,455.977,334.06,-4.971,-0.542,259,203,,,
2026-09-27T16:19:02.751675,2,3054,FRAME,451.006,333.518,-4.971,-0.542,252,196,,,
2026-09-27T16:19:02.768278,2,3055,FRAME,446.036,332.976,-4.971,-0.542,245,203,,,
2026-09-27T16:19:02.782957,2,3056,FRAME,441.065,332.434,-4.971,-0.542,238,196,,,
2026-09-27T16:19:02.799999,2,3057,FRAME,436.095,331.892,-4.971,-0.542,231,203,,,
2026-09-27T16:19:02.817517,2,3058,FRAME,431.124,331.349,-4.971,-0.542,224,196,,,
2026-09-27T16:19:02.835087,2,3059,FRAME,426.154,330.807,-4.971,-0.542,217,203,,,
2026-09-27T16:19:02.852131,2,3060,FRAME,421.183,330.265,-4.971,-0.542,210,196,,,
2026-09-27T16:19:02.866855,2,3061,FRAME,416.213,329.723,-4.971,-0.542,203,203,,,
2026-09-27T16:19:02.884929,2,3062,FRAME,411.242,329.181,-4.971,-0.542,196,196,,,
2026-09-27T16:19:02.900592,2,3063,FRAME,406.272,328.639,-4.971,-0.542,189,203,,,
2026-09-27T16:19:02.918241,2,3064,FRAME,401.301,328.097,-4.971,-0.542,189,196,,,
2026-09-27T16:19:02.935277,2,3065,FRAME,396.331,327.555,-4.971,-0.542,189,203,,,
2026-09-27T16:19:02.951041,2,3066,FRAME,391.36,327.013,-4.971,-0.542,189,196,,,
2026-09-27T16:19:02.967579,2,3067,FRAME,386.39,326.47,-4.971,-0.542,189,203,,,
2026-09-27T16:19:02.984275,2,3068,FRAME,381.419,325.928,-4.971,-0.542,189,196,,,
2026-09-27T16:19:03.002315,2,3069,FRAME,376.449,325.386,-4.971,-0.542,189,203,,,
2026-09-27T16:19:03.016933,2,3070,FRAME,371.478,324.844,-4.971,-0.542,189,196,,,
2026-09-27T16:19:03.034002,2,3071,FRAME,366.508,324.302,-4.971,-0.542,189,203,,,
2026-09-27T16:19:03.054542,2,3072,FRAME,361.537,323.76,-4.971,-0.542,189,196,,,
2026-09-27T16:19:03.068432,2,3073,FRAME,356.566,323.218,-4.971,-0.542,189,203,,,
2026-09-27T16:19:03.083545,2,3074,FRAME,351.596,322.676,-4.971,-0.542,189,196,,,
2026-09-27T16:19:03.102681,2,3075,FRAME,346.625,322.134,-4.971,-0.542,196,203,,,
2026-09-27T16:19:03.118256,2,3076,FRAME,341.655,321.592,-4.971,-0.542,203,196,,,
2026-09-27T16:19:03.137567,2,3077,FRAME,336.684,321.049,-4.971,-0.542,210,203,,,
2026-09-27T16:19:03.149680,2,3078,FRAME,331.714,320.507,-4.971,-0.542,217,196,,,
2026-09-27T16:19:03.168205,2,3079,FRAME,326.743,319.965,-4.971,-0.542,224,203,,,
2026-09-27T16:19:03.184152,2,3080,FRAME,321.773,319.423,-4.971,-0.542,231,196,,,
2026-09-27T16:19:03.200680,2,3081,FRAME,316.802,318.881,-4.971,-0.542,238,203,,,
2026-09-27T16:19:03.218872,2,3082,FRAME,311.832,318.339,-4.971,-0.542,245,196,,,
2026-09-27T16:19:03.234663,2,3083,FRAME,306.861,317.797,-4.971,-0.542,252,203,,,
2026-09-27T16:19:03.255414,2,3084,FRAME,301.891,317.255,-4.971,-0.542,259,196,,,
2026-09-27T16:19:03.268536,2,3085,FRAME,296.92,316.713,-4.971,-0.542,266,203,,,
2026-09-27T16:19:03.283532,2,3086,FRAME,291.95,316.17,-4.971,-0.542,273,196,,,
2026-09-27T16:19:03.302738,2,3087,FRAME,286.979,315.628,-4.971,-0.542,280,203,,,
2026-09-27T16:19:03.318434,2,3088,FRAME,282.009,315.086,-4.971,-0.542,287,196,,,
2026-09-27T16:19:03.334580,2,3089,FRAME,277.038,314.544,-4.971,-0.542,287,203,,,
2026-09-27T16:19:03.350657,2,3090,FRAME,272.068,314.002,-4.971,-0.542,287,196,,,
2026-09-27T16:19:03.369633,2,3091,FRAME,267.097,313.46,-4.971,-0.542,287,203,,,
2026-09-27T16:19:03.384450,2,3092,FRAME,262.127,312.918,-4.971,-0.542,287,196,,,
2026-09-27T16:19:03.399073,2,3093,FRAME,257.156,312.376,-4.971,-0.542,287,203,,,
2026-09-27T16:19:03.418585,2,3094,FRAME,252.185,311.834,-4.971,-0.542,287,196,,,
2026-09-27T16:19:03.432454,2,3095,FRAME,247.215,311.291,-4.971,-0.542,287,203,,,
2026-09-27T16:19:03.453041,2,3096,FRAME,242.244,310.749,-4.971,-0.542,287,196,,,
2026-09-27T16:19:03.466161,2,3097,FRAME,237.274,310.207,-4.971,-0.542,287,203,,,
2026-09-27T16:19:03.482028,2,3098,FRAME,232.303,309.665,-4.971,-0.542,287,196,,,
2026-09-27T16:19:03.496854,2,3099,FRAME,227.333,309.123,-4.971,-0.542,287,203,,,
2026-09-27T16:19:03.513902,2,3100,FRAME,222.362,308.581,-4.971,-0.542,287,196,,,
2026-09-27T16:19:03.534451,2,3101,FRAME,217.392,308.039,-4.971,-0.542,287,203,,,
2026-09-27T16:19:03.548076,2,3102,FRAME,212.421,307.497,-4.971,-0.542,287,196,,,
2026-09-27T16:19:03.563537,2,3103,FRAME,207.451,306.955,-4.971,-0.542,287,203,,,
2026-09-27T16:19:03.580201,2,3104,FRAME,202.48,306.412,-4.971,-0.542,287,196,,,
2026-09-27T16:19:03.597183,2,3105,FRAME,197.51,305.87,-4.971,-0.542,287,203,,,
2026-09-27T16:19:03.619692,2,3106,FRAME,192.539,305.328,-4.971,-0.542,287,196,,,
2026-09-27T16:19:03.634247,2,3107,FRAME,187.569,304.786,-4.971,-0.542,287,203,,,
2026-09-27T16:19:03.646248,2,3108,FRAME,182.598,304.244,-4.971,-0.542,287,196,,,
2026-09-27T16:19:03.665834,2,3109,FRAME,177.628,303.702,-4.971,-0.542,287,203,,,
2026-09-27T16:19:03.679965,2,3110,FRAME,172.657,303.16,-4.971,-0.542,287,196,,,
2026-09-27T16:19:03.701487,2,3111,FRAME,167.687,302.618,-4.971,-0.542,287,203,,,
2026-09-27T16:19:03.712513,2,3112,FRAME,162.716,302.076,-4.971,-0.542,287,196,,,
2026-09-27T16:19:03.729317,2,3113,FRAME,157.745,301.533,-4.971,-0.542,287,203,,,
2026-09-27T16:19:03.750877,2,3114,FRAME,152.775,300.991,-4.971,-0.542,287,196,,,
2026-09-27T16:19:03.761974,2,3115,FRAME,147.804,300.449,-4.971,-0.542,287,203,,,
2026-09-27T16:19:03.780085,2,3116,FRAME,142.834,299.907,-4.971,-0.542,287,196,,,
2026-09-27T16:19:03.796055,2,3117,FRAME,137.863,299.365,-4.971,-0.542,287,203,,,
2026-09-27T16:19:03.812113,2,3118,FRAME,132.893,298.823,-4.971,-0.542,287,196,,,
2026-09-27T16:19:03.826945,2,3119,FRAME,127.922,298.281,-4.971,-0.542,287,203,,,
2026-09-27T16:19:03.845013,2,3120,FRAME,122.952,297.739,-4.971,-0.542,280,196,,,
2026-09-27T16:19:03.861383,2,3121,FRAME,117.981,297.197,-4.971,-0.542,273,203,,,
2026-09-27T16:19:03.877026,2,3122,FRAME,113.011,296.654,-4.971,-0.542,266,196,,,
2026-09-27T16:19:03.894316,2,3123,FRAME,108.04,296.112,-4.971,-0.542,259,203,,,
2026-09-27T16:19:03.910320,2,3124,FRAME,103.07,295.57,-4.971,-0.542,252,196,,,
2026-09-27T16:19:03.926646,2,3125,FRAME,98.099,295.028,-4.971,-0.542,245,203,,,
2026-09-27T16:19:03.944023,2,3126,FRAME,93.129,294.486,-4.971,-0.542,238,196,,,
2026-09-27T16:19:03.960600,2,3127,FRAME,88.158,293.944,-4.971,-0.542,231,203,,,
2026-09-27T16:19:03.978750,2,3128,FRAME,83.188,293.402,-4.971,-0.542,224,196,,,
2026-09-27T16:19:03.994735,2,3129,FRAME,78.217,292.86,-4.971,-0.542,217,203,,,
2026-09-27T16:19:04.012301,2,3130,FRAME,73.247,292.318,-4.971,-0.542,210,196,,,
2026-09-27T16:19:04.027347,2,3131,FRAME,68.276,291.776,-4.971,-0.542,203,203,,,
2026-09-27T16:19:04.044397,2,3132,FRAME,63.306,291.233,-4.971,-0.542,196,196,,,
2026-09-27T16:19:04.068525,2,3133,FRAME,58.335,290.691,-4.971,-0.542,189,203,,,
2026-09-27T16:19:04.079616,2,3134,FRAME,53.364,290.149,-4.971,-0.542,182,196,,,
2026-09-27T16:19:04.096128,2,3135,FRAME,48.394,289.607,-4.971,-0.542,182,203,,,
2026-09-27T16:19:04.112459,2,3136,FRAME,43.423,289.065,-4.971,-0.542,182,196,,,
2026-09-27T16:19:04.128539,2,3137,FRAME,38.453,288.523,-4.971,-0.542,189,203,,,
2026-09-27T16:19:04.145195,2,3138,FRAME,33.482,287.981,-4.971,-0.542,196,196,,,
2026-09-27T16:19:04.155710,2,3139,LEFT_HIT,30,287.439,3.311,3.746,203,203,0.809,48.526,
2026-09-27T16:19:04.159244,2,3140,FRAME,30,287.439,3.311,3.746,203,203,,,
2026-09-27T16:19:04.174800,2,3141,FRAME,33.311,291.185,3.311,3.746,210,210,,,
2026-09-27T16:19:04.191410,2,3142,FRAME,36.623,294.931,3.311,3.746,217,217,,,
2026-09-27T16:19:04.207483,2,3143,FRAME,39.934,298.678,3.311,3.746,224,224,,,
2026-09-27T16:19:04.224664,2,3144,FRAME,43.246,302.424,3.311,3.746,231,231,,,
2026-09-27T16:19:04.241834,2,3145,FRAME,46.557,306.17,3.311,3.746,238,238,,,
2026-09-27T16:19:04.260897,2,3146,FRAME,49.868,309.916,3.311,3.746,245,245,,,
2026-09-27T16:19:04.278497,2,3147,FRAME,53.18,313.663,3.311,3.746,252,252,,,
2026-09-27T16:19:04.292687,2,3148,FRAME,56.491,317.409,3.311,3.746,259,259,,,
2026-09-27T16:19:04.315371,2,3149,FRAME,59.802,321.155,3.311,3.746,266,266,,,
2026-09-27T16:19:04.325205,2,3150,FRAME,63.114,324.902,3.311,3.746,273,273,,,
2026-09-27T16:19:04.343320,2,3151,FRAME,66.425,328.648,3.311,3.746,280,280,,,
2026-09-27T16:19:04.359395,2,3152,FRAME,69.737,332.394,3.311,3.746,287,287,,,
2026-09-27T16:19:04.380060,2,3153,FRAME,73.048,336.141,3.311,3.746,294,294,,,
2026-09-27T16:19:04.397115,2,3154,FRAME,76.359,339.887,3.311,3.746,301,301,,,
2026-09-27T16:19:04.410246,2,3155,FRAME,79.671,343.633,3.311,3.746,308,294,,,
2026-09-27T16:19:04.430463,2,3156,FRAME,82.982,347.379,3.311,3.746,315,301,,,
2026-09-27T16:19:04.446457,2,3157,FRAME,86.293,351.126,3.311,3.746,322,294,,,
2026-09-27T16:19:04.466728,2,3158,FRAME,89.605,354.872,3.311,3.746,329,301,,,
2026-09-27T16:19:04.479898,2,3159,FRAME,92.916,358.618,3.311,3.746,336,294,,,
2026-09-27T16:19:04.496605,2,3160,FRAME,96.228,362.365,3.311,3.746,343,301,,,
2026-09-27T16:19:04.512154,2,3161,FRAME,99.539,366.111,3.311,3.746,350,294,,,
2026-09-27T16:19:04.528681,2,3162,FRAME,102.85,369.857,3.311,3.746,357,301,,,
2026-09-27T16:19:04.550603,2,3163,FRAME,106.162,373.604,3.311,3.746,364,294,,,
2026-09-27T16:19:04.561670,2,3164,FRAME,109.473,377.35,3.311,3.746,371,301,,,
2026-09-27T16:19:04.579917,2,3165,FRAME,112.784,381.096,3.311,3.746,378,294,,,
2026-09-27T16:19:04.594944,2,3166,FRAME,116.096,384.843,3.311,3.746,385,301,,,
2026-09-27T16:19:04.615700,2,3167,FRAME,119.407,388.589,3.311,3.746,392,294,,,
2026-09-27T16:19:04.631024,2,3168,FRAME,122.719,392.335,3.311,3.746,399,301,,,
2026-09-27T16:19:04.643695,2,3169,FRAME,126.03,396.081,3.311,3.746,400,294,,,
2026-09-27T16:19:04.664263,2,3170,FRAME,129.341,399.828,3.311,3.746,400,301,,,
2026-09-27T16:19:04.678418,2,3171,FRAME,132.653,403.574,3.311,3.746,400,294,,,
2026-09-27T16:19:04.699679,2,3172,FRAME,135.964,407.32,3.311,3.746,400,301,,,
2026-09-27T16:19:04.714243,2,3173,FRAME,139.275,411.067,3.311,3.746,400,294,,,
2026-09-27T16:19:04.728815,2,3174,FRAME,142.587,414.813,3.311,3.746,400,301,,,
2026-09-27T16:19:04.745114,2,3175,FRAME,145.898,418.559,3.311,3.746,400,294,,,
2026-09-27T16:19:04.762696,2,3176,FRAME,149.21,422.306,3.311,3.746,400,301,,,
2026-09-27T16:19:04.779224,2,3177,FRAME,152.521,426.052,3.311,3.746,400,294,,,
2026-09-27T16:19:04.796935,2,3178,FRAME,155.832,429.798,3.311,3.746,400,301,,,
2026-09-27T16:19:04.812494,2,3179,FRAME,159.144,433.544,3.311,3.746,400,294,,,
2026-09-27T16:19:04.832203,2,3180,FRAME,162.455,437.291,3.311,3.746,400,301,,,
2026-09-27T16:19:04.846220,2,3181,FRAME,165.766,441.037,3.311,3.746,400,294,,,
2026-09-27T16:19:04.863063,2,3182,FRAME,169.078,444.783,3.311,3.746,393,301,,,
2026-09-27T16:19:04.882397,2,3183,FRAME,172.389,448.53,3.311,3.746,386,294,,,
2026-09-27T16:19:04.896079,2,3184,FRAME,175.701,452.276,3.311,3.746,379,301,,,
2026-09-27T16:19:04.912615,2,3185,FRAME,179.012,456.022,3.311,3.746,372,294,,,
2026-09-27T16:19:04.930481,2,3186,FRAME,182.323,459.769,3.311,3.746,365,301,,,
2026-09-27T16:19:04.949596,2,3187,FRAME,185.635,463.515,3.311,3.746,358,294,,,
2026-09-27T16:19:04.963122,2,3188,FRAME,188.946,467.261,3.311,3.746,351,301,,,
2026-09-27T16:19:04.979721,2,3189,FRAME,192.257,471.007,3.311,3.746,344,294,,,
2026-09-27T16:19:05.002510,2,3190,FRAME,195.569,474.754,3.311,3.746,337,301,,,
2026-09-27T16:19:05.014290,2,3191,FRAME,198.88,478.5,3.311,3.746,330,294,,,
2026-09-27T16:19:05.031932,2,3192,FRAME,202.192,482.246,3.311,3.746,323,301,,,
2026-09-27T16:19:05.047088,2,3193,FRAME,205.503,485.993,3.311,3.746,316,294,,,
2026-09-27T16:19:05.060570,2,3194,WALL_BOUNCE,208.814,488,3.311,-3.746,309,301,,,
2026-09-27T16:19:05.066574,2,3195,FRAME,208.814,488,3.311,-3.746,309,301,,,
2026-09-27T16:19:05.080233,2,3196,FRAME,212.126,484.254,3.311,-3.746,302,294,,,
2026-09-27T16:19:05.097280,2,3197,FRAME,215.437,480.507,3.311,-3.746,295,301,,,
2026-09-27T16:19:05.113978,2,3198,FRAME,218.748,476.761,3.311,-3.746,288,294,,,
2026-09-27T16:19:05.132660,2,3199,FRAME,222.06,473.015,3.311,-3.746,281,301,,,
2026-09-27T16:19:05.148850,2,3200,FRAME,225.371,469.268,3.311,-3.746,274,294,,,
2026-09-27T16:19:05.165061,2,3201,FRAME,228.683,465.522,3.311,-3.746,267,301,,,
2026-09-27T16:19:05.181182,2,3202,FRAME,231.994,461.776,3.311,-3.746,260,294,,,
2026-09-27T16:19:05.198197,2,3203,FRAME,235.305,458.03,3.311,-3.746,253,301,,,
2026-09-27T16:19:05.214204,2,3204,FRAME,238.617,454.283,3.311,-3.746,246,294,,,
2026-09-27T16:19:05.230940,2,3205,FRAME,241.928,450.537,3.311,-3.746,246,301,,,
2026-09-27T16:19:05.247458,2,3206,FRAME,245.239,446.791,3.311,-3.746,246,294,,,
2026-09-27T16:19:05.264019,2,3207,FRAME,248.551,443.044,3.311,-3.746,246,301,,,
2026-09-27T16:19:05.286045,2,3208,FRAME,251.862,439.298,3.311,-3.746,246,294,,,
2026-09-27T16:19:05.300870,2,3209,FRAME,255.174,435.552,3.311,-3.746,246,301,,,
2026-09-27T16:19:05.318566,2,3210,FRAME,258.485,431.805,3.311,-3.746,246,294,,,
2026-09-27T16:19:05.332823,2,3211,FRAME,261.796,428.059,3.311,-3.746,246,301,,,
2026-09-27T16:19:05.352615,2,3212,FRAME,265.108,424.313,3.311,-3.746,253,294,,,
2026-09-27T16:19:05.370385,2,3213,FRAME,268.419,420.567,3.311,-3.746,260,301,,,
2026-09-27T16:19:05.381538,2,3214,FRAME,271.73,416.82,3.311,-3.746,267,294,,,
2026-09-27T16:19:05.405531,2,3215,FRAME,275.042,413.074,3.311,-3.746,274,301,,,
2026-09-27T16:19:05.417575,2,3216,FRAME,278.353,409.328,3.311,-3.746,281,294,,,
2026-09-27T16:19:05.435136,2,3217,FRAME,281.665,405.581,3.311,-3.746,288,301,,,
2026-09-27T16:19:05.449683,2,3218,FRAME,284.976,401.835,3.311,-3.746,295,294,,,
2026-09-27T16:19:05.467711,2,3219,FRAME,288.287,398.089,3.311,-3.746,302,301,,,
2026-09-27T16:19:05.488692,2,3220,FRAME,291.599,394.342,3.311,-3.746,309,294,,,
2026-09-27T16:19:05.504285,2,3221,FRAME,294.91,390.596,3.311,-3.746,309,301,,,
2026-09-27T16:19:05.517071,2,3222,FRAME,298.221,386.85,3.311,-3.746,309,294,,,
2026-09-27T16:19:05.534123,2,3223,FRAME,301.533,383.104,3.311,-3.746,309,301,,,
2026-09-27T16:19:05.549379,2,3224,FRAME,304.844,379.357,3.311,-3.746,309,294,,,
2026-09-27T16:19:05.569895,2,3225,FRAME,308.156,375.611,3.311,-3.746,309,301,,,
2026-09-27T16:19:05.582957,2,3226,FRAME,311.467,371.865,3.311,-3.746,309,294,,,
2026-09-27T16:19:05.603665,2,3227,FRAME,314.778,368.118,3.311,-3.746,309,301,,,
2026-09-27T16:19:05.619561,2,3228,FRAME,318.09,364.372,3.311,-3.746,309,294,,,
2026-09-27T16:19:05.634133,2,3229,FRAME,321.401,360.626,3.311,-3.746,309,301,,,
2026-09-27T16:19:05.650811,2,3230,FRAME,324.712,356.879,3.311,-3.746,309,294,,,
2026-09-27T16:19:05.665304,2,3231,FRAME,328.024,353.133,3.311,-3.746,309,301,,,
2026-09-27T16:19:05.683923,2,3232,FRAME,331.335,349.387,3.311,-3.746,309,294,,,
2026-09-27T16:19:05.697448,2,3233,FRAME,334.647,345.64,3.311,-3.746,309,301,,,
2026-09-27T16:19:05.714987,2,3234,FRAME,337.958,341.894,3.311,-3.746,309,294,,,
2026-09-27T16:19:05.731566,2,3235,FRAME,341.269,338.148,3.311,-3.746,309,301,,,
2026-09-27T16:19:05.746114,2,3236,FRAME,344.581,334.402,3.311,-3.746,309,294,,,
2026-09-27T16:19:05.762679,2,3237,FRAME,347.892,330.655,3.311,-3.746,309,301,,,
2026-09-27T16:19:05.780832,2,3238,FRAME,351.203,326.909,3.311,-3.746,309,294,,,
2026-09-27T16:19:05.799390,2,3239,FRAME,354.515,323.163,3.311,-3.746,309,301,,,
2026-09-27T16:19:05.813538,2,3240,FRAME,357.826,319.416,3.311,-3.746,309,294,,,
2026-09-27T16:19:05.830515,2,3241,FRAME,361.138,315.67,3.311,-3.746,309,301,,,
2026-09-27T16:19:05.849094,2,3242,FRAME,364.449,311.924,3.311,-3.746,309,294,,,
2026-09-27T16:19:05.863821,2,3243,FRAME,367.76,308.177,3.311,-3.746,309,301,,,
2026-09-27T16:19:05.885965,2,3244,FRAME,371.072,304.431,3.311,-3.746,309,294,,,
2026-09-27T16:19:05.901825,2,3245,FRAME,374.383,300.685,3.311,-3.746,309,301,,,
2026-09-27T16:19:05.915379,2,3246,FRAME,377.695,296.939,3.311,-3.746,309,294,,,
2026-09-27T16:19:05.931720,2,3247,FRAME,381.006,293.192,3.311,-3.746,309,301,,,
2026-09-27T16:19:05.946974,2,3248,FRAME,384.317,289.446,3.311,-3.746,309,294,,,
2026-09-27T16:19:05.966503,2,3249,FRAME,387.629,285.7,3.311,-3.746,309,301,,,
2026-09-27T16:19:05.979060,2,3250,FRAME,390.94,281.953,3.311,-3.746,309,294,,,
2026-09-27T16:19:05.996185,2,3251,FRAME,394.251,278.207,3.311,-3.746,309,301,,,
2026-09-27T16:19:06.015059,2,3252,FRAME,397.563,274.461,3.311,-3.746,309,294,,,
2026-09-27T16:19:06.028663,2,3253,FRAME,400.874,270.714,3.311,-3.746,309,301,,,
2026-09-27T16:19:06.050699,2,3254,FRAME,404.186,266.968,3.311,-3.746,309,294,,,
2026-09-27T16:19:06.067285,2,3255,FRAME,407.497,263.222,3.311,-3.746,309,301,,,
2026-09-27T16:19:06.079387,2,3256,FRAME,410.808,259.476,3.311,-3.746,309,294,,,
2026-09-27T16:19:06.094637,2,3257,FRAME,414.12,255.729,3.311,-3.746,309,301,,,
2026-09-27T16:19:06.112395,2,3258,FRAME,417.431,251.983,3.311,-3.746,309,294,,,
2026-09-27T16:19:06.134518,2,3259,FRAME,420.742,248.237,3.311,-3.746,309,301,,,
2026-09-27T16:19:06.145561,2,3260,FRAME,424.054,244.49,3.311,-3.746,309,294,,,
2026-09-27T16:19:06.163179,2,3261,FRAME,427.365,240.744,3.311,-3.746,309,301,,,
2026-09-27T16:19:06.179140,2,3262,FRAME,430.677,236.998,3.311,-3.746,309,294,,,
2026-09-27T16:19:06.196170,2,3263,FRAME,433.988,233.251,3.311,-3.746,309,301,,,
2026-09-27T16:19:06.215037,2,3264,FRAME,437.299,229.505,3.311,-3.746,309,294,,,
2026-09-27T16:19:06.229605,2,3265,FRAME,440.611,225.759,3.311,-3.746,309,301,,,
2026-09-27T16:19:06.245934,2,3266,FRAME,443.922,222.012,3.311,-3.746,309,294,,,
2026-09-27T16:19:06.268251,2,3267,FRAME,447.233,218.266,3.311,-3.746,309,301,,,
2026-09-27T16:19:06.280004,2,3268,FRAME,450.545,214.52,3.311,-3.746,309,294,,,
2026-09-27T16:19:06.422489,2,3269,FRAME,453.856,210.774,3.311,-3.746,309,301,,,
