timestamp,rally,frame,event,ball_x,ball_y,ball_vx,ball_vy,left_paddle_y,right_paddle_y,hit_position,angle,scorer
2026-09-08T03:54:37.922375,1,1,FRAME,438.892,352.046,4.716,-1.662,200.0,200.0,,,
2026-09-08T03:54:37.935407,1,2,FRAME,443.608,350.383,4.716,-1.662,200.0,200.0,,,
2026-09-08T03:54:37.950943,1,3,FRAME,448.323,348.721,4.716,-1.662,200.0,200.0,,,
2026-09-08T03:54:37.966549,1,4,FRAME,453.039,347.058,4.716,-1.662,200.0,200.0,,,
2026-09-08T03:54:37.983359,1,5,FRAME,457.754,345.396,4.716,-1.662,200.0,200.0,,,
2026-09-08T03:54:38.000878,1,6,FRAME,462.47,343.734,4.716,-1.662,200.0,200.0,,,
2026-09-08T03:54:38.017394,1,7,FRAME,467.185,342.071,4.716,-1.662,200.0,200.0,,,
2026-09-08T03:54:38.034515,1,8,FRAME,471.901,340.409,4.716,-1.662,200.0,200.0,,,
2026-09-08T03:54:38.051234,1,9,FRAME,476.616,338.746,4.716,-1.662,200.0,200.0,,,
2026-09-08T03:54:38.068250,1,10,FRAME,481.332,337.084,4.716,-1.662,200.0,200.0,,,
2026-09-08T03:54:38.085329,1,11,FRAME,486.048,335.421,4.716,-1.662,200.0,200.0,,,
2026-09-08T03:54:38.101555,1,12,FRAME,490.763,333.759,4.716,-1.662,200.0,200.0,,,
2026-09-08T03:54:38.118474,1,13,FRAME,495.479,332.096,4.716,-1.662,200.0,200.0,,,
2026-09-08T03:54:38.135514,1,14,FRAME,500.194,330.434,4.716,-1.662,200.0,200.0,,,
2026-09-08T03:54:38.152640,1,15,FRAME,504.91,328.772,4.716,-1.662,200.0,200.0,,,
2026-09-08T03:54:38.168538,1,16,FRAME,509.625,327.109,4.716,-1.662,200.0,200.0,,,
2026-09-08T03:54:38.185098,1,17,FRAME,514.341,325.447,4.716,-1.662,200.0,200.0,,,
2026-09-08T03:54:38.201242,1,18,FRAME,519.056,323.784,4.716,-1.662,200.0,200.0,,,
2026-09-08T03:54:38.218328,1,19,FRAME,523.772,322.122,4.716,-1.662,200.0,200.0,,,
2026-09-08T03:54:38.234943,1,20,FRAME,528.487,320.459,4.716,-1.662,200.0,200.0,,,
2026-09-08T03:54:38.251476,1,21,FRAME,533.203,318.797,4.716,-1.662,200.0,200.0,,,
2026-09-08T03:54:38.268447,1,22,FRAME,537.918,317.134,4.716,-1.662,200.0,200.0,,,
2026-09-08T03:54:38.285415,1,23,FRAME,542.634,315.472,4.716,-1.662,200.0,200.0,,,
2026-09-08T03:54:38.301388,1,24,FRAME,547.35,313.81,4.716,-1.662,200.0,200.0,,,
2026-09-08T03:54:38.318397,1,25,FRAME,552.065,312.147,4.716,-1.662,200.0,200.0,,,
2026-09-08T03:54:38.335425,1,26,FRAME,556.781,310.485,4.716,-1.662,200.0,200.0,,,
2026-09-08T03:54:38.351903,1,27,FRAME,561.496,308.822,4.716,-1.662,200.0,200.0,,,
2026-09-08T03:54:38.367978,1,28,FRAME,566.212,307.16,4.716,-1.662,200.0,200.0,,,
2026-09-08T03:54:38.384637,1,29,FRAME,570.927,305.497,4.716,-1.662,200.0,200.0,,,
2026-09-08T03:54:38.401175,1,30,FRAME,575.643,303.835,4.716,-1.662,200.0,200.0,,,
2026-09-08T03:54:38.418264,1,31,FRAME,580.358,302.172,4.716,-1.662,200.0,200.0,,,
2026-09-08T03:54:38.435582,1,32,FRAME,585.074,300.51,4.716,-1.662,200.0,200.0,,,
2026-09-08T03:54:38.451873,1,33,FRAME,589.789,298.848,4.716,-1.662,200.0,200.0,,,
2026-09-08T03:54:38.467588,1,34,FRAME,594.505,297.185,4.716,-1.662,200.0,200.0,,,
2026-09-08T03:54:38.484105,1,35,FRAME,599.22,295.523,4.716,-1.662,200.0,200.0,,,
2026-09-08T03:54:38.500148,1,36,FRAME,603.936,293.86,4.716,-1.662,200.0,200.0,,,
2026-09-08T03:54:38.516406,1,37,FRAME,608.652,292.198,4.716,-1.662,200.0,200.0,,,
2026-09-08T03:54:38.532947,1,38,FRAME,613.367,290.535,4.716,-1.662,200.0,200.0,,,
2026-09-08T03:54:38.549105,1,39,FRAME,618.083,288.873,4.716,-1.662,200.0,200.0,,,
2026-09-08T03:54:38.566155,1,40,FRAME,622.798,287.211,4.716,-1.662,200.0,200.0,,,
2026-09-08T03:54:38.582468,1,41,FRAME,627.514,285.548,4.716,-1.662,200.0,200.0,,,
2026-09-08T03:54:38.599115,1,42,FRAME,632.229,283.886,4.716,-1.662,200.0,200.0,,,
2026-09-08T03:54:38.616211,1,43,FRAME,636.945,282.223,4.716,-1.662,200.0,200.0,,,
2026-09-08T03:54:38.633275,1,44,FRAME,641.66,280.561,4.716,-1.662,200.0,200.0,,,
2026-09-08T03:54:38.650439,1,45,FRAME,646.376,278.898,4.716,-1.662,200.0,200.0,,,
2026-09-08T03:54:38.667199,1,46,FRAME,651.091,277.236,4.716,-1.662,200.0,200.0,,,
2026-09-08T03:54:38.684308,1,47,FRAME,655.807,275.573,4.716,-1.662,200.0,200.0,,,
2026-09-08T03:54:38.700375,1,48,FRAME,660.522,273.911,4.716,-1.662,200.0,200.0,,,
2026-09-08T03:54:38.717120,1,49,FRAME,665.238,272.249,4.716,-1.662,200.0,200.0,,,
2026-09-08T03:54:38.734407,1,50,FRAME,669.953,270.586,4.716,-1.662,200.0,200.0,,,
2026-09-08T03:54:38.749767,1,51,FRAME,674.669,268.924,4.716,-1.662,200.0,200.0,,,
2026-09-08T03:54:38.765462,1,52,FRAME,679.385,267.261,4.716,-1.662,200.0,200.0,,,
2026-09-08T03:54:38.782448,1,53,FRAME,684.1,265.599,4.716,-1.662,200.0,200.0,,,
2026-09-08T03:54:38.800244,1,54,FRAME,688.816,263.936,4.716,-1.662,200.0,200.0,,,
2026-09-08T03:54:38.816379,1,55,FRAME,693.531,262.274,4.716,-1.662,200.0,200.0,,,
2026-09-08T03:54:38.833133,1,56,FRAME,698.247,260.611,4.716,-1.662,200.0,200.0,,,
2026-09-08T03:54:38.850360,1,57,FRAME,702.962,258.949,4.716,-1.662,200.0,200.0,,,
2026-09-08T03:54:38.867879,1,58,FRAME,707.678,257.287,4.716,-1.662,200.0,200.0,,,
2026-09-08T03:54:38.884301,1,59,FRAME,712.393,255.624,4.716,-1.662,200.0,200.0,,,
2026-09-08T03:54:38.900458,1,60,FRAME,717.109,253.962,4.716,-1.662,200.0,200.0,,,
2026-09-08T03:54:38.917853,1,61,FRAME,721.824,252.299,4.716,-1.662,200.0,200.0,,,
2026-09-08T03:54:38.934403,1,62,FRAME,726.54,250.637,4.716,-1.662,200.0,200.0,,,
2026-09-08T03:54:38.950298,1,63,FRAME,731.255,248.974,4.716,-1.662,200.0,200.0,,,
2026-09-08T03:54:38.967482,1,64,FRAME,735.971,247.312,4.716,-1.662,200.0,200.0,,,
2026-09-08T03:54:38.983455,1,65,FRAME,740.687,245.649,4.716,-1.662,200.0,200.0,,,
2026-09-08T03:54:39.000247,1,66,RIGHT_HIT,743,243.987,-5.0,-0.001,200.0,200.0,-0.0,-0.016,
2026-09-08T03:54:39.000247,1,67,FRAME,743,243.987,-5.0,-0.001,200.0,200.0,,,
2026-09-08T03:54:39.017337,1,68,FRAME,738.0,243.986,-5.0,-0.001,200.0,200.0,,,
2026-09-08T03:54:39.034506,1,69,FRAME,733.0,243.984,-5.0,-0.001,200.0,200.0,,,
2026-09-08T03:54:39.050611,1,70,FRAME,728.0,243.983,-5.0,-0.001,200.0,200.0,,,
2026-09-08T03:54:39.067471,1,71,FRAME,723.0,243.982,-5.0,-0.001,200.0,200.0,,,
2026-09-08T03:54:39.083590,1,72,FRAME,718.0,243.98,-5.0,-0.001,200.0,200.0,,,
2026-09-08T03:54:39.100410,1,73,FRAME,713.0,243.979,-5.0,-0.001,200.0,200.0,,,
2026-09-08T03:54:39.116428,1,74,FRAME,708.0,243.978,-5.0,-0.001,200.0,200.0,,,
2026-09-08T03:54:39.132285,1,75,FRAME,703.0,243.976,-5.0,-0.001,200.0,200.0,,,
2026-09-08T03:54:39.149524,1,76,FRAME,698.0,243.975,-5.0,-0.001,200.0,200.0,,,
2026-09-08T03:54:39.166654,1,77,FRAME,693.0,243.973,-5.0,-0.001,200.0,200.0,,,
2026-09-08T03:54:39.183085,1,78,FRAME,688.0,243.972,-5.0,-0.001,200.0,200.0,,,
2026-09-08T03:54:39.199290,1,79,FRAME,683.0,243.971,-5.0,-0.001,200.0,200.0,,,
2026-09-08T03:54:39.216352,1,80,FRAME,678.0,243.969,-5.0,-0.001,200.0,200.0,,,
2026-09-08T03:54:39.233360,1,81,FRAME,673.0,243.968,-5.0,-0.001,200.0,200.0,,,
2026-09-08T03:54:39.249968,1,82,FRAME,668.0,243.967,-5.0,-0.001,200.0,200.0,,,
2026-09-08T03:54:39.267125,1,83,FRAME,663.0,243.965,-5.0,-0.001,200.0,200.0,,,
2026-09-08T03:54:39.284260,1,84,FRAME,658.0,243.964,-5.0,-0.001,200.0,200.0,,,
2026-09-08T03:54:39.301630,1,85,FRAME,653.0,243.963,-5.0,-0.001,200.0,200.0,,,
2026-09-08T03:54:39.317589,1,86,FRAME,648.0,243.961,-5.0,-0.001,200.0,200.0,,,
2026-09-08T03:54:39.334147,1,87,FRAME,643.0,243.96,-5.0,-0.001,200.0,200.0,,,
2026-09-08T03:54:39.351259,1,88,FRAME,638.0,243.958,-5.0,-0.001,200.0,200.0,,,
2026-09-08T03:54:39.368733,1,89,FRAME,633.0,243.957,-5.0,-0.001,200.0,200.0,,,
2026-09-08T03:54:39.385580,1,90,FRAME,628.0,243.956,-5.0,-0.001,200.0,200.0,,,
2026-09-08T03:54:39.402204,1,91,FRAME,623.0,243.954,-5.0,-0.001,200.0,200.0,,,
2026-09-08T03:54:39.419287,1,92,FRAME,618.0,243.953,-5.0,-0.001,200.0,200.0,,,
2026-09-08T03:54:39.436470,1,93,FRAME,613.0,243.952,-5.0,-0.001,200.0,200.0,,,
2026-09-08T03:54:39.453140,1,94,FRAME,608.0,243.95,-5.0,-0.001,200.0,200.0,,,
2026-09-08T03:54:39.469976,1,95,FRAME,603.0,243.949,-5.0,-0.001,200.0,200.0,,,
2026-09-08T03:54:39.486849,1,96,FRAME,598.0,243.948,-5.0,-0.001,200.0,200.0,,,
2026-09-08T03:54:39.503391,1,97,FRAME,593.0,243.946,-5.0,-0.001,200.0,200.0,,,
2026-09-08T03:54:39.519870,1,98,FRAME,588.0,243.945,-5.0,-0.001,200.0,200.0,,,
2026-09-08T03:54:39.535918,1,99,FRAME,583.0,243.944,-5.0,-0.001,200.0,200.0,,,
2026-09-08T03:54:39.552440,1,100,FRAME,578.0,243.942,-5.0,-0.001,200.0,200.0,,,
2026-09-08T03:54:39.569476,1,101,FRAME,573.0,243.941,-5.0,-0.001,200.0,200.0,,,
2026-09-08T03:54:39.587041,1,102,FRAME,568.0,243.939,-5.0,-0.001,200.0,200.0,,,
2026-09-08T03:54:39.602861,1,103,FRAME,563.0,243.938,-5.0,-0.001,200.0,200.0,,,
2026-09-08T03:54:39.618630,1,104,FRAME,558.0,243.937,-5.0,-0.001,200.0,200.0,,,
2026-09-08T03:54:39.635142,1,105,FRAME,553.0,243.935,-5.0,-0.001,200.0,200.0,,,
2026-09-08T03:54:39.650970,1,106,FRAME,548.0,243.934,-5.0,-0.001,200.0,200.0,,,
2026-09-08T03:54:39.666770,1,107,FRAME,543.0,243.933,-5.0,-0.001,200.0,200.0,,,
2026-09-08T03:54:39.683485,1,108,FRAME,538.0,243.931,-5.0,-0.001,200.0,200.0,,,
2026-09-08T03:54:39.700485,1,109,FRAME,533.0,243.93,-5.0,-0.001,200.0,200.0,,,
2026-09-08T03:54:39.716498,1,110,FRAME,528.0,243.929,-5.0,-0.001,200.0,200.0,,,
2026-09-08T03:54:39.732918,1,111,FRAME,523.0,243.927,-5.0,-0.001,200.0,200.0,,,
2026-09-08T03:54:39.749181,1,112,FRAME,518.0,243.926,-5.0,-0.001,200.0,200.0,,,
2026-09-08T03:54:39.766170,1,113,FRAME,513.0,243.925,-5.0,-0.001,200.0,200.0,,,
2026-09-08T03:54:39.782603,1,114,FRAME,508.0,243.923,-5.0,-0.001,200.0,200.0,,,
2026-09-08T03:54:39.799281,1,115,FRAME,503.0,243.922,-5.0,-0.001,200.0,200.0,,,
2026-09-08T03:54:39.815716,1,116,FRAME,498.0,243.92,-5.0,-0.001,200.0,200.0,,,
2026-09-08T03:54:39.831961,1,117,FRAME,493.0,243.919,-5.0,-0.001,200.0,200.0,,,
2026-09-08T03:54:39.848020,1,118,FRAME,488.0,243.918,-5.0,-0.001,200.0,200.0,,,
2026-09-08T03:54:39.864033,1,119,FRAME,483.0,243.916,-5.0,-0.001,200.0,200.0,,,
2026-09-08T03:54:39.880686,1,120,FRAME,478.0,243.915,-5.0,-0.001,200.0,200.0,,,
2026-09-08T03:54:39.896570,1,121,FRAME,473.0,243.914,-5.0,-0.001,200.0,200.0,,,
2026-09-08T03:54:39.912586,1,122,FRAME,468.0,243.912,-5.0,-0.001,200.0,200.0,,,
2026-09-08T03:54:39.928597,1,123,FRAME,463.0,243.911,-5.0,-0.001,200.0,200.0,,,
2026-09-08T03:54:39.945207,1,124,FRAME,458.0,243.91,-5.0,-0.001,200.0,200.0,,,
2026-09-08T03:54:39.962035,1,125,FRAME,453.0,243.908,-5.0,-0.001,200.0,200.0,,,
2026-09-08T03:54:39.978263,1,126,FRAME,448.0,243.907,-5.0,-0.001,200.0,200.0,,,
2026-09-08T03:54:39.995276,1,127,FRAME,443.0,243.905,-5.0,-0.001,200.0,200.0,,,
2026-09-08T03:54:40.012416,1,128,FRAME,438.0,243.904,-5.0,-0.001,200.0,200.0,,,
2026-09-08T03:54:40.029730,1,129,FRAME,433.0,243.903,-5.0,-0.001,200.0,200.0,,,
2026-09-08T03:54:40.046571,1,130,FRAME,428.0,243.901,-5.0,-0.001,200.0,200.0,,,
2026-09-08T03:54:40.062256,1,131,FRAME,423.0,243.9,-5.0,-0.001,200.0,200.0,,,
2026-09-08T03:54:40.080920,1,132,FRAME,418.0,243.899,-5.0,-0.001,207.0,200.0,,,
2026-09-08T03:54:40.096532,1,133,FRAME,413.0,243.897,-5.0,-0.001,214.0,200.0,,,
2026-09-08T03:54:40.113134,1,134,FRAME,408.0,243.896,-5.0,-0.001,221.0,200.0,,,
2026-09-08T03:54:40.129689,1,135,FRAME,403.0,243.895,-5.0,-0.001,228.0,200.0,,,
2026-09-08T03:54:40.146289,1,136,FRAME,398.0,243.893,-5.0,-0.001,235.0,200.0,,,
2026-09-08T03:54:40.164289,1,137,FRAME,393.0,243.892,-5.0,-0.001,242.0,200.0,,,
2026-09-08T03:54:40.181386,1,138,FRAME,388.0,243.891,-5.0,-0.001,249.0,200.0,,,
2026-09-08T03:54:40.197467,1,139,FRAME,383.0,243.889,-5.0,-0.001,256.0,200.0,,,
2026-09-08T03:54:40.214301,1,140,FRAME,378.0,243.888,-5.0,-0.001,263.0,200.0,,,
2026-09-08T03:54:40.231267,1,141,FRAME,373.0,243.886,-5.0,-0.001,270.0,200.0,,,
2026-09-08T03:54:40.247562,1,142,FRAME,368.0,243.885,-5.0,-0.001,270.0,200.0,,,
2026-09-08T03:54:40.264118,1,143,FRAME,363.0,243.884,-5.0,-0.001,270.0,200.0,,,
2026-09-08T03:54:40.280042,1,144,FRAME,358.0,243.882,-5.0,-0.001,270.0,200.0,,,
2026-09-08T03:54:40.296109,1,145,FRAME,353.0,243.881,-5.0,-0.001,270.0,200.0,,,
2026-09-08T03:54:40.312045,1,146,FRAME,348.0,243.88,-5.0,-0.001,270.0,200.0,,,
2026-09-08T03:54:40.328367,1,147,FRAME,343.0,243.878,-5.0,-0.001,270.0,200.0,,,
2026-09-08T03:54:40.345194,1,148,FRAME,338.0,243.877,-5.0,-0.001,270.0,200.0,,,
2026-09-08T03:54:40.362149,1,149,FRAME,333.0,243.876,-5.0,-0.001,270.0,200.0,,,
2026-09-08T03:54:40.378860,1,150,FRAME,328.0,243.874,-5.0,-0.001,270.0,200.0,,,
2026-09-08T03:54:40.395450,1,151,FRAME,323.0,243.873,-5.0,-0.001,270.0,200.0,,,
2026-09-08T03:54:40.412180,1,152,FRAME,318.0,243.871,-5.0,-0.001,270.0,200.0,,,
2026-09-08T03:54:40.429413,1,153,FRAME,313.0,243.87,-5.0,-0.001,270.0,200.0,,,
2026-09-08T03:54:40.446174,1,154,FRAME,308.0,243.869,-5.0,-0.001,270.0,200.0,,,
2026-09-08T03:54:40.463232,1,155,FRAME,303.0,243.867,-5.0,-0.001,270.0,200.0,,,
2026-09-08T03:54:40.480734,1,156,FRAME,298.0,243.866,-5.0,-0.001,270.0,200.0,,,
2026-09-08T03:54:40.497268,1,157,FRAME,293.0,243.865,-5.0,-0.001,270.0,200.0,,,
2026-09-08T03:54:40.514227,1,158,FRAME,288.0,243.863,-5.0,-0.001,270.0,200.0,,,
2026-09-08T03:54:40.530239,1,159,FRAME,283.0,243.862,-5.0,-0.001,270.0,200.0,,,
2026-09-08T03:54:40.547416,1,160,FRAME,278.0,243.861,-5.0,-0.001,263.0,200.0,,,
2026-09-08T03:54:40.564749,1,161,FRAME,273.0,243.859,-5.0,-0.001,256.0,200.0,,,
2026-09-08T03:54:40.580402,1,162,FRAME,268.0,243.858,-5.0,-0.001,249.0,200.0,,,
2026-09-08T03:54:40.597099,1,163,FRAME,263.0,243.857,-5.0,-0.001,242.0,200.0,,,
2026-09-08T03:54:40.615046,1,164,FRAME,258.0,243.855,-5.0,-0.001,235.0,200.0,,,
2026-09-08T03:54:40.631027,1,165,FRAME,253.0,243.854,-5.0,-0.001,228.0,200.0,,,
2026-09-08T03:54:40.646996,1,166,FRAME,248.0,243.852,-5.0,-0.001,221.0,200.0,,,
2026-09-08T03:54:40.663457,1,167,FRAME,243.0,243.851,-5.0,-0.001,214.0,200.0,,,
2026-09-08T03:54:40.679662,1,168,FRAME,238.0,243.85,-5.0,-0.001,207.0,200.0,,,
2026-09-08T03:54:40.696221,1,169,FRAME,233.0,243.848,-5.0,-0.001,207.0,200.0,,,
2026-09-08T03:54:40.713174,1,170,FRAME,228.0,243.847,-5.0,-0.001,207.0,200.0,,,
2026-09-08T03:54:40.730239,1,171,FRAME,223.0,243.846,-5.0,-0.001,207.0,200.0,,,
2026-09-08T03:54:40.747558,1,172,FRAME,218.0,243.844,-5.0,-0.001,207.0,200.0,,,
2026-09-08T03:54:40.764289,1,173,FRAME,213.0,243.843,-5.0,-0.001,207.0,200.0,,,
2026-09-08T03:54:40.780299,1,174,FRAME,208.0,243.842,-5.0,-0.001,207.0,200.0,,,
2026-09-08T03:54:40.796817,1,175,FRAME,203.0,243.84,-5.0,-0.001,207.0,200.0,,,
2026-09-08T03:54:40.814032,1,176,FRAME,198.0,243.839,-5.0,-0.001,207.0,200.0,,,
2026-09-08T03:54:40.829805,1,177,FRAME,193.0,243.838,-5.0,-0.001,207.0,200.0,,,
2026-09-08T03:54:40.845856,1,178,FRAME,188.0,243.836,-5.0,-0.001,207.0,200.0,,,
2026-09-08T03:54:40.862427,1,179,FRAME,183.0,243.835,-5.0,-0.001,207.0,200.0,,,
2026-09-08T03:54:40.879413,1,180,FRAME,178.0,243.833,-5.0,-0.001,207.0,200.0,,,
2026-09-08T03:54:40.896309,1,181,FRAME,173.0,243.832,-5.0,-0.001,207.0,200.0,,,
2026-09-08T03:54:40.914004,1,182,FRAME,168.0,243.831,-5.0,-0.001,207.0,200.0,,,
2026-09-08T03:54:40.930437,1,183,FRAME,163.0,243.829,-5.0,-0.001,207.0,200.0,,,
2026-09-08T03:54:40.947239,1,184,FRAME,158.0,243.828,-5.0,-0.001,214.0,200.0,,,
2026-09-08T03:54:40.964313,1,185,FRAME,153.0,243.827,-5.0,-0.001,221.0,200.0,,,
2026-09-08T03:54:40.980962,1,186,FRAME,148.0,243.825,-5.0,-0.001,228.0,200.0,,,
2026-09-08T03:54:40.997373,1,187,FRAME,143.0,243.824,-5.0,-0.001,235.0,200.0,,,
2026-09-08T03:54:41.014204,1,188,FRAME,138.0,243.823,-5.0,-0.001,242.0,200.0,,,
2026-09-08T03:54:41.030769,1,189,FRAME,133.0,243.821,-5.0,-0.001,249.0,200.0,,,
2026-09-08T03:54:41.047596,1,190,FRAME,128.0,243.82,-5.0,-0.001,256.0,200.0,,,
2026-09-08T03:54:41.064133,1,191,FRAME,123.0,243.818,-5.0,-0.001,256.0,200.0,,,
2026-09-08T03:54:41.080117,1,192,FRAME,118.0,243.817,-5.0,-0.001,256.0,200.0,,,
2026-09-08T03:54:41.096222,1,193,FRAME,113.0,243.816,-5.0,-0.001,256.0,200.0,,,
2026-09-08T03:54:41.113438,1,194,FRAME,108.0,243.814,-5.0,-0.001,256.0,200.0,,,
2026-09-08T03:54:41.130037,1,195,FRAME,103.0,243.813,-5.0,-0.001,256.0,200.0,,,
2026-09-08T03:54:41.146349,1,196,FRAME,98.0,243.812,-5.0,-0.001,256.0,200.0,,,
2026-09-08T03:54:41.162406,1,197,FRAME,93.0,243.81,-5.0,-0.001,256.0,200.0,,,
2026-09-08T03:54:41.178897,1,198,FRAME,88.0,243.809,-5.0,-0.001,256.0,200.0,,,
2026-09-08T03:54:41.195376,1,199,FRAME,83.0,243.808,-5.0,-0.001,256.0,200.0,,,
2026-09-08T03:54:41.212532,1,200,FRAME,78.0,243.806,-5.0,-0.001,256.0,200.0,,,
2026-09-08T03:54:41.228264,1,201,FRAME,73.0,243.805,-5.0,-0.001,256.0,200.0,,,
2026-09-08T03:54:41.245577,1,202,FRAME,68.0,243.804,-5.0,-0.001,256.0,200.0,,,
2026-09-08T03:54:41.263103,1,203,FRAME,63.0,243.802,-5.0,-0.001,256.0,200.0,,,
2026-09-08T03:54:41.279145,1,204,FRAME,58.0,243.801,-5.0,-0.001,256.0,200.0,,,
2026-09-08T03:54:41.296696,1,205,FRAME,53.0,243.799,-5.0,-0.001,256.0,200.0,,,
2026-09-08T03:54:41.313217,1,206,FRAME,48.0,243.798,-5.0,-0.001,256.0,200.0,,,
2026-09-08T03:54:41.330285,1,207,FRAME,43.0,243.797,-5.0,-0.001,256.0,200.0,,,
2026-09-08T03:54:41.348055,1,208,FRAME,38.0,243.795,-5.0,-0.001,256.0,200.0,,,
2026-09-08T03:54:41.364225,1,209,FRAME,33.0,243.794,-5.0,-0.001,256.0,200.0,,,
2026-09-08T03:54:41.380596,1,210,FRAME,28.0,243.793,-5.0,-0.001,256.0,200.0,,,
2026-09-08T03:54:41.397234,1,211,FRAME,23.0,243.791,-5.0,-0.001,263.0,200.0,,,
2026-09-08T03:54:41.414359,1,212,FRAME,18.0,243.79,-5.0,-0.001,270.0,200.0,,,
2026-09-08T03:54:41.430809,1,213,FRAME,13.0,243.789,-5.0,-0.001,270.0,200.0,,,
2026-09-08T03:54:41.448059,1,214,FRAME,8.0,243.787,-5.0,-0.001,270.0,200.0,,,
2026-09-08T03:54:41.464220,1,215,FRAME,3.0,243.786,-5.0,-0.001,270.0,200.0,,,
2026-09-08T03:54:41.481397,1,216,FRAME,-2.0,243.785,-5.0,-0.001,270.0,200.0,,,
2026-09-08T03:54:41.497457,1,217,FRAME,-7.0,243.783,-5.0,-0.001,270.0,200.0,,,
2026-09-08T03:54:41.514424,1,218,FRAME,-12.0,243.782,-5.0,-0.001,270.0,200.0,,,
2026-09-08T03:54:41.530511,1,219,FRAME,-17.0,243.78,-5.0,-0.001,270.0,200.0,,,
2026-09-08T03:54:41.530511,1,220,MISS_LEFT,-17.0,243.78,-5.0,-0.001,270.0,200.0,,,RIGHT
2026-09-08T03:54:41.547176,2,221,FRAME,510.821,380.133,3.978,3.029,263.0,200.0,,,
2026-09-08T03:54:41.564200,2,222,FRAME,514.799,383.162,3.978,3.029,256.0,200.0,,,
2026-09-08T03:54:41.581121,2,223,FRAME,518.777,386.191,3.978,3.029,249.0,200.0,,,
2026-09-08T03:54:41.598378,2,224,FRAME,522.755,389.22,3.978,3.029,242.0,200.0,,,
2026-09-08T03:54:41.615009,2,225,FRAME,526.733,392.249,3.978,3.029,235.0,200.0,,,
2026-09-08T03:54:41.631295,2,226,FRAME,530.711,395.279,3.978,3.029,228.0,200.0,,,
2026-09-08T03:54:41.648196,2,227,FRAME,534.689,398.308,3.978,3.029,221.0,200.0,,,
2026-09-08T03:54:41.665215,2,228,FRAME,538.667,401.337,3.978,3.029,214.0,200.0,,,
2026-09-08T03:54:41.681992,2,229,FRAME,542.645,404.366,3.978,3.029,207.0,200.0,,,
2026-09-08T03:54:41.697999,2,230,FRAME,546.623,407.395,3.978,3.029,200.0,200.0,,,
2026-09-08T03:54:41.714435,2,231,FRAME,550.601,410.424,3.978,3.029,193.0,200.0,,,
2026-09-08T03:54:41.730796,2,232,FRAME,554.579,413.453,3.978,3.029,186.0,200.0,,,
2026-09-08T03:54:41.747207,2,233,FRAME,558.557,416.482,3.978,3.029,179.0,200.0,,,
2026-09-08T03:54:41.764328,2,234,FRAME,562.535,419.512,3.978,3.029,172.0,200.0,,,
2026-09-08T03:54:41.780859,2,235,FRAME,566.513,422.541,3.978,3.029,165.0,200.0,,,
2026-09-08T03:54:41.797288,2,236,FRAME,570.491,425.57,3.978,3.029,158.0,200.0,,,
2026-09-08T03:54:41.814117,2,237,FRAME,574.469,428.599,3.978,3.029,151.0,200.0,,,
2026-09-08T03:54:41.830359,2,238,FRAME,578.447,431.628,3.978,3.029,151.0,200.0,,,
2026-09-08T03:54:41.847957,2,239,FRAME,582.425,434.657,3.978,3.029,151.0,200.0,,,
2026-09-08T03:54:41.863986,2,240,FRAME,586.403,437.686,3.978,3.029,151.0,200.0,,,
2026-09-08T03:54:41.879655,2,241,FRAME,590.381,440.715,3.978,3.029,151.0,200.0,,,
2026-09-08T03:54:41.896322,2,242,FRAME,594.359,443.744,3.978,3.029,151.0,200.0,,,
2026-09-08T03:54:41.914401,2,243,FRAME,598.337,446.774,3.978,3.029,151.0,200.0,,,
2026-09-08T03:54:41.931169,2,244,FRAME,602.315,449.803,3.978,3.029,151.0,200.0,,,
2026-09-08T03:54:41.948400,2,245,FRAME,606.293,452.832,3.978,3.029,151.0,200.0,,,
2026-09-08T03:54:41.965153,2,246,FRAME,610.271,455.861,3.978,3.029,151.0,200.0,,,
2026-09-08T03:54:41.981182,2,247,FRAME,614.249,458.89,3.978,3.029,151.0,200.0,,,
2026-09-08T03:54:41.998084,2,248,FRAME,618.227,461.919,3.978,3.029,151.0,200.0,,,
2026-09-08T03:54:42.014316,2,249,FRAME,622.205,464.948,3.978,3.029,151.0,200.0,,,
2026-09-08T03:54:42.030462,2,250,FRAME,626.183,467.977,3.978,3.029,151.0,200.0,,,
2026-09-08T03:54:42.046816,2,251,FRAME,630.161,471.006,3.978,3.029,151.0,200.0,,,
2026-09-08T03:54:42.063427,2,252,FRAME,634.139,474.036,3.978,3.029,151.0,200.0,,,
2026-09-08T03:54:42.080890,2,253,FRAME,638.117,477.065,3.978,3.029,151.0,200.0,,,
2026-09-08T03:54:42.096709,2,254,FRAME,642.095,480.094,3.978,3.029,151.0,200.0,,,
2026-09-08T03:54:42.113222,2,255,FRAME,646.073,483.123,3.978,3.029,151.0,200.0,,,
2026-09-08T03:54:42.129606,2,256,FRAME,650.051,486.152,3.978,3.029,151.0,200.0,,,
2026-09-08T03:54:42.146308,2,257,WALL_BOUNCE,654.029,488,3.978,-3.029,151.0,200.0,,,
2026-09-08T03:54:42.146308,2,258,FRAME,654.029,488,3.978,-3.029,151.0,200.0,,,
2026-09-08T03:54:42.163332,2,259,FRAME,658.007,484.971,3.978,-3.029,151.0,200.0,,,
2026-09-08T03:54:42.180204,2,260,FRAME,661.985,481.942,3.978,-3.029,151.0,200.0,,,
2026-09-08T03:54:42.197300,2,261,FRAME,665.963,478.913,3.978,-3.029,151.0,200.0,,,
2026-09-08T03:54:42.213470,2,262,FRAME,669.941,475.884,3.978,-3.029,151.0,200.0,,,
2026-09-08T03:54:42.230788,2,263,FRAME,673.919,472.854,3.978,-3.029,151.0,200.0,,,
2026-09-08T03:54:42.247528,2,264,FRAME,677.897,469.825,3.978,-3.029,151.0,200.0,,,
2026-09-08T03:54:42.264294,2,265,FRAME,681.875,466.796,3.978,-3.029,151.0,200.0,,,
2026-09-08T03:54:42.280507,2,266,FRAME,685.853,463.767,3.978,-3.029,151.0,200.0,,,
2026-09-08T03:54:42.297057,2,267,FRAME,689.831,460.738,3.978,-3.029,151.0,200.0,,,
2026-09-08T03:54:42.313154,2,268,FRAME,693.809,457.709,3.978,-3.029,151.0,200.0,,,
2026-09-08T03:54:42.330334,2,269,FRAME,697.787,454.68,3.978,-3.029,151.0,200.0,,,
2026-09-08T03:54:42.346508,2,270,FRAME,701.765,451.651,3.978,-3.029,151.0,200.0,,,
2026-09-08T03:54:42.362512,2,271,FRAME,705.743,448.622,3.978,-3.029,151.0,200.0,,,
2026-09-08T03:54:42.379335,2,272,FRAME,709.721,445.592,3.978,-3.029,158.0,200.0,,,
2026-09-08T03:54:42.395330,2,273,FRAME,713.699,442.563,3.978,-3.029,165.0,200.0,,,
2026-09-08T03:54:42.412358,2,274,FRAME,717.677,439.534,3.978,-3.029,172.0,200.0,,,
2026-09-08T03:54:42.429285,2,275,FRAME,721.655,436.505,3.978,-3.029,179.0,200.0,,,
2026-09-08T03:54:42.446275,2,276,FRAME,725.633,433.476,3.978,-3.029,186.0,200.0,,,
2026-09-08T03:54:42.463341,2,277,FRAME,729.611,430.447,3.978,-3.029,193.0,200.0,,,
2026-09-08T03:54:42.480664,2,278,FRAME,733.589,427.418,3.978,-3.029,200.0,200.0,,,
2026-09-08T03:54:42.497221,2,279,FRAME,737.567,424.389,3.978,-3.029,207.0,200.0,,,
2026-09-08T03:54:42.514232,2,280,FRAME,741.545,421.359,3.978,-3.029,214.0,200.0,,,
2026-09-08T03:54:42.530329,2,281,FRAME,745.523,418.33,3.978,-3.029,221.0,200.0,,,
2026-09-08T03:54:42.547957,2,282,FRAME,749.501,415.301,3.978,-3.029,221.0,200.0,,,
2026-09-08T03:54:42.563159,2,283,FRAME,753.479,412.272,3.978,-3.029,221.0,200.0,,,
2026-09-08T03:54:42.580703,2,284,FRAME,757.457,409.243,3.978,-3.029,221.0,200.0,,,
2026-09-08T03:54:42.596924,2,285,FRAME,761.435,406.214,3.978,-3.029,221.0,200.0,,,
2026-09-08T03:54:42.613382,2,286,FRAME,765.413,403.185,3.978,-3.029,221.0,200.0,,,
2026-09-08T03:54:42.630719,2,287,FRAME,769.391,400.156,3.978,-3.029,221.0,200.0,,,
2026-09-08T03:54:42.646947,2,288,FRAME,773.369,397.127,3.978,-3.029,221.0,200.0,,,
2026-09-08T03:54:42.663277,2,289,FRAME,777.347,394.097,3.978,-3.029,221.0,200.0,,,
2026-09-08T03:54:42.679456,2,290,FRAME,781.325,391.068,3.978,-3.029,221.0,200.0,,,
2026-09-08T03:54:42.695228,2,291,FRAME,785.303,388.039,3.978,-3.029,221.0,200.0,,,
2026-09-08T03:54:42.712788,2,292,FRAME,789.281,385.01,3.978,-3.029,221.0,200.0,,,
2026-09-08T03:54:42.729501,2,293,FRAME,793.259,381.981,3.978,-3.029,221.0,200.0,,,
2026-09-08T03:54:42.745259,2,294,FRAME,797.237,378.952,3.978,-3.029,221.0,200.0,,,
2026-09-08T03:54:42.762268,2,295,FRAME,801.215,375.923,3.978,-3.029,221.0,200.0,,,
2026-09-08T03:54:42.762268,2,296,MISS_RIGHT,801.215,375.923,3.978,-3.029,221.0,200.0,,,LEFT
2026-09-08T03:54:42.779418,3,297,FRAME,403.415,250.882,-4.021,2.971,221.0,200.0,,,
2026-09-08T03:54:42.796362,3,298,FRAME,399.394,253.853,-4.021,2.971,221.0,200.0,,,
2026-09-08T03:54:42.814068,3,299,FRAME,395.372,256.825,-4.021,2.971,221.0,200.0,,,
2026-09-08T03:54:42.830155,3,300,FRAME,391.351,259.796,-4.021,2.971,221.0,200.0,,,
2026-09-08T03:54:42.846012,3,301,FRAME,387.329,262.767,-4.021,2.971,221.0,200.0,,,
2026-09-08T03:54:42.862202,3,302,FRAME,383.308,265.738,-4.021,2.971,221.0,200.0,,,
2026-09-08T03:54:42.879478,3,303,FRAME,379.286,268.709,-4.021,2.971,221.0,200.0,,,
2026-09-08T03:54:42.896177,3,304,FRAME,375.265,271.681,-4.021,2.971,221.0,200.0,,,
2026-09-08T03:54:42.912880,3,305,FRAME,371.244,274.652,-4.021,2.971,221.0,200.0,,,
2026-09-08T03:54:42.928835,3,306,FRAME,367.222,277.623,-4.021,2.971,221.0,200.0,,,
2026-09-08T03:54:42.945119,3,307,FRAME,363.201,280.594,-4.021,2.971,221.0,200.0,,,
2026-09-08T03:54:42.960873,3,308,FRAME,359.179,283.565,-4.021,2.971,221.0,200.0,,,
2026-09-08T03:54:42.977059,3,309,FRAME,355.158,286.537,-4.021,2.971,221.0,200.0,,,
2026-09-08T03:54:42.993208,3,310,FRAME,351.136,289.508,-4.021,2.971,221.0,200.0,,,
2026-09-08T03:54:43.009837,3,311,FRAME,347.115,292.479,-4.021,2.971,221.0,200.0,,,
2026-09-08T03:54:43.026501,3,312,FRAME,343.093,295.45,-4.021,2.971,228.0,200.0,,,
2026-09-08T03:54:43.043416,3,313,FRAME,339.072,298.421,-4.021,2.971,235.0,200.0,,,
2026-09-08T03:54:43.060223,3,314,FRAME,335.051,301.393,-4.021,2.971,242.0,200.0,,,
2026-09-08T03:54:43.077435,3,315,FRAME,331.029,304.364,-4.021,2.971,249.0,200.0,,,
2026-09-08T03:54:43.094229,3,316,FRAME,327.008,307.335,-4.021,2.971,256.0,200.0,,,
2026-09-08T03:54:43.110880,3,317,FRAME,322.986,310.306,-4.021,2.971,263.0,200.0,,,
2026-09-08T03:54:43.126987,3,318,FRAME,318.965,313.277,-4.021,2.971,270.0,200.0,,,
2026-09-08T03:54:43.143222,3,319,FRAME,314.943,316.249,-4.021,2.971,277.0,200.0,,,
2026-09-08T03:54:43.160402,3,320,FRAME,310.922,319.22,-4.021,2.971,284.0,200.0,,,
2026-09-08T03:54:43.177449,3,321,FRAME,306.901,322.191,-4.021,2.971,284.0,200.0,,,
2026-09-08T03:54:43.194203,3,322,FRAME,302.879,325.162,-4.021,2.971,284.0,200.0,,,
2026-09-08T03:54:43.210762,3,323,FRAME,298.858,328.133,-4.021,2.971,284.0,200.0,,,
2026-09-08T03:54:43.228063,3,324,FRAME,294.836,331.105,-4.021,2.971,284.0,200.0,,,
2026-09-08T03:54:43.244403,3,325,FRAME,290.815,334.076,-4.021,2.971,284.0,200.0,,,
2026-09-08T03:54:43.260874,3,326,FRAME,286.793,337.047,-4.021,2.971,284.0,200.0,,,
2026-09-08T03:54:43.277233,3,327,FRAME,282.772,340.018,-4.021,2.971,284.0,200.0,,,
2026-09-08T03:54:43.294036,3,328,FRAME,278.751,342.989,-4.021,2.971,284.0,200.0,,,
2026-09-08T03:54:43.310059,3,329,FRAME,274.729,345.961,-4.021,2.971,284.0,200.0,,,
2026-09-08T03:54:43.327209,3,330,FRAME,270.708,348.932,-4.021,2.971,284.0,200.0,,,
2026-09-08T03:54:43.344101,3,331,FRAME,266.686,351.903,-4.021,2.971,284.0,200.0,,,
2026-09-08T03:54:43.360403,3,332,FRAME,262.665,354.874,-4.021,2.971,284.0,200.0,,,
2026-09-08T03:54:43.377789,3,333,FRAME,258.643,357.846,-4.021,2.971,284.0,200.0,,,
2026-09-08T03:54:43.394451,3,334,FRAME,254.622,360.817,-4.021,2.971,291.0,200.0,,,
2026-09-08T03:54:43.412035,3,335,FRAME,250.6,363.788,-4.021,2.971,298.0,200.0,,,
2026-09-08T03:54:43.427826,3,336,FRAME,246.579,366.759,-4.021,2.971,305.0,200.0,,,
2026-09-08T03:54:43.443518,3,337,FRAME,242.558,369.73,-4.021,2.971,312.0,200.0,,,
2026-09-08T03:54:43.459891,3,338,FRAME,238.536,372.702,-4.021,2.971,319.0,200.0,,,
2026-09-08T03:54:43.476476,3,339,FRAME,234.515,375.673,-4.021,2.971,326.0,200.0,,,
2026-09-08T03:54:43.493015,3,340,FRAME,230.493,378.644,-4.021,2.971,326.0,200.0,,,
2026-09-08T03:54:43.509164,3,341,FRAME,226.472,381.615,-4.021,2.971,326.0,200.0,,,
2026-09-08T03:54:43.526189,3,342,FRAME,222.45,384.586,-4.021,2.971,326.0,200.0,,,
2026-09-08T03:54:43.543959,3,343,FRAME,218.429,387.558,-4.021,2.971,326.0,200.0,,,
2026-09-08T03:54:43.560585,3,344,FRAME,214.408,390.529,-4.021,2.971,326.0,200.0,,,
2026-09-08T03:54:43.577390,3,345,FRAME,210.386,393.5,-4.021,2.971,326.0,200.0,,,
2026-09-08T03:54:43.594248,3,346,FRAME,206.365,396.471,-4.021,2.971,326.0,200.0,,,
2026-09-08T03:54:43.612103,3,347,FRAME,202.343,399.442,-4.021,2.971,326.0,200.0,,,
2026-09-08T03:54:43.628272,3,348,FRAME,198.322,402.414,-4.021,2.971,326.0,200.0,,,
2026-09-08T03:54:43.645058,3,349,FRAME,194.3,405.385,-4.021,2.971,326.0,200.0,,,
2026-09-08T03:54:43.662518,3,350,FRAME,190.279,408.356,-4.021,2.971,326.0,200.0,,,
2026-09-08T03:54:43.678398,3,351,FRAME,186.257,411.327,-4.021,2.971,326.0,200.0,,,
2026-09-08T03:54:43.694405,3,352,FRAME,182.236,414.298,-4.021,2.971,333.0,200.0,,,
2026-09-08T03:54:43.711589,3,353,FRAME,178.215,417.27,-4.021,2.971,340.0,200.0,,,
2026-09-08T03:54:43.728395,3,354,FRAME,174.193,420.241,-4.021,2.971,347.0,200.0,,,
2026-09-08T03:54:43.745372,3,355,FRAME,170.172,423.212,-4.021,2.971,354.0,200.0,,,
2026-09-08T03:54:43.762146,3,356,FRAME,166.15,426.183,-4.021,2.971,361.0,200.0,,,
2026-09-08T03:54:43.779229,3,357,FRAME,162.129,429.154,-4.021,2.971,368.0,200.0,,,
2026-09-08T03:54:43.796421,3,358,FRAME,158.107,432.126,-4.021,2.971,375.0,200.0,,,
2026-09-08T03:54:43.812357,3,359,FRAME,154.086,435.097,-4.021,2.971,382.0,200.0,,,
2026-09-08T03:54:43.829125,3,360,FRAME,150.065,438.068,-4.021,2.971,389.0,200.0,,,
2026-09-08T03:54:43.845772,3,361,FRAME,146.043,441.039,-4.021,2.971,396.0,200.0,,,
2026-09-08T03:54:43.862052,3,362,FRAME,142.022,444.01,-4.021,2.971,396.0,200.0,,,
2026-09-08T03:54:43.878426,3,363,FRAME,138.0,446.982,-4.021,2.971,396.0,200.0,,,
2026-09-08T03:54:43.895176,3,364,FRAME,133.979,449.953,-4.021,2.971,396.0,200.0,,,
2026-09-08T03:54:43.911977,3,365,FRAME,129.957,452.924,-4.021,2.971,396.0,200.0,,,
2026-09-08T03:54:43.928578,3,366,FRAME,125.936,455.895,-4.021,2.971,396.0,200.0,,,
2026-09-08T03:54:43.945229,3,367,FRAME,121.915,458.866,-4.021,2.971,396.0,200.0,,,
2026-09-08T03:54:43.962395,3,368,FRAME,117.893,461.838,-4.021,2.971,396.0,200.0,,,
2026-09-08T03:54:43.980151,3,369,FRAME,113.872,464.809,-4.021,2.971,396.0,200.0,,,
2026-09-08T03:54:43.997241,3,370,FRAME,109.85,467.78,-4.021,2.971,396.0,200.0,,,
2026-09-08T03:54:44.014383,3,371,FRAME,105.829,470.751,-4.021,2.971,396.0,200.0,,,
2026-09-08T03:54:44.031468,3,372,FRAME,101.807,473.722,-4.021,2.971,396.0,200.0,,,
2026-09-08T03:54:44.048925,3,373,FRAME,97.786,476.694,-4.021,2.971,396.0,200.0,,,
2026-09-08T03:54:44.065036,3,374,FRAME,93.764,479.665,-4.021,2.971,396.0,200.0,,,
2026-09-08T03:54:44.081342,3,375,FRAME,89.743,482.636,-4.021,2.971,396.0,200.0,,,
2026-09-08T03:54:44.098926,3,376,FRAME,85.722,485.607,-4.021,2.971,396.0,200.0,,,
2026-09-08T03:54:44.115160,3,377,WALL_BOUNCE,81.7,488,-4.021,-2.971,396.0,200.0,,,
2026-09-08T03:54:44.115160,3,378,FRAME,81.7,488,-4.021,-2.971,396.0,200.0,,,
2026-09-08T03:54:44.132727,3,379,FRAME,77.679,485.029,-4.021,-2.971,396.0,200.0,,,
2026-09-08T03:54:44.149341,3,380,FRAME,73.657,482.058,-4.021,-2.971,396.0,200.0,,,
2026-09-08T03:54:44.166065,3,381,FRAME,69.636,479.086,-4.021,-2.971,396.0,200.0,,,
2026-09-08T03:54:44.182337,3,382,FRAME,65.614,476.115,-4.021,-2.971,396.0,200.0,,,
2026-09-08T03:54:44.199895,3,383,FRAME,61.593,473.144,-4.021,-2.971,396.0,200.0,,,
2026-09-08T03:54:44.216311,3,384,FRAME,57.572,470.173,-4.021,-2.971,396.0,200.0,,,
2026-09-08T03:54:44.233384,3,385,FRAME,53.55,467.202,-4.021,-2.971,389.0,200.0,,,
2026-09-08T03:54:44.250437,3,386,FRAME,49.529,464.23,-4.021,-2.971,382.0,200.0,,,
2026-09-08T03:54:44.267101,3,387,FRAME,45.507,461.259,-4.021,-2.971,375.0,200.0,,,
2026-09-08T03:54:44.283131,3,388,LEFT_HIT,45,458.288,2.829,4.123,368.0,200.0,0.926,55.546,
2026-09-08T03:54:44.283131,3,389,FRAME,45,458.288,2.829,4.123,368.0,200.0,,,
2026-09-08T03:54:44.299389,3,390,FRAME,47.829,462.411,2.829,4.123,361.0,200.0,,,
2026-09-08T03:54:44.315826,3,391,FRAME,50.658,466.534,2.829,4.123,354.0,200.0,,,
2026-09-08T03:54:44.332727,3,392,FRAME,53.486,470.657,2.829,4.123,347.0,200.0,,,
2026-09-08T03:54:44.349299,3,393,FRAME,56.315,474.779,2.829,4.123,340.0,200.0,,,
2026-09-08T03:54:44.366363,3,394,FRAME,59.144,478.902,2.829,4.123,333.0,200.0,,,
2026-09-08T03:54:44.382581,3,395,FRAME,61.973,483.025,2.829,4.123,326.0,200.0,,,
2026-09-08T03:54:44.399367,3,396,FRAME,64.801,487.148,2.829,4.123,319.0,200.0,,,
2026-09-08T03:54:44.416147,3,397,WALL_BOUNCE,67.63,488,2.829,-4.123,312.0,200.0,,,
2026-09-08T03:54:44.416147,3,398,FRAME,67.63,488,2.829,-4.123,312.0,200.0,,,
2026-09-08T03:54:44.432837,3,399,FRAME,70.459,483.877,2.829,-4.123,305.0,200.0,,,
2026-09-08T03:54:44.449222,3,400,FRAME,73.288,479.754,2.829,-4.123,298.0,200.0,,,
2026-09-08T03:54:44.466504,3,401,FRAME,76.116,475.631,2.829,-4.123,291.0,200.0,,,
2026-09-08T03:54:44.483220,3,402,FRAME,78.945,471.508,2.829,-4.123,284.0,200.0,,,
2026-09-08T03:54:44.500517,3,403,FRAME,81.774,467.386,2.829,-4.123,277.0,200.0,,,
2026-09-08T03:54:44.517300,3,404,FRAME,84.603,463.263,2.829,-4.123,270.0,200.0,,,
2026-09-08T03:54:44.534140,3,405,FRAME,87.431,459.14,2.829,-4.123,263.0,200.0,,,
2026-09-08T03:54:44.550683,3,406,FRAME,90.26,455.017,2.829,-4.123,256.0,200.0,,,
2026-09-08T03:54:44.567081,3,407,FRAME,93.089,450.894,2.829,-4.123,249.0,200.0,,,
2026-09-08T03:54:44.584289,3,408,FRAME,95.918,446.771,2.829,-4.123,249.0,200.0,,,
2026-09-08T03:54:44.601803,3,409,FRAME,98.746,442.648,2.829,-4.123,249.0,200.0,,,
2026-09-08T03:54:44.618097,3,410,FRAME,101.575,438.525,2.829,-4.123,249.0,200.0,,,
2026-09-08T03:54:44.634231,3,411,FRAME,104.404,434.403,2.829,-4.123,249.0,200.0,,,
2026-09-08T03:54:44.650921,3,412,FRAME,107.233,430.28,2.829,-4.123,249.0,200.0,,,
2026-09-08T03:54:44.667193,3,413,FRAME,110.061,426.157,2.829,-4.123,249.0,200.0,,,
2026-09-08T03:54:44.684021,3,414,FRAME,112.89,422.034,2.829,-4.123,249.0,200.0,,,
2026-09-08T03:54:44.700536,3,415,FRAME,115.719,417.911,2.829,-4.123,249.0,200.0,,,
2026-09-08T03:54:44.717095,3,416,FRAME,118.548,413.788,2.829,-4.123,249.0,200.0,,,
2026-09-08T03:54:44.734164,3,417,FRAME,121.376,409.665,2.829,-4.123,249.0,200.0,,,
2026-09-08T03:54:44.749878,3,418,FRAME,124.205,405.542,2.829,-4.123,249.0,200.0,,,
2026-09-08T03:54:44.766137,3,419,FRAME,127.034,401.419,2.829,-4.123,249.0,200.0,,,
2026-09-08T03:54:44.782462,3,420,FRAME,129.863,397.297,2.829,-4.123,249.0,200.0,,,
2026-09-08T03:54:44.798965,3,421,FRAME,132.691,393.174,2.829,-4.123,249.0,200.0,,,
2026-09-08T03:54:44.815145,3,422,FRAME,135.52,389.051,2.829,-4.123,249.0,200.0,,,
2026-09-08T03:54:44.830818,3,423,FRAME,138.349,384.928,2.829,-4.123,249.0,200.0,,,
2026-09-08T03:54:44.847392,3,424,FRAME,141.178,380.805,2.829,-4.123,249.0,200.0,,,
2026-09-08T03:54:44.864078,3,425,FRAME,144.006,376.682,2.829,-4.123,249.0,200.0,,,
2026-09-08T03:54:44.880310,3,426,FRAME,146.835,372.559,2.829,-4.123,249.0,200.0,,,
2026-09-08T03:54:44.897427,3,427,FRAME,149.664,368.436,2.829,-4.123,249.0,200.0,,,
2026-09-08T03:54:44.914121,3,428,FRAME,152.493,364.314,2.829,-4.123,249.0,200.0,,,
2026-09-08T03:54:44.930075,3,429,FRAME,155.321,360.191,2.829,-4.123,249.0,200.0,,,
2026-09-08T03:54:44.947399,3,430,FRAME,158.15,356.068,2.829,-4.123,249.0,200.0,,,
2026-09-08T03:54:44.963980,3,431,FRAME,160.979,351.945,2.829,-4.123,249.0,200.0,,,
2026-09-08T03:54:44.980855,3,432,FRAME,163.808,347.822,2.829,-4.123,249.0,200.0,,,
2026-09-08T03:54:44.997244,3,433,FRAME,166.636,343.699,2.829,-4.123,249.0,200.0,,,
2026-09-08T03:54:45.014097,3,434,FRAME,169.465,339.576,2.829,-4.123,249.0,200.0,,,
2026-09-08T03:54:45.030152,3,435,FRAME,172.294,335.453,2.829,-4.123,249.0,200.0,,,
2026-09-08T03:54:45.046633,3,436,FRAME,175.123,331.331,2.829,-4.123,249.0,200.0,,,
2026-09-08T03:54:45.063202,3,437,FRAME,177.951,327.208,2.829,-4.123,242.0,200.0,,,
2026-09-08T03:54:45.080426,3,438,FRAME,180.78,323.085,2.829,-4.123,235.0,200.0,,,
2026-09-08T03:54:45.097162,3,439,FRAME,183.609,318.962,2.829,-4.123,228.0,200.0,,,
2026-09-08T03:54:45.114045,3,440,FRAME,186.438,314.839,2.829,-4.123,221.0,200.0,,,
2026-09-08T03:54:45.130337,3,441,FRAME,189.266,310.716,2.829,-4.123,214.0,200.0,,,
2026-09-08T03:54:45.148016,3,442,FRAME,192.095,306.593,2.829,-4.123,207.0,200.0,,,
2026-09-08T03:54:45.164169,3,443,FRAME,194.924,302.47,2.829,-4.123,200.0,200.0,,,
2026-09-08T03:54:45.181457,3,444,FRAME,197.753,298.347,2.829,-4.123,193.0,200.0,,,
2026-09-08T03:54:45.198175,3,445,FRAME,200.581,294.225,2.829,-4.123,186.0,200.0,,,
2026-09-08T03:54:45.215355,3,446,FRAME,203.41,290.102,2.829,-4.123,179.0,200.0,,,
2026-09-08T03:54:45.232918,3,447,FRAME,206.239,285.979,2.829,-4.123,179.0,200.0,,,
2026-09-08T03:54:45.249531,3,448,FRAME,209.068,281.856,2.829,-4.123,179.0,200.0,,,
2026-09-08T03:54:45.266218,3,449,FRAME,211.897,277.733,2.829,-4.123,179.0,200.0,,,
2026-09-08T03:54:45.284050,3,450,FRAME,214.725,273.61,2.829,-4.123,179.0,200.0,,,
2026-09-08T03:54:45.300113,3,451,FRAME,217.554,269.487,2.829,-4.123,179.0,200.0,,,
2026-09-08T03:54:45.316148,3,452,FRAME,220.383,265.364,2.829,-4.123,179.0,200.0,,,
2026-09-08T03:54:45.332326,3,453,FRAME,223.212,261.242,2.829,-4.123,179.0,200.0,,,
2026-09-08T03:54:45.349225,3,454,FRAME,226.04,257.119,2.829,-4.123,179.0,200.0,,,
2026-09-08T03:54:45.366178,3,455,FRAME,228.869,252.996,2.829,-4.123,179.0,200.0,,,
2026-09-08T03:54:45.384064,3,456,FRAME,231.698,248.873,2.829,-4.123,179.0,200.0,,,
2026-09-08T03:54:45.401840,3,457,FRAME,234.527,244.75,2.829,-4.123,179.0,200.0,,,
2026-09-08T03:54:45.418474,3,458,FRAME,237.355,240.627,2.829,-4.123,179.0,200.0,,,
2026-09-08T03:54:45.435161,3,459,FRAME,240.184,236.504,2.829,-4.123,179.0,200.0,,,
2026-09-08T03:54:45.451199,3,460,FRAME,243.013,232.381,2.829,-4.123,179.0,200.0,,,
2026-09-08T03:54:45.468003,3,461,FRAME,245.842,228.258,2.829,-4.123,179.0,200.0,,,
2026-09-08T03:54:45.484030,3,462,FRAME,248.67,224.136,2.829,-4.123,179.0,200.0,,,
2026-09-08T03:54:45.500205,3,463,FRAME,251.499,220.013,2.829,-4.123,179.0,200.0,,,
2026-09-08T03:54:45.517241,3,464,FRAME,254.328,215.89,2.829,-4.123,179.0,200.0,,,
2026-09-08T03:54:45.534309,3,465,FRAME,257.157,211.767,2.829,-4.123,179.0,200.0,,,
2026-09-08T03:54:45.550849,3,466,FRAME,259.985,207.644,2.829,-4.123,186.0,200.0,,,
2026-09-08T03:54:45.566807,3,467,FRAME,262.814,203.521,2.829,-4.123,193.0,200.0,,,
2026-09-08T03:54:45.582338,3,468,FRAME,265.643,199.398,2.829,-4.123,200.0,200.0,,,
2026-09-08T03:54:45.599057,3,469,FRAME,268.472,195.275,2.829,-4.123,207.0,200.0,,,
2026-09-08T03:54:45.615390,3,470,FRAME,271.3,191.153,2.829,-4.123,214.0,200.0,,,
2026-09-08T03:54:45.632432,3,471,FRAME,274.129,187.03,2.829,-4.123,221.0,200.0,,,
2026-09-08T03:54:45.649261,3,472,FRAME,276.958,182.907,2.829,-4.123,228.0,200.0,,,
2026-09-08T03:54:45.666202,3,473,FRAME,279.787,178.784,2.829,-4.123,235.0,200.0,,,
2026-09-08T03:54:45.683348,3,474,FRAME,282.615,174.661,2.829,-4.123,242.0,200.0,,,
2026-09-08T03:54:45.700504,3,475,FRAME,285.444,170.538,2.829,-4.123,249.0,200.0,,,
2026-09-08T03:54:45.717074,3,476,FRAME,288.273,166.415,2.829,-4.123,249.0,200.0,,,
2026-09-08T03:54:45.733153,3,477,FRAME,291.102,162.292,2.829,-4.123,249.0,200.0,,,
2026-09-08T03:54:45.750195,3,478,FRAME,293.93,158.17,2.829,-4.123,249.0,200.0,,,
2026-09-08T03:54:45.767262,3,479,FRAME,296.759,154.047,2.829,-4.123,249.0,200.0,,,
2026-09-08T03:54:45.784274,3,480,FRAME,299.588,149.924,2.829,-4.123,249.0,200.0,,,
2026-09-08T03:54:45.801352,3,481,FRAME,302.417,145.801,2.829,-4.123,249.0,200.0,,,
2026-09-08T03:54:45.817900,3,482,FRAME,305.245,141.678,2.829,-4.123,249.0,200.0,,,
2026-09-08T03:54:45.834380,3,483,FRAME,308.074,137.555,2.829,-4.123,249.0,200.0,,,
2026-09-08T03:54:45.851954,3,484,FRAME,310.903,133.432,2.829,-4.123,249.0,200.0,,,
2026-09-08T03:54:45.868370,3,485,FRAME,313.732,129.309,2.829,-4.123,249.0,200.0,,,
2026-09-08T03:54:45.885336,3,486,FRAME,316.56,125.186,2.829,-4.123,249.0,200.0,,,
2026-09-08T03:54:45.902011,3,487,FRAME,319.389,121.064,2.829,-4.123,249.0,200.0,,,
2026-09-08T03:54:45.918529,3,488,FRAME,322.218,116.941,2.829,-4.123,256.0,200.0,,,
2026-09-08T03:54:45.935013,3,489,FRAME,325.047,112.818,2.829,-4.123,263.0,200.0,,,
2026-09-08T03:54:45.951315,3,490,FRAME,327.875,108.695,2.829,-4.123,270.0,200.0,,,
2026-09-08T03:54:45.967469,3,491,FRAME,330.704,104.572,2.829,-4.123,277.0,200.0,,,
2026-09-08T03:54:45.983992,3,492,FRAME,333.533,100.449,2.829,-4.123,284.0,200.0,,,
2026-09-08T03:54:46.000640,3,493,FRAME,336.362,96.326,2.829,-4.123,291.0,200.0,,,
2026-09-08T03:54:46.016671,3,494,FRAME,339.19,92.203,2.829,-4.123,291.0,200.0,,,
2026-09-08T03:54:46.032912,3,495,FRAME,342.019,88.081,2.829,-4.123,291.0,200.0,,,
2026-09-08T03:54:46.049363,3,496,FRAME,344.848,83.958,2.829,-4.123,291.0,200.0,,,
2026-09-08T03:54:46.066174,3,497,FRAME,347.677,79.835,2.829,-4.123,291.0,200.0,,,
2026-09-08T03:54:46.083082,3,498,FRAME,350.505,75.712,2.829,-4.123,291.0,200.0,,,
2026-09-08T03:54:46.099821,3,499,FRAME,353.334,71.589,2.829,-4.123,291.0,200.0,,,
2026-09-08T03:54:46.116028,3,500,FRAME,356.163,67.466,2.829,-4.123,291.0,200.0,,,
2026-09-08T03:54:46.132194,3,501,FRAME,358.992,63.343,2.829,-4.123,291.0,200.0,,,
2026-09-08T03:54:46.149181,3,502,FRAME,361.82,59.22,2.829,-4.123,291.0,200.0,,,
2026-09-08T03:54:46.166182,3,503,FRAME,364.649,55.097,2.829,-4.123,291.0,200.0,,,
2026-09-08T03:54:46.183081,3,504,FRAME,367.478,50.975,2.829,-4.123,291.0,200.0,,,
2026-09-08T03:54:46.198905,3,505,FRAME,370.307,46.852,2.829,-4.123,291.0,200.0,,,
2026-09-08T03:54:46.214980,3,506,FRAME,373.136,42.729,2.829,-4.123,291.0,200.0,,,
2026-09-08T03:54:46.231271,3,507,FRAME,375.964,38.606,2.829,-4.123,291.0,200.0,,,
2026-09-08T03:54:46.248244,3,508,FRAME,378.793,34.483,2.829,-4.123,291.0,200.0,,,
2026-09-08T03:54:46.264389,3,509,FRAME,381.622,30.36,2.829,-4.123,291.0,200.0,,,
2026-09-08T03:54:46.281624,3,510,FRAME,384.451,26.237,2.829,-4.123,291.0,200.0,,,
2026-09-08T03:54:46.297528,3,511,FRAME,387.279,22.114,2.829,-4.123,291.0,200.0,,,
2026-09-08T03:54:46.314179,3,512,FRAME,390.108,17.992,2.829,-4.123,291.0,200.0,,,
2026-09-08T03:54:46.331406,3,513,FRAME,392.937,13.869,2.829,-4.123,291.0,200.0,,,
2026-09-08T03:54:46.348442,3,514,FRAME,395.766,9.746,2.829,-4.123,291.0,200.0,,,
2026-09-08T03:54:46.365301,3,515,FRAME,398.594,5.623,2.829,-4.123,284.0,200.0,,,
2026-09-08T03:54:46.381355,3,516,FRAME,401.423,1.5,2.829,-4.123,277.0,200.0,,,
2026-09-08T03:54:46.398146,3,517,WALL_BOUNCE,404.252,0,2.829,4.123,270.0,200.0,,,
2026-09-08T03:54:46.398146,3,518,FRAME,404.252,0,2.829,4.123,270.0,200.0,,,
2026-09-08T03:54:46.414239,3,519,FRAME,407.081,4.123,2.829,4.123,263.0,200.0,,,
2026-09-08T03:54:46.430599,3,520,FRAME,409.909,8.246,2.829,4.123,256.0,200.0,,,
2026-09-08T03:54:46.447519,3,521,FRAME,412.738,12.369,2.829,4.123,249.0,200.0,,,
2026-09-08T03:54:46.464144,3,522,FRAME,415.567,16.492,2.829,4.123,242.0,200.0,,,
2026-09-08T03:54:46.480301,3,523,FRAME,418.396,20.614,2.829,4.123,235.0,200.0,,,
2026-09-08T03:54:46.497279,3,524,FRAME,421.224,24.737,2.829,4.123,228.0,200.0,,,
2026-09-08T03:54:46.514214,3,525,FRAME,424.053,28.86,2.829,4.123,228.0,200.0,,,
2026-09-08T03:54:46.530754,3,526,FRAME,426.882,32.983,2.829,4.123,228.0,200.0,,,
2026-09-08T03:54:46.546904,3,527,FRAME,429.711,37.106,2.829,4.123,228.0,200.0,,,
2026-09-08T03:54:46.563440,3,528,FRAME,432.539,41.229,2.829,4.123,228.0,200.0,,,
2026-09-08T03:54:46.579497,3,529,FRAME,435.368,45.352,2.829,4.123,228.0,200.0,,,
2026-09-08T03:54:46.596619,3,530,FRAME,438.197,49.475,2.829,4.123,228.0,200.0,,,
2026-09-08T03:54:46.612859,3,531,FRAME,441.026,53.597,2.829,4.123,228.0,200.0,,,
2026-09-08T03:54:46.629576,3,532,FRAME,443.854,57.72,2.829,4.123,228.0,200.0,,,
2026-09-08T03:54:46.646173,3,533,FRAME,446.683,61.843,2.829,4.123,228.0,200.0,,,
2026-09-08T03:54:46.663149,3,534,FRAME,449.512,65.966,2.829,4.123,228.0,200.0,,,
2026-09-08T03:54:46.680295,3,535,FRAME,452.341,70.089,2.829,4.123,228.0,200.0,,,
2026-09-08T03:54:46.697847,3,536,FRAME,455.169,74.212,2.829,4.123,228.0,200.0,,,
2026-09-08T03:54:46.713266,3,537,FRAME,457.998,78.335,2.829,4.123,228.0,200.0,,,
2026-09-08T03:54:46.730060,3,538,FRAME,460.827,82.458,2.829,4.123,228.0,200.0,,,
2026-09-08T03:54:46.746521,3,539,FRAME,463.656,86.581,2.829,4.123,221.0,200.0,,,
2026-09-08T03:54:46.763207,3,540,FRAME,466.484,90.703,2.829,4.123,214.0,200.0,,,
2026-09-08T03:54:46.780302,3,541,FRAME,469.313,94.826,2.829,4.123,207.0,200.0,,,
2026-09-08T03:54:46.797741,3,542,FRAME,472.142,98.949,2.829,4.123,200.0,200.0,,,
2026-09-08T03:54:46.814369,3,543,FRAME,474.971,103.072,2.829,4.123,193.0,200.0,,,
2026-09-08T03:54:46.830807,3,544,FRAME,477.799,107.195,2.829,4.123,186.0,200.0,,,
2026-09-08T03:54:46.846999,3,545,FRAME,480.628,111.318,2.829,4.123,179.0,200.0,,,
2026-09-08T03:54:46.864045,3,546,FRAME,483.457,115.441,2.829,4.123,179.0,200.0,,,
2026-09-08T03:54:46.880271,3,547,FRAME,486.286,119.564,2.829,4.123,179.0,200.0,,,
2026-09-08T03:54:46.896860,3,548,FRAME,489.114,123.686,2.829,4.123,179.0,200.0,,,
2026-09-08T03:54:46.912312,3,549,FRAME,491.943,127.809,2.829,4.123,179.0,200.0,,,
2026-09-08T03:54:46.929673,3,550,FRAME,494.772,131.932,2.829,4.123,179.0,200.0,,,
2026-09-08T03:54:46.946813,3,551,FRAME,497.601,136.055,2.829,4.123,179.0,200.0,,,
2026-09-08T03:54:46.964122,3,552,FRAME,500.429,140.178,2.829,4.123,179.0,200.0,,,
2026-09-08T03:54:46.981027,3,553,FRAME,503.258,144.301,2.829,4.123,179.0,200.0,,,
2026-09-08T03:54:46.997044,3,554,FRAME,506.087,148.424,2.829,4.123,179.0,200.0,,,
2026-09-08T03:54:47.013174,3,555,FRAME,508.916,152.547,2.829,4.123,179.0,200.0,,,
2026-09-08T03:54:47.029466,3,556,FRAME,511.744,156.669,2.829,4.123,179.0,200.0,,,
2026-09-08T03:54:47.046928,3,557,FRAME,514.573,160.792,2.829,4.123,179.0,200.0,,,
2026-09-08T03:54:47.062989,3,558,FRAME,517.402,164.915,2.829,4.123,179.0,200.0,,,
2026-09-08T03:54:47.079493,3,559,FRAME,520.231,169.038,2.829,4.123,179.0,200.0,,,
2026-09-08T03:54:47.096241,3,560,FRAME,523.059,173.161,2.829,4.123,179.0,200.0,,,
2026-09-08T03:54:47.114274,3,561,FRAME,525.888,177.284,2.829,4.123,179.0,200.0,,,
2026-09-08T03:54:47.131087,3,562,FRAME,528.717,181.407,2.829,4.123,179.0,200.0,,,
2026-09-08T03:54:47.147233,3,563,FRAME,531.546,185.53,2.829,4.123,179.0,200.0,,,
2026-09-08T03:54:47.163578,3,564,FRAME,534.374,189.653,2.829,4.123,179.0,200.0,,,
2026-09-08T03:54:47.180042,3,565,FRAME,537.203,193.775,2.829,4.123,179.0,200.0,,,
2026-09-08T03:54:47.197595,3,566,FRAME,540.032,197.898,2.829,4.123,179.0,200.0,,,
2026-09-08T03:54:47.214147,3,567,FRAME,542.861,202.021,2.829,4.123,179.0,200.0,,,
2026-09-08T03:54:47.229875,3,568,FRAME,545.69,206.144,2.829,4.123,179.0,200.0,,,
2026-09-08T03:54:47.245574,3,569,FRAME,548.518,210.267,2.829,4.123,179.0,200.0,,,
2026-09-08T03:54:47.262489,3,570,FRAME,551.347,214.39,2.829,4.123,179.0,200.0,,,
2026-09-08T03:54:47.279136,3,571,FRAME,554.176,218.513,2.829,4.123,179.0,200.0,,,
2026-09-08T03:54:47.295137,3,572,FRAME,557.005,222.636,2.829,4.123,179.0,200.0,,,
2026-09-08T03:54:47.311938,3,573,FRAME,559.833,226.758,2.829,4.123,179.0,200.0,,,
2026-09-08T03:54:47.328377,3,574,FRAME,562.662,230.881,2.829,4.123,179.0,200.0,,,
2026-09-08T03:54:47.345214,3,575,FRAME,565.491,235.004,2.829,4.123,179.0,200.0,,,
2026-09-08T03:54:47.361934,3,576,FRAME,568.32,239.127,2.829,4.123,179.0,200.0,,,
2026-09-08T03:54:47.377977,3,577,FRAME,571.148,243.25,2.829,4.123,179.0,200.0,,,
2026-09-08T03:54:47.394107,3,578,FRAME,573.977,247.373,2.829,4.123,179.0,200.0,,,
2026-09-08T03:54:47.411235,3,579,FRAME,576.806,251.496,2.829,4.123,179.0,200.0,,,
2026-09-08T03:54:47.428405,3,580,FRAME,579.635,255.619,2.829,4.123,179.0,200.0,,,
2026-09-08T03:54:47.444865,3,581,FRAME,582.463,259.742,2.829,4.123,179.0,200.0,,,
2026-09-08T03:54:47.461157,3,582,FRAME,585.292,263.864,2.829,4.123,179.0,200.0,,,
2026-09-08T03:54:47.478925,3,583,FRAME,588.121,267.987,2.829,4.123,186.0,200.0,,,
2026-09-08T03:54:47.495256,3,584,FRAME,590.95,272.11,2.829,4.123,193.0,200.0,,,
2026-09-08T03:54:47.512173,3,585,FRAME,593.778,276.233,2.829,4.123,200.0,200.0,,,
2026-09-08T03:54:47.530001,3,586,FRAME,596.607,280.356,2.829,4.123,207.0,200.0,,,
2026-09-08T03:54:47.546633,3,587,FRAME,599.436,284.479,2.829,4.123,214.0,200.0,,,
2026-09-08T03:54:47.563176,3,588,FRAME,602.265,288.602,2.829,4.123,221.0,200.0,,,
2026-09-08T03:54:47.580471,3,589,FRAME,605.093,292.725,2.829,4.123,228.0,200.0,,,
2026-09-08T03:54:47.596363,3,590,FRAME,607.922,296.847,2.829,4.123,235.0,200.0,,,
2026-09-08T03:54:47.613136,3,591,FRAME,610.751,300.97,2.829,4.123,242.0,200.0,,,
2026-09-08T03:54:47.630284,3,592,FRAME,613.58,305.093,2.829,4.123,249.0,200.0,,,
2026-09-08T03:54:47.647427,3,593,FRAME,616.408,309.216,2.829,4.123,256.0,200.0,,,
2026-09-08T03:54:47.664976,3,594,FRAME,619.237,313.339,2.829,4.123,256.0,200.0,,,
2026-09-08T03:54:47.680485,3,595,FRAME,622.066,317.462,2.829,4.123,256.0,200.0,,,
2026-09-08T03:54:47.696749,3,596,FRAME,624.895,321.585,2.829,4.123,256.0,200.0,,,
2026-09-08T03:54:47.712265,3,597,FRAME,627.723,325.708,2.829,4.123,256.0,200.0,,,
2026-09-08T03:54:47.729468,3,598,FRAME,630.552,329.83,2.829,4.123,256.0,200.0,,,
2026-09-08T03:54:47.746272,3,599,FRAME,633.381,333.953,2.829,4.123,256.0,200.0,,,
2026-09-08T03:54:47.762814,3,600,FRAME,636.21,338.076,2.829,4.123,256.0,200.0,,,
2026-09-08T03:54:47.779537,3,601,FRAME,639.038,342.199,2.829,4.123,256.0,200.0,,,
2026-09-08T03:54:47.796832,3,602,FRAME,641.867,346.322,2.829,4.123,256.0,200.0,,,
2026-09-08T03:54:47.814258,3,603,FRAME,644.696,350.445,2.829,4.123,256.0,200.0,,,
2026-09-08T03:54:47.831261,3,604,FRAME,647.525,354.568,2.829,4.123,256.0,200.0,,,
2026-09-08T03:54:47.847796,3,605,FRAME,650.353,358.691,2.829,4.123,256.0,200.0,,,
2026-09-08T03:54:47.864158,3,606,FRAME,653.182,362.814,2.829,4.123,256.0,200.0,,,
2026-09-08T03:54:47.880933,3,607,FRAME,656.011,366.936,2.829,4.123,256.0,200.0,,,
2026-09-08T03:54:47.896977,3,608,FRAME,658.84,371.059,2.829,4.123,256.0,200.0,,,
2026-09-08T03:54:47.913453,3,609,FRAME,661.668,375.182,2.829,4.123,256.0,200.0,,,
2026-09-08T03:54:47.930493,3,610,FRAME,664.497,379.305,2.829,4.123,256.0,200.0,,,
2026-09-08T03:54:47.947566,3,611,FRAME,667.326,383.428,2.829,4.123,256.0,200.0,,,
2026-09-08T03:54:47.964601,3,612,FRAME,670.155,387.551,2.829,4.123,256.0,200.0,,,
2026-09-08T03:54:47.980626,3,613,FRAME,672.983,391.674,2.829,4.123,256.0,200.0,,,
2026-09-08T03:54:47.997274,3,614,FRAME,675.812,395.797,2.829,4.123,256.0,200.0,,,
2026-09-08T03:54:48.014100,3,615,FRAME,678.641,399.919,2.829,4.123,256.0,200.0,,,
2026-09-08T03:54:48.030929,3,616,FRAME,681.47,404.042,2.829,4.123,256.0,200.0,,,
2026-09-08T03:54:48.047253,3,617,FRAME,684.298,408.165,2.829,4.123,263.0,200.0,,,
2026-09-08T03:54:48.064308,3,618,FRAME,687.127,412.288,2.829,4.123,270.0,200.0,,,
2026-09-08T03:54:48.081975,3,619,FRAME,689.956,416.411,2.829,4.123,277.0,200.0,,,
2026-09-08T03:54:48.098456,3,620,FRAME,692.785,420.534,2.829,4.123,284.0,200.0,,,
2026-09-08T03:54:48.115304,3,621,FRAME,695.613,424.657,2.829,4.123,291.0,200.0,,,
2026-09-08T03:54:48.132603,3,622,FRAME,698.442,428.78,2.829,4.123,298.0,200.0,,,
2026-09-08T03:54:48.149255,3,623,FRAME,701.271,432.903,2.829,4.123,305.0,200.0,,,
2026-09-08T03:54:48.165652,3,624,FRAME,704.1,437.025,2.829,4.123,312.0,200.0,,,
2026-09-08T03:54:48.182368,3,625,FRAME,706.929,441.148,2.829,4.123,319.0,200.0,,,
2026-09-08T03:54:48.199342,3,626,FRAME,709.757,445.271,2.829,4.123,326.0,200.0,,,
2026-09-08T03:54:48.216590,3,627,FRAME,712.586,449.394,2.829,4.123,333.0,200.0,,,
2026-09-08T03:54:48.232458,3,628,FRAME,715.415,453.517,2.829,4.123,340.0,200.0,,,
2026-09-08T03:54:48.249075,3,629,FRAME,718.244,457.64,2.829,4.123,347.0,200.0,,,
2026-09-08T03:54:48.265364,3,630,FRAME,721.072,461.763,2.829,4.123,354.0,200.0,,,
2026-09-08T03:54:48.282176,3,631,FRAME,723.901,465.886,2.829,4.123,354.0,200.0,,,
2026-09-08T03:54:48.299266,3,632,FRAME,726.73,470.008,2.829,4.123,354.0,200.0,,,
2026-09-08T03:54:48.316754,3,633,FRAME,729.559,474.131,2.829,4.123,354.0,200.0,,,
2026-09-08T03:54:48.333075,3,634,FRAME,732.387,478.254,2.829,4.123,354.0,200.0,,,
2026-09-08T03:54:48.349634,3,635,FRAME,735.216,482.377,2.829,4.123,354.0,200.0,,,
2026-09-08T03:54:48.366544,3,636,FRAME,738.045,486.5,2.829,4.123,354.0,200.0,,,
2026-09-08T03:54:48.383053,3,637,WALL_BOUNCE,740.874,488,2.829,-4.123,354.0,200.0,,,
2026-09-08T03:54:48.383053,3,638,FRAME,740.874,488,2.829,-4.123,354.0,200.0,,,
2026-09-08T03:54:48.400169,3,639,FRAME,743.702,483.877,2.829,-4.123,354.0,200.0,,,
2026-09-08T03:54:48.417148,3,640,FRAME,746.531,479.754,2.829,-4.123,354.0,200.0,,,
2026-09-08T03:54:48.433411,3,641,FRAME,749.36,475.631,2.829,-4.123,354.0,200.0,,,
2026-09-08T03:54:48.449745,3,642,FRAME,752.189,471.508,2.829,-4.123,354.0,200.0,,,
2026-09-08T03:54:48.466496,3,643,FRAME,755.017,467.386,2.829,-4.123,354.0,200.0,,,
2026-09-08T03:54:48.482703,3,644,FRAME,757.846,463.263,2.829,-4.123,354.0,200.0,,,
2026-09-08T03:54:48.499182,3,645,FRAME,760.675,459.14,2.829,-4.123,354.0,200.0,,,
2026-09-08T03:54:48.516080,3,646,FRAME,763.504,455.017,2.829,-4.123,354.0,200.0,,,
2026-09-08T03:54:48.532678,3,647,FRAME,766.332,450.894,2.829,-4.123,354.0,200.0,,,
2026-09-08T03:54:48.548897,3,648,FRAME,769.161,446.771,2.829,-4.123,354.0,200.0,,,
2026-09-08T03:54:48.564461,3,649,FRAME,771.99,442.648,2.829,-4.123,354.0,200.0,,,
2026-09-08T03:54:48.581140,3,650,FRAME,774.819,438.525,2.829,-4.123,354.0,200.0,,,
2026-09-08T03:54:48.597461,3,651,FRAME,777.647,434.403,2.829,-4.123,354.0,200.0,,,
2026-09-08T03:54:48.613976,3,652,FRAME,780.476,430.28,2.829,-4.123,354.0,200.0,,,
2026-09-08T03:54:48.630097,3,653,FRAME,783.305,426.157,2.829,-4.123,354.0,200.0,,,
2026-09-08T03:54:48.646259,3,654,FRAME,786.134,422.034,2.829,-4.123,354.0,200.0,,,
2026-09-08T03:54:48.664184,3,655,FRAME,788.962,417.911,2.829,-4.123,354.0,200.0,,,
2026-09-08T03:54:48.680699,3,656,FRAME,791.791,413.788,2.829,-4.123,354.0,200.0,,,
2026-09-08T03:54:48.697721,3,657,FRAME,794.62,409.665,2.829,-4.123,354.0,200.0,,,
2026-09-08T03:54:48.714172,3,658,FRAME,797.449,405.542,2.829,-4.123,354.0,200.0,,,
2026-09-08T03:54:48.730374,3,659,FRAME,800.277,401.419,2.829,-4.123,354.0,200.0,,,
2026-09-08T03:54:48.730374,3,660,MISS_RIGHT,800.277,401.419,2.829,-4.123,354.0,200.0,,,LEFT
2026-09-08T03:54:48.747100,4,661,FRAME,284.339,148.701,-4.46,2.26,354.0,200.0,,,
2026-09-08T03:54:48.763326,4,662,FRAME,279.879,150.962,-4.46,2.26,354.0,200.0,,,
2026-09-08T03:54:48.780011,4,663,FRAME,275.419,153.222,-4.46,2.26,354.0,200.0,,,
2026-09-08T03:54:48.796159,4,664,FRAME,270.959,155.483,-4.46,2.26,354.0,200.0,,,
2026-09-08T03:54:48.812239,4,665,FRAME,266.5,157.743,-4.46,2.26,347.0,200.0,,,
2026-09-08T03:54:48.829558,4,666,FRAME,262.04,160.004,-4.46,2.26,340.0,200.0,,,
2026-09-08T03:54:48.846324,4,667,FRAME,257.58,162.264,-4.46,2.26,333.0,200.0,,,
2026-09-08T03:54:48.862819,4,668,FRAME,253.12,164.525,-4.46,2.26,326.0,200.0,,,
2026-09-08T03:54:48.878872,4,669,FRAME,248.66,166.785,-4.46,2.26,319.0,200.0,,,
2026-09-08T03:54:48.894910,4,670,FRAME,244.2,169.046,-4.46,2.26,312.0,200.0,,,
2026-09-08T03:54:48.911747,4,671,FRAME,239.741,171.306,-4.46,2.26,305.0,200.0,,,
2026-09-08T03:54:48.927639,4,672,FRAME,235.281,173.567,-4.46,2.26,298.0,200.0,,,
2026-09-08T03:54:48.944175,4,673,FRAME,230.821,175.827,-4.46,2.26,298.0,200.0,,,
2026-09-08T03:54:48.960769,4,674,FRAME,226.361,178.088,-4.46,2.26,298.0,200.0,,,
2026-09-08T03:54:48.976950,4,675,FRAME,221.901,180.348,-4.46,2.26,298.0,200.0,,,
2026-09-08T03:54:48.992943,4,676,FRAME,217.441,182.609,-4.46,2.26,298.0,200.0,,,
2026-09-08T03:54:49.009475,4,677,FRAME,212.981,184.869,-4.46,2.26,298.0,200.0,,,
2026-09-08T03:54:49.026176,4,678,FRAME,208.522,187.129,-4.46,2.26,298.0,200.0,,,
2026-09-08T03:54:49.042990,4,679,FRAME,204.062,189.39,-4.46,2.26,298.0,200.0,,,
2026-09-08T03:54:49.058591,4,680,FRAME,199.602,191.65,-4.46,2.26,298.0,200.0,,,
2026-09-08T03:54:49.075659,4,681,FRAME,195.142,193.911,-4.46,2.26,298.0,200.0,,,
2026-09-08T03:54:49.091833,4,682,FRAME,190.682,196.171,-4.46,2.26,298.0,200.0,,,
2026-09-08T03:54:49.108758,4,683,FRAME,186.222,198.432,-4.46,2.26,298.0,200.0,,,
2026-09-08T03:54:49.125151,4,684,FRAME,181.763,200.692,-4.46,2.26,298.0,200.0,,,
2026-09-08T03:54:49.142121,4,685,FRAME,177.303,202.953,-4.46,2.26,298.0,200.0,,,
2026-09-08T03:54:49.157706,4,686,FRAME,172.843,205.213,-4.46,2.26,298.0,200.0,,,
2026-09-08T03:54:49.174268,4,687,FRAME,168.383,207.474,-4.46,2.26,298.0,200.0,,,
2026-09-08T03:54:49.191043,4,688,FRAME,163.923,209.734,-4.46,2.26,298.0,200.0,,,
2026-09-08T03:54:49.206747,4,689,FRAME,159.463,211.995,-4.46,2.26,298.0,200.0,,,
2026-09-08T03:54:49.223409,4,690,FRAME,155.004,214.255,-4.46,2.26,298.0,200.0,,,
2026-09-08T03:54:49.239932,4,691,FRAME,150.544,216.516,-4.46,2.26,298.0,200.0,,,
2026-09-08T03:54:49.256483,4,692,FRAME,146.084,218.776,-4.46,2.26,298.0,200.0,,,
2026-09-08T03:54:49.272612,4,693,FRAME,141.624,221.037,-4.46,2.26,298.0,200.0,,,
2026-09-08T03:54:49.288808,4,694,FRAME,137.164,223.297,-4.46,2.26,298.0,200.0,,,
2026-09-08T03:54:49.304530,4,695,FRAME,132.704,225.558,-4.46,2.26,298.0,200.0,,,
2026-09-08T03:54:49.320519,4,696,FRAME,128.244,227.818,-4.46,2.26,298.0,200.0,,,
2026-09-08T03:54:49.337054,4,697,FRAME,123.785,230.079,-4.46,2.26,298.0,200.0,,,
2026-09-08T03:54:49.354105,4,698,FRAME,119.325,232.339,-4.46,2.26,291.0,200.0,,,
2026-09-08T03:54:49.371028,4,699,FRAME,114.865,234.6,-4.46,2.26,284.0,200.0,,,
2026-09-08T03:54:49.387080,4,700,FRAME,110.405,236.86,-4.46,2.26,277.0,200.0,,,
2026-09-08T03:54:49.402565,4,701,FRAME,105.945,239.121,-4.46,2.26,270.0,200.0,,,
2026-09-08T03:54:49.419474,4,702,FRAME,101.485,241.381,-4.46,2.26,263.0,200.0,,,
2026-09-08T03:54:49.435974,4,703,FRAME,97.026,243.642,-4.46,2.26,256.0,200.0,,,
2026-09-08T03:54:49.452434,4,704,FRAME,92.566,245.902,-4.46,2.26,249.0,200.0,,,
2026-09-08T03:54:49.469465,4,705,FRAME,88.106,248.163,-4.46,2.26,242.0,200.0,,,
2026-09-08T03:54:49.487093,4,706,FRAME,83.646,250.423,-4.46,2.26,235.0,200.0,,,
2026-09-08T03:54:49.504006,4,707,FRAME,79.186,252.684,-4.46,2.26,228.0,200.0,,,
2026-09-08T03:54:49.520068,4,708,FRAME,74.726,254.944,-4.46,2.26,228.0,200.0,,,
2026-09-08T03:54:49.536458,4,709,FRAME,70.266,257.205,-4.46,2.26,228.0,200.0,,,
2026-09-08T03:54:49.552732,4,710,FRAME,65.807,259.465,-4.46,2.26,228.0,200.0,,,
2026-09-08T03:54:49.568286,4,711,FRAME,61.347,261.726,-4.46,2.26,228.0,200.0,,,
2026-09-08T03:54:49.585263,4,712,FRAME,56.887,263.986,-4.46,2.26,228.0,200.0,,,
2026-09-08T03:54:49.602645,4,713,FRAME,52.427,266.246,-4.46,2.26,228.0,200.0,,,
2026-09-08T03:54:49.618704,4,714,FRAME,47.967,268.507,-4.46,2.26,228.0,200.0,,,
2026-09-08T03:54:49.634572,4,715,LEFT_HIT,45,270.767,4.998,-0.129,228.0,200.0,-0.025,-1.479,
2026-09-08T03:54:49.634572,4,716,FRAME,45,270.767,4.998,-0.129,228.0,200.0,,,
2026-09-08T03:54:49.651327,4,717,FRAME,49.998,270.638,4.998,-0.129,228.0,200.0,,,
2026-09-08T03:54:49.668944,4,718,FRAME,54.997,270.509,4.998,-0.129,228.0,200.0,,,
2026-09-08T03:54:49.685579,4,719,FRAME,59.995,270.38,4.998,-0.129,228.0,200.0,,,
2026-09-08T03:54:49.702709,4,720,FRAME,64.993,270.251,4.998,-0.129,228.0,200.0,,,
2026-09-08T03:54:49.719056,4,721,FRAME,69.992,270.122,4.998,-0.129,235.0,200.0,,,
2026-09-08T03:54:49.735608,4,722,FRAME,74.99,269.993,4.998,-0.129,242.0,200.0,,,
2026-09-08T03:54:49.751997,4,723,FRAME,79.988,269.864,4.998,-0.129,249.0,200.0,,,
2026-09-08T03:54:49.768239,4,724,FRAME,84.987,269.735,4.998,-0.129,256.0,200.0,,,
2026-09-08T03:54:49.785035,4,725,FRAME,89.985,269.606,4.998,-0.129,263.0,200.0,,,
2026-09-08T03:54:49.800561,4,726,FRAME,94.983,269.477,4.998,-0.129,270.0,200.0,,,
2026-09-08T03:54:49.816831,4,727,FRAME,99.982,269.348,4.998,-0.129,277.0,200.0,,,
2026-09-08T03:54:49.832649,4,728,FRAME,104.98,269.219,4.998,-0.129,284.0,200.0,,,
2026-09-08T03:54:49.848609,4,729,FRAME,109.978,269.09,4.998,-0.129,291.0,200.0,,,
2026-09-08T03:54:49.864457,4,730,FRAME,114.977,268.961,4.998,-0.129,298.0,200.0,,,
2026-09-08T03:54:49.880354,4,731,FRAME,119.975,268.832,4.998,-0.129,305.0,200.0,,,
2026-09-08T03:54:49.896223,4,732,FRAME,124.973,268.703,4.998,-0.129,312.0,200.0,,,
2026-09-08T03:54:49.914040,4,733,FRAME,129.972,268.573,4.998,-0.129,319.0,200.0,,,
2026-09-08T03:54:49.930104,4,734,FRAME,134.97,268.444,4.998,-0.129,326.0,200.0,,,
2026-09-08T03:54:49.946608,4,735,FRAME,139.968,268.315,4.998,-0.129,333.0,200.0,,,
2026-09-08T03:54:49.962731,4,736,FRAME,144.967,268.186,4.998,-0.129,340.0,200.0,,,
2026-09-08T03:54:49.979101,4,737,FRAME,149.965,268.057,4.998,-0.129,347.0,200.0,,,
2026-09-08T03:54:49.995579,4,738,FRAME,154.963,267.928,4.998,-0.129,354.0,200.0,,,
2026-09-08T03:54:50.011874,4,739,FRAME,159.962,267.799,4.998,-0.129,354.0,200.0,,,
2026-09-08T03:54:50.028250,4,740,FRAME,164.96,267.67,4.998,-0.129,354.0,200.0,,,
2026-09-08T03:54:50.045152,4,741,FRAME,169.958,267.541,4.998,-0.129,354.0,200.0,,,
2026-09-08T03:54:50.061955,4,742,FRAME,174.957,267.412,4.998,-0.129,354.0,200.0,,,
2026-09-08T03:54:50.078432,4,743,FRAME,179.955,267.283,4.998,-0.129,354.0,200.0,,,
2026-09-08T03:54:50.095278,4,744,FRAME,184.953,267.154,4.998,-0.129,354.0,200.0,,,
2026-09-08T03:54:50.112361,4,745,FRAME,189.952,267.025,4.998,-0.129,354.0,200.0,,,
2026-09-08T03:54:50.129036,4,746,FRAME,194.95,266.896,4.998,-0.129,354.0,200.0,,,
2026-09-08T03:54:50.145630,4,747,FRAME,199.948,266.767,4.998,-0.129,354.0,200.0,,,
2026-09-08T03:54:50.163039,4,748,FRAME,204.947,266.638,4.998,-0.129,354.0,200.0,,,
2026-09-08T03:54:50.179221,4,749,FRAME,209.945,266.509,4.998,-0.129,354.0,200.0,,,
2026-09-08T03:54:50.195691,4,750,FRAME,214.943,266.379,4.998,-0.129,354.0,200.0,,,
2026-09-08T03:54:50.212772,4,751,FRAME,219.942,266.25,4.998,-0.129,354.0,200.0,,,
2026-09-08T03:54:50.228926,4,752,FRAME,224.94,266.121,4.998,-0.129,354.0,200.0,,,
2026-09-08T03:54:50.245143,4,753,FRAME,229.938,265.992,4.998,-0.129,354.0,200.0,,,
2026-09-08T03:54:50.260976,4,754,FRAME,234.937,265.863,4.998,-0.129,354.0,200.0,,,
2026-09-08T03:54:50.277391,4,755,FRAME,239.935,265.734,4.998,-0.129,354.0,200.0,,,
2026-09-08T03:54:50.294363,4,756,FRAME,244.933,265.605,4.998,-0.129,354.0,200.0,,,
2026-09-08T03:54:50.311154,4,757,FRAME,249.932,265.476,4.998,-0.129,354.0,200.0,,,
2026-09-08T03:54:50.328287,4,758,FRAME,254.93,265.347,4.998,-0.129,354.0,200.0,,,
2026-09-08T03:54:50.345648,4,759,FRAME,259.928,265.218,4.998,-0.129,354.0,200.0,,,
2026-09-08T03:54:50.361879,4,760,FRAME,264.927,265.089,4.998,-0.129,354.0,200.0,,,
2026-09-08T03:54:50.377935,4,761,FRAME,269.925,264.96,4.998,-0.129,354.0,200.0,,,
2026-09-08T03:54:50.394400,4,762,FRAME,274.923,264.831,4.998,-0.129,347.0,200.0,,,
2026-09-08T03:54:50.411204,4,763,FRAME,279.922,264.702,4.998,-0.129,340.0,200.0,,,
2026-09-08T03:54:50.428490,4,764,FRAME,284.92,264.573,4.998,-0.129,333.0,200.0,,,
2026-09-08T03:54:50.445116,4,765,FRAME,289.918,264.444,4.998,-0.129,326.0,200.0,,,
2026-09-08T03:54:50.462233,4,766,FRAME,294.917,264.315,4.998,-0.129,319.0,200.0,,,
2026-09-08T03:54:50.478602,4,767,FRAME,299.915,264.185,4.998,-0.129,312.0,200.0,,,
2026-09-08T03:54:50.495641,4,768,FRAME,304.913,264.056,4.998,-0.129,305.0,200.0,,,
2026-09-08T03:54:50.512199,4,769,FRAME,309.912,263.927,4.998,-0.129,298.0,200.0,,,
2026-09-08T03:54:50.529391,4,770,FRAME,314.91,263.798,4.998,-0.129,291.0,200.0,,,
2026-09-08T03:54:50.546100,4,771,FRAME,319.908,263.669,4.998,-0.129,284.0,200.0,,,
2026-09-08T03:54:50.562170,4,772,FRAME,324.907,263.54,4.998,-0.129,284.0,200.0,,,
2026-09-08T03:54:50.578797,4,773,FRAME,329.905,263.411,4.998,-0.129,284.0,200.0,,,
2026-09-08T03:54:50.595509,4,774,FRAME,334.903,263.282,4.998,-0.129,284.0,200.0,,,
2026-09-08T03:54:50.612325,4,775,FRAME,339.902,263.153,4.998,-0.129,284.0,200.0,,,
2026-09-08T03:54:50.629233,4,776,FRAME,344.9,263.024,4.998,-0.129,284.0,200.0,,,
2026-09-08T03:54:50.646315,4,777,FRAME,349.898,262.895,4.998,-0.129,284.0,200.0,,,
2026-09-08T03:54:50.663007,4,778,FRAME,354.897,262.766,4.998,-0.129,284.0,200.0,,,
2026-09-08T03:54:50.681155,4,779,FRAME,359.895,262.637,4.998,-0.129,284.0,200.0,,,
2026-09-08T03:54:50.698100,4,780,FRAME,364.893,262.508,4.998,-0.129,284.0,200.0,,,
2026-09-08T03:54:50.714130,4,781,FRAME,369.892,262.379,4.998,-0.129,284.0,200.0,,,
2026-09-08T03:54:50.730785,4,782,FRAME,374.89,262.25,4.998,-0.129,284.0,200.0,,,
2026-09-08T03:54:50.747786,4,783,FRAME,379.888,262.121,4.998,-0.129,284.0,200.0,,,
2026-09-08T03:54:50.764321,4,784,FRAME,384.887,261.991,4.998,-0.129,284.0,200.0,,,
2026-09-08T03:54:50.780302,4,785,FRAME,389.885,261.862,4.998,-0.129,284.0,200.0,,,
2026-09-08T03:54:50.797916,4,786,FRAME,394.883,261.733,4.998,-0.129,284.0,200.0,,,
2026-09-08T03:54:50.814076,4,787,FRAME,399.882,261.604,4.998,-0.129,284.0,200.0,,,
2026-09-08T03:54:50.830135,4,788,FRAME,404.88,261.475,4.998,-0.129,284.0,200.0,,,
2026-09-08T03:54:50.845893,4,789,FRAME,409.878,261.346,4.998,-0.129,284.0,200.0,,,
2026-09-08T03:54:50.862201,4,790,FRAME,414.877,261.217,4.998,-0.129,284.0,200.0,,,
2026-09-08T03:54:50.879088,4,791,FRAME,419.875,261.088,4.998,-0.129,277.0,200.0,,,
2026-09-08T03:54:50.894910,4,792,FRAME,424.873,260.959,4.998,-0.129,270.0,200.0,,,
2026-09-08T03:54:50.910203,4,793,FRAME,429.872,260.83,4.998,-0.129,263.0,200.0,,,
2026-09-08T03:54:50.927106,4,794,FRAME,434.87,260.701,4.998,-0.129,256.0,200.0,,,
2026-09-08T03:54:50.944304,4,795,FRAME,439.868,260.572,4.998,-0.129,249.0,200.0,,,
2026-09-08T03:54:50.960704,4,796,FRAME,444.867,260.443,4.998,-0.129,242.0,200.0,,,
2026-09-08T03:54:50.977237,4,797,FRAME,449.865,260.314,4.998,-0.129,235.0,200.0,,,
2026-09-08T03:54:50.994387,4,798,FRAME,454.863,260.185,4.998,-0.129,228.0,200.0,,,
2026-09-08T03:54:51.011038,4,799,FRAME,459.862,260.056,4.998,-0.129,221.0,200.0,,,
2026-09-08T03:54:51.026861,4,800,FRAME,464.86,259.927,4.998,-0.129,221.0,200.0,,,
2026-09-08T03:54:51.043220,4,801,FRAME,469.858,259.797,4.998,-0.129,221.0,200.0,,,
2026-09-08T03:54:51.059548,4,802,FRAME,474.857,259.668,4.998,-0.129,221.0,200.0,,,
2026-09-08T03:54:51.076255,4,803,FRAME,479.855,259.539,4.998,-0.129,221.0,200.0,,,
2026-09-08T03:54:51.093991,4,804,FRAME,484.853,259.41,4.998,-0.129,221.0,200.0,,,
2026-09-08T03:54:51.109285,4,805,FRAME,489.852,259.281,4.998,-0.129,221.0,200.0,,,
2026-09-08T03:54:51.126876,4,806,FRAME,494.85,259.152,4.998,-0.129,221.0,200.0,,,
2026-09-08T03:54:51.142665,4,807,FRAME,499.848,259.023,4.998,-0.129,221.0,200.0,,,
2026-09-08T03:54:51.159262,4,808,FRAME,504.847,258.894,4.998,-0.129,221.0,200.0,,,
2026-09-08T03:54:51.175374,4,809,FRAME,509.845,258.765,4.998,-0.129,221.0,200.0,,,
2026-09-08T03:54:51.192086,4,810,FRAME,514.843,258.636,4.998,-0.129,221.0,200.0,,,
2026-09-08T03:54:51.209150,4,811,FRAME,519.842,258.507,4.998,-0.129,221.0,200.0,,,
2026-09-08T03:54:51.226319,4,812,FRAME,524.84,258.378,4.998,-0.129,221.0,200.0,,,
2026-09-08T03:54:51.242893,4,813,FRAME,529.838,258.249,4.998,-0.129,221.0,200.0,,,
2026-09-08T03:54:51.259433,4,814,FRAME,534.837,258.12,4.998,-0.129,221.0,200.0,,,
2026-09-08T03:54:51.275506,4,815,FRAME,539.835,257.991,4.998,-0.129,221.0,200.0,,,
2026-09-08T03:54:51.292286,4,816,FRAME,544.833,257.862,4.998,-0.129,221.0,200.0,,,
2026-09-08T03:54:51.309207,4,817,FRAME,549.832,257.733,4.998,-0.129,221.0,200.0,,,
2026-09-08T03:54:51.326291,4,818,FRAME,554.83,257.603,4.998,-0.129,221.0,200.0,,,
2026-09-08T03:54:51.343059,4,819,FRAME,559.828,257.474,4.998,-0.129,221.0,200.0,,,
2026-09-08T03:54:51.359709,4,820,FRAME,564.827,257.345,4.998,-0.129,221.0,200.0,,,
2026-09-08T03:54:51.376256,4,821,FRAME,569.825,257.216,4.998,-0.129,221.0,200.0,,,
2026-09-08T03:54:51.394447,4,822,FRAME,574.823,257.087,4.998,-0.129,228.0,200.0,,,
2026-09-08T03:54:51.411164,4,823,FRAME,579.822,256.958,4.998,-0.129,235.0,200.0,,,
2026-09-08T03:54:51.427823,4,824,FRAME,584.82,256.829,4.998,-0.129,242.0,200.0,,,
2026-09-08T03:54:51.443974,4,825,FRAME,589.818,256.7,4.998,-0.129,249.0,200.0,,,
2026-09-08T03:54:51.460470,4,826,FRAME,594.817,256.571,4.998,-0.129,256.0,200.0,,,
2026-09-08T03:54:51.476641,4,827,FRAME,599.815,256.442,4.998,-0.129,263.0,200.0,,,
2026-09-08T03:54:51.492491,4,828,FRAME,604.813,256.313,4.998,-0.129,270.0,200.0,,,
2026-09-08T03:54:51.508681,4,829,FRAME,609.812,256.184,4.998,-0.129,277.0,200.0,,,
2026-09-08T03:54:51.525225,4,830,FRAME,614.81,256.055,4.998,-0.129,284.0,200.0,,,
2026-09-08T03:54:51.542065,4,831,FRAME,619.808,255.926,4.998,-0.129,284.0,200.0,,,
2026-09-08T03:54:51.557358,4,832,FRAME,624.807,255.797,4.998,-0.129,284.0,200.0,,,
2026-09-08T03:54:51.574384,4,833,FRAME,629.805,255.668,4.998,-0.129,284.0,200.0,,,
2026-09-08T03:54:51.590645,4,834,FRAME,634.803,255.539,4.998,-0.129,284.0,200.0,,,
2026-09-08T03:54:51.607243,4,835,FRAME,639.802,255.409,4.998,-0.129,284.0,200.0,,,
2026-09-08T03:54:51.625032,4,836,FRAME,644.8,255.28,4.998,-0.129,284.0,200.0,,,
2026-09-08T03:54:51.641561,4,837,FRAME,649.798,255.151,4.998,-0.129,284.0,200.0,,,
2026-09-08T03:54:51.658149,4,838,FRAME,654.797,255.022,4.998,-0.129,284.0,200.0,,,
2026-09-08T03:54:51.675384,4,839,FRAME,659.795,254.893,4.998,-0.129,284.0,200.0,,,
2026-09-08T03:54:51.692024,4,840,FRAME,664.793,254.764,4.998,-0.129,284.0,200.0,,,
2026-09-08T03:54:51.709608,4,841,FRAME,669.792,254.635,4.998,-0.129,284.0,200.0,,,
2026-09-08T03:54:51.725577,4,842,FRAME,674.79,254.506,4.998,-0.129,284.0,200.0,,,
2026-09-08T03:54:51.741998,4,843,FRAME,679.788,254.377,4.998,-0.129,284.0,200.0,,,
2026-09-08T03:54:51.758024,4,844,FRAME,684.787,254.248,4.998,-0.129,284.0,200.0,,,
2026-09-08T03:54:51.774179,4,845,FRAME,689.785,254.119,4.998,-0.129,284.0,200.0,,,
2026-09-08T03:54:51.791548,4,846,FRAME,694.783,253.99,4.998,-0.129,284.0,200.0,,,
2026-09-08T03:54:51.807487,4,847,FRAME,699.782,253.861,4.998,-0.129,284.0,200.0,,,
2026-09-08T03:54:51.824156,4,848,FRAME,704.78,253.732,4.998,-0.129,284.0,200.0,,,
2026-09-08T03:54:51.841627,4,849,FRAME,709.778,253.603,4.998,-0.129,284.0,200.0,,,
2026-09-08T03:54:51.858800,4,850,FRAME,714.777,253.474,4.998,-0.129,284.0,200.0,,,
2026-09-08T03:54:51.875297,4,851,FRAME,719.775,253.345,4.998,-0.129,284.0,200.0,,,
2026-09-08T03:54:51.892560,4,852,FRAME,724.773,253.215,4.998,-0.129,291.0,200.0,,,
2026-09-08T03:54:51.909868,4,853,FRAME,729.772,253.086,4.998,-0.129,298.0,200.0,,,
2026-09-08T03:54:51.925927,4,854,FRAME,734.77,252.957,4.998,-0.129,305.0,200.0,,,
2026-09-08T03:54:51.942112,4,855,FRAME,739.768,252.828,4.998,-0.129,312.0,200.0,,,
2026-09-08T03:54:51.958178,4,856,RIGHT_HIT,743,252.699,-4.917,0.906,312.0,200.0,0.174,10.439,
2026-09-08T03:54:51.958178,4,857,FRAME,743,252.699,-4.917,0.906,312.0,200.0,,,
2026-09-08T03:54:51.975199,4,858,FRAME,738.083,253.605,-4.917,0.906,312.0,200.0,,,
2026-09-08T03:54:51.992948,4,859,FRAME,733.166,254.511,-4.917,0.906,312.0,200.0,,,
2026-09-08T03:54:52.009498,4,860,FRAME,728.248,255.417,-4.917,0.906,312.0,200.0,,,
2026-09-08T03:54:52.026517,4,861,FRAME,723.331,256.323,-4.917,0.906,312.0,200.0,,,
2026-09-08T03:54:52.044280,4,862,FRAME,718.414,257.229,-4.917,0.906,312.0,200.0,,,
2026-09-08T03:54:52.060413,4,863,FRAME,713.497,258.135,-4.917,0.906,312.0,200.0,,,
2026-09-08T03:54:52.077216,4,864,FRAME,708.579,259.041,-4.917,0.906,312.0,200.0,,,
2026-09-08T03:54:52.094138,4,865,FRAME,703.662,259.947,-4.917,0.906,312.0,200.0,,,
2026-09-08T03:54:52.111505,4,866,FRAME,698.745,260.853,-4.917,0.906,312.0,200.0,,,
2026-09-08T03:54:52.127533,4,867,FRAME,693.828,261.759,-4.917,0.906,305.0,200.0,,,
2026-09-08T03:54:52.143448,4,868,FRAME,688.91,262.665,-4.917,0.906,298.0,200.0,,,
2026-09-08T03:54:52.159268,4,869,FRAME,683.993,263.571,-4.917,0.906,291.0,200.0,,,
2026-09-08T03:54:52.176326,4,870,FRAME,679.076,264.477,-4.917,0.906,284.0,200.0,,,
2026-09-08T03:54:52.192997,4,871,FRAME,674.159,265.383,-4.917,0.906,277.0,200.0,,,
2026-09-08T03:54:52.209616,4,872,FRAME,669.241,266.289,-4.917,0.906,270.0,200.0,,,
2026-09-08T03:54:52.226109,4,873,FRAME,664.324,267.195,-4.917,0.906,263.0,200.0,,,
2026-09-08T03:54:52.243372,4,874,FRAME,659.407,268.1,-4.917,0.906,263.0,200.0,,,
2026-09-08T03:54:52.259677,4,875,FRAME,654.49,269.006,-4.917,0.906,263.0,200.0,,,
2026-09-08T03:54:52.275759,4,876,FRAME,649.572,269.912,-4.917,0.906,263.0,200.0,,,
2026-09-08T03:54:52.291750,4,877,FRAME,644.655,270.818,-4.917,0.906,263.0,200.0,,,
2026-09-08T03:54:52.308512,4,878,FRAME,639.738,271.724,-4.917,0.906,263.0,200.0,,,
2026-09-08T03:54:52.324383,4,879,FRAME,634.821,272.63,-4.917,0.906,263.0,200.0,,,
2026-09-08T03:54:52.341916,4,880,FRAME,629.903,273.536,-4.917,0.906,263.0,200.0,,,
2026-09-08T03:54:52.357650,4,881,FRAME,624.986,274.442,-4.917,0.906,256.0,200.0,,,
2026-09-08T03:54:52.374267,4,882,FRAME,620.069,275.348,-4.917,0.906,249.0,200.0,,,
2026-09-08T03:54:52.392196,4,883,FRAME,615.152,276.254,-4.917,0.906,242.0,200.0,,,
2026-09-08T03:54:52.409864,4,884,FRAME,610.235,277.16,-4.917,0.906,235.0,200.0,,,
2026-09-08T03:54:52.426052,4,885,FRAME,605.317,278.066,-4.917,0.906,228.0,200.0,,,
2026-09-08T03:54:52.442652,4,886,FRAME,600.4,278.972,-4.917,0.906,221.0,200.0,,,
2026-09-08T03:54:52.458354,4,887,FRAME,595.483,279.878,-4.917,0.906,214.0,200.0,,,
2026-09-08T03:54:52.475209,4,888,FRAME,590.566,280.784,-4.917,0.906,214.0,200.0,,,
2026-09-08T03:54:52.492574,4,889,FRAME,585.648,281.69,-4.917,0.906,214.0,200.0,,,
2026-09-08T03:54:52.508504,4,890,FRAME,580.731,282.596,-4.917,0.906,214.0,200.0,,,
2026-09-08T03:54:52.525323,4,891,FRAME,575.814,283.502,-4.917,0.906,214.0,200.0,,,
2026-09-08T03:54:52.542256,4,892,FRAME,570.897,284.408,-4.917,0.906,214.0,200.0,,,
2026-09-08T03:54:52.558345,4,893,FRAME,565.979,285.314,-4.917,0.906,214.0,200.0,,,
2026-09-08T03:54:52.575258,4,894,FRAME,561.062,286.22,-4.917,0.906,214.0,200.0,,,
2026-09-08T03:54:52.591277,4,895,FRAME,556.145,287.125,-4.917,0.906,214.0,200.0,,,
2026-09-08T03:54:52.607559,4,896,FRAME,551.228,288.031,-4.917,0.906,214.0,200.0,,,
2026-09-08T03:54:52.624245,4,897,FRAME,546.31,288.937,-4.917,0.906,214.0,200.0,,,
2026-09-08T03:54:52.641000,4,898,FRAME,541.393,289.843,-4.917,0.906,214.0,200.0,,,
2026-09-08T03:54:52.657257,4,899,FRAME,536.476,290.749,-4.917,0.906,214.0,200.0,,,
2026-09-08T03:54:52.673992,4,900,FRAME,531.559,291.655,-4.917,0.906,214.0,200.0,,,
2026-09-08T03:54:52.690286,4,901,FRAME,526.641,292.561,-4.917,0.906,214.0,200.0,,,
2026-09-08T03:54:52.707353,4,902,FRAME,521.724,293.467,-4.917,0.906,214.0,200.0,,,
2026-09-08T03:54:52.725005,4,903,FRAME,516.807,294.373,-4.917,0.906,214.0,200.0,,,
2026-09-08T03:54:52.741701,4,904,FRAME,511.89,295.279,-4.917,0.906,214.0,200.0,,,
2026-09-08T03:54:52.758259,4,905,FRAME,506.972,296.185,-4.917,0.906,214.0,200.0,,,
2026-09-08T03:54:52.775560,4,906,FRAME,502.055,297.091,-4.917,0.906,221.0,200.0,,,
2026-09-08T03:54:52.791503,4,907,FRAME,497.138,297.997,-4.917,0.906,228.0,200.0,,,
2026-09-08T03:54:52.808754,4,908,FRAME,492.221,298.903,-4.917,0.906,235.0,200.0,,,
2026-09-08T03:54:52.825127,4,909,FRAME,487.304,299.809,-4.917,0.906,242.0,200.0,,,
2026-09-08T03:54:52.841643,4,910,FRAME,482.386,300.715,-4.917,0.906,249.0,200.0,,,
2026-09-08T03:54:52.858210,4,911,FRAME,477.469,301.621,-4.917,0.906,256.0,200.0,,,
2026-09-08T03:54:52.875217,4,912,FRAME,472.552,302.527,-4.917,0.906,263.0,200.0,,,
2026-09-08T03:54:52.892143,4,913,FRAME,467.635,303.433,-4.917,0.906,270.0,200.0,,,
2026-09-08T03:54:52.909416,4,914,FRAME,462.717,304.339,-4.917,0.906,277.0,200.0,,,
2026-09-08T03:54:52.925996,4,915,FRAME,457.8,305.245,-4.917,0.906,277.0,200.0,,,
2026-09-08T03:54:52.941486,4,916,FRAME,452.883,306.15,-4.917,0.906,277.0,200.0,,,
2026-09-08T03:54:52.957875,4,917,FRAME,447.966,307.056,-4.917,0.906,277.0,200.0,,,
2026-09-08T03:54:52.974339,4,918,FRAME,443.048,307.962,-4.917,0.906,277.0,200.0,,,
2026-09-08T03:54:52.991457,4,919,FRAME,438.131,308.868,-4.917,0.906,277.0,200.0,,,
2026-09-08T03:54:53.007481,4,920,FRAME,433.214,309.774,-4.917,0.906,277.0,200.0,,,
2026-09-08T03:54:53.024001,4,921,FRAME,428.297,310.68,-4.917,0.906,277.0,200.0,,,
2026-09-08T03:54:53.040591,4,922,FRAME,423.379,311.586,-4.917,0.906,277.0,200.0,,,
2026-09-08T03:54:53.057052,4,923,FRAME,418.462,312.492,-4.917,0.906,277.0,200.0,,,
2026-09-08T03:54:53.073299,4,924,FRAME,413.545,313.398,-4.917,0.906,277.0,200.0,,,
2026-09-08T03:54:53.090350,4,925,FRAME,408.628,314.304,-4.917,0.906,277.0,200.0,,,
2026-09-08T03:54:53.107108,4,926,FRAME,403.71,315.21,-4.917,0.906,277.0,200.0,,,
2026-09-08T03:54:53.124073,4,927,FRAME,398.793,316.116,-4.917,0.906,277.0,200.0,,,
2026-09-08T03:54:53.140669,4,928,FRAME,393.876,317.022,-4.917,0.906,277.0,200.0,,,
2026-09-08T03:54:53.157232,4,929,FRAME,388.959,317.928,-4.917,0.906,277.0,200.0,,,
2026-09-08T03:54:53.174396,4,930,FRAME,384.041,318.834,-4.917,0.906,277.0,200.0,,,
2026-09-08T03:54:53.191987,4,931,FRAME,379.124,319.74,-4.917,0.906,277.0,200.0,,,
2026-09-08T03:54:53.208208,4,932,FRAME,374.207,320.646,-4.917,0.906,284.0,200.0,,,
2026-09-08T03:54:53.225249,4,933,FRAME,369.29,321.552,-4.917,0.906,291.0,200.0,,,
2026-09-08T03:54:53.242550,4,934,FRAME,364.373,322.458,-4.917,0.906,298.0,200.0,,,
2026-09-08T03:54:53.260069,4,935,FRAME,359.455,323.364,-4.917,0.906,305.0,200.0,,,
2026-09-08T03:54:53.277526,4,936,FRAME,354.538,324.27,-4.917,0.906,312.0,200.0,,,
2026-09-08T03:54:53.294261,4,937,FRAME,349.621,325.175,-4.917,0.906,319.0,200.0,,,
2026-09-08T03:54:53.311920,4,938,FRAME,344.704,326.081,-4.917,0.906,319.0,200.0,,,
2026-09-08T03:54:53.328402,4,939,FRAME,339.786,326.987,-4.917,0.906,319.0,200.0,,,
2026-09-08T03:54:53.345182,4,940,FRAME,334.869,327.893,-4.917,0.906,319.0,200.0,,,
2026-09-08T03:54:53.362247,4,941,FRAME,329.952,328.799,-4.917,0.906,319.0,200.0,,,
2026-09-08T03:54:53.379075,4,942,FRAME,325.035,329.705,-4.917,0.906,319.0,200.0,,,
2026-09-08T03:54:53.395264,4,943,FRAME,320.117,330.611,-4.917,0.906,319.0,200.0,,,
2026-09-08T03:54:53.412194,4,944,FRAME,315.2,331.517,-4.917,0.906,319.0,200.0,,,
2026-09-08T03:54:53.429675,4,945,FRAME,310.283,332.423,-4.917,0.906,319.0,200.0,,,
2026-09-08T03:54:53.445789,4,946,FRAME,305.366,333.329,-4.917,0.906,319.0,200.0,,,
2026-09-08T03:54:53.462259,4,947,FRAME,300.448,334.235,-4.917,0.906,319.0,200.0,,,
2026-09-08T03:54:53.479591,4,948,FRAME,295.531,335.141,-4.917,0.906,319.0,200.0,,,
2026-09-08T03:54:53.496501,4,949,FRAME,290.614,336.047,-4.917,0.906,319.0,200.0,,,
2026-09-08T03:54:53.514181,4,950,FRAME,285.697,336.953,-4.917,0.906,319.0,200.0,,,
2026-09-08T03:54:53.531022,4,951,FRAME,280.779,337.859,-4.917,0.906,326.0,200.0,,,
2026-09-08T03:54:53.547442,4,952,FRAME,275.862,338.765,-4.917,0.906,333.0,200.0,,,
2026-09-08T03:54:53.564653,4,953,FRAME,270.945,339.671,-4.917,0.906,340.0,200.0,,,
2026-09-08T03:54:53.580767,4,954,FRAME,266.028,340.577,-4.917,0.906,347.0,200.0,,,
2026-09-08T03:54:53.596930,4,955,FRAME,261.11,341.483,-4.917,0.906,354.0,200.0,,,
2026-09-08T03:54:53.614500,4,956,FRAME,256.193,342.389,-4.917,0.906,361.0,200.0,,,
2026-09-08T03:54:53.631325,4,957,FRAME,251.276,343.295,-4.917,0.906,361.0,200.0,,,
2026-09-08T03:54:53.647736,4,958,FRAME,246.359,344.2,-4.917,0.906,361.0,200.0,,,
2026-09-08T03:54:53.664316,4,959,FRAME,241.442,345.106,-4.917,0.906,361.0,200.0,,,
2026-09-08T03:54:53.680390,4,960,FRAME,236.524,346.012,-4.917,0.906,361.0,200.0,,,
2026-09-08T03:54:53.697425,4,961,FRAME,231.607,346.918,-4.917,0.906,361.0,200.0,,,
2026-09-08T03:54:53.713975,4,962,FRAME,226.69,347.824,-4.917,0.906,361.0,200.0,,,
2026-09-08T03:54:53.729547,4,963,FRAME,221.773,348.73,-4.917,0.906,361.0,200.0,,,
2026-09-08T03:54:53.745927,4,964,FRAME,216.855,349.636,-4.917,0.906,361.0,200.0,,,
2026-09-08T03:54:53.762471,4,965,FRAME,211.938,350.542,-4.917,0.906,361.0,200.0,,,
2026-09-08T03:54:53.779211,4,966,FRAME,207.021,351.448,-4.917,0.906,361.0,200.0,,,
2026-09-08T03:54:53.796546,4,967,FRAME,202.104,352.354,-4.917,0.906,361.0,200.0,,,
2026-09-08T03:54:53.814085,4,968,FRAME,197.186,353.26,-4.917,0.906,361.0,200.0,,,
2026-09-08T03:54:53.830317,4,969,FRAME,192.269,354.166,-4.917,0.906,361.0,200.0,,,
2026-09-08T03:54:53.847709,4,970,FRAME,187.352,355.072,-4.917,0.906,361.0,200.0,,,
2026-09-08T03:54:53.863958,4,971,FRAME,182.435,355.978,-4.917,0.906,361.0,200.0,,,
2026-09-08T03:54:53.880455,4,972,FRAME,177.517,356.884,-4.917,0.906,361.0,200.0,,,
2026-09-08T03:54:53.897309,4,973,FRAME,172.6,357.79,-4.917,0.906,361.0,200.0,,,
2026-09-08T03:54:53.914098,4,974,FRAME,167.683,358.696,-4.917,0.906,361.0,200.0,,,
2026-09-08T03:54:53.930474,4,975,FRAME,162.766,359.602,-4.917,0.906,361.0,200.0,,,
2026-09-08T03:54:53.947400,4,976,FRAME,157.848,360.508,-4.917,0.906,361.0,200.0,,,
2026-09-08T03:54:53.964356,4,977,FRAME,152.931,361.414,-4.917,0.906,361.0,200.0,,,
2026-09-08T03:54:53.981469,4,978,FRAME,148.014,362.32,-4.917,0.906,361.0,200.0,,,
2026-09-08T03:54:53.998740,4,979,FRAME,143.097,363.225,-4.917,0.906,361.0,200.0,,,
2026-09-08T03:54:54.014976,4,980,FRAME,138.179,364.131,-4.917,0.906,361.0,200.0,,,
2026-09-08T03:54:54.031410,4,981,FRAME,133.262,365.037,-4.917,0.906,361.0,200.0,,,
2026-09-08T03:54:54.048197,4,982,FRAME,128.345,365.943,-4.917,0.906,361.0,200.0,,,
2026-09-08T03:54:54.065146,4,983,FRAME,123.428,366.849,-4.917,0.906,361.0,200.0,,,
2026-09-08T03:54:54.081929,4,984,FRAME,118.511,367.755,-4.917,0.906,361.0,200.0,,,
2026-09-08T03:54:54.098315,4,985,FRAME,113.593,368.661,-4.917,0.906,361.0,200.0,,,
2026-09-08T03:54:54.115430,4,986,FRAME,108.676,369.567,-4.917,0.906,361.0,200.0,,,
2026-09-08T03:54:54.131766,4,987,FRAME,103.759,370.473,-4.917,0.906,361.0,200.0,,,
2026-09-08T03:54:54.148061,4,988,FRAME,98.842,371.379,-4.917,0.906,361.0,200.0,,,
2026-09-08T03:54:54.165074,4,989,FRAME,93.924,372.285,-4.917,0.906,368.0,200.0,,,
2026-09-08T03:54:54.182292,4,990,FRAME,89.007,373.191,-4.917,0.906,375.0,200.0,,,
2026-09-08T03:54:54.200057,4,991,FRAME,84.09,374.097,-4.917,0.906,382.0,200.0,,,
2026-09-08T03:54:54.216745,4,992,FRAME,79.173,375.003,-4.917,0.906,382.0,200.0,,,
2026-09-08T03:54:54.232886,4,993,FRAME,74.255,375.909,-4.917,0.906,382.0,200.0,,,
2026-09-08T03:54:54.249021,4,994,FRAME,69.338,376.815,-4.917,0.906,382.0,200.0,,,
2026-09-08T03:54:54.265237,4,995,FRAME,64.421,377.721,-4.917,0.906,382.0,200.0,,,
2026-09-08T03:54:54.282321,4,996,FRAME,59.504,378.627,-4.917,0.906,382.0,200.0,,,
2026-09-08T03:54:54.299614,4,997,FRAME,54.586,379.533,-4.917,0.906,382.0,200.0,,,
2026-09-08T03:54:54.316371,4,998,FRAME,49.669,380.439,-4.917,0.906,382.0,200.0,,,
2026-09-08T03:54:54.333392,4,999,LEFT_HIT,45,381.345,3.524,-3.547,375.0,200.0,-0.753,-45.187,
2026-09-08T03:54:54.333392,4,1000,FRAME,45,381.345,3.524,-3.547,375.0,200.0,,,
2026-09-08T03:54:54.350078,4,1001,FRAME,48.524,377.798,3.524,-3.547,368.0,200.0,,,
2026-09-08T03:54:54.366639,4,1002,FRAME,52.048,374.251,3.524,-3.547,361.0,200.0,,,
2026-09-08T03:54:54.382613,4,1003,FRAME,55.572,370.703,3.524,-3.547,354.0,200.0,,,
2026-09-08T03:54:54.399014,4,1004,FRAME,59.096,367.156,3.524,-3.547,347.0,200.0,,,
2026-09-08T03:54:54.415630,4,1005,FRAME,62.62,363.609,3.524,-3.547,340.0,200.0,,,
2026-09-08T03:54:54.431273,4,1006,FRAME,66.144,360.062,3.524,-3.547,340.0,200.0,,,
2026-09-08T03:54:54.447878,4,1007,FRAME,69.668,356.515,3.524,-3.547,340.0,200.0,,,
2026-09-08T03:54:54.464186,4,1008,FRAME,73.192,352.968,3.524,-3.547,340.0,200.0,,,
2026-09-08T03:54:54.481435,4,1009,FRAME,76.716,349.421,3.524,-3.547,340.0,200.0,,,
2026-09-08T03:54:54.498177,4,1010,FRAME,80.24,345.874,3.524,-3.547,340.0,200.0,,,
2026-09-08T03:54:54.515825,4,1011,FRAME,83.764,342.327,3.524,-3.547,340.0,200.0,,,
2026-09-08T03:54:54.532031,4,1012,FRAME,87.288,338.78,3.524,-3.547,340.0,200.0,,,
2026-09-08T03:54:54.548072,4,1013,FRAME,90.812,335.233,3.524,-3.547,340.0,200.0,,,
2026-09-08T03:54:54.564256,4,1014,FRAME,94.336,331.686,3.524,-3.547,340.0,200.0,,,
2026-09-08T03:54:54.581014,4,1015,FRAME,97.86,328.139,3.524,-3.547,340.0,200.0,,,
2026-09-08T03:54:54.596803,4,1016,FRAME,101.384,324.592,3.524,-3.547,340.0,200.0,,,
2026-09-08T03:54:54.613470,4,1017,FRAME,104.908,321.045,3.524,-3.547,340.0,200.0,,,
2026-09-08T03:54:54.630182,4,1018,FRAME,108.432,317.498,3.524,-3.547,340.0,200.0,,,
2026-09-08T03:54:54.647670,4,1019,FRAME,111.956,313.951,3.524,-3.547,340.0,200.0,,,
2026-09-08T03:54:54.664188,4,1020,FRAME,115.48,310.404,3.524,-3.547,340.0,200.0,,,
2026-09-08T03:54:54.681211,4,1021,FRAME,119.004,306.857,3.524,-3.547,340.0,200.0,,,
2026-09-08T03:54:54.698819,4,1022,FRAME,122.528,303.31,3.524,-3.547,340.0,200.0,,,
2026-09-08T03:54:54.715226,4,1023,FRAME,126.052,299.763,3.524,-3.547,333.0,200.0,,,
2026-09-08T03:54:54.732880,4,1024,FRAME,129.576,296.216,3.524,-3.547,326.0,200.0,,,
2026-09-08T03:54:54.748931,4,1025,FRAME,133.1,292.669,3.524,-3.547,319.0,200.0,,,
2026-09-08T03:54:54.765645,4,1026,FRAME,136.624,289.122,3.524,-3.547,312.0,200.0,,,
2026-09-08T03:54:54.781672,4,1027,FRAME,140.148,285.575,3.524,-3.547,305.0,200.0,,,
2026-09-08T03:54:54.798286,4,1028,FRAME,143.672,282.028,3.524,-3.547,298.0,200.0,,,
2026-09-08T03:54:54.815090,4,1029,FRAME,147.196,278.481,3.524,-3.547,291.0,200.0,,,
2026-09-08T03:54:54.831496,4,1030,FRAME,150.72,274.934,3.524,-3.547,291.0,200.0,,,
2026-09-08T03:54:54.848444,4,1031,FRAME,154.244,271.387,3.524,-3.547,291.0,200.0,,,
2026-09-08T03:54:54.865584,4,1032,FRAME,157.768,267.84,3.524,-3.547,291.0,200.0,,,
2026-09-08T03:54:54.882210,4,1033,FRAME,161.292,264.293,3.524,-3.547,291.0,200.0,,,
2026-09-08T03:54:54.898890,4,1034,FRAME,164.816,260.746,3.524,-3.547,291.0,200.0,,,
2026-09-08T03:54:54.914797,4,1035,FRAME,168.34,257.199,3.524,-3.547,291.0,200.0,,,
2026-09-08T03:54:54.931058,4,1036,FRAME,171.864,253.652,3.524,-3.547,291.0,200.0,,,
2026-09-08T03:54:54.947573,4,1037,FRAME,175.388,250.105,3.524,-3.547,284.0,200.0,,,
2026-09-08T03:54:54.964057,4,1038,FRAME,178.912,246.558,3.524,-3.547,277.0,200.0,,,
2026-09-08T03:54:54.979962,4,1039,FRAME,182.436,243.011,3.524,-3.547,270.0,200.0,,,
2026-09-08T03:54:54.997009,4,1040,FRAME,185.96,239.464,3.524,-3.547,263.0,200.0,,,
2026-09-08T03:54:55.014050,4,1041,FRAME,189.484,235.917,3.524,-3.547,256.0,200.0,,,
2026-09-08T03:54:55.030685,4,1042,FRAME,193.008,232.369,3.524,-3.547,249.0,200.0,,,
2026-09-08T03:54:55.047368,4,1043,FRAME,196.532,228.822,3.524,-3.547,242.0,200.0,,,
2026-09-08T03:54:55.064431,4,1044,FRAME,200.056,225.275,3.524,-3.547,235.0,200.0,,,
2026-09-08T03:54:55.081391,4,1045,FRAME,203.58,221.728,3.524,-3.547,235.0,200.0,,,
2026-09-08T03:54:55.097890,4,1046,FRAME,207.104,218.181,3.524,-3.547,235.0,200.0,,,
2026-09-08T03:54:55.114452,4,1047,FRAME,210.628,214.634,3.524,-3.547,235.0,200.0,,,
2026-09-08T03:54:55.131784,4,1048,FRAME,214.152,211.087,3.524,-3.547,235.0,200.0,,,
2026-09-08T03:54:55.147667,4,1049,FRAME,217.676,207.54,3.524,-3.547,235.0,200.0,,,
2026-09-08T03:54:55.164453,4,1050,FRAME,221.2,203.993,3.524,-3.547,228.0,200.0,,,
2026-09-08T03:54:55.181491,4,1051,FRAME,224.724,200.446,3.524,-3.547,221.0,200.0,,,
2026-09-08T03:54:55.198066,4,1052,FRAME,228.248,196.899,3.524,-3.547,214.0,200.0,,,
2026-09-08T03:54:55.214008,4,1053,FRAME,231.772,193.352,3.524,-3.547,207.0,200.0,,,
2026-09-08T03:54:55.230257,4,1054,FRAME,235.296,189.805,3.524,-3.547,200.0,200.0,,,
2026-09-08T03:54:55.247574,4,1055,FRAME,238.82,186.258,3.524,-3.547,193.0,200.0,,,
2026-09-08T03:54:55.264186,4,1056,FRAME,242.344,182.711,3.524,-3.547,186.0,200.0,,,
2026-09-08T03:54:55.281206,4,1057,FRAME,245.868,179.164,3.524,-3.547,179.0,200.0,,,
2026-09-08T03:54:55.298443,4,1058,FRAME,249.392,175.617,3.524,-3.547,172.0,200.0,,,
2026-09-08T03:54:55.316093,4,1059,FRAME,252.916,172.07,3.524,-3.547,172.0,200.0,,,
2026-09-08T03:54:55.332467,4,1060,FRAME,256.44,168.523,3.524,-3.547,172.0,200.0,,,
2026-09-08T03:54:55.349445,4,1061,FRAME,259.964,164.976,3.524,-3.547,172.0,200.0,,,
2026-09-08T03:54:55.366302,4,1062,FRAME,263.488,161.429,3.524,-3.547,172.0,200.0,,,
2026-09-08T03:54:55.384090,4,1063,FRAME,267.012,157.882,3.524,-3.547,172.0,200.0,,,
2026-09-08T03:54:55.400316,4,1064,FRAME,270.536,154.335,3.524,-3.547,172.0,200.0,,,
2026-09-08T03:54:55.417546,4,1065,FRAME,274.06,150.788,3.524,-3.547,172.0,200.0,,,
2026-09-08T03:54:55.433573,4,1066,FRAME,277.584,147.241,3.524,-3.547,172.0,200.0,,,
2026-09-08T03:54:55.450065,4,1067,FRAME,281.108,143.694,3.524,-3.547,165.0,200.0,,,
2026-09-08T03:54:55.466159,4,1068,FRAME,284.632,140.147,3.524,-3.547,158.0,200.0,,,
2026-09-08T03:54:55.481717,4,1069,FRAME,288.156,136.6,3.524,-3.547,151.0,200.0,,,
2026-09-08T03:54:55.497414,4,1070,FRAME,291.68,133.053,3.524,-3.547,144.0,200.0,,,
2026-09-08T03:54:55.514466,4,1071,FRAME,295.204,129.506,3.524,-3.547,137.0,200.0,,,
2026-09-08T03:54:55.531419,4,1072,FRAME,298.728,125.959,3.524,-3.547,130.0,200.0,,,
2026-09-08T03:54:55.548332,4,1073,FRAME,302.252,122.412,3.524,-3.547,123.0,200.0,,,
2026-09-08T03:54:55.564739,4,1074,FRAME,305.776,118.865,3.524,-3.547,116.0,200.0,,,
2026-09-08T03:54:55.580746,4,1075,FRAME,309.3,115.318,3.524,-3.547,109.0,200.0,,,
2026-09-08T03:54:55.597048,4,1076,FRAME,312.824,111.771,3.524,-3.547,109.0,200.0,,,
2026-09-08T03:54:55.612682,4,1077,FRAME,316.348,108.224,3.524,-3.547,109.0,200.0,,,
2026-09-08T03:54:55.629209,4,1078,FRAME,319.872,104.677,3.524,-3.547,109.0,200.0,,,
2026-09-08T03:54:55.646035,4,1079,FRAME,323.396,101.13,3.524,-3.547,109.0,200.0,,,
2026-09-08T03:54:55.661960,4,1080,FRAME,326.92,97.583,3.524,-3.547,109.0,200.0,,,
2026-09-08T03:54:55.678425,4,1081,FRAME,330.444,94.035,3.524,-3.547,109.0,200.0,,,
2026-09-08T03:54:55.694435,4,1082,FRAME,333.968,90.488,3.524,-3.547,109.0,200.0,,,
2026-09-08T03:54:55.711646,4,1083,FRAME,337.492,86.941,3.524,-3.547,109.0,200.0,,,
2026-09-08T03:54:55.728229,4,1084,FRAME,341.016,83.394,3.524,-3.547,109.0,200.0,,,
2026-09-08T03:54:55.744349,4,1085,FRAME,344.54,79.847,3.524,-3.547,102.0,200.0,,,
2026-09-08T03:54:55.761029,4,1086,FRAME,348.064,76.3,3.524,-3.547,95.0,200.0,,,
2026-09-08T03:54:55.777047,4,1087,FRAME,351.588,72.753,3.524,-3.547,88.0,200.0,,,
2026-09-08T03:54:55.794320,4,1088,FRAME,355.112,69.206,3.524,-3.547,81.0,200.0,,,
2026-09-08T03:54:55.811322,4,1089,FRAME,358.636,65.659,3.524,-3.547,74.0,200.0,,,
2026-09-08T03:54:55.828013,4,1090,FRAME,362.16,62.112,3.524,-3.547,67.0,200.0,,,
2026-09-08T03:54:55.844033,4,1091,FRAME,365.684,58.565,3.524,-3.547,60.0,200.0,,,
2026-09-08T03:54:55.861364,4,1092,FRAME,369.208,55.018,3.524,-3.547,53.0,200.0,,,
2026-09-08T03:54:55.877311,4,1093,FRAME,372.732,51.471,3.524,-3.547,53.0,200.0,,,
2026-09-08T03:54:55.894142,4,1094,FRAME,376.256,47.924,3.524,-3.547,53.0,200.0,,,
2026-09-08T03:54:55.911936,4,1095,FRAME,379.78,44.377,3.524,-3.547,53.0,200.0,,,
2026-09-08T03:54:55.928391,4,1096,FRAME,383.304,40.83,3.524,-3.547,53.0,200.0,,,
2026-09-08T03:54:55.945239,4,1097,FRAME,386.828,37.283,3.524,-3.547,53.0,200.0,,,
2026-09-08T03:54:55.962668,4,1098,FRAME,390.352,33.736,3.524,-3.547,53.0,200.0,,,
2026-09-08T03:54:55.979112,4,1099,FRAME,393.876,30.189,3.524,-3.547,53.0,200.0,,,
2026-09-08T03:54:55.996087,4,1100,FRAME,397.4,26.642,3.524,-3.547,53.0,200.0,,,
2026-09-08T03:54:56.012155,4,1101,FRAME,400.924,23.095,3.524,-3.547,53.0,200.0,,,
2026-09-08T03:54:56.027949,4,1102,FRAME,404.448,19.548,3.524,-3.547,53.0,200.0,,,
2026-09-08T03:54:56.045174,4,1103,FRAME,407.972,16.001,3.524,-3.547,53.0,200.0,,,
2026-09-08T03:54:56.061501,4,1104,FRAME,411.496,12.454,3.524,-3.547,53.0,200.0,,,
2026-09-08T03:54:56.077239,4,1105,FRAME,415.021,8.907,3.524,-3.547,53.0,200.0,,,
2026-09-08T03:54:56.094321,4,1106,FRAME,418.545,5.36,3.524,-3.547,53.0,200.0,,,
2026-09-08T03:54:56.111426,4,1107,FRAME,422.069,1.813,3.524,-3.547,60.0,200.0,,,
2026-09-08T03:54:56.128239,4,1108,WALL_BOUNCE,425.593,0,3.524,3.547,67.0,200.0,,,
2026-09-08T03:54:56.128239,4,1109,FRAME,425.593,0,3.524,3.547,67.0,200.0,,,
2026-09-08T03:54:56.144971,4,1110,FRAME,429.117,3.547,3.524,3.547,74.0,200.0,,,
2026-09-08T03:54:56.161169,4,1111,FRAME,432.641,7.094,3.524,3.547,81.0,200.0,,,
2026-09-08T03:54:56.177995,4,1112,FRAME,436.165,10.641,3.524,3.547,88.0,200.0,,,
2026-09-08T03:54:56.194353,4,1113,FRAME,439.689,14.188,3.524,3.547,95.0,200.0,,,
2026-09-08T03:54:56.211285,4,1114,FRAME,443.213,17.735,3.524,3.547,102.0,200.0,,,
2026-09-08T03:54:56.228369,4,1115,FRAME,446.737,21.282,3.524,3.547,109.0,200.0,,,
2026-09-08T03:54:56.245416,4,1116,FRAME,450.261,24.829,3.524,3.547,116.0,200.0,,,
2026-09-08T03:54:56.262074,4,1117,FRAME,453.785,28.376,3.524,3.547,116.0,200.0,,,
2026-09-08T03:54:56.277701,4,1118,FRAME,457.309,31.923,3.524,3.547,116.0,200.0,,,
2026-09-08T03:54:56.294011,4,1119,FRAME,460.833,35.47,3.524,3.547,116.0,200.0,,,
2026-09-08T03:54:56.309652,4,1120,FRAME,464.357,39.017,3.524,3.547,116.0,200.0,,,
2026-09-08T03:54:56.325445,4,1121,FRAME,467.881,42.564,3.524,3.547,116.0,200.0,,,
2026-09-08T03:54:56.342274,4,1122,FRAME,471.405,46.111,3.524,3.547,116.0,200.0,,,
2026-09-08T03:54:56.359825,4,1123,FRAME,474.929,49.658,3.524,3.547,116.0,200.0,,,
2026-09-08T03:54:56.376060,4,1124,FRAME,478.453,53.205,3.524,3.547,116.0,200.0,,,
2026-09-08T03:54:56.392121,4,1125,FRAME,481.977,56.752,3.524,3.547,116.0,200.0,,,
2026-09-08T03:54:56.407796,4,1126,FRAME,485.501,60.299,3.524,3.547,116.0,200.0,,,
2026-09-08T03:54:56.424575,4,1127,FRAME,489.025,63.846,3.524,3.547,116.0,200.0,,,
2026-09-08T03:54:56.441129,4,1128,FRAME,492.549,67.393,3.524,3.547,116.0,200.0,,,
2026-09-08T03:54:56.456999,4,1129,FRAME,496.073,70.941,3.524,3.547,116.0,200.0,,,
2026-09-08T03:54:56.473218,4,1130,FRAME,499.597,74.488,3.524,3.547,116.0,200.0,,,
2026-09-08T03:54:56.490828,4,1131,FRAME,503.121,78.035,3.524,3.547,123.0,200.0,,,
2026-09-08T03:54:56.508037,4,1132,FRAME,506.645,81.582,3.524,3.547,130.0,200.0,,,
2026-09-08T03:54:56.524243,4,1133,FRAME,510.169,85.129,3.524,3.547,137.0,200.0,,,
2026-09-08T03:54:56.541611,4,1134,FRAME,513.693,88.676,3.524,3.547,144.0,200.0,,,
2026-09-08T03:54:56.558433,4,1135,FRAME,517.217,92.223,3.524,3.547,151.0,200.0,,,
2026-09-08T03:54:56.575241,4,1136,FRAME,520.741,95.77,3.524,3.547,158.0,200.0,,,
2026-09-08T03:54:56.591772,4,1137,FRAME,524.265,99.317,3.524,3.547,165.0,200.0,,,
2026-09-08T03:54:56.608145,4,1138,FRAME,527.789,102.864,3.524,3.547,172.0,200.0,,,
2026-09-08T03:54:56.625356,4,1139,FRAME,531.313,106.411,3.524,3.547,179.0,200.0,,,
2026-09-08T03:54:56.642682,4,1140,FRAME,534.837,109.958,3.524,3.547,179.0,200.0,,,
2026-09-08T03:54:56.659346,4,1141,FRAME,538.361,113.505,3.524,3.547,179.0,200.0,,,
2026-09-08T03:54:56.675913,4,1142,FRAME,541.885,117.052,3.524,3.547,179.0,200.0,,,
2026-09-08T03:54:56.692502,4,1143,FRAME,545.409,120.599,3.524,3.547,179.0,200.0,,,
2026-09-08T03:54:56.708447,4,1144,FRAME,548.933,124.146,3.524,3.547,179.0,200.0,,,
2026-09-08T03:54:56.725832,4,1145,FRAME,552.457,127.693,3.524,3.547,179.0,200.0,,,
2026-09-08T03:54:56.742146,4,1146,FRAME,555.981,131.24,3.524,3.547,179.0,200.0,,,
2026-09-08T03:54:56.758670,4,1147,FRAME,559.505,134.787,3.524,3.547,179.0,200.0,,,
2026-09-08T03:54:56.775053,4,1148,FRAME,563.029,138.334,3.524,3.547,179.0,200.0,,,
2026-09-08T03:54:56.791451,4,1149,FRAME,566.553,141.881,3.524,3.547,179.0,200.0,,,
2026-09-08T03:54:56.808639,4,1150,FRAME,570.077,145.428,3.524,3.547,172.0,200.0,,,
2026-09-08T03:54:56.825142,4,1151,FRAME,573.601,148.975,3.524,3.547,165.0,200.0,,,
2026-09-08T03:54:56.841485,4,1152,FRAME,577.125,152.522,3.524,3.547,158.0,200.0,,,
2026-09-08T03:54:56.857493,4,1153,FRAME,580.649,156.069,3.524,3.547,151.0,200.0,,,
2026-09-08T03:54:56.874248,4,1154,FRAME,584.173,159.616,3.524,3.547,144.0,200.0,,,
2026-09-08T03:54:56.891009,4,1155,FRAME,587.697,163.163,3.524,3.547,137.0,200.0,,,
2026-09-08T03:54:56.907372,4,1156,FRAME,591.221,166.71,3.524,3.547,130.0,200.0,,,
2026-09-08T03:54:56.924418,4,1157,FRAME,594.745,170.257,3.524,3.547,123.0,200.0,,,
2026-09-08T03:54:56.941264,4,1158,FRAME,598.269,173.804,3.524,3.547,116.0,200.0,,,
2026-09-08T03:54:56.957555,4,1159,FRAME,601.793,177.351,3.524,3.547,109.0,200.0,,,
2026-09-08T03:54:56.974501,4,1160,FRAME,605.317,180.898,3.524,3.547,102.0,200.0,,,
2026-09-08T03:54:56.991027,4,1161,FRAME,608.841,184.445,3.524,3.547,95.0,200.0,,,
2026-09-08T03:54:57.007236,4,1162,FRAME,612.365,187.992,3.524,3.547,88.0,200.0,,,
2026-09-08T03:54:57.024384,4,1163,FRAME,615.889,191.539,3.524,3.547,88.0,200.0,,,
2026-09-08T03:54:57.041052,4,1164,FRAME,619.413,195.086,3.524,3.547,88.0,200.0,,,
2026-09-08T03:54:57.057245,4,1165,FRAME,622.937,198.633,3.524,3.547,88.0,200.0,,,
2026-09-08T03:54:57.073307,4,1166,FRAME,626.461,202.18,3.524,3.547,88.0,200.0,,,
2026-09-08T03:54:57.090466,4,1167,FRAME,629.985,205.727,3.524,3.547,88.0,200.0,,,
2026-09-08T03:54:57.108355,4,1168,FRAME,633.509,209.275,3.524,3.547,88.0,200.0,,,
2026-09-08T03:54:57.125653,4,1169,FRAME,637.033,212.822,3.524,3.547,88.0,200.0,,,
2026-09-08T03:54:57.142189,4,1170,FRAME,640.557,216.369,3.524,3.547,88.0,200.0,,,
2026-09-08T03:54:57.159262,4,1171,FRAME,644.081,219.916,3.524,3.547,88.0,200.0,,,
2026-09-08T03:54:57.175992,4,1172,FRAME,647.605,223.463,3.524,3.547,88.0,200.0,,,
2026-09-08T03:54:57.192577,4,1173,FRAME,651.129,227.01,3.524,3.547,88.0,200.0,,,
2026-09-08T03:54:57.209450,4,1174,FRAME,654.653,230.557,3.524,3.547,81.0,200.0,,,
2026-09-08T03:54:57.226122,4,1175,FRAME,658.177,234.104,3.524,3.547,74.0,200.0,,,
2026-09-08T03:54:57.242381,4,1176,FRAME,661.701,237.651,3.524,3.547,67.0,200.0,,,
2026-09-08T03:54:57.258989,4,1177,FRAME,665.225,241.198,3.524,3.547,60.0,200.0,,,
2026-09-08T03:54:57.275236,4,1178,FRAME,668.749,244.745,3.524,3.547,53.0,200.0,,,
2026-09-08T03:54:57.292273,4,1179,FRAME,672.273,248.292,3.524,3.547,46.0,200.0,,,
2026-09-08T03:54:57.309325,4,1180,FRAME,675.797,251.839,3.524,3.547,39.0,200.0,,,
2026-09-08T03:54:57.326319,4,1181,FRAME,679.321,255.386,3.524,3.547,32.0,200.0,,,
2026-09-08T03:54:57.344281,4,1182,FRAME,682.845,258.933,3.524,3.547,25.0,200.0,,,
2026-09-08T03:54:57.361998,4,1183,FRAME,686.369,262.48,3.524,3.547,25.0,200.0,,,
2026-09-08T03:54:57.378208,4,1184,FRAME,689.893,266.027,3.524,3.547,25.0,200.0,,,
2026-09-08T03:54:57.394221,4,1185,FRAME,693.417,269.574,3.524,3.547,25.0,200.0,,,
2026-09-08T03:54:57.411588,4,1186,FRAME,696.941,273.121,3.524,3.547,25.0,200.0,,,
2026-09-08T03:54:57.427577,4,1187,FRAME,700.465,276.668,3.524,3.547,25.0,200.0,,,
2026-09-08T03:54:57.443582,4,1188,FRAME,703.989,280.215,3.524,3.547,25.0,200.0,,,
2026-09-08T03:54:57.460439,4,1189,FRAME,707.513,283.762,3.524,3.547,25.0,200.0,,,
2026-09-08T03:54:57.477645,4,1190,FRAME,711.037,287.309,3.524,3.547,25.0,200.0,,,
2026-09-08T03:54:57.494098,4,1191,FRAME,714.561,290.856,3.524,3.547,25.0,200.0,,,
2026-09-08T03:54:57.510569,4,1192,FRAME,718.085,294.403,3.524,3.547,25.0,200.0,,,
2026-09-08T03:54:57.526593,4,1193,FRAME,721.609,297.95,3.524,3.547,25.0,200.0,,,
2026-09-08T03:54:57.543281,4,1194,FRAME,725.133,301.497,3.524,3.547,25.0,200.0,,,
2026-09-08T03:54:57.560289,4,1195,FRAME,728.657,305.044,3.524,3.547,25.0,200.0,,,
2026-09-08T03:54:57.577169,4,1196,FRAME,732.181,308.591,3.524,3.547,25.0,200.0,,,
2026-09-08T03:54:57.594251,4,1197,FRAME,735.705,312.138,3.524,3.547,25.0,200.0,,,
2026-09-08T03:54:57.611098,4,1198,FRAME,739.229,315.685,3.524,3.547,25.0,200.0,,,
2026-09-08T03:54:57.628125,4,1199,FRAME,742.753,319.232,3.524,3.547,32.0,200.0,,,
2026-09-08T03:54:57.644651,4,1200,FRAME,746.277,322.779,3.524,3.547,39.0,200.0,,,
2026-09-08T03:54:57.660930,4,1201,FRAME,749.801,326.326,3.524,3.547,46.0,200.0,,,
2026-09-08T03:54:57.676600,4,1202,FRAME,753.325,329.873,3.524,3.547,53.0,200.0,,,
2026-09-08T03:54:57.693232,4,1203,FRAME,756.849,333.42,3.524,3.547,60.0,200.0,,,
2026-09-08T03:54:57.709929,4,1204,FRAME,760.373,336.967,3.524,3.547,67.0,200.0,,,
2026-09-08T03:54:57.726270,4,1205,FRAME,763.897,340.514,3.524,3.547,74.0,200.0,,,
2026-09-08T03:54:57.743224,4,1206,FRAME,767.421,344.061,3.524,3.547,81.0,200.0,,,
2026-09-08T03:54:57.760052,4,1207,FRAME,770.945,347.609,3.524,3.547,88.0,200.0,,,
2026-09-08T03:54:57.775933,4,1208,FRAME,774.469,351.156,3.524,3.547,88.0,200.0,,,
2026-09-08T03:54:57.792396,4,1209,FRAME,777.993,354.703,3.524,3.547,88.0,200.0,,,
2026-09-08T03:54:57.809863,4,1210,FRAME,781.517,358.25,3.524,3.547,88.0,200.0,,,
2026-09-08T03:54:57.826330,4,1211,FRAME,785.041,361.797,3.524,3.547,88.0,200.0,,,
2026-09-08T03:54:57.842782,4,1212,FRAME,788.565,365.344,3.524,3.547,88.0,200.0,,,
2026-09-08T03:54:57.859102,4,1213,FRAME,792.089,368.891,3.524,3.547,88.0,200.0,,,
2026-09-08T03:54:57.875200,4,1214,FRAME,795.613,372.438,3.524,3.547,88.0,200.0,,,
2026-09-08T03:54:57.892279,4,1215,FRAME,799.137,375.985,3.524,3.547,88.0,200.0,,,
2026-09-08T03:54:57.910055,4,1216,FRAME,802.661,379.532,3.524,3.547,88.0,200.0,,,
2026-09-08T03:54:57.910055,4,1217,MISS_RIGHT,802.661,379.532,3.524,3.547,88.0,200.0,,,LEFT
2026-09-08T03:54:57.926407,5,1218,FRAME,296.134,249.441,-4.497,-2.185,88.0,200.0,,,
2026-09-08T03:54:57.942822,5,1219,FRAME,291.637,247.257,-4.497,-2.185,88.0,200.0,,,
2026-09-08T03:54:57.959462,5,1220,FRAME,287.139,245.072,-4.497,-2.185,88.0,200.0,,,
2026-09-08T03:54:57.975516,5,1221,FRAME,282.642,242.887,-4.497,-2.185,88.0,200.0,,,
2026-09-08T03:54:57.991935,5,1222,FRAME,278.145,240.702,-4.497,-2.185,88.0,200.0,,,
2026-09-08T03:54:58.008219,5,1223,FRAME,273.647,238.518,-4.497,-2.185,88.0,200.0,,,
2026-09-08T03:54:58.026021,5,1224,FRAME,269.15,236.333,-4.497,-2.185,88.0,200.0,,,
2026-09-08T03:54:58.042266,5,1225,FRAME,264.652,234.148,-4.497,-2.185,88.0,200.0,,,
2026-09-08T03:54:58.059365,5,1226,FRAME,260.155,231.963,-4.497,-2.185,88.0,200.0,,,
2026-09-08T03:54:58.076341,5,1227,FRAME,255.657,229.779,-4.497,-2.185,88.0,200.0,,,
2026-09-08T03:54:58.094289,5,1228,FRAME,251.16,227.594,-4.497,-2.185,88.0,200.0,,,
2026-09-08T03:54:58.111196,5,1229,FRAME,246.663,225.409,-4.497,-2.185,88.0,200.0,,,
2026-09-08T03:54:58.128072,5,1230,FRAME,242.165,223.224,-4.497,-2.185,88.0,200.0,,,
2026-09-08T03:54:58.143636,5,1231,FRAME,237.668,221.04,-4.497,-2.185,88.0,200.0,,,
2026-09-08T03:54:58.159833,5,1232,FRAME,233.17,218.855,-4.497,-2.185,88.0,200.0,,,
2026-09-08T03:54:58.176324,5,1233,FRAME,228.673,216.67,-4.497,-2.185,88.0,200.0,,,
2026-09-08T03:54:58.194344,5,1234,FRAME,224.175,214.485,-4.497,-2.185,81.0,200.0,,,
2026-09-08T03:54:58.210265,5,1235,FRAME,219.678,212.301,-4.497,-2.185,74.0,200.0,,,
2026-09-08T03:54:58.227266,5,1236,FRAME,215.181,210.116,-4.497,-2.185,67.0,200.0,,,
2026-09-08T03:54:58.245204,5,1237,FRAME,210.683,207.931,-4.497,-2.185,60.0,200.0,,,
2026-09-08T03:54:58.262293,5,1238,FRAME,206.186,205.746,-4.497,-2.185,60.0,200.0,,,
2026-09-08T03:54:58.279359,5,1239,FRAME,201.688,203.562,-4.497,-2.185,60.0,200.0,,,
2026-09-08T03:54:58.296166,5,1240,FRAME,197.191,201.377,-4.497,-2.185,60.0,200.0,,,
2026-09-08T03:54:58.313480,5,1241,FRAME,192.693,199.192,-4.497,-2.185,60.0,200.0,,,
2026-09-08T03:54:58.330612,5,1242,FRAME,188.196,197.007,-4.497,-2.185,60.0,200.0,,,
2026-09-08T03:54:58.347120,5,1243,FRAME,183.699,194.823,-4.497,-2.185,60.0,200.0,,,
2026-09-08T03:54:58.364428,5,1244,FRAME,179.201,192.638,-4.497,-2.185,60.0,200.0,,,
2026-09-08T03:54:58.381021,5,1245,FRAME,174.704,190.453,-4.497,-2.185,60.0,200.0,,,
2026-09-08T03:54:58.396419,5,1246,FRAME,170.206,188.268,-4.497,-2.185,60.0,200.0,,,
2026-09-08T03:54:58.412834,5,1247,FRAME,165.709,186.084,-4.497,-2.185,60.0,200.0,,,
2026-09-08T03:54:58.428611,5,1248,FRAME,161.211,183.899,-4.497,-2.185,60.0,200.0,,,
2026-09-08T03:54:58.445582,5,1249,FRAME,156.714,181.714,-4.497,-2.185,60.0,200.0,,,
2026-09-08T03:54:58.462195,5,1250,FRAME,152.217,179.529,-4.497,-2.185,60.0,200.0,,,
2026-09-08T03:54:58.479916,5,1251,FRAME,147.719,177.345,-4.497,-2.185,60.0,200.0,,,
2026-09-08T03:54:58.495773,5,1252,FRAME,143.222,175.16,-4.497,-2.185,60.0,200.0,,,
2026-09-08T03:54:58.511986,5,1253,FRAME,138.724,172.975,-4.497,-2.185,60.0,200.0,,,
2026-09-08T03:54:58.528916,5,1254,FRAME,134.227,170.79,-4.497,-2.185,67.0,200.0,,,
2026-09-08T03:54:58.545654,5,1255,FRAME,129.729,168.606,-4.497,-2.185,74.0,200.0,,,
2026-09-08T03:54:58.562349,5,1256,FRAME,125.232,166.421,-4.497,-2.185,81.0,200.0,,,
2026-09-08T03:54:58.579102,5,1257,FRAME,120.735,164.236,-4.497,-2.185,81.0,200.0,,,
2026-09-08T03:54:58.595318,5,1258,FRAME,116.237,162.051,-4.497,-2.185,81.0,200.0,,,
2026-09-08T03:54:58.612603,5,1259,FRAME,111.74,159.867,-4.497,-2.185,81.0,200.0,,,
2026-09-08T03:54:58.629547,5,1260,FRAME,107.242,157.682,-4.497,-2.185,81.0,200.0,,,
2026-09-08T03:54:58.646563,5,1261,FRAME,102.745,155.497,-4.497,-2.185,81.0,200.0,,,
2026-09-08T03:54:58.662377,5,1262,FRAME,98.247,153.312,-4.497,-2.185,81.0,200.0,,,
2026-09-08T03:54:58.678994,5,1263,FRAME,93.75,151.128,-4.497,-2.185,81.0,200.0,,,
2026-09-08T03:54:58.695162,5,1264,FRAME,89.253,148.943,-4.497,-2.185,81.0,200.0,,,
2026-09-08T03:54:58.711669,5,1265,FRAME,84.755,146.758,-4.497,-2.185,81.0,200.0,,,
2026-09-08T03:54:58.727403,5,1266,FRAME,80.258,144.573,-4.497,-2.185,81.0,200.0,,,
2026-09-08T03:54:58.744211,5,1267,FRAME,75.76,142.389,-4.497,-2.185,88.0,200.0,,,
2026-09-08T03:54:58.761773,5,1268,FRAME,71.263,140.204,-4.497,-2.185,95.0,200.0,,,
2026-09-08T03:54:58.778220,5,1269,FRAME,66.765,138.019,-4.497,-2.185,102.0,200.0,,,
2026-09-08T03:54:58.795407,5,1270,FRAME,62.268,135.834,-4.497,-2.185,109.0,200.0,,,
2026-09-08T03:54:58.812728,5,1271,FRAME,57.77,133.65,-4.497,-2.185,116.0,200.0,,,
2026-09-08T03:54:58.829424,5,1272,FRAME,53.273,131.465,-4.497,-2.185,116.0,200.0,,,
2026-09-08T03:54:58.846639,5,1273,FRAME,48.776,129.28,-4.497,-2.185,116.0,200.0,,,
2026-09-08T03:54:58.863174,5,1274,LEFT_HIT,45,127.096,3.859,-3.179,116.0,200.0,-0.658,-39.485,
2026-09-08T03:54:58.863174,5,1275,FRAME,45,127.096,3.859,-3.179,116.0,200.0,,,
2026-09-08T03:54:58.880422,5,1276,FRAME,48.859,123.916,3.859,-3.179,116.0,200.0,,,
2026-09-08T03:54:58.897088,5,1277,FRAME,52.718,120.737,3.859,-3.179,116.0,200.0,,,
2026-09-08T03:54:58.914490,5,1278,FRAME,56.577,117.557,3.859,-3.179,116.0,200.0,,,
2026-09-08T03:54:58.931266,5,1279,FRAME,60.436,114.378,3.859,-3.179,109.0,200.0,,,
2026-09-08T03:54:58.948055,5,1280,FRAME,64.295,111.198,3.859,-3.179,102.0,200.0,,,
2026-09-08T03:54:58.964245,5,1281,FRAME,68.154,108.019,3.859,-3.179,95.0,200.0,,,
2026-09-08T03:54:58.981113,5,1282,FRAME,72.013,104.84,3.859,-3.179,88.0,200.0,,,
2026-09-08T03:54:58.998195,5,1283,FRAME,75.871,101.66,3.859,-3.179,81.0,200.0,,,
2026-09-08T03:54:59.015396,5,1284,FRAME,79.73,98.481,3.859,-3.179,74.0,200.0,,,
2026-09-08T03:54:59.032369,5,1285,FRAME,83.589,95.301,3.859,-3.179,67.0,200.0,,,
2026-09-08T03:54:59.048616,5,1286,FRAME,87.448,92.122,3.859,-3.179,60.0,200.0,,,
2026-09-08T03:54:59.065429,5,1287,FRAME,91.307,88.943,3.859,-3.179,53.0,200.0,,,
2026-09-08T03:54:59.082318,5,1288,FRAME,95.166,85.763,3.859,-3.179,46.0,200.0,,,
2026-09-08T03:54:59.098916,5,1289,FRAME,99.025,82.584,3.859,-3.179,39.0,200.0,,,
2026-09-08T03:54:59.115534,5,1290,FRAME,102.884,79.404,3.859,-3.179,32.0,200.0,,,
2026-09-08T03:54:59.131695,5,1291,FRAME,106.743,76.225,3.859,-3.179,25.0,200.0,,,
2026-09-08T03:54:59.147835,5,1292,FRAME,110.602,73.046,3.859,-3.179,25.0,200.0,,,
2026-09-08T03:54:59.164390,5,1293,FRAME,114.461,69.866,3.859,-3.179,25.0,200.0,,,
2026-09-08T03:54:59.180595,5,1294,FRAME,118.32,66.687,3.859,-3.179,25.0,200.0,,,
2026-09-08T03:54:59.196783,5,1295,FRAME,122.179,63.507,3.859,-3.179,25.0,200.0,,,
2026-09-08T03:54:59.213995,5,1296,FRAME,126.038,60.328,3.859,-3.179,25.0,200.0,,,
2026-09-08T03:54:59.229706,5,1297,FRAME,129.897,57.149,3.859,-3.179,25.0,200.0,,,
2026-09-08T03:54:59.245502,5,1298,FRAME,133.755,53.969,3.859,-3.179,32.0,200.0,,,
2026-09-08T03:54:59.262118,5,1299,FRAME,137.614,50.79,3.859,-3.179,39.0,200.0,,,
2026-09-08T03:54:59.278826,5,1300,FRAME,141.473,47.61,3.859,-3.179,46.0,200.0,,,
2026-09-08T03:54:59.294920,5,1301,FRAME,145.332,44.431,3.859,-3.179,53.0,200.0,,,
2026-09-08T03:54:59.311781,5,1302,FRAME,149.191,41.251,3.859,-3.179,60.0,200.0,,,
2026-09-08T03:54:59.327807,5,1303,FRAME,153.05,38.072,3.859,-3.179,67.0,200.0,,,
2026-09-08T03:54:59.344323,5,1304,FRAME,156.909,34.893,3.859,-3.179,74.0,200.0,,,
2026-09-08T03:54:59.360308,5,1305,FRAME,160.768,31.713,3.859,-3.179,81.0,200.0,,,
2026-09-08T03:54:59.378101,5,1306,FRAME,164.627,28.534,3.859,-3.179,88.0,200.0,,,
2026-09-08T03:54:59.395061,5,1307,FRAME,168.486,25.354,3.859,-3.179,95.0,200.0,,,
2026-09-08T03:54:59.411029,5,1308,FRAME,172.345,22.175,3.859,-3.179,102.0,200.0,,,
2026-09-08T03:54:59.427772,5,1309,FRAME,176.204,18.996,3.859,-3.179,109.0,200.0,,,
2026-09-08T03:54:59.444126,5,1310,FRAME,180.063,15.816,3.859,-3.179,109.0,200.0,,,
2026-09-08T03:54:59.460667,5,1311,FRAME,183.922,12.637,3.859,-3.179,109.0,200.0,,,
2026-09-08T03:54:59.477422,5,1312,FRAME,187.781,9.457,3.859,-3.179,109.0,200.0,,,
2026-09-08T03:54:59.494118,5,1313,FRAME,191.639,6.278,3.859,-3.179,109.0,200.0,,,
2026-09-08T03:54:59.510292,5,1314,FRAME,195.498,3.099,3.859,-3.179,109.0,200.0,,,
2026-09-08T03:54:59.526575,5,1315,WALL_BOUNCE,199.357,0,3.859,3.179,109.0,200.0,,,
2026-09-08T03:54:59.526575,5,1316,FRAME,199.357,0,3.859,3.179,109.0,200.0,,,
2026-09-08T03:54:59.544453,5,1317,FRAME,203.216,3.179,3.859,3.179,109.0,200.0,,,
2026-09-08T03:54:59.560498,5,1318,FRAME,207.075,6.359,3.859,3.179,109.0,200.0,,,
2026-09-08T03:54:59.577596,5,1319,FRAME,210.934,9.538,3.859,3.179,109.0,200.0,,,
2026-09-08T03:54:59.594257,5,1320,FRAME,214.793,12.718,3.859,3.179,109.0,200.0,,,
2026-09-08T03:54:59.612408,5,1321,FRAME,218.652,15.897,3.859,3.179,109.0,200.0,,,
2026-09-08T03:54:59.628986,5,1322,FRAME,222.511,19.076,3.859,3.179,109.0,200.0,,,
2026-09-08T03:54:59.645477,5,1323,FRAME,226.37,22.256,3.859,3.179,116.0,200.0,,,
2026-09-08T03:54:59.663092,5,1324,FRAME,230.229,25.435,3.859,3.179,123.0,200.0,,,
2026-09-08T03:54:59.679346,5,1325,FRAME,234.088,28.615,3.859,3.179,130.0,200.0,,,
2026-09-08T03:54:59.696156,5,1326,FRAME,237.947,31.794,3.859,3.179,137.0,200.0,,,
2026-09-08T03:54:59.712533,5,1327,FRAME,241.806,34.973,3.859,3.179,144.0,200.0,,,
2026-09-08T03:54:59.728409,5,1328,FRAME,245.665,38.153,3.859,3.179,151.0,200.0,,,
2026-09-08T03:54:59.744245,5,1329,FRAME,249.523,41.332,3.859,3.179,158.0,200.0,,,
2026-09-08T03:54:59.761021,5,1330,FRAME,253.382,44.512,3.859,3.179,165.0,200.0,,,
2026-09-08T03:54:59.777715,5,1331,FRAME,257.241,47.691,3.859,3.179,172.0,200.0,,,
2026-09-08T03:54:59.794076,5,1332,FRAME,261.1,50.871,3.859,3.179,172.0,200.0,,,
2026-09-08T03:54:59.810133,5,1333,FRAME,264.959,54.05,3.859,3.179,172.0,200.0,,,
2026-09-08T03:54:59.827438,5,1334,FRAME,268.818,57.229,3.859,3.179,172.0,200.0,,,
2026-09-08T03:54:59.844168,5,1335,FRAME,272.677,60.409,3.859,3.179,165.0,200.0,,,
2026-09-08T03:54:59.860384,5,1336,FRAME,276.536,63.588,3.859,3.179,158.0,200.0,,,
2026-09-08T03:54:59.877281,5,1337,FRAME,280.395,66.768,3.859,3.179,151.0,200.0,,,
2026-09-08T03:54:59.895092,5,1338,FRAME,284.254,69.947,3.859,3.179,144.0,200.0,,,
2026-09-08T03:54:59.912806,5,1339,FRAME,288.113,73.126,3.859,3.179,137.0,200.0,,,
2026-09-08T03:54:59.928912,5,1340,FRAME,291.972,76.306,3.859,3.179,130.0,200.0,,,
2026-09-08T03:54:59.945822,5,1341,FRAME,295.831,79.485,3.859,3.179,123.0,200.0,,,
2026-09-08T03:54:59.962349,5,1342,FRAME,299.69,82.665,3.859,3.179,116.0,200.0,,,
2026-09-08T03:54:59.979175,5,1343,FRAME,303.549,85.844,3.859,3.179,109.0,200.0,,,
2026-09-08T03:54:59.995903,5,1344,FRAME,307.407,89.023,3.859,3.179,102.0,200.0,,,
2026-09-08T03:55:00.012999,5,1345,FRAME,311.266,92.203,3.859,3.179,102.0,200.0,,,
2026-09-08T03:55:00.028341,5,1346,FRAME,315.125,95.382,3.859,3.179,102.0,200.0,,,
2026-09-08T03:55:00.045463,5,1347,FRAME,318.984,98.562,3.859,3.179,102.0,200.0,,,
2026-09-08T03:55:00.062320,5,1348,FRAME,322.843,101.741,3.859,3.179,102.0,200.0,,,
2026-09-08T03:55:00.079105,5,1349,FRAME,326.702,104.92,3.859,3.179,102.0,200.0,,,
2026-09-08T03:55:00.094429,5,1350,FRAME,330.561,108.1,3.859,3.179,102.0,200.0,,,
2026-09-08T03:55:00.111183,5,1351,FRAME,334.42,111.279,3.859,3.179,102.0,200.0,,,
2026-09-08T03:55:00.128161,5,1352,FRAME,338.279,114.459,3.859,3.179,102.0,200.0,,,
2026-09-08T03:55:00.145549,5,1353,FRAME,342.138,117.638,3.859,3.179,102.0,200.0,,,
2026-09-08T03:55:00.162165,5,1354,FRAME,345.997,120.817,3.859,3.179,102.0,200.0,,,
2026-09-08T03:55:00.178854,5,1355,FRAME,349.856,123.997,3.859,3.179,102.0,200.0,,,
2026-09-08T03:55:00.195165,5,1356,FRAME,353.715,127.176,3.859,3.179,102.0,200.0,,,
2026-09-08T03:55:00.212336,5,1357,FRAME,357.574,130.356,3.859,3.179,102.0,200.0,,,
2026-09-08T03:55:00.229950,5,1358,FRAME,361.433,133.535,3.859,3.179,102.0,200.0,,,
2026-09-08T03:55:00.246503,5,1359,FRAME,365.291,136.715,3.859,3.179,102.0,200.0,,,
2026-09-08T03:55:00.262526,5,1360,FRAME,369.15,139.894,3.859,3.179,102.0,200.0,,,
2026-09-08T03:55:00.278327,5,1361,FRAME,373.009,143.073,3.859,3.179,102.0,200.0,,,
2026-09-08T03:55:00.295336,5,1362,FRAME,376.868,146.253,3.859,3.179,102.0,200.0,,,
2026-09-08T03:55:00.312029,5,1363,FRAME,380.727,149.432,3.859,3.179,102.0,200.0,,,
2026-09-08T03:55:00.329607,5,1364,FRAME,384.586,152.612,3.859,3.179,95.0,200.0,,,
2026-09-08T03:55:00.345037,5,1365,FRAME,388.445,155.791,3.859,3.179,88.0,200.0,,,
2026-09-08T03:55:00.361624,5,1366,FRAME,392.304,158.97,3.859,3.179,81.0,200.0,,,
2026-09-08T03:55:00.377606,5,1367,FRAME,396.163,162.15,3.859,3.179,74.0,200.0,,,
2026-09-08T03:55:00.395173,5,1368,FRAME,400.022,165.329,3.859,3.179,67.0,200.0,,,
2026-09-08T03:55:00.412344,5,1369,FRAME,403.881,168.509,3.859,3.179,60.0,200.0,,,
2026-09-08T03:55:00.429825,5,1370,FRAME,407.74,171.688,3.859,3.179,53.0,200.0,,,
2026-09-08T03:55:00.446504,5,1371,FRAME,411.599,174.867,3.859,3.179,53.0,200.0,,,
2026-09-08T03:55:00.462569,5,1372,FRAME,415.458,178.047,3.859,3.179,53.0,200.0,,,
2026-09-08T03:55:00.478676,5,1373,FRAME,419.317,181.226,3.859,3.179,53.0,200.0,,,
2026-09-08T03:55:00.495321,5,1374,FRAME,423.175,184.406,3.859,3.179,53.0,200.0,,,
2026-09-08T03:55:00.512159,5,1375,FRAME,427.034,187.585,3.859,3.179,53.0,200.0,,,
2026-09-08T03:55:00.529126,5,1376,FRAME,430.893,190.764,3.859,3.179,53.0,200.0,,,
2026-09-08T03:55:00.545298,5,1377,FRAME,434.752,193.944,3.859,3.179,53.0,200.0,,,
2026-09-08T03:55:00.562285,5,1378,FRAME,438.611,197.123,3.859,3.179,53.0,200.0,,,
2026-09-08T03:55:00.579840,5,1379,FRAME,442.47,200.303,3.859,3.179,53.0,200.0,,,
2026-09-08T03:55:00.595536,5,1380,FRAME,446.329,203.482,3.859,3.179,53.0,200.0,,,
2026-09-08T03:55:00.612434,5,1381,FRAME,450.188,206.661,3.859,3.179,53.0,200.0,,,
2026-09-08T03:55:00.629046,5,1382,FRAME,454.047,209.841,3.859,3.179,53.0,200.0,,,
2026-09-08T03:55:00.645436,5,1383,FRAME,457.906,213.02,3.859,3.179,53.0,200.0,,,
2026-09-08T03:55:00.663082,5,1384,FRAME,461.765,216.2,3.859,3.179,60.0,200.0,,,
2026-09-08T03:55:00.679174,5,1385,FRAME,465.624,219.379,3.859,3.179,67.0,200.0,,,
2026-09-08T03:55:00.696460,5,1386,FRAME,469.483,222.559,3.859,3.179,74.0,200.0,,,
2026-09-08T03:55:00.713867,5,1387,FRAME,473.342,225.738,3.859,3.179,81.0,200.0,,,
2026-09-08T03:55:00.730072,5,1388,FRAME,477.201,228.917,3.859,3.179,88.0,200.0,,,
2026-09-08T03:55:00.746170,5,1389,FRAME,481.059,232.097,3.859,3.179,95.0,200.0,,,
2026-09-08T03:55:00.762868,5,1390,FRAME,484.918,235.276,3.859,3.179,102.0,200.0,,,
2026-09-08T03:55:00.779296,5,1391,FRAME,488.777,238.456,3.859,3.179,109.0,200.0,,,
2026-09-08T03:55:00.796362,5,1392,FRAME,492.636,241.635,3.859,3.179,116.0,200.0,,,
2026-09-08T03:55:00.812976,5,1393,FRAME,496.495,244.814,3.859,3.179,123.0,200.0,,,
2026-09-08T03:55:00.829321,5,1394,FRAME,500.354,247.994,3.859,3.179,130.0,200.0,,,
2026-09-08T03:55:00.845771,5,1395,FRAME,504.213,251.173,3.859,3.179,137.0,200.0,,,
2026-09-08T03:55:00.861806,5,1396,FRAME,508.072,254.353,3.859,3.179,137.0,200.0,,,
2026-09-08T03:55:00.877914,5,1397,FRAME,511.931,257.532,3.859,3.179,137.0,200.0,,,
2026-09-08T03:55:00.894279,5,1398,FRAME,515.79,260.711,3.859,3.179,137.0,200.0,,,
2026-09-08T03:55:00.911146,5,1399,FRAME,519.649,263.891,3.859,3.179,137.0,200.0,,,
2026-09-08T03:55:00.927185,5,1400,FRAME,523.508,267.07,3.859,3.179,137.0,200.0,,,
2026-09-08T03:55:00.944290,5,1401,FRAME,527.367,270.25,3.859,3.179,137.0,200.0,,,
2026-09-08T03:55:00.960887,5,1402,FRAME,531.226,273.429,3.859,3.179,137.0,200.0,,,
2026-09-08T03:55:00.977169,5,1403,FRAME,535.085,276.608,3.859,3.179,137.0,200.0,,,
2026-09-08T03:55:00.994173,5,1404,FRAME,538.943,279.788,3.859,3.179,137.0,200.0,,,
2026-09-08T03:55:01.011526,5,1405,FRAME,542.802,282.967,3.859,3.179,137.0,200.0,,,
2026-09-08T03:55:01.028111,5,1406,FRAME,546.661,286.147,3.859,3.179,130.0,200.0,,,
2026-09-08T03:55:01.044188,5,1407,FRAME,550.52,289.326,3.859,3.179,123.0,200.0,,,
2026-09-08T03:55:01.061045,5,1408,FRAME,554.379,292.506,3.859,3.179,116.0,200.0,,,
2026-09-08T03:55:01.077399,5,1409,FRAME,558.238,295.685,3.859,3.179,109.0,200.0,,,
2026-09-08T03:55:01.094404,5,1410,FRAME,562.097,298.864,3.859,3.179,102.0,200.0,,,
2026-09-08T03:55:01.111308,5,1411,FRAME,565.956,302.044,3.859,3.179,95.0,200.0,,,
2026-09-08T03:55:01.128626,5,1412,FRAME,569.815,305.223,3.859,3.179,88.0,200.0,,,
2026-09-08T03:55:01.144994,5,1413,FRAME,573.674,308.403,3.859,3.179,81.0,200.0,,,
2026-09-08T03:55:01.161011,5,1414,FRAME,577.533,311.582,3.859,3.179,74.0,200.0,,,
2026-09-08T03:55:01.177989,5,1415,FRAME,581.392,314.761,3.859,3.179,74.0,200.0,,,
2026-09-08T03:55:01.192264,5,1416,FRAME,585.251,317.941,3.859,3.179,74.0,200.0,,,
2026-09-08T03:55:01.209162,5,1417,FRAME,589.11,321.12,3.859,3.179,74.0,200.0,,,
2026-09-08T03:55:01.225494,5,1418,FRAME,592.969,324.3,3.859,3.179,74.0,200.0,,,
2026-09-08T03:55:01.242365,5,1419,FRAME,596.827,327.479,3.859,3.179,74.0,200.0,,,
2026-09-08T03:55:01.258661,5,1420,FRAME,600.686,330.658,3.859,3.179,74.0,200.0,,,
2026-09-08T03:55:01.275490,5,1421,FRAME,604.545,333.838,3.859,3.179,74.0,200.0,,,
2026-09-08T03:55:01.292123,5,1422,FRAME,608.404,337.017,3.859,3.179,74.0,200.0,,,
2026-09-08T03:55:01.308378,5,1423,FRAME,612.263,340.197,3.859,3.179,74.0,200.0,,,
2026-09-08T03:55:01.326087,5,1424,FRAME,616.122,343.376,3.859,3.179,74.0,200.0,,,
2026-09-08T03:55:01.342556,5,1425,FRAME,619.981,346.555,3.859,3.179,74.0,200.0,,,
2026-09-08T03:55:01.358455,5,1426,FRAME,623.84,349.735,3.859,3.179,81.0,200.0,,,
2026-09-08T03:55:01.375088,5,1427,FRAME,627.699,352.914,3.859,3.179,88.0,200.0,,,
2026-09-08T03:55:01.391397,5,1428,FRAME,631.558,356.094,3.859,3.179,95.0,200.0,,,
2026-09-08T03:55:01.408224,5,1429,FRAME,635.417,359.273,3.859,3.179,102.0,200.0,,,
2026-09-08T03:55:01.424892,5,1430,FRAME,639.276,362.452,3.859,3.179,109.0,200.0,,,
2026-09-08T03:55:01.441406,5,1431,FRAME,643.135,365.632,3.859,3.179,116.0,200.0,,,
2026-09-08T03:55:01.457426,5,1432,FRAME,646.994,368.811,3.859,3.179,123.0,200.0,,,
2026-09-08T03:55:01.473325,5,1433,FRAME,650.853,371.991,3.859,3.179,130.0,200.0,,,
2026-09-08T03:55:01.489603,5,1434,FRAME,654.711,375.17,3.859,3.179,137.0,200.0,,,
2026-09-08T03:55:01.505425,5,1435,FRAME,658.57,378.35,3.859,3.179,144.0,200.0,,,
2026-09-08T03:55:01.521996,5,1436,FRAME,662.429,381.529,3.859,3.179,144.0,200.0,,,
2026-09-08T03:55:01.538930,5,1437,FRAME,666.288,384.708,3.859,3.179,144.0,200.0,,,
2026-09-08T03:55:01.556068,5,1438,FRAME,670.147,387.888,3.859,3.179,144.0,200.0,,,
2026-09-08T03:55:01.572785,5,1439,FRAME,674.006,391.067,3.859,3.179,144.0,200.0,,,
2026-09-08T03:55:01.589669,5,1440,FRAME,677.865,394.247,3.859,3.179,144.0,200.0,,,
2026-09-08T03:55:01.606421,5,1441,FRAME,681.724,397.426,3.859,3.179,144.0,200.0,,,
2026-09-08T03:55:01.622275,5,1442,FRAME,685.583,400.605,3.859,3.179,144.0,200.0,,,
2026-09-08T03:55:01.638586,5,1443,FRAME,689.442,403.785,3.859,3.179,144.0,200.0,,,
2026-09-08T03:55:01.655925,5,1444,FRAME,693.301,406.964,3.859,3.179,144.0,200.0,,,
2026-09-08T03:55:01.671379,5,1445,FRAME,697.16,410.144,3.859,3.179,144.0,200.0,,,
2026-09-08T03:55:01.688425,5,1446,FRAME,701.019,413.323,3.859,3.179,144.0,200.0,,,
2026-09-08T03:55:01.705274,5,1447,FRAME,704.878,416.502,3.859,3.179,144.0,200.0,,,
2026-09-08T03:55:01.722700,5,1448,FRAME,708.737,419.682,3.859,3.179,144.0,200.0,,,
2026-09-08T03:55:01.738680,5,1449,FRAME,712.595,422.861,3.859,3.179,144.0,200.0,,,
2026-09-08T03:55:01.755030,5,1450,FRAME,716.454,426.041,3.859,3.179,144.0,200.0,,,
2026-09-08T03:55:01.772162,5,1451,FRAME,720.313,429.22,3.859,3.179,144.0,200.0,,,
2026-09-08T03:55:01.789207,5,1452,FRAME,724.172,432.399,3.859,3.179,144.0,200.0,,,
2026-09-08T03:55:01.805946,5,1453,FRAME,728.031,435.579,3.859,3.179,151.0,200.0,,,
2026-09-08T03:55:01.822978,5,1454,FRAME,731.89,438.758,3.859,3.179,158.0,200.0,,,
2026-09-08T03:55:01.838980,5,1455,FRAME,735.749,441.938,3.859,3.179,165.0,200.0,,,
2026-09-08T03:55:01.855448,5,1456,FRAME,739.608,445.117,3.859,3.179,172.0,200.0,,,
2026-09-08T03:55:01.872241,5,1457,FRAME,743.467,448.296,3.859,3.179,179.0,200.0,,,
2026-09-08T03:55:01.889210,5,1458,FRAME,747.326,451.476,3.859,3.179,186.0,200.0,,,
2026-09-08T03:55:01.906079,5,1459,FRAME,751.185,454.655,3.859,3.179,193.0,200.0,,,
2026-09-08T03:55:01.922055,5,1460,FRAME,755.044,457.835,3.859,3.179,200.0,200.0,,,
2026-09-08T03:55:01.938112,5,1461,FRAME,758.903,461.014,3.859,3.179,207.0,200.0,,,
2026-09-08T03:55:01.954143,5,1462,FRAME,762.762,464.194,3.859,3.179,214.0,200.0,,,
2026-09-08T03:55:01.970289,5,1463,FRAME,766.621,467.373,3.859,3.179,221.0,200.0,,,
2026-09-08T03:55:01.989118,5,1464,FRAME,770.479,470.552,3.859,3.179,221.0,200.0,,,
2026-09-08T03:55:02.004399,5,1465,FRAME,774.338,473.732,3.859,3.179,221.0,200.0,,,
2026-09-08T03:55:02.021511,5,1466,FRAME,778.197,476.911,3.859,3.179,221.0,200.0,,,
2026-09-08T03:55:02.038242,5,1467,FRAME,782.056,480.091,3.859,3.179,221.0,200.0,,,
2026-09-08T03:55:02.054876,5,1468,FRAME,785.915,483.27,3.859,3.179,221.0,200.0,,,
2026-09-08T03:55:02.071753,5,1469,FRAME,789.774,486.449,3.859,3.179,221.0,200.0,,,
2026-09-08T03:55:02.087647,5,1470,WALL_BOUNCE,793.633,488,3.859,-3.179,221.0,200.0,,,
2026-09-08T03:55:02.087647,5,1471,FRAME,793.633,488,3.859,-3.179,221.0,200.0,,,
2026-09-08T03:55:02.104099,5,1472,FRAME,797.492,484.821,3.859,-3.179,221.0,200.0,,,
2026-09-08T03:55:02.119766,5,1473,FRAME,801.351,481.641,3.859,-3.179,221.0,200.0,,,
2026-09-08T03:55:02.119766,5,1474,MISS_RIGHT,801.351,481.641,3.859,-3.179,221.0,200.0,,,LEFT
2026-09-08T03:55:02.135991,6,1475,FRAME,414.426,135.627,-3.536,3.535,221.0,200.0,,,
2026-09-08T03:55:02.151736,6,1476,FRAME,410.89,139.162,-3.536,3.535,221.0,200.0,,,
2026-09-08T03:55:02.168560,6,1477,FRAME,407.354,142.697,-3.536,3.535,221.0,200.0,,,
2026-09-08T03:55:02.185308,6,1478,FRAME,403.818,146.233,-3.536,3.535,221.0,200.0,,,
2026-09-08T03:55:02.201764,6,1479,FRAME,400.282,149.768,-3.536,3.535,221.0,200.0,,,
2026-09-08T03:55:02.218472,6,1480,FRAME,396.746,153.303,-3.536,3.535,221.0,200.0,,,
2026-09-08T03:55:02.236056,6,1481,FRAME,393.21,156.838,-3.536,3.535,221.0,200.0,,,
2026-09-08T03:55:02.252232,6,1482,FRAME,389.674,160.373,-3.536,3.535,214.0,200.0,,,
2026-09-08T03:55:02.269384,6,1483,FRAME,386.139,163.909,-3.536,3.535,207.0,200.0,,,
2026-09-08T03:55:02.286222,6,1484,FRAME,382.603,167.444,-3.536,3.535,200.0,200.0,,,
2026-09-08T03:55:02.304262,6,1485,FRAME,379.067,170.979,-3.536,3.535,193.0,200.0,,,
2026-09-08T03:55:02.320826,6,1486,FRAME,375.531,174.514,-3.536,3.535,186.0,200.0,,,
2026-09-08T03:55:02.336869,6,1487,FRAME,371.995,178.049,-3.536,3.535,179.0,200.0,,,
2026-09-08T03:55:02.352483,6,1488,FRAME,368.459,181.584,-3.536,3.535,172.0,200.0,,,
2026-09-08T03:55:02.370045,6,1489,FRAME,364.923,185.12,-3.536,3.535,165.0,200.0,,,
2026-09-08T03:55:02.386544,6,1490,FRAME,361.387,188.655,-3.536,3.535,158.0,200.0,,,
2026-09-08T03:55:02.403400,6,1491,FRAME,357.852,192.19,-3.536,3.535,158.0,200.0,,,
2026-09-08T03:55:02.420896,6,1492,FRAME,354.316,195.725,-3.536,3.535,158.0,200.0,,,
2026-09-08T03:55:02.437263,6,1493,FRAME,350.78,199.26,-3.536,3.535,158.0,200.0,,,
2026-09-08T03:55:02.453317,6,1494,FRAME,347.244,202.796,-3.536,3.535,158.0,200.0,,,
2026-09-08T03:55:02.470418,6,1495,FRAME,343.708,206.331,-3.536,3.535,158.0,200.0,,,
2026-09-08T03:55:02.487984,6,1496,FRAME,340.172,209.866,-3.536,3.535,158.0,200.0,,,
2026-09-08T03:55:02.504023,6,1497,FRAME,336.636,213.401,-3.536,3.535,158.0,200.0,,,
2026-09-08T03:55:02.520318,6,1498,FRAME,333.1,216.936,-3.536,3.535,158.0,200.0,,,
2026-09-08T03:55:02.537229,6,1499,FRAME,329.564,220.471,-3.536,3.535,158.0,200.0,,,
2026-09-08T03:55:02.554195,6,1500,FRAME,326.029,224.007,-3.536,3.535,158.0,200.0,,,
2026-09-08T03:55:02.571961,6,1501,FRAME,322.493,227.542,-3.536,3.535,151.0,200.0,,,
2026-09-08T03:55:02.587933,6,1502,FRAME,318.957,231.077,-3.536,3.535,144.0,200.0,,,
2026-09-08T03:55:02.604041,6,1503,FRAME,315.421,234.612,-3.536,3.535,137.0,200.0,,,
2026-09-08T03:55:02.620680,6,1504,FRAME,311.885,238.147,-3.536,3.535,130.0,200.0,,,
2026-09-08T03:55:02.636671,6,1505,FRAME,308.349,241.683,-3.536,3.535,123.0,200.0,,,
2026-09-08T03:55:02.653247,6,1506,FRAME,304.813,245.218,-3.536,3.535,123.0,200.0,,,
2026-09-08T03:55:02.670705,6,1507,FRAME,301.277,248.753,-3.536,3.535,123.0,200.0,,,
2026-09-08T03:55:02.687038,6,1508,FRAME,297.741,252.288,-3.536,3.535,123.0,200.0,,,
2026-09-08T03:55:02.704016,6,1509,FRAME,294.206,255.823,-3.536,3.535,123.0,200.0,,,
2026-09-08T03:55:02.719948,6,1510,FRAME,290.67,259.359,-3.536,3.535,123.0,200.0,,,
2026-09-08T03:55:02.736329,6,1511,FRAME,287.134,262.894,-3.536,3.535,123.0,200.0,,,
2026-09-08T03:55:02.752916,6,1512,FRAME,283.598,266.429,-3.536,3.535,123.0,200.0,,,
2026-09-08T03:55:02.769712,6,1513,FRAME,280.062,269.964,-3.536,3.535,123.0,200.0,,,
2026-09-08T03:55:02.786729,6,1514,FRAME,276.526,273.499,-3.536,3.535,123.0,200.0,,,
2026-09-08T03:55:02.804126,6,1515,FRAME,272.99,277.034,-3.536,3.535,123.0,200.0,,,
2026-09-08T03:55:02.819936,6,1516,FRAME,269.454,280.57,-3.536,3.535,123.0,200.0,,,
2026-09-08T03:55:02.836023,6,1517,FRAME,265.919,284.105,-3.536,3.535,123.0,200.0,,,
2026-09-08T03:55:02.851558,6,1518,FRAME,262.383,287.64,-3.536,3.535,123.0,200.0,,,
2026-09-08T03:55:02.868180,6,1519,FRAME,258.847,291.175,-3.536,3.535,123.0,200.0,,,
2026-09-08T03:55:02.884978,6,1520,FRAME,255.311,294.71,-3.536,3.535,123.0,200.0,,,
2026-09-08T03:55:02.900926,6,1521,FRAME,251.775,298.246,-3.536,3.535,130.0,200.0,,,
2026-09-08T03:55:02.917125,6,1522,FRAME,248.239,301.781,-3.536,3.535,137.0,200.0,,,
2026-09-08T03:55:02.934302,6,1523,FRAME,244.703,305.316,-3.536,3.535,144.0,200.0,,,
2026-09-08T03:55:02.950720,6,1524,FRAME,241.167,308.851,-3.536,3.535,144.0,200.0,,,
2026-09-08T03:55:02.967139,6,1525,FRAME,237.631,312.386,-3.536,3.535,144.0,200.0,,,
2026-09-08T03:55:02.983384,6,1526,FRAME,234.096,315.921,-3.536,3.535,144.0,200.0,,,
2026-09-08T03:55:02.999554,6,1527,FRAME,230.56,319.457,-3.536,3.535,144.0,200.0,,,
2026-09-08T03:55:03.016453,6,1528,FRAME,227.024,322.992,-3.536,3.535,144.0,200.0,,,
2026-09-08T03:55:03.033021,6,1529,FRAME,223.488,326.527,-3.536,3.535,144.0,200.0,,,
2026-09-08T03:55:03.049025,6,1530,FRAME,219.952,330.062,-3.536,3.535,144.0,200.0,,,
2026-09-08T03:55:03.065679,6,1531,FRAME,216.416,333.597,-3.536,3.535,144.0,200.0,,,
2026-09-08T03:55:03.083412,6,1532,FRAME,212.88,337.133,-3.536,3.535,151.0,200.0,,,
2026-09-08T03:55:03.098693,6,1533,FRAME,209.344,340.668,-3.536,3.535,158.0,200.0,,,
2026-09-08T03:55:03.115506,6,1534,FRAME,205.808,344.203,-3.536,3.535,165.0,200.0,,,
2026-09-08T03:55:03.132184,6,1535,FRAME,202.273,347.738,-3.536,3.535,172.0,200.0,,,
2026-09-08T03:55:03.149216,6,1536,FRAME,198.737,351.273,-3.536,3.535,179.0,200.0,,,
2026-09-08T03:55:03.166392,6,1537,FRAME,195.201,354.808,-3.536,3.535,186.0,200.0,,,
2026-09-08T03:55:03.183144,6,1538,FRAME,191.665,358.344,-3.536,3.535,193.0,200.0,,,
2026-09-08T03:55:03.200162,6,1539,FRAME,188.129,361.879,-3.536,3.535,200.0,200.0,,,
2026-09-08T03:55:03.217937,6,1540,FRAME,184.593,365.414,-3.536,3.535,207.0,200.0,,,
2026-09-08T03:55:03.234059,6,1541,FRAME,181.057,368.949,-3.536,3.535,214.0,200.0,,,
2026-09-08T03:55:03.250577,6,1542,FRAME,177.521,372.484,-3.536,3.535,221.0,200.0,,,
2026-09-08T03:55:03.267154,6,1543,FRAME,173.985,376.02,-3.536,3.535,228.0,200.0,,,
2026-09-08T03:55:03.283414,6,1544,FRAME,170.45,379.555,-3.536,3.535,235.0,200.0,,,
2026-09-08T03:55:03.300134,6,1545,FRAME,166.914,383.09,-3.536,3.535,242.0,200.0,,,
2026-09-08T03:55:03.316576,6,1546,FRAME,163.378,386.625,-3.536,3.535,249.0,200.0,,,
2026-09-08T03:55:03.333267,6,1547,FRAME,159.842,390.16,-3.536,3.535,256.0,200.0,,,
2026-09-08T03:55:03.350285,6,1548,FRAME,156.306,393.695,-3.536,3.535,263.0,200.0,,,
2026-09-08T03:55:03.367429,6,1549,FRAME,152.77,397.231,-3.536,3.535,270.0,200.0,,,
2026-09-08T03:55:03.384059,6,1550,FRAME,149.234,400.766,-3.536,3.535,277.0,200.0,,,
2026-09-08T03:55:03.399562,6,1551,FRAME,145.698,404.301,-3.536,3.535,284.0,200.0,,,
2026-09-08T03:55:03.415873,6,1552,FRAME,142.163,407.836,-3.536,3.535,291.0,200.0,,,
2026-09-08T03:55:03.432271,6,1553,FRAME,138.627,411.371,-3.536,3.535,298.0,200.0,,,
2026-09-08T03:55:03.449737,6,1554,FRAME,135.091,414.907,-3.536,3.535,305.0,200.0,,,
2026-09-08T03:55:03.466114,6,1555,FRAME,131.555,418.442,-3.536,3.535,312.0,200.0,,,
2026-09-08T03:55:03.482153,6,1556,FRAME,128.019,421.977,-3.536,3.535,319.0,200.0,,,
2026-09-08T03:55:03.499348,6,1557,FRAME,124.483,425.512,-3.536,3.535,326.0,200.0,,,
2026-09-08T03:55:03.516553,6,1558,FRAME,120.947,429.047,-3.536,3.535,333.0,200.0,,,
2026-09-08T03:55:03.532523,6,1559,FRAME,117.411,432.582,-3.536,3.535,340.0,200.0,,,
2026-09-08T03:55:03.549279,6,1560,FRAME,113.875,436.118,-3.536,3.535,347.0,200.0,,,
2026-09-08T03:55:03.566371,6,1561,FRAME,110.34,439.653,-3.536,3.535,354.0,200.0,,,
2026-09-08T03:55:03.582696,6,1562,FRAME,106.804,443.188,-3.536,3.535,361.0,200.0,,,
2026-09-08T03:55:03.599738,6,1563,FRAME,103.268,446.723,-3.536,3.535,368.0,200.0,,,
2026-09-08T03:55:03.616980,6,1564,FRAME,99.732,450.258,-3.536,3.535,375.0,200.0,,,
2026-09-08T03:55:03.633231,6,1565,FRAME,96.196,453.794,-3.536,3.535,382.0,200.0,,,
2026-09-08T03:55:03.649850,6,1566,FRAME,92.66,457.329,-3.536,3.535,389.0,200.0,,,
2026-09-08T03:55:03.666885,6,1567,FRAME,89.124,460.864,-3.536,3.535,396.0,200.0,,,
2026-09-08T03:55:03.683014,6,1568,FRAME,85.588,464.399,-3.536,3.535,400,200.0,,,
2026-09-08T03:55:03.698485,6,1569,FRAME,82.052,467.934,-3.536,3.535,400,200.0,,,
2026-09-08T03:55:03.717835,6,1570,FRAME,78.517,471.469,-3.536,3.535,400,200.0,,,
2026-09-08T03:55:03.732652,6,1571,FRAME,74.981,475.005,-3.536,3.535,400,200.0,,,
2026-09-08T03:55:03.748601,6,1572,FRAME,71.445,478.54,-3.536,3.535,400,200.0,,,
2026-09-08T03:55:03.765427,6,1573,FRAME,67.909,482.075,-3.536,3.535,400,200.0,,,
2026-09-08T03:55:03.781483,6,1574,FRAME,64.373,485.61,-3.536,3.535,400,200.0,,,
2026-09-08T03:55:03.798116,6,1575,WALL_BOUNCE,60.837,488,-3.536,-3.535,400,200.0,,,
2026-09-08T03:55:03.798116,6,1576,FRAME,60.837,488,-3.536,-3.535,400,200.0,,,
2026-09-08T03:55:03.814301,6,1577,FRAME,57.301,484.465,-3.536,-3.535,400,200.0,,,
2026-09-08T03:55:03.832106,6,1578,FRAME,53.765,480.93,-3.536,-3.535,400,200.0,,,
2026-09-08T03:55:03.848204,6,1579,FRAME,50.23,477.394,-3.536,-3.535,400,200.0,,,
2026-09-08T03:55:03.865241,6,1580,FRAME,46.694,473.859,-3.536,-3.535,400,200.0,,,
2026-09-08T03:55:03.882326,6,1581,LEFT_HIT,45,470.324,4.259,2.619,400,200.0,0.526,31.589,
2026-09-08T03:55:03.882326,6,1582,FRAME,45,470.324,4.259,2.619,400,200.0,,,
2026-09-08T03:55:03.899418,6,1583,FRAME,49.259,472.943,4.259,2.619,400,200.0,,,
2026-09-08T03:55:03.916273,6,1584,FRAME,53.518,475.562,4.259,2.619,400,200.0,,,
2026-09-08T03:55:03.932485,6,1585,FRAME,57.777,478.181,4.259,2.619,393,200.0,,,
2026-09-08T03:55:03.949166,6,1586,FRAME,62.037,480.801,4.259,2.619,386,200.0,,,
2026-09-08T03:55:03.965474,6,1587,FRAME,66.296,483.42,4.259,2.619,379,200.0,,,
2026-09-08T03:55:03.981942,6,1588,FRAME,70.555,486.039,4.259,2.619,372,200.0,,,
2026-09-08T03:55:03.998573,6,1589,WALL_BOUNCE,74.814,488,4.259,-2.619,365,200.0,,,
2026-09-08T03:55:03.998573,6,1590,FRAME,74.814,488,4.259,-2.619,365,200.0,,,
2026-09-08T03:55:04.015072,6,1591,FRAME,79.073,485.381,4.259,-2.619,358,200.0,,,
2026-09-08T03:55:04.031924,6,1592,FRAME,83.332,482.762,4.259,-2.619,351,200.0,,,
2026-09-08T03:55:04.048088,6,1593,FRAME,87.591,480.143,4.259,-2.619,344,200.0,,,
2026-09-08T03:55:04.064172,6,1594,FRAME,91.851,477.524,4.259,-2.619,337,200.0,,,
2026-09-08T03:55:04.081682,6,1595,FRAME,96.11,474.904,4.259,-2.619,330,200.0,,,
2026-09-08T03:55:04.098100,6,1596,FRAME,100.369,472.285,4.259,-2.619,323,200.0,,,
2026-09-08T03:55:04.115323,6,1597,FRAME,104.628,469.666,4.259,-2.619,316,200.0,,,
2026-09-08T03:55:04.132026,6,1598,FRAME,108.887,467.047,4.259,-2.619,309,200.0,,,
2026-09-08T03:55:04.148593,6,1599,FRAME,113.146,464.428,4.259,-2.619,302,200.0,,,
2026-09-08T03:55:04.164281,6,1600,FRAME,117.405,461.809,4.259,-2.619,295,200.0,,,
2026-09-08T03:55:04.181183,6,1601,FRAME,121.665,459.19,4.259,-2.619,288,200.0,,,
2026-09-08T03:55:04.197980,6,1602,FRAME,125.924,456.571,4.259,-2.619,281,200.0,,,
2026-09-08T03:55:04.214361,6,1603,FRAME,130.183,453.952,4.259,-2.619,274,200.0,,,
2026-09-08T03:55:04.231390,6,1604,FRAME,134.442,451.333,4.259,-2.619,267,200.0,,,
2026-09-08T03:55:04.247491,6,1605,FRAME,138.701,448.713,4.259,-2.619,260,200.0,,,
2026-09-08T03:55:04.264429,6,1606,FRAME,142.96,446.094,4.259,-2.619,253,200.0,,,
2026-09-08T03:55:04.281385,6,1607,FRAME,147.219,443.475,4.259,-2.619,246,200.0,,,
2026-09-08T03:55:04.297501,6,1608,FRAME,151.479,440.856,4.259,-2.619,239,200.0,,,
2026-09-08T03:55:04.314306,6,1609,FRAME,155.738,438.237,4.259,-2.619,232,200.0,,,
2026-09-08T03:55:04.331608,6,1610,FRAME,159.997,435.618,4.259,-2.619,225,200.0,,,
2026-09-08T03:55:04.348446,6,1611,FRAME,164.256,432.999,4.259,-2.619,218,200.0,,,
2026-09-08T03:55:04.364298,6,1612,FRAME,168.515,430.38,4.259,-2.619,211,200.0,,,
2026-09-08T03:55:04.381206,6,1613,FRAME,172.774,427.761,4.259,-2.619,204,200.0,,,
2026-09-08T03:55:04.399091,6,1614,FRAME,177.033,425.141,4.259,-2.619,204,200.0,,,
2026-09-08T03:55:04.414316,6,1615,FRAME,181.293,422.522,4.259,-2.619,204,200.0,,,
2026-09-08T03:55:04.430228,6,1616,FRAME,185.552,419.903,4.259,-2.619,204,200.0,,,
2026-09-08T03:55:04.447834,6,1617,FRAME,189.811,417.284,4.259,-2.619,204,200.0,,,
2026-09-08T03:55:04.464363,6,1618,FRAME,194.07,414.665,4.259,-2.619,204,200.0,,,
2026-09-08T03:55:04.480506,6,1619,FRAME,198.329,412.046,4.259,-2.619,204,200.0,,,
2026-09-08T03:55:04.497304,6,1620,FRAME,202.588,409.427,4.259,-2.619,204,200.0,,,
2026-09-08T03:55:04.514356,6,1621,FRAME,206.847,406.808,4.259,-2.619,204,200.0,,,
2026-09-08T03:55:04.531247,6,1622,FRAME,211.107,404.189,4.259,-2.619,204,200.0,,,
2026-09-08T03:55:04.548770,6,1623,FRAME,215.366,401.57,4.259,-2.619,204,200.0,,,
2026-09-08T03:55:04.565334,6,1624,FRAME,219.625,398.95,4.259,-2.619,204,200.0,,,
2026-09-08T03:55:04.582382,6,1625,FRAME,223.884,396.331,4.259,-2.619,204,200.0,,,
2026-09-08T03:55:04.598773,6,1626,FRAME,228.143,393.712,4.259,-2.619,204,200.0,,,
2026-09-08T03:55:04.615137,6,1627,FRAME,232.402,391.093,4.259,-2.619,204,200.0,,,
2026-09-08T03:55:04.631559,6,1628,FRAME,236.661,388.474,4.259,-2.619,204,200.0,,,
2026-09-08T03:55:04.648313,6,1629,FRAME,240.921,385.855,4.259,-2.619,204,200.0,,,
2026-09-08T03:55:04.665372,6,1630,FRAME,245.18,383.236,4.259,-2.619,204,200.0,,,
2026-09-08T03:55:04.681587,6,1631,FRAME,249.439,380.617,4.259,-2.619,197,200.0,,,
2026-09-08T03:55:04.698405,6,1632,FRAME,253.698,377.998,4.259,-2.619,190,200.0,,,
2026-09-08T03:55:04.714838,6,1633,FRAME,257.957,375.378,4.259,-2.619,183,200.0,,,
2026-09-08T03:55:04.731061,6,1634,FRAME,262.216,372.759,4.259,-2.619,176,200.0,,,
2026-09-08T03:55:04.748344,6,1635,FRAME,266.475,370.14,4.259,-2.619,169,200.0,,,
2026-09-08T03:55:04.765447,6,1636,FRAME,270.735,367.521,4.259,-2.619,162,200.0,,,
2026-09-08T03:55:04.782261,6,1637,FRAME,274.994,364.902,4.259,-2.619,155,200.0,,,
2026-09-08T03:55:04.799433,6,1638,FRAME,279.253,362.283,4.259,-2.619,148,200.0,,,
2026-09-08T03:55:04.816334,6,1639,FRAME,283.512,359.664,4.259,-2.619,141,200.0,,,
2026-09-08T03:55:04.834226,6,1640,FRAME,287.771,357.045,4.259,-2.619,141,200.0,,,
2026-09-08T03:55:04.851720,6,1641,FRAME,292.03,354.426,4.259,-2.619,141,200.0,,,
2026-09-08T03:55:04.867318,6,1642,FRAME,296.289,351.807,4.259,-2.619,141,200.0,,,
2026-09-08T03:55:04.883348,6,1643,FRAME,300.549,349.187,4.259,-2.619,141,200.0,,,
2026-09-08T03:55:04.900167,6,1644,FRAME,304.808,346.568,4.259,-2.619,141,200.0,,,
2026-09-08T03:55:04.917301,6,1645,FRAME,309.067,343.949,4.259,-2.619,141,200.0,,,
2026-09-08T03:55:04.934334,6,1646,FRAME,313.326,341.33,4.259,-2.619,141,200.0,,,
2026-09-08T03:55:04.951154,6,1647,FRAME,317.585,338.711,4.259,-2.619,141,200.0,,,
2026-09-08T03:55:04.968168,6,1648,FRAME,321.844,336.092,4.259,-2.619,141,200.0,,,
2026-09-08T03:55:04.985300,6,1649,FRAME,326.103,333.473,4.259,-2.619,141,200.0,,,
2026-09-08T03:55:05.001891,6,1650,FRAME,330.363,330.854,4.259,-2.619,141,200.0,,,
2026-09-08T03:55:05.018293,6,1651,FRAME,334.622,328.235,4.259,-2.619,141,200.0,,,
2026-09-08T03:55:05.035354,6,1652,FRAME,338.881,325.616,4.259,-2.619,141,200.0,,,
2026-09-08T03:55:05.052527,6,1653,FRAME,343.14,322.996,4.259,-2.619,141,200.0,,,
2026-09-08T03:55:05.069432,6,1654,FRAME,347.399,320.377,4.259,-2.619,141,200.0,,,
2026-09-08T03:55:05.085641,6,1655,FRAME,351.658,317.758,4.259,-2.619,141,200.0,,,
2026-09-08T03:55:05.102206,6,1656,FRAME,355.917,315.139,4.259,-2.619,141,200.0,,,
2026-09-08T03:55:05.119353,6,1657,FRAME,360.177,312.52,4.259,-2.619,141,200.0,,,
2026-09-08T03:55:05.136404,6,1658,FRAME,364.436,309.901,4.259,-2.619,148,200.0,,,
2026-09-08T03:55:05.154336,6,1659,FRAME,368.695,307.282,4.259,-2.619,155,200.0,,,
2026-09-08T03:55:05.171074,6,1660,FRAME,372.954,304.663,4.259,-2.619,162,200.0,,,
2026-09-08T03:55:05.187242,6,1661,FRAME,377.213,302.044,4.259,-2.619,169,200.0,,,
2026-09-08T03:55:05.204400,6,1662,FRAME,381.472,299.424,4.259,-2.619,176,200.0,,,
2026-09-08T03:55:05.222088,6,1663,FRAME,385.731,296.805,4.259,-2.619,183,200.0,,,
2026-09-08T03:55:05.239567,6,1664,FRAME,389.991,294.186,4.259,-2.619,190,200.0,,,
2026-09-08T03:55:05.256419,6,1665,FRAME,394.25,291.567,4.259,-2.619,197,200.0,,,
2026-09-08T03:55:05.273046,6,1666,FRAME,398.509,288.948,4.259,-2.619,204,200.0,,,
2026-09-08T03:55:05.288966,6,1667,FRAME,402.768,286.329,4.259,-2.619,211,200.0,,,
2026-09-08T03:55:05.306015,6,1668,FRAME,407.027,283.71,4.259,-2.619,218,200.0,,,
2026-09-08T03:55:05.322668,6,1669,FRAME,411.286,281.091,4.259,-2.619,218,200.0,,,
2026-09-08T03:55:05.339266,6,1670,FRAME,415.545,278.472,4.259,-2.619,218,200.0,,,
2026-09-08T03:55:05.356090,6,1671,FRAME,419.804,275.853,4.259,-2.619,218,200.0,,,
2026-09-08T03:55:05.372473,6,1672,FRAME,424.064,273.233,4.259,-2.619,218,200.0,,,
2026-09-08T03:55:05.389285,6,1673,FRAME,428.323,270.614,4.259,-2.619,218,200.0,,,
2026-09-08T03:55:05.405699,6,1674,FRAME,432.582,267.995,4.259,-2.619,218,200.0,,,
2026-09-08T03:55:05.422344,6,1675,FRAME,436.841,265.376,4.259,-2.619,218,200.0,,,
2026-09-08T03:55:05.439829,6,1676,FRAME,441.1,262.757,4.259,-2.619,218,200.0,,,
2026-09-08T03:55:05.456676,6,1677,FRAME,445.359,260.138,4.259,-2.619,218,200.0,,,
2026-09-08T03:55:05.473435,6,1678,FRAME,449.618,257.519,4.259,-2.619,218,200.0,,,
2026-09-08T03:55:05.490383,6,1679,FRAME,453.878,254.9,4.259,-2.619,218,200.0,,,
2026-09-08T03:55:05.506754,6,1680,FRAME,458.137,252.281,4.259,-2.619,218,200.0,,,
2026-09-08T03:55:05.522511,6,1681,FRAME,462.396,249.661,4.259,-2.619,218,200.0,,,
2026-09-08T03:55:05.539196,6,1682,FRAME,466.655,247.042,4.259,-2.619,218,200.0,,,
2026-09-08T03:55:05.556561,6,1683,FRAME,470.914,244.423,4.259,-2.619,218,200.0,,,
2026-09-08T03:55:05.574005,6,1684,FRAME,475.173,241.804,4.259,-2.619,218,200.0,,,
2026-09-08T03:55:05.590067,6,1685,FRAME,479.432,239.185,4.259,-2.619,218,200.0,,,
2026-09-08T03:55:05.606636,6,1686,FRAME,483.692,236.566,4.259,-2.619,218,200.0,,,
2026-09-08T03:55:05.623056,6,1687,FRAME,487.951,233.947,4.259,-2.619,218,200.0,,,
2026-09-08T03:55:05.639495,6,1688,FRAME,492.21,231.328,4.259,-2.619,218,200.0,,,
2026-09-08T03:55:05.656489,6,1689,FRAME,496.469,228.709,4.259,-2.619,218,200.0,,,
2026-09-08T03:55:05.672525,6,1690,FRAME,500.728,226.09,4.259,-2.619,218,200.0,,,
2026-09-08T03:55:05.688499,6,1691,FRAME,504.987,223.47,4.259,-2.619,218,200.0,,,
2026-09-08T03:55:05.704336,6,1692,FRAME,509.246,220.851,4.259,-2.619,218,200.0,,,
2026-09-08T03:55:05.720692,6,1693,FRAME,513.506,218.232,4.259,-2.619,225,200.0,,,
2026-09-08T03:55:05.737052,6,1694,FRAME,517.765,215.613,4.259,-2.619,232,200.0,,,
2026-09-08T03:55:05.754280,6,1695,FRAME,522.024,212.994,4.259,-2.619,239,200.0,,,
2026-09-08T03:55:05.770724,6,1696,FRAME,526.283,210.375,4.259,-2.619,246,200.0,,,
2026-09-08T03:55:05.786788,6,1697,FRAME,530.542,207.756,4.259,-2.619,253,200.0,,,
2026-09-08T03:55:05.803332,6,1698,FRAME,534.801,205.137,4.259,-2.619,260,200.0,,,
2026-09-08T03:55:05.820249,6,1699,FRAME,539.06,202.518,4.259,-2.619,267,200.0,,,
2026-09-08T03:55:05.836742,6,1700,FRAME,543.32,199.898,4.259,-2.619,274,200.0,,,
2026-09-08T03:55:05.853348,6,1701,FRAME,547.579,197.279,4.259,-2.619,281,200.0,,,
2026-09-08T03:55:05.869821,6,1702,FRAME,551.838,194.66,4.259,-2.619,288,200.0,,,
2026-09-08T03:55:05.886296,6,1703,FRAME,556.097,192.041,4.259,-2.619,288,200.0,,,
2026-09-08T03:55:05.903414,6,1704,FRAME,560.356,189.422,4.259,-2.619,288,200.0,,,
2026-09-08T03:55:05.920042,6,1705,FRAME,564.615,186.803,4.259,-2.619,288,200.0,,,
2026-09-08T03:55:05.936150,6,1706,FRAME,568.874,184.184,4.259,-2.619,288,200.0,,,
2026-09-08T03:55:05.954338,6,1707,FRAME,573.134,181.565,4.259,-2.619,288,200.0,,,
2026-09-08T03:55:05.970329,6,1708,FRAME,577.393,178.946,4.259,-2.619,288,200.0,,,
2026-09-08T03:55:05.986617,6,1709,FRAME,581.652,176.327,4.259,-2.619,288,200.0,,,
2026-09-08T03:55:06.003231,6,1710,FRAME,585.911,173.707,4.259,-2.619,288,200.0,,,
2026-09-08T03:55:06.020688,6,1711,FRAME,590.17,171.088,4.259,-2.619,288,200.0,,,
2026-09-08T03:55:06.037488,6,1712,FRAME,594.429,168.469,4.259,-2.619,288,200.0,,,
2026-09-08T03:55:06.054320,6,1713,FRAME,598.688,165.85,4.259,-2.619,288,200.0,,,
2026-09-08T03:55:06.070900,6,1714,FRAME,602.948,163.231,4.259,-2.619,281,200.0,,,
2026-09-08T03:55:06.087518,6,1715,FRAME,607.207,160.612,4.259,-2.619,274,200.0,,,
2026-09-08T03:55:06.104298,6,1716,FRAME,611.466,157.993,4.259,-2.619,267,200.0,,,
2026-09-08T03:55:06.121545,6,1717,FRAME,615.725,155.374,4.259,-2.619,260,200.0,,,
2026-09-08T03:55:06.138507,6,1718,FRAME,619.984,152.755,4.259,-2.619,253,200.0,,,
2026-09-08T03:55:06.155478,6,1719,FRAME,624.243,150.135,4.259,-2.619,246,200.0,,,
2026-09-08T03:55:06.172424,6,1720,FRAME,628.502,147.516,4.259,-2.619,239,200.0,,,
2026-09-08T03:55:06.188505,6,1721,FRAME,632.762,144.897,4.259,-2.619,232,200.0,,,
2026-09-08T03:55:06.205320,6,1722,FRAME,637.021,142.278,4.259,-2.619,225,200.0,,,
2026-09-08T03:55:06.222479,6,1723,FRAME,641.28,139.659,4.259,-2.619,218,200.0,,,
2026-09-08T03:55:06.239775,6,1724,FRAME,645.539,137.04,4.259,-2.619,211,200.0,,,
2026-09-08T03:55:06.256140,6,1725,FRAME,649.798,134.421,4.259,-2.619,204,200.0,,,
2026-09-08T03:55:06.273241,6,1726,FRAME,654.057,131.802,4.259,-2.619,197,200.0,,,
2026-09-08T03:55:06.290980,6,1727,FRAME,658.316,129.183,4.259,-2.619,197,200.0,,,
2026-09-08T03:55:06.306873,6,1728,FRAME,662.576,126.564,4.259,-2.619,197,200.0,,,
2026-09-08T03:55:06.322939,6,1729,FRAME,666.835,123.944,4.259,-2.619,197,200.0,,,
2026-09-08T03:55:06.339118,6,1730,FRAME,671.094,121.325,4.259,-2.619,197,200.0,,,
2026-09-08T03:55:06.354415,6,1731,FRAME,675.353,118.706,4.259,-2.619,197,200.0,,,
2026-09-08T03:55:06.371338,6,1732,FRAME,679.612,116.087,4.259,-2.619,197,200.0,,,
2026-09-08T03:55:06.388674,6,1733,FRAME,683.871,113.468,4.259,-2.619,197,200.0,,,
2026-09-08T03:55:06.405435,6,1734,FRAME,688.13,110.849,4.259,-2.619,197,200.0,,,
2026-09-08T03:55:06.422750,6,1735,FRAME,692.39,108.23,4.259,-2.619,197,200.0,,,
2026-09-08T03:55:06.438681,6,1736,FRAME,696.649,105.611,4.259,-2.619,190,200.0,,,
2026-09-08T03:55:06.455702,6,1737,FRAME,700.908,102.992,4.259,-2.619,183,200.0,,,
2026-09-08T03:55:06.472431,6,1738,FRAME,705.167,100.372,4.259,-2.619,176,200.0,,,
2026-09-08T03:55:06.489076,6,1739,FRAME,709.426,97.753,4.259,-2.619,169,200.0,,,
2026-09-08T03:55:06.505349,6,1740,FRAME,713.685,95.134,4.259,-2.619,162,200.0,,,
2026-09-08T03:55:06.521935,6,1741,FRAME,717.944,92.515,4.259,-2.619,155,200.0,,,
2026-09-08T03:55:06.538143,6,1742,FRAME,722.204,89.896,4.259,-2.619,148,200.0,,,
2026-09-08T03:55:06.555400,6,1743,FRAME,726.463,87.277,4.259,-2.619,141,200.0,,,
2026-09-08T03:55:06.572283,6,1744,FRAME,730.722,84.658,4.259,-2.619,134,200.0,,,
2026-09-08T03:55:06.588656,6,1745,FRAME,734.981,82.039,4.259,-2.619,127,200.0,,,
2026-09-08T03:55:06.605717,6,1746,FRAME,739.24,79.42,4.259,-2.619,127,200.0,,,
2026-09-08T03:55:06.622615,6,1747,FRAME,743.499,76.801,4.259,-2.619,127,200.0,,,
2026-09-08T03:55:06.638803,6,1748,FRAME,747.758,74.181,4.259,-2.619,127,200.0,,,
2026-09-08T03:55:06.655499,6,1749,FRAME,752.018,71.562,4.259,-2.619,127,200.0,,,
2026-09-08T03:55:06.671749,6,1750,FRAME,756.277,68.943,4.259,-2.619,127,200.0,,,
2026-09-08T03:55:06.688412,6,1751,FRAME,760.536,66.324,4.259,-2.619,127,200.0,,,
2026-09-08T03:55:06.705152,6,1752,FRAME,764.795,63.705,4.259,-2.619,127,200.0,,,
2026-09-08T03:55:06.720300,6,1753,FRAME,769.054,61.086,4.259,-2.619,127,200.0,,,
2026-09-08T03:55:06.736866,6,1754,FRAME,773.313,58.467,4.259,-2.619,127,200.0,,,
2026-09-08T03:55:06.752684,6,1755,FRAME,777.572,55.848,4.259,-2.619,127,200.0,,,
2026-09-08T03:55:06.769146,6,1756,FRAME,781.832,53.229,4.259,-2.619,127,200.0,,,
2026-09-08T03:55:06.785219,6,1757,FRAME,786.091,50.61,4.259,-2.619,127,200.0,,,
2026-09-08T03:55:06.802405,6,1758,FRAME,790.35,47.99,4.259,-2.619,127,200.0,,,
2026-09-08T03:55:06.819636,6,1759,FRAME,794.609,45.371,4.259,-2.619,127,200.0,,,
2026-09-08T03:55:06.835438,6,1760,FRAME,798.868,42.752,4.259,-2.619,127,200.0,,,
2026-09-08T03:55:06.851341,6,1761,FRAME,803.127,40.133,4.259,-2.619,127,200.0,,,
2026-09-08T03:55:06.851341,6,1762,MISS_RIGHT,803.127,40.133,4.259,-2.619,127,200.0,,,LEFT
2026-09-08T03:55:06.868636,7,1763,FRAME,351.715,136.833,-4.275,-2.593,127,200.0,,,
2026-09-08T03:55:06.884835,7,1764,FRAME,347.44,134.241,-4.275,-2.593,127,200.0,,,
2026-09-08T03:55:06.901676,7,1765,FRAME,343.165,131.648,-4.275,-2.593,134,200.0,,,
2026-09-08T03:55:06.918058,7,1766,FRAME,338.89,129.055,-4.275,-2.593,141,200.0,,,
2026-09-08T03:55:06.934455,7,1767,FRAME,334.614,126.463,-4.275,-2.593,148,200.0,,,
2026-09-08T03:55:06.952021,7,1768,FRAME,330.339,123.87,-4.275,-2.593,155,200.0,,,
2026-09-08T03:55:06.968254,7,1769,FRAME,326.064,121.277,-4.275,-2.593,162,200.0,,,
2026-09-08T03:55:06.985807,7,1770,FRAME,321.788,118.684,-4.275,-2.593,169,200.0,,,
2026-09-08T03:55:07.002463,7,1771,FRAME,317.513,116.092,-4.275,-2.593,176,200.0,,,
2026-09-08T03:55:07.019212,7,1772,FRAME,313.238,113.499,-4.275,-2.593,183,200.0,,,
2026-09-08T03:55:07.035952,7,1773,FRAME,308.963,110.906,-4.275,-2.593,190,200.0,,,
2026-09-08T03:55:07.051826,7,1774,FRAME,304.687,108.314,-4.275,-2.593,197,200.0,,,
2026-09-08T03:55:07.067881,7,1775,FRAME,300.412,105.721,-4.275,-2.593,204,200.0,,,
2026-09-08T03:55:07.084420,7,1776,FRAME,296.137,103.128,-4.275,-2.593,204,200.0,,,
2026-09-08T03:55:07.100618,7,1777,FRAME,291.862,100.535,-4.275,-2.593,204,200.0,,,
2026-09-08T03:55:07.117306,7,1778,FRAME,287.586,97.943,-4.275,-2.593,204,200.0,,,
2026-09-08T03:55:07.134155,7,1779,FRAME,283.311,95.35,-4.275,-2.593,204,200.0,,,
2026-09-08T03:55:07.151414,7,1780,FRAME,279.036,92.757,-4.275,-2.593,204,200.0,,,
2026-09-08T03:55:07.168451,7,1781,FRAME,274.761,90.165,-4.275,-2.593,204,200.0,,,
2026-09-08T03:55:07.185270,7,1782,FRAME,270.485,87.572,-4.275,-2.593,204,200.0,,,
2026-09-08T03:55:07.201457,7,1783,FRAME,266.21,84.979,-4.275,-2.593,204,200.0,,,
2026-09-08T03:55:07.217474,7,1784,FRAME,261.935,82.386,-4.275,-2.593,204,200.0,,,
2026-09-08T03:55:07.234349,7,1785,FRAME,257.66,79.794,-4.275,-2.593,204,200.0,,,
2026-09-08T03:55:07.251272,7,1786,FRAME,253.384,77.201,-4.275,-2.593,204,200.0,,,
2026-09-08T03:55:07.268193,7,1787,FRAME,249.109,74.608,-4.275,-2.593,204,200.0,,,
2026-09-08T03:55:07.285443,7,1788,FRAME,244.834,72.016,-4.275,-2.593,204,200.0,,,
2026-09-08T03:55:07.302297,7,1789,FRAME,240.559,69.423,-4.275,-2.593,204,200.0,,,
2026-09-08T03:55:07.318306,7,1790,FRAME,236.283,66.83,-4.275,-2.593,204,200.0,,,
2026-09-08T03:55:07.335088,7,1791,FRAME,232.008,64.237,-4.275,-2.593,204,200.0,,,
2026-09-08T03:55:07.351543,7,1792,FRAME,227.733,61.645,-4.275,-2.593,204,200.0,,,
2026-09-08T03:55:07.368095,7,1793,FRAME,223.458,59.052,-4.275,-2.593,204,200.0,,,
2026-09-08T03:55:07.384495,7,1794,FRAME,219.182,56.459,-4.275,-2.593,204,200.0,,,
2026-09-08T03:55:07.401764,7,1795,FRAME,214.907,53.867,-4.275,-2.593,197,200.0,,,
2026-09-08T03:55:07.418488,7,1796,FRAME,210.632,51.274,-4.275,-2.593,190,200.0,,,
2026-09-08T03:55:07.434971,7,1797,FRAME,206.357,48.681,-4.275,-2.593,183,200.0,,,
2026-09-08T03:55:07.451217,7,1798,FRAME,202.081,46.088,-4.275,-2.593,176,200.0,,,
2026-09-08T03:55:07.468256,7,1799,FRAME,197.806,43.496,-4.275,-2.593,169,200.0,,,
2026-09-08T03:55:07.485399,7,1800,FRAME,193.531,40.903,-4.275,-2.593,162,200.0,,,
2026-09-08T03:55:07.501971,7,1801,FRAME,189.255,38.31,-4.275,-2.593,155,200.0,,,
2026-09-08T03:55:07.517989,7,1802,FRAME,184.98,35.718,-4.275,-2.593,148,200.0,,,
2026-09-08T03:55:07.533438,7,1803,FRAME,180.705,33.125,-4.275,-2.593,141,200.0,,,
2026-09-08T03:55:07.549318,7,1804,FRAME,176.43,30.532,-4.275,-2.593,134,200.0,,,
2026-09-08T03:55:07.566217,7,1805,FRAME,172.154,27.94,-4.275,-2.593,127,200.0,,,
2026-09-08T03:55:07.582974,7,1806,FRAME,167.879,25.347,-4.275,-2.593,120,200.0,,,
2026-09-08T03:55:07.598600,7,1807,FRAME,163.604,22.754,-4.275,-2.593,113,200.0,,,
2026-09-08T03:55:07.615044,7,1808,FRAME,159.329,20.161,-4.275,-2.593,106,200.0,,,
2026-09-08T03:55:07.630777,7,1809,FRAME,155.053,17.569,-4.275,-2.593,99,200.0,,,
2026-09-08T03:55:07.647046,7,1810,FRAME,150.778,14.976,-4.275,-2.593,92,200.0,,,
2026-09-08T03:55:07.662637,7,1811,FRAME,146.503,12.383,-4.275,-2.593,85,200.0,,,
2026-09-08T03:55:07.678839,7,1812,FRAME,142.228,9.791,-4.275,-2.593,78,200.0,,,
2026-09-08T03:55:07.695225,7,1813,FRAME,137.952,7.198,-4.275,-2.593,71,200.0,,,
2026-09-08T03:55:07.711311,7,1814,FRAME,133.677,4.605,-4.275,-2.593,64,200.0,,,
2026-09-08T03:55:07.727521,7,1815,FRAME,129.402,2.012,-4.275,-2.593,57,200.0,,,
2026-09-08T03:55:07.744058,7,1816,WALL_BOUNCE,125.127,0,-4.275,2.593,50,200.0,,,
2026-09-08T03:55:07.744058,7,1817,FRAME,125.127,0,-4.275,2.593,50,200.0,,,
2026-09-08T03:55:07.762352,7,1818,FRAME,120.851,2.593,-4.275,2.593,50,200.0,,,
2026-09-08T03:55:07.778319,7,1819,FRAME,116.576,5.185,-4.275,2.593,50,200.0,,,
2026-09-08T03:55:07.795272,7,1820,FRAME,112.301,7.778,-4.275,2.593,50,200.0,,,
2026-09-08T03:55:07.812437,7,1821,FRAME,108.026,10.371,-4.275,2.593,50,200.0,,,
2026-09-08T03:55:07.828609,7,1822,FRAME,103.75,12.964,-4.275,2.593,50,200.0,,,
2026-09-08T03:55:07.844666,7,1823,FRAME,99.475,15.556,-4.275,2.593,50,200.0,,,
2026-09-08T03:55:07.861626,7,1824,FRAME,95.2,18.149,-4.275,2.593,50,200.0,,,
2026-09-08T03:55:07.877365,7,1825,FRAME,90.925,20.742,-4.275,2.593,50,200.0,,,
2026-09-08T03:55:07.894396,7,1826,FRAME,86.649,23.334,-4.275,2.593,50,200.0,,,
2026-09-08T03:55:07.910928,7,1827,FRAME,82.374,25.927,-4.275,2.593,50,200.0,,,
2026-09-08T03:55:07.927843,7,1828,FRAME,78.099,28.52,-4.275,2.593,50,200.0,,,
2026-09-08T03:55:07.944036,7,1829,FRAME,73.823,31.113,-4.275,2.593,50,200.0,,,
2026-09-08T03:55:07.960043,7,1830,FRAME,69.548,33.705,-4.275,2.593,57,200.0,,,
2026-09-08T03:55:07.975718,7,1831,FRAME,65.273,36.298,-4.275,2.593,64,200.0,,,
2026-09-08T03:55:07.992337,7,1832,FRAME,60.998,38.891,-4.275,2.593,71,200.0,,,
2026-09-08T03:55:08.009129,7,1833,FRAME,56.722,41.483,-4.275,2.593,78,200.0,,,
2026-09-08T03:55:08.027404,7,1834,FRAME,52.447,44.076,-4.275,2.593,85,200.0,,,
2026-09-08T03:55:08.044049,7,1835,FRAME,48.172,46.669,-4.275,2.593,92,200.0,,,
2026-09-08T03:55:08.060237,7,1836,FRAME,43.897,49.262,-4.275,2.593,99,200.0,,,
2026-09-08T03:55:08.077461,7,1837,FRAME,39.621,51.854,-4.275,2.593,106,200.0,,,
2026-09-08T03:55:08.094454,7,1838,FRAME,35.346,54.447,-4.275,2.593,106,200.0,,,
2026-09-08T03:55:08.111055,7,1839,FRAME,31.071,57.04,-4.275,2.593,106,200.0,,,
2026-09-08T03:55:08.127165,7,1840,FRAME,26.796,59.632,-4.275,2.593,106,200.0,,,
2026-09-08T03:55:08.144381,7,1841,FRAME,22.52,62.225,-4.275,2.593,106,200.0,,,
2026-09-08T03:55:08.161698,7,1842,FRAME,18.245,64.818,-4.275,2.593,106,200.0,,,
2026-09-08T03:55:08.178550,7,1843,FRAME,13.97,67.411,-4.275,2.593,106,200.0,,,
2026-09-08T03:55:08.195586,7,1844,FRAME,9.695,70.003,-4.275,2.593,106,200.0,,,
2026-09-08T03:55:08.211556,7,1845,FRAME,5.419,72.596,-4.275,2.593,106,200.0,,,
2026-09-08T03:55:08.229023,7,1846,FRAME,1.144,75.189,-4.275,2.593,106,200.0,,,
2026-09-08T03:55:08.245138,7,1847,FRAME,-3.131,77.781,-4.275,2.593,106,200.0,,,
2026-09-08T03:55:08.262160,7,1848,FRAME,-7.406,80.374,-4.275,2.593,106,200.0,,,
2026-09-08T03:55:08.279068,7,1849,FRAME,-11.682,82.967,-4.275,2.593,106,200.0,,,
2026-09-08T03:55:08.296115,7,1850,FRAME,-15.957,85.56,-4.275,2.593,106,200.0,,,
2026-09-08T03:55:08.296115,7,1851,MISS_LEFT,-15.957,85.56,-4.275,2.593,106,200.0,,,RIGHT
2026-09-08T03:55:08.312540,8,1852,FRAME,500.799,243.696,4.758,1.537,99,200.0,,,
2026-09-08T03:55:08.329090,8,1853,FRAME,505.556,245.234,4.758,1.537,92,200.0,,,
2026-09-08T03:55:08.346818,8,1854,FRAME,510.314,246.771,4.758,1.537,85,200.0,,,
2026-09-08T03:55:08.364225,8,1855,FRAME,515.072,248.308,4.758,1.537,78,200.0,,,
2026-09-08T03:55:08.381354,8,1856,FRAME,519.83,249.846,4.758,1.537,71,200.0,,,
2026-09-08T03:55:08.398113,8,1857,FRAME,524.588,251.383,4.758,1.537,64,200.0,,,
2026-09-08T03:55:08.414379,8,1858,FRAME,529.345,252.92,4.758,1.537,57,200.0,,,
2026-09-08T03:55:08.431359,8,1859,FRAME,534.103,254.458,4.758,1.537,50,200.0,,,
2026-09-08T03:55:08.447464,8,1860,FRAME,538.861,255.995,4.758,1.537,43,200.0,,,
2026-09-08T03:55:08.463439,8,1861,FRAME,543.619,257.532,4.758,1.537,36,200.0,,,
2026-09-08T03:55:08.479802,8,1862,FRAME,548.376,259.07,4.758,1.537,29,200.0,,,
2026-09-08T03:55:08.496617,8,1863,FRAME,553.134,260.607,4.758,1.537,22,200.0,,,
2026-09-08T03:55:08.513372,8,1864,FRAME,557.892,262.145,4.758,1.537,15,200.0,,,
2026-09-08T03:55:08.529995,8,1865,FRAME,562.65,263.682,4.758,1.537,8,200.0,,,
2026-09-08T03:55:08.546104,8,1866,FRAME,567.408,265.219,4.758,1.537,8,200.0,,,
2026-09-08T03:55:08.562670,8,1867,FRAME,572.165,266.757,4.758,1.537,8,200.0,,,
2026-09-08T03:55:08.578655,8,1868,FRAME,576.923,268.294,4.758,1.537,8,200.0,,,
2026-09-08T03:55:08.594374,8,1869,FRAME,581.681,269.831,4.758,1.537,8,200.0,,,
2026-09-08T03:55:08.611266,8,1870,FRAME,586.439,271.369,4.758,1.537,8,200.0,,,
2026-09-08T03:55:08.628095,8,1871,FRAME,591.197,272.906,4.758,1.537,8,200.0,,,
2026-09-08T03:55:08.645991,8,1872,FRAME,595.954,274.443,4.758,1.537,8,200.0,,,
2026-09-08T03:55:08.663003,8,1873,FRAME,600.712,275.981,4.758,1.537,8,200.0,,,
2026-09-08T03:55:08.678705,8,1874,FRAME,605.47,277.518,4.758,1.537,8,200.0,,,
2026-09-08T03:55:08.696051,8,1875,FRAME,610.228,279.055,4.758,1.537,8,200.0,,,
2026-09-08T03:55:08.711828,8,1876,FRAME,614.986,280.593,4.758,1.537,8,200.0,,,
2026-09-08T03:55:08.729250,8,1877,FRAME,619.743,282.13,4.758,1.537,8,200.0,,,
2026-09-08T03:55:08.746544,8,1878,FRAME,624.501,283.667,4.758,1.537,8,200.0,,,
2026-09-08T03:55:08.762953,8,1879,FRAME,629.259,285.205,4.758,1.537,8,200.0,,,
2026-09-08T03:55:08.780327,8,1880,FRAME,634.017,286.742,4.758,1.537,8,200.0,,,
2026-09-08T03:55:08.796396,8,1881,FRAME,638.774,288.28,4.758,1.537,8,200.0,,,
2026-09-08T03:55:08.812809,8,1882,FRAME,643.532,289.817,4.758,1.537,8,200.0,,,
2026-09-08T03:55:08.829248,8,1883,FRAME,648.29,291.354,4.758,1.537,8,200.0,,,
2026-09-08T03:55:08.846654,8,1884,FRAME,653.048,292.892,4.758,1.537,8,200.0,,,
2026-09-08T03:55:08.863156,8,1885,FRAME,657.806,294.429,4.758,1.537,8,200.0,,,
2026-09-08T03:55:08.879344,8,1886,FRAME,662.563,295.966,4.758,1.537,8,200.0,,,
2026-09-08T03:55:08.896129,8,1887,FRAME,667.321,297.504,4.758,1.537,8,200.0,,,
2026-09-08T03:55:08.911605,8,1888,FRAME,672.079,299.041,4.758,1.537,15,200.0,,,
2026-09-08T03:55:08.928281,8,1889,FRAME,676.837,300.578,4.758,1.537,22,200.0,,,
2026-09-08T03:55:08.945120,8,1890,FRAME,681.595,302.116,4.758,1.537,29,200.0,,,
2026-09-08T03:55:08.961073,8,1891,FRAME,686.352,303.653,4.758,1.537,36,200.0,,,
2026-09-08T03:55:08.977037,8,1892,FRAME,691.11,305.19,4.758,1.537,43,200.0,,,
2026-09-08T03:55:08.992921,8,1893,FRAME,695.868,306.728,4.758,1.537,50,200.0,,,
2026-09-08T03:55:09.008333,8,1894,FRAME,700.626,308.265,4.758,1.537,57,200.0,,,
2026-09-08T03:55:09.025095,8,1895,FRAME,705.383,309.802,4.758,1.537,64,200.0,,,
2026-09-08T03:55:09.041172,8,1896,FRAME,710.141,311.34,4.758,1.537,64,200.0,,,
2026-09-08T03:55:09.058462,8,1897,FRAME,714.899,312.877,4.758,1.537,64,200.0,,,
2026-09-08T03:55:09.075126,8,1898,FRAME,719.657,314.415,4.758,1.537,64,200.0,,,
2026-09-08T03:55:09.092482,8,1899,FRAME,724.415,315.952,4.758,1.537,64,200.0,,,
2026-09-08T03:55:09.108463,8,1900,FRAME,729.172,317.489,4.758,1.537,64,200.0,,,
2026-09-08T03:55:09.125455,8,1901,FRAME,733.93,319.027,4.758,1.537,64,200.0,,,
2026-09-08T03:55:09.142533,8,1902,FRAME,738.688,320.564,4.758,1.537,64,200.0,,,
2026-09-08T03:55:09.158495,8,1903,FRAME,743.446,322.101,4.758,1.537,64,200.0,,,
2026-09-08T03:55:09.175008,8,1904,FRAME,748.204,323.639,4.758,1.537,64,200.0,,,
2026-09-08T03:55:09.192349,8,1905,FRAME,752.961,325.176,4.758,1.537,64,200.0,,,
2026-09-08T03:55:09.209459,8,1906,FRAME,757.719,326.713,4.758,1.537,64,200.0,,,
2026-09-08T03:55:09.226222,8,1907,FRAME,762.477,328.251,4.758,1.537,64,200.0,,,
2026-09-08T03:55:09.243180,8,1908,FRAME,767.235,329.788,4.758,1.537,64,200.0,,,
2026-09-08T03:55:09.260276,8,1909,FRAME,771.993,331.325,4.758,1.537,64,200.0,,,
2026-09-08T03:55:09.277743,8,1910,FRAME,776.75,332.863,4.758,1.537,64,200.0,,,
2026-09-08T03:55:09.294170,8,1911,FRAME,781.508,334.4,4.758,1.537,64,200.0,,,
2026-09-08T03:55:09.310710,8,1912,FRAME,786.266,335.937,4.758,1.537,64,200.0,,,
2026-09-08T03:55:09.327107,8,1913,FRAME,791.024,337.475,4.758,1.537,64,200.0,,,
2026-09-08T03:55:09.344496,8,1914,FRAME,795.781,339.012,4.758,1.537,64,200.0,,,
2026-09-08T03:55:09.361457,8,1915,FRAME,800.539,340.55,4.758,1.537,64,200.0,,,
2026-09-08T03:55:09.361457,8,1916,MISS_RIGHT,800.539,340.55,4.758,1.537,64,200.0,,,LEFT
2026-09-08T03:55:09.378082,9,1917,FRAME,457.567,287.95,-3.737,3.322,71,200.0,,,
2026-09-08T03:55:09.394230,9,1918,FRAME,453.83,291.271,-3.737,3.322,78,200.0,,,
2026-09-08T03:55:09.411946,9,1919,FRAME,450.093,294.593,-3.737,3.322,85,200.0,,,
2026-09-08T03:55:09.428045,9,1920,FRAME,446.356,297.915,-3.737,3.322,92,200.0,,,
2026-09-08T03:55:09.443987,9,1921,FRAME,442.619,301.237,-3.737,3.322,99,200.0,,,
2026-09-08T03:55:09.460498,9,1922,FRAME,438.882,304.558,-3.737,3.322,106,200.0,,,
2026-09-08T03:55:09.477061,9,1923,FRAME,435.145,307.88,-3.737,3.322,113,200.0,,,
2026-09-08T03:55:09.493426,9,1924,FRAME,431.408,311.202,-3.737,3.322,120,200.0,,,
2026-09-08T03:55:09.509845,9,1925,FRAME,427.671,314.524,-3.737,3.322,127,200.0,,,
2026-09-08T03:55:09.526267,9,1926,FRAME,423.934,317.846,-3.737,3.322,134,200.0,,,
2026-09-08T03:55:09.543209,9,1927,FRAME,420.197,321.167,-3.737,3.322,134,200.0,,,
2026-09-08T03:55:09.560119,9,1928,FRAME,416.46,324.489,-3.737,3.322,134,200.0,,,
2026-09-08T03:55:09.576595,9,1929,FRAME,412.722,327.811,-3.737,3.322,134,200.0,,,
2026-09-08T03:55:09.592703,9,1930,FRAME,408.985,331.133,-3.737,3.322,134,200.0,,,
2026-09-08T03:55:09.608687,9,1931,FRAME,405.248,334.454,-3.737,3.322,134,200.0,,,
2026-09-08T03:55:09.625554,9,1932,FRAME,401.511,337.776,-3.737,3.322,134,200.0,,,
2026-09-08T03:55:09.642864,9,1933,FRAME,397.774,341.098,-3.737,3.322,134,200.0,,,
2026-09-08T03:55:09.659201,9,1934,FRAME,394.037,344.42,-3.737,3.322,134,200.0,,,
2026-09-08T03:55:09.676406,9,1935,FRAME,390.3,347.741,-3.737,3.322,134,200.0,,,
2026-09-08T03:55:09.693414,9,1936,FRAME,386.563,351.063,-3.737,3.322,134,200.0,,,
2026-09-08T03:55:09.710820,9,1937,FRAME,382.826,354.385,-3.737,3.322,134,200.0,,,
2026-09-08T03:55:09.727488,9,1938,FRAME,379.089,357.707,-3.737,3.322,134,200.0,,,
2026-09-08T03:55:09.744030,9,1939,FRAME,375.352,361.029,-3.737,3.322,134,200.0,,,
2026-09-08T03:55:09.759453,9,1940,FRAME,371.614,364.35,-3.737,3.322,134,200.0,,,
2026-09-08T03:55:09.776445,9,1941,FRAME,367.877,367.672,-3.737,3.322,141,200.0,,,
2026-09-08T03:55:09.792974,9,1942,FRAME,364.14,370.994,-3.737,3.322,148,200.0,,,
2026-09-08T03:55:09.809379,9,1943,FRAME,360.403,374.316,-3.737,3.322,155,200.0,,,
2026-09-08T03:55:09.826467,9,1944,FRAME,356.666,377.637,-3.737,3.322,162,200.0,,,
2026-09-08T03:55:09.842736,9,1945,FRAME,352.929,380.959,-3.737,3.322,169,200.0,,,
2026-09-08T03:55:09.859590,9,1946,FRAME,349.192,384.281,-3.737,3.322,176,200.0,,,
2026-09-08T03:55:09.875624,9,1947,FRAME,345.455,387.603,-3.737,3.322,183,200.0,,,
2026-09-08T03:55:09.892173,9,1948,FRAME,341.718,390.925,-3.737,3.322,190,200.0,,,
2026-09-08T03:55:09.909210,9,1949,FRAME,337.981,394.246,-3.737,3.322,197,200.0,,,
2026-09-08T03:55:09.926166,9,1950,FRAME,334.244,397.568,-3.737,3.322,204,200.0,,,
2026-09-08T03:55:09.944052,9,1951,FRAME,330.507,400.89,-3.737,3.322,211,200.0,,,
2026-09-08T03:55:09.961402,9,1952,FRAME,326.769,404.212,-3.737,3.322,218,200.0,,,
2026-09-08T03:55:09.978379,9,1953,FRAME,323.032,407.533,-3.737,3.322,225,200.0,,,
2026-09-08T03:55:09.996002,9,1954,FRAME,319.295,410.855,-3.737,3.322,232,200.0,,,
2026-09-08T03:55:10.012331,9,1955,FRAME,315.558,414.177,-3.737,3.322,239,200.0,,,
2026-09-08T03:55:10.029104,9,1956,FRAME,311.821,417.499,-3.737,3.322,246,200.0,,,
2026-09-08T03:55:10.045279,9,1957,FRAME,308.084,420.821,-3.737,3.322,253,200.0,,,
2026-09-08T03:55:10.061845,9,1958,FRAME,304.347,424.142,-3.737,3.322,260,200.0,,,
2026-09-08T03:55:10.078250,9,1959,FRAME,300.61,427.464,-3.737,3.322,267,200.0,,,
2026-09-08T03:55:10.095446,9,1960,FRAME,296.873,430.786,-3.737,3.322,274,200.0,,,
2026-09-08T03:55:10.112120,9,1961,FRAME,293.136,434.108,-3.737,3.322,281,200.0,,,
2026-09-08T03:55:10.128354,9,1962,FRAME,289.399,437.429,-3.737,3.322,288,200.0,,,
2026-09-08T03:55:10.144371,9,1963,FRAME,285.662,440.751,-3.737,3.322,295,200.0,,,
2026-09-08T03:55:10.161379,9,1964,FRAME,281.924,444.073,-3.737,3.322,302,200.0,,,
2026-09-08T03:55:10.177360,9,1965,FRAME,278.187,447.395,-3.737,3.322,309,200.0,,,
2026-09-08T03:55:10.194014,9,1966,FRAME,274.45,450.717,-3.737,3.322,316,200.0,,,
2026-09-08T03:55:10.209998,9,1967,FRAME,270.713,454.038,-3.737,3.322,323,200.0,,,
2026-09-08T03:55:10.225948,9,1968,FRAME,266.976,457.36,-3.737,3.322,330,200.0,,,
2026-09-08T03:55:10.242247,9,1969,FRAME,263.239,460.682,-3.737,3.322,337,200.0,,,
2026-09-08T03:55:10.258697,9,1970,FRAME,259.502,464.004,-3.737,3.322,344,200.0,,,
2026-09-08T03:55:10.275247,9,1971,FRAME,255.765,467.325,-3.737,3.322,351,200.0,,,
2026-09-08T03:55:10.292114,9,1972,FRAME,252.028,470.647,-3.737,3.322,358,200.0,,,
2026-09-08T03:55:10.309893,9,1973,FRAME,248.291,473.969,-3.737,3.322,365,200.0,,,
2026-09-08T03:55:10.325734,9,1974,FRAME,244.554,477.291,-3.737,3.322,372,200.0,,,
2026-09-08T03:55:10.342152,9,1975,FRAME,240.817,480.613,-3.737,3.322,379,200.0,,,
2026-09-08T03:55:10.359254,9,1976,FRAME,237.079,483.934,-3.737,3.322,379,200.0,,,
2026-09-08T03:55:10.376187,9,1977,FRAME,233.342,487.256,-3.737,3.322,379,200.0,,,
2026-09-08T03:55:10.393285,9,1978,WALL_BOUNCE,229.605,488,-3.737,-3.322,379,200.0,,,
2026-09-08T03:55:10.393285,9,1979,FRAME,229.605,488,-3.737,-3.322,379,200.0,,,
2026-09-08T03:55:10.409960,9,1980,FRAME,225.868,484.678,-3.737,-3.322,379,200.0,,,
2026-09-08T03:55:10.426158,9,1981,FRAME,222.131,481.356,-3.737,-3.322,379,200.0,,,
2026-09-08T03:55:10.442887,9,1982,FRAME,218.394,478.035,-3.737,-3.322,379,200.0,,,
2026-09-08T03:55:10.458490,9,1983,FRAME,214.657,474.713,-3.737,-3.322,379,200.0,,,
2026-09-08T03:55:10.475985,9,1984,FRAME,210.92,471.391,-3.737,-3.322,379,200.0,,,
2026-09-08T03:55:10.492604,9,1985,FRAME,207.183,468.069,-3.737,-3.322,379,200.0,,,
2026-09-08T03:55:10.508597,9,1986,FRAME,203.446,464.748,-3.737,-3.322,379,200.0,,,
2026-09-08T03:55:10.525035,9,1987,FRAME,199.709,461.426,-3.737,-3.322,379,200.0,,,
2026-09-08T03:55:10.541643,9,1988,FRAME,195.971,458.104,-3.737,-3.322,379,200.0,,,
2026-09-08T03:55:10.557568,9,1989,FRAME,192.234,454.782,-3.737,-3.322,379,200.0,,,
2026-09-08T03:55:10.574152,9,1990,FRAME,188.497,451.46,-3.737,-3.322,379,200.0,,,
2026-09-08T03:55:10.590558,9,1991,FRAME,184.76,448.139,-3.737,-3.322,379,200.0,,,
2026-09-08T03:55:10.606426,9,1992,FRAME,181.023,444.817,-3.737,-3.322,379,200.0,,,
2026-09-08T03:55:10.623193,9,1993,FRAME,177.286,441.495,-3.737,-3.322,379,200.0,,,
2026-09-08T03:55:10.640597,9,1994,FRAME,173.549,438.173,-3.737,-3.322,379,200.0,,,
2026-09-08T03:55:10.657484,9,1995,FRAME,169.812,434.852,-3.737,-3.322,379,200.0,,,
2026-09-08T03:55:10.674038,9,1996,FRAME,166.075,431.53,-3.737,-3.322,372,200.0,,,
2026-09-08T03:55:10.689884,9,1997,FRAME,162.338,428.208,-3.737,-3.322,365,200.0,,,
2026-09-08T03:55:10.705945,9,1998,FRAME,158.601,424.886,-3.737,-3.322,358,200.0,,,
2026-09-08T03:55:10.722300,9,1999,FRAME,154.864,421.564,-3.737,-3.322,351,200.0,,,
2026-09-08T03:55:10.740068,9,2000,FRAME,151.126,418.243,-3.737,-3.322,344,200.0,,,
2026-09-08T03:55:10.757020,9,2001,FRAME,147.389,414.921,-3.737,-3.322,337,200.0,,,
2026-09-08T03:55:10.775143,9,2002,FRAME,143.652,411.599,-3.737,-3.322,330,200.0,,,
2026-09-08T03:55:10.791551,9,2003,FRAME,139.915,408.277,-3.737,-3.322,330,200.0,,,
2026-09-08T03:55:10.808038,9,2004,FRAME,136.178,404.956,-3.737,-3.322,330,200.0,,,
2026-09-08T03:55:10.826025,9,2005,FRAME,132.441,401.634,-3.737,-3.322,330,200.0,,,
2026-09-08T03:55:10.842276,9,2006,FRAME,128.704,398.312,-3.737,-3.322,330,200.0,,,
2026-09-08T03:55:10.859223,9,2007,FRAME,124.967,394.99,-3.737,-3.322,330,200.0,,,
2026-09-08T03:55:10.876047,9,2008,FRAME,121.23,391.668,-3.737,-3.322,330,200.0,,,
2026-09-08T03:55:10.893294,9,2009,FRAME,117.493,388.347,-3.737,-3.322,330,200.0,,,
2026-09-08T03:55:10.909902,9,2010,FRAME,113.756,385.025,-3.737,-3.322,330,200.0,,,
2026-09-08T03:55:10.925994,9,2011,FRAME,110.019,381.703,-3.737,-3.322,330,200.0,,,
2026-09-08T03:55:10.942727,9,2012,FRAME,106.281,378.381,-3.737,-3.322,323,200.0,,,
2026-09-08T03:55:10.957668,9,2013,FRAME,102.544,375.06,-3.737,-3.322,316,200.0,,,
2026-09-08T03:55:10.974197,9,2014,FRAME,98.807,371.738,-3.737,-3.322,309,200.0,,,
2026-09-08T03:55:10.991244,9,2015,FRAME,95.07,368.416,-3.737,-3.322,302,200.0,,,
2026-09-08T03:55:11.008214,9,2016,FRAME,91.333,365.094,-3.737,-3.322,295,200.0,,,
2026-09-08T03:55:11.025027,9,2017,FRAME,87.596,361.773,-3.737,-3.322,288,200.0,,,
2026-09-08T03:55:11.041427,9,2018,FRAME,83.859,358.451,-3.737,-3.322,281,200.0,,,
2026-09-08T03:55:11.058040,9,2019,FRAME,80.122,355.129,-3.737,-3.322,281,200.0,,,
2026-09-08T03:55:11.074334,9,2020,FRAME,76.385,351.807,-3.737,-3.322,281,200.0,,,
2026-09-08T03:55:11.090394,9,2021,FRAME,72.648,348.485,-3.737,-3.322,281,200.0,,,
2026-09-08T03:55:11.107141,9,2022,FRAME,68.911,345.164,-3.737,-3.322,281,200.0,,,
2026-09-08T03:55:11.125047,9,2023,FRAME,65.174,341.842,-3.737,-3.322,281,200.0,,,
2026-09-08T03:55:11.141708,9,2024,FRAME,61.436,338.52,-3.737,-3.322,281,200.0,,,
2026-09-08T03:55:11.158276,9,2025,FRAME,57.699,335.198,-3.737,-3.322,281,200.0,,,
2026-09-08T03:55:11.175460,9,2026,FRAME,53.962,331.877,-3.737,-3.322,281,200.0,,,
2026-09-08T03:55:11.191745,9,2027,FRAME,50.225,328.555,-3.737,-3.322,274,200.0,,,
2026-09-08T03:55:11.208175,9,2028,FRAME,46.488,325.233,-3.737,-3.322,267,200.0,,,
2026-09-08T03:55:11.225313,9,2029,LEFT_HIT,45,321.911,4.652,1.832,260,200.0,0.358,21.493,
2026-09-08T03:55:11.225313,9,2030,FRAME,45,321.911,4.652,1.832,260,200.0,,,
2026-09-08T03:55:11.241782,9,2031,FRAME,49.652,323.743,4.652,1.832,253,200.0,,,
2026-09-08T03:55:11.258446,9,2032,FRAME,54.305,325.575,4.652,1.832,246,200.0,,,
2026-09-08T03:55:11.275368,9,2033,FRAME,58.957,327.407,4.652,1.832,239,200.0,,,
2026-09-08T03:55:11.292634,9,2034,FRAME,63.609,329.239,4.652,1.832,232,200.0,,,
2026-09-08T03:55:11.308698,9,2035,FRAME,68.261,331.071,4.652,1.832,232,200.0,,,
2026-09-08T03:55:11.325771,9,2036,FRAME,72.914,332.903,4.652,1.832,232,200.0,,,
2026-09-08T03:55:11.342469,9,2037,FRAME,77.566,334.735,4.652,1.832,232,200.0,,,
2026-09-08T03:55:11.358689,9,2038,FRAME,82.218,336.567,4.652,1.832,232,200.0,,,
2026-09-08T03:55:11.374863,9,2039,FRAME,86.871,338.399,4.652,1.832,232,200.0,,,
2026-09-08T03:55:11.391424,9,2040,FRAME,91.523,340.231,4.652,1.832,225,200.0,,,
2026-09-08T03:55:11.407529,9,2041,FRAME,96.175,342.063,4.652,1.832,218,200.0,,,
2026-09-08T03:55:11.424422,9,2042,FRAME,100.828,343.895,4.652,1.832,211,200.0,,,
2026-09-08T03:55:11.441963,9,2043,FRAME,105.48,345.727,4.652,1.832,204,200.0,,,
2026-09-08T03:55:11.458343,9,2044,FRAME,110.132,347.559,4.652,1.832,197,200.0,,,
2026-09-08T03:55:11.474999,9,2045,FRAME,114.784,349.391,4.652,1.832,190,200.0,,,
2026-09-08T03:55:11.491189,9,2046,FRAME,119.437,351.223,4.652,1.832,183,200.0,,,
2026-09-08T03:55:11.508101,9,2047,FRAME,124.089,353.055,4.652,1.832,176,200.0,,,
2026-09-08T03:55:11.524397,9,2048,FRAME,128.741,354.887,4.652,1.832,169,200.0,,,
2026-09-08T03:55:11.540993,9,2049,FRAME,133.394,356.719,4.652,1.832,162,200.0,,,
2026-09-08T03:55:11.557116,9,2050,FRAME,138.046,358.551,4.652,1.832,155,200.0,,,
2026-09-08T03:55:11.575032,9,2051,FRAME,142.698,360.383,4.652,1.832,155,200.0,,,
2026-09-08T03:55:11.591513,9,2052,FRAME,147.351,362.215,4.652,1.832,155,200.0,,,
2026-09-08T03:55:11.608338,9,2053,FRAME,152.003,364.047,4.652,1.832,155,200.0,,,
2026-09-08T03:55:11.625132,9,2054,FRAME,156.655,365.879,4.652,1.832,155,200.0,,,
2026-09-08T03:55:11.642410,9,2055,FRAME,161.307,367.711,4.652,1.832,155,200.0,,,
2026-09-08T03:55:11.658400,9,2056,FRAME,165.96,369.543,4.652,1.832,155,200.0,,,
2026-09-08T03:55:11.675437,9,2057,FRAME,170.612,371.374,4.652,1.832,155,200.0,,,
2026-09-08T03:55:11.692313,9,2058,FRAME,175.264,373.206,4.652,1.832,155,200.0,,,
2026-09-08T03:55:11.709248,9,2059,FRAME,179.917,375.038,4.652,1.832,155,200.0,,,
2026-09-08T03:55:11.726426,9,2060,FRAME,184.569,376.87,4.652,1.832,155,200.0,,,
2026-09-08T03:55:11.743965,9,2061,FRAME,189.221,378.702,4.652,1.832,155,200.0,,,
2026-09-08T03:55:11.760502,9,2062,FRAME,193.874,380.534,4.652,1.832,155,200.0,,,
2026-09-08T03:55:11.777059,9,2063,FRAME,198.526,382.366,4.652,1.832,155,200.0,,,
2026-09-08T03:55:11.793313,9,2064,FRAME,203.178,384.198,4.652,1.832,155,200.0,,,
2026-09-08T03:55:11.809626,9,2065,FRAME,207.83,386.03,4.652,1.832,155,200.0,,,
2026-09-08T03:55:11.826252,9,2066,FRAME,212.483,387.862,4.652,1.832,155,200.0,,,
2026-09-08T03:55:11.843243,9,2067,FRAME,217.135,389.694,4.652,1.832,162,200.0,,,
2026-09-08T03:55:11.860148,9,2068,FRAME,221.787,391.526,4.652,1.832,169,200.0,,,
2026-09-08T03:55:11.877067,9,2069,FRAME,226.44,393.358,4.652,1.832,176,200.0,,,
2026-09-08T03:55:11.893987,9,2070,FRAME,231.092,395.19,4.652,1.832,183,200.0,,,
2026-09-08T03:55:11.910472,9,2071,FRAME,235.744,397.022,4.652,1.832,190,200.0,,,
2026-09-08T03:55:11.927323,9,2072,FRAME,240.396,398.854,4.652,1.832,197,200.0,,,
2026-09-08T03:55:11.944126,9,2073,FRAME,245.049,400.686,4.652,1.832,204,200.0,,,
2026-09-08T03:55:11.961238,9,2074,FRAME,249.701,402.518,4.652,1.832,211,200.0,,,
2026-09-08T03:55:11.978463,9,2075,FRAME,254.353,404.35,4.652,1.832,218,200.0,,,
2026-09-08T03:55:11.995084,9,2076,FRAME,259.006,406.182,4.652,1.832,225,200.0,,,
2026-09-08T03:55:12.011264,9,2077,FRAME,263.658,408.014,4.652,1.832,232,200.0,,,
2026-09-08T03:55:12.028673,9,2078,FRAME,268.31,409.846,4.652,1.832,239,200.0,,,
2026-09-08T03:55:12.045202,9,2079,FRAME,272.963,411.678,4.652,1.832,246,200.0,,,
2026-09-08T03:55:12.062399,9,2080,FRAME,277.615,413.51,4.652,1.832,253,200.0,,,
2026-09-08T03:55:12.078858,9,2081,FRAME,282.267,415.342,4.652,1.832,260,200.0,,,
2026-09-08T03:55:12.095089,9,2082,FRAME,286.919,417.174,4.652,1.832,267,200.0,,,
2026-09-08T03:55:12.112062,9,2083,FRAME,291.572,419.006,4.652,1.832,274,200.0,,,
2026-09-08T03:55:12.128331,9,2084,FRAME,296.224,420.838,4.652,1.832,274,200.0,,,
2026-09-08T03:55:12.145401,9,2085,FRAME,300.876,422.67,4.652,1.832,274,200.0,,,
2026-09-08T03:55:12.162720,9,2086,FRAME,305.529,424.502,4.652,1.832,274,200.0,,,
2026-09-08T03:55:12.179199,9,2087,FRAME,310.181,426.334,4.652,1.832,274,200.0,,,
2026-09-08T03:55:12.196518,9,2088,FRAME,314.833,428.166,4.652,1.832,274,200.0,,,
2026-09-08T03:55:12.213393,9,2089,FRAME,319.486,429.998,4.652,1.832,274,200.0,,,
2026-09-08T03:55:12.230839,9,2090,FRAME,324.138,431.83,4.652,1.832,274,200.0,,,
2026-09-08T03:55:12.247523,9,2091,FRAME,328.79,433.662,4.652,1.832,274,200.0,,,
2026-09-08T03:55:12.264228,9,2092,FRAME,333.442,435.494,4.652,1.832,274,200.0,,,
2026-09-08T03:55:12.280540,9,2093,FRAME,338.095,437.326,4.652,1.832,274,200.0,,,
2026-09-08T03:55:12.296416,9,2094,FRAME,342.747,439.158,4.652,1.832,274,200.0,,,
2026-09-08T03:55:12.313170,9,2095,FRAME,347.399,440.99,4.652,1.832,274,200.0,,,
2026-09-08T03:55:12.330527,9,2096,FRAME,352.052,442.821,4.652,1.832,274,200.0,,,
2026-09-08T03:55:12.346364,9,2097,FRAME,356.704,444.653,4.652,1.832,274,200.0,,,
2026-09-08T03:55:12.362480,9,2098,FRAME,361.356,446.485,4.652,1.832,274,200.0,,,
2026-09-08T03:55:12.379684,9,2099,FRAME,366.009,448.317,4.652,1.832,267,200.0,,,
2026-09-08T03:55:12.395391,9,2100,FRAME,370.661,450.149,4.652,1.832,260,200.0,,,
2026-09-08T03:55:12.412343,9,2101,FRAME,375.313,451.981,4.652,1.832,253,200.0,,,
2026-09-08T03:55:12.429566,9,2102,FRAME,379.965,453.813,4.652,1.832,246,200.0,,,
2026-09-08T03:55:12.446183,9,2103,FRAME,384.618,455.645,4.652,1.832,239,200.0,,,
2026-09-08T03:55:12.464401,9,2104,FRAME,389.27,457.477,4.652,1.832,232,200.0,,,
2026-09-08T03:55:12.481287,9,2105,FRAME,393.922,459.309,4.652,1.832,225,200.0,,,
2026-09-08T03:55:12.498244,9,2106,FRAME,398.575,461.141,4.652,1.832,218,200.0,,,
2026-09-08T03:55:12.515225,9,2107,FRAME,403.227,462.973,4.652,1.832,211,200.0,,,
2026-09-08T03:55:12.531902,9,2108,FRAME,407.879,464.805,4.652,1.832,204,200.0,,,
2026-09-08T03:55:12.548172,9,2109,FRAME,412.532,466.637,4.652,1.832,197,200.0,,,
2026-09-08T03:55:12.565451,9,2110,FRAME,417.184,468.469,4.652,1.832,190,200.0,,,
2026-09-08T03:55:12.583024,9,2111,FRAME,421.836,470.301,4.652,1.832,183,200.0,,,
2026-09-08T03:55:12.599803,9,2112,FRAME,426.488,472.133,4.652,1.832,183,200.0,,,
2026-09-08T03:55:12.616117,9,2113,FRAME,431.141,473.965,4.652,1.832,183,200.0,,,
2026-09-08T03:55:12.633282,9,2114,FRAME,435.793,475.797,4.652,1.832,183,200.0,,,
2026-09-08T03:55:12.650477,9,2115,FRAME,440.445,477.629,4.652,1.832,183,200.0,,,
2026-09-08T03:55:12.666701,9,2116,FRAME,445.098,479.461,4.652,1.832,183,200.0,,,
2026-09-08T03:55:12.682595,9,2117,FRAME,449.75,481.293,4.652,1.832,183,200.0,,,
2026-09-08T03:55:12.699345,9,2118,FRAME,454.402,483.125,4.652,1.832,183,200.0,,,
2026-09-08T03:55:12.715372,9,2119,FRAME,459.054,484.957,4.652,1.832,183,200.0,,,
2026-09-08T03:55:12.732495,9,2120,FRAME,463.707,486.789,4.652,1.832,183,200.0,,,
2026-09-08T03:55:12.749773,9,2121,WALL_BOUNCE,468.359,488,4.652,-1.832,183,200.0,,,
2026-09-08T03:55:12.749773,9,2122,FRAME,468.359,488,4.652,-1.832,183,200.0,,,
2026-09-08T03:55:12.766191,9,2123,FRAME,473.011,486.168,4.652,-1.832,183,200.0,,,
2026-09-08T03:55:12.783109,9,2124,FRAME,477.664,484.336,4.652,-1.832,183,200.0,,,
2026-09-08T03:55:12.799268,9,2125,FRAME,482.316,482.504,4.652,-1.832,183,200.0,,,
2026-09-08T03:55:12.816268,9,2126,FRAME,486.968,480.672,4.652,-1.832,183,200.0,,,
2026-09-08T03:55:12.832532,9,2127,FRAME,491.621,478.84,4.652,-1.832,183,200.0,,,
2026-09-08T03:55:12.849896,9,2128,FRAME,496.273,477.008,4.652,-1.832,183,200.0,,,
2026-09-08T03:55:12.865524,9,2129,FRAME,500.925,475.176,4.652,-1.832,183,200.0,,,
2026-09-08T03:55:12.881729,9,2130,FRAME,505.577,473.344,4.652,-1.832,183,200.0,,,
2026-09-08T03:55:12.898060,9,2131,FRAME,510.23,471.512,4.652,-1.832,190,200.0,,,
2026-09-08T03:55:12.914453,9,2132,FRAME,514.882,469.68,4.652,-1.832,197,200.0,,,
2026-09-08T03:55:12.930812,9,2133,FRAME,519.534,467.848,4.652,-1.832,204,200.0,,,
2026-09-08T03:55:12.947339,9,2134,FRAME,524.187,466.016,4.652,-1.832,211,200.0,,,
2026-09-08T03:55:12.964105,9,2135,FRAME,528.839,464.184,4.652,-1.832,218,200.0,,,
2026-09-08T03:55:12.980445,9,2136,FRAME,533.491,462.352,4.652,-1.832,225,200.0,,,
2026-09-08T03:55:12.996392,9,2137,FRAME,538.144,460.52,4.652,-1.832,232,200.0,,,
2026-09-08T03:55:13.013355,9,2138,FRAME,542.796,458.688,4.652,-1.832,239,200.0,,,
2026-09-08T03:55:13.030504,9,2139,FRAME,547.448,456.856,4.652,-1.832,246,200.0,,,
2026-09-08T03:55:13.047303,9,2140,FRAME,552.1,455.024,4.652,-1.832,253,200.0,,,
2026-09-08T03:55:13.064365,9,2141,FRAME,556.753,453.192,4.652,-1.832,260,200.0,,,
2026-09-08T03:55:13.081216,9,2142,FRAME,561.405,451.361,4.652,-1.832,267,200.0,,,
2026-09-08T03:55:13.098166,9,2143,FRAME,566.057,449.529,4.652,-1.832,267,200.0,,,
2026-09-08T03:55:13.114315,9,2144,FRAME,570.71,447.697,4.652,-1.832,267,200.0,,,
2026-09-08T03:55:13.131992,9,2145,FRAME,575.362,445.865,4.652,-1.832,267,200.0,,,
2026-09-08T03:55:13.148971,9,2146,FRAME,580.014,444.033,4.652,-1.832,267,200.0,,,
2026-09-08T03:55:13.165738,9,2147,FRAME,584.667,442.201,4.652,-1.832,267,200.0,,,
2026-09-08T03:55:13.182372,9,2148,FRAME,589.319,440.369,4.652,-1.832,267,200.0,,,
2026-09-08T03:55:13.198739,9,2149,FRAME,593.971,438.537,4.652,-1.832,267,200.0,,,
2026-09-08T03:55:13.215234,9,2150,FRAME,598.623,436.705,4.652,-1.832,267,200.0,,,
2026-09-08T03:55:13.232567,9,2151,FRAME,603.276,434.873,4.652,-1.832,267,200.0,,,
2026-09-08T03:55:13.248721,9,2152,FRAME,607.928,433.041,4.652,-1.832,267,200.0,,,
2026-09-08T03:55:13.265338,9,2153,FRAME,612.58,431.209,4.652,-1.832,267,200.0,,,
2026-09-08T03:55:13.281965,9,2154,FRAME,617.233,429.377,4.652,-1.832,267,200.0,,,
2026-09-08T03:55:13.297928,9,2155,FRAME,621.885,427.545,4.652,-1.832,274,200.0,,,
2026-09-08T03:55:13.315344,9,2156,FRAME,626.537,425.713,4.652,-1.832,281,200.0,,,
2026-09-08T03:55:13.332204,9,2157,FRAME,631.189,423.881,4.652,-1.832,288,200.0,,,
2026-09-08T03:55:13.349381,9,2158,FRAME,635.842,422.049,4.652,-1.832,295,200.0,,,
2026-09-08T03:55:13.365984,9,2159,FRAME,640.494,420.217,4.652,-1.832,302,200.0,,,
2026-09-08T03:55:13.382565,9,2160,FRAME,645.146,418.385,4.652,-1.832,309,200.0,,,
2026-09-08T03:55:13.399145,9,2161,FRAME,649.799,416.553,4.652,-1.832,316,200.0,,,
2026-09-08T03:55:13.415390,9,2162,FRAME,654.451,414.721,4.652,-1.832,323,200.0,,,
2026-09-08T03:55:13.432285,9,2163,FRAME,659.103,412.889,4.652,-1.832,330,200.0,,,
2026-09-08T03:55:13.449764,9,2164,FRAME,663.756,411.057,4.652,-1.832,337,200.0,,,
2026-09-08T03:55:13.466400,9,2165,FRAME,668.408,409.225,4.652,-1.832,337,200.0,,,
2026-09-08T03:55:13.482305,9,2166,FRAME,673.06,407.393,4.652,-1.832,337,200.0,,,
2026-09-08T03:55:13.499337,9,2167,FRAME,677.712,405.561,4.652,-1.832,337,200.0,,,
2026-09-08T03:55:13.517140,9,2168,FRAME,682.365,403.729,4.652,-1.832,337,200.0,,,
2026-09-08T03:55:13.535183,9,2169,FRAME,687.017,401.897,4.652,-1.832,337,200.0,,,
2026-09-08T03:55:13.552735,9,2170,FRAME,691.669,400.065,4.652,-1.832,337,200.0,,,
2026-09-08T03:55:13.569566,9,2171,FRAME,696.322,398.233,4.652,-1.832,337,200.0,,,
2026-09-08T03:55:13.587012,9,2172,FRAME,700.974,396.401,4.652,-1.832,337,200.0,,,
2026-09-08T03:55:13.604031,9,2173,FRAME,705.626,394.569,4.652,-1.832,337,200.0,,,
2026-09-08T03:55:13.620006,9,2174,FRAME,710.279,392.737,4.652,-1.832,337,200.0,,,
2026-09-08T03:55:13.636201,9,2175,FRAME,714.931,390.905,4.652,-1.832,337,200.0,,,
2026-09-08T03:55:13.654050,9,2176,FRAME,719.583,389.073,4.652,-1.832,344,200.0,,,
2026-09-08T03:55:13.670479,9,2177,FRAME,724.235,387.241,4.652,-1.832,351,200.0,,,
2026-09-08T03:55:13.687167,9,2178,FRAME,728.888,385.409,4.652,-1.832,358,200.0,,,
2026-09-08T03:55:13.704173,9,2179,FRAME,733.54,383.577,4.652,-1.832,365,200.0,,,
2026-09-08T03:55:13.720647,9,2180,FRAME,738.192,381.746,4.652,-1.832,372,200.0,,,
2026-09-08T03:55:13.737683,9,2181,FRAME,742.845,379.914,4.652,-1.832,379,200.0,,,
2026-09-08T03:55:13.754363,9,2182,FRAME,747.497,378.082,4.652,-1.832,386,200.0,,,
2026-09-08T03:55:13.771609,9,2183,FRAME,752.149,376.25,4.652,-1.832,393,200.0,,,
2026-09-08T03:55:13.788079,9,2184,FRAME,756.802,374.418,4.652,-1.832,400,200.0,,,
2026-09-08T03:55:13.804190,9,2185,FRAME,761.454,372.586,4.652,-1.832,400,200.0,,,
2026-09-08T03:55:13.821747,9,2186,FRAME,766.106,370.754,4.652,-1.832,400,200.0,,,
2026-09-08T03:55:13.837747,9,2187,FRAME,770.758,368.922,4.652,-1.832,400,200.0,,,
2026-09-08T03:55:13.854194,9,2188,FRAME,775.411,367.09,4.652,-1.832,400,200.0,,,
2026-09-08T03:55:13.871208,9,2189,FRAME,780.063,365.258,4.652,-1.832,400,200.0,,,
2026-09-08T03:55:13.888077,9,2190,FRAME,784.715,363.426,4.652,-1.832,400,200.0,,,
2026-09-08T03:55:13.904371,9,2191,FRAME,789.368,361.594,4.652,-1.832,400,200.0,,,
2026-09-08T03:55:13.921314,9,2192,FRAME,794.02,359.762,4.652,-1.832,400,200.0,,,
2026-09-08T03:55:13.938892,9,2193,FRAME,798.672,357.93,4.652,-1.832,400,200.0,,,
2026-09-08T03:55:13.955123,9,2194,FRAME,803.324,356.098,4.652,-1.832,400,200.0,,,
2026-09-08T03:55:13.955123,9,2195,MISS_RIGHT,803.324,356.098,4.652,-1.832,400,200.0,,,LEFT
2026-09-08T03:55:13.970964,10,2196,FRAME,318.154,195.033,-3.675,-3.39,400,200.0,,,
2026-09-08T03:55:13.987291,10,2197,FRAME,314.479,191.642,-3.675,-3.39,400,200.0,,,
2026-09-08T03:55:14.005078,10,2198,FRAME,310.803,188.252,-3.675,-3.39,400,200.0,,,
2026-09-08T03:55:14.020836,10,2199,FRAME,307.128,184.862,-3.675,-3.39,393,200.0,,,
2026-09-08T03:55:14.037112,10,2200,FRAME,303.453,181.472,-3.675,-3.39,386,200.0,,,
2026-09-08T03:55:14.053153,10,2201,FRAME,299.778,178.081,-3.675,-3.39,379,200.0,,,
2026-09-08T03:55:14.070357,10,2202,FRAME,296.103,174.691,-3.675,-3.39,372,200.0,,,
2026-09-08T03:55:14.087411,10,2203,FRAME,292.428,171.301,-3.675,-3.39,365,200.0,,,
2026-09-08T03:55:14.104267,10,2204,FRAME,288.753,167.91,-3.675,-3.39,358,200.0,,,
2026-09-08T03:55:14.121687,10,2205,FRAME,285.078,164.52,-3.675,-3.39,351,200.0,,,
2026-09-08T03:55:14.138452,10,2206,FRAME,281.403,161.13,-3.675,-3.39,344,200.0,,,
2026-09-08T03:55:14.155455,10,2207,FRAME,277.728,157.74,-3.675,-3.39,337,200.0,,,
2026-09-08T03:55:14.171984,10,2208,FRAME,274.053,154.349,-3.675,-3.39,330,200.0,,,
2026-09-08T03:55:14.189255,10,2209,FRAME,270.378,150.959,-3.675,-3.39,323,200.0,,,
2026-09-08T03:55:14.206082,10,2210,FRAME,266.703,147.569,-3.675,-3.39,323,200.0,,,
2026-09-08T03:55:14.222375,10,2211,FRAME,263.028,144.179,-3.675,-3.39,323,200.0,,,
2026-09-08T03:55:14.239492,10,2212,FRAME,259.353,140.788,-3.675,-3.39,323,200.0,,,
2026-09-08T03:55:14.256308,10,2213,FRAME,255.678,137.398,-3.675,-3.39,323,200.0,,,
2026-09-08T03:55:14.272823,10,2214,FRAME,252.003,134.008,-3.675,-3.39,323,200.0,,,
2026-09-08T03:55:14.289681,10,2215,FRAME,248.328,130.617,-3.675,-3.39,323,200.0,,,
2026-09-08T03:55:14.305723,10,2216,FRAME,244.652,127.227,-3.675,-3.39,323,200.0,,,
2026-09-08T03:55:14.322247,10,2217,FRAME,240.977,123.837,-3.675,-3.39,316,200.0,,,
2026-09-08T03:55:14.339589,10,2218,FRAME,237.302,120.447,-3.675,-3.39,309,200.0,,,
2026-09-08T03:55:14.356272,10,2219,FRAME,233.627,117.056,-3.675,-3.39,302,200.0,,,
2026-09-08T03:55:14.374155,10,2220,FRAME,229.952,113.666,-3.675,-3.39,295,200.0,,,
2026-09-08T03:55:14.390802,10,2221,FRAME,226.277,110.276,-3.675,-3.39,288,200.0,,,
2026-09-08T03:55:14.407280,10,2222,FRAME,222.602,106.885,-3.675,-3.39,281,200.0,,,
2026-09-08T03:55:14.424319,10,2223,FRAME,218.927,103.495,-3.675,-3.39,274,200.0,,,
2026-09-08T03:55:14.442035,10,2224,FRAME,215.252,100.105,-3.675,-3.39,267,200.0,,,
2026-09-08T03:55:14.460210,10,2225,FRAME,211.577,96.715,-3.675,-3.39,260,200.0,,,
2026-09-08T03:55:14.477756,10,2226,FRAME,207.902,93.324,-3.675,-3.39,260,200.0,,,
2026-09-08T03:55:14.494197,10,2227,FRAME,204.227,89.934,-3.675,-3.39,260,200.0,,,
2026-09-08T03:55:14.511754,10,2228,FRAME,200.552,86.544,-3.675,-3.39,260,200.0,,,
2026-09-08T03:55:14.528310,10,2229,FRAME,196.877,83.154,-3.675,-3.39,260,200.0,,,
2026-09-08T03:55:14.546256,10,2230,FRAME,193.202,79.763,-3.675,-3.39,260,200.0,,,
2026-09-08T03:55:14.563399,10,2231,FRAME,189.527,76.373,-3.675,-3.39,253,200.0,,,
2026-09-08T03:55:14.579966,10,2232,FRAME,185.852,72.983,-3.675,-3.39,246,200.0,,,
2026-09-08T03:55:14.596419,10,2233,FRAME,182.177,69.592,-3.675,-3.39,239,200.0,,,
2026-09-08T03:55:14.612548,10,2234,FRAME,178.501,66.202,-3.675,-3.39,232,200.0,,,
2026-09-08T03:55:14.629108,10,2235,FRAME,174.826,62.812,-3.675,-3.39,225,200.0,,,
2026-09-08T03:55:14.646135,10,2236,FRAME,171.151,59.422,-3.675,-3.39,218,200.0,,,
2026-09-08T03:55:14.662176,10,2237,FRAME,167.476,56.031,-3.675,-3.39,211,200.0,,,
2026-09-08T03:55:14.679784,10,2238,FRAME,163.801,52.641,-3.675,-3.39,204,200.0,,,
2026-09-08T03:55:14.695771,10,2239,FRAME,160.126,49.251,-3.675,-3.39,197,200.0,,,
2026-09-08T03:55:14.711902,10,2240,FRAME,156.451,45.861,-3.675,-3.39,190,200.0,,,
2026-09-08T03:55:14.728919,10,2241,FRAME,152.776,42.47,-3.675,-3.39,183,200.0,,,
2026-09-08T03:55:14.745415,10,2242,FRAME,149.101,39.08,-3.675,-3.39,176,200.0,,,
2026-09-08T03:55:14.761698,10,2243,FRAME,145.426,35.69,-3.675,-3.39,169,200.0,,,
2026-09-08T03:55:14.778042,10,2244,FRAME,141.751,32.299,-3.675,-3.39,162,200.0,,,
2026-09-08T03:55:14.794158,10,2245,FRAME,138.076,28.909,-3.675,-3.39,155,200.0,,,
2026-09-08T03:55:14.811352,10,2246,FRAME,134.401,25.519,-3.675,-3.39,148,200.0,,,
2026-09-08T03:55:14.827575,10,2247,FRAME,130.726,22.129,-3.675,-3.39,141,200.0,,,
2026-09-08T03:55:14.844231,10,2248,FRAME,127.051,18.738,-3.675,-3.39,134,200.0,,,
2026-09-08T03:55:14.860669,10,2249,FRAME,123.376,15.348,-3.675,-3.39,127,200.0,,,
2026-09-08T03:55:14.877021,10,2250,FRAME,119.701,11.958,-3.675,-3.39,120,200.0,,,
2026-09-08T03:55:14.892469,10,2251,FRAME,116.026,8.568,-3.675,-3.39,113,200.0,,,
2026-09-08T03:55:14.909159,10,2252,FRAME,112.35,5.177,-3.675,-3.39,106,200.0,,,
2026-09-08T03:55:14.926225,10,2253,FRAME,108.675,1.787,-3.675,-3.39,99,200.0,,,
2026-09-08T03:55:14.943455,10,2254,WALL_BOUNCE,105.0,0,-3.675,3.39,92,200.0,,,
2026-09-08T03:55:14.943455,10,2255,FRAME,105.0,0,-3.675,3.39,92,200.0,,,
2026-09-08T03:55:14.959806,10,2256,FRAME,101.325,3.39,-3.675,3.39,85,200.0,,,
2026-09-08T03:55:14.976187,10,2257,FRAME,97.65,6.781,-3.675,3.39,78,200.0,,,
2026-09-08T03:55:14.992395,10,2258,FRAME,93.975,10.171,-3.675,3.39,71,200.0,,,
2026-09-08T03:55:15.009722,10,2259,FRAME,90.3,13.561,-3.675,3.39,64,200.0,,,
2026-09-08T03:55:15.025499,10,2260,FRAME,86.625,16.951,-3.675,3.39,57,200.0,,,
2026-09-08T03:55:15.041667,10,2261,FRAME,82.95,20.342,-3.675,3.39,50,200.0,,,
2026-09-08T03:55:15.058734,10,2262,FRAME,79.275,23.732,-3.675,3.39,43,200.0,,,
2026-09-08T03:55:15.075445,10,2263,FRAME,75.6,27.122,-3.675,3.39,36,200.0,,,
2026-09-08T03:55:15.092244,10,2264,FRAME,71.925,30.512,-3.675,3.39,29,200.0,,,
2026-09-08T03:55:15.109593,10,2265,FRAME,68.25,33.903,-3.675,3.39,29,200.0,,,
2026-09-08T03:55:15.126134,10,2266,FRAME,64.575,37.293,-3.675,3.39,29,200.0,,,
2026-09-08T03:55:15.142784,10,2267,FRAME,60.9,40.683,-3.675,3.39,29,200.0,,,
2026-09-08T03:55:15.159341,10,2268,FRAME,57.225,44.074,-3.675,3.39,29,200.0,,,
2026-09-08T03:55:15.177183,10,2269,FRAME,53.55,47.464,-3.675,3.39,29,200.0,,,
2026-09-08T03:55:15.194206,10,2270,FRAME,49.875,50.854,-3.675,3.39,29,200.0,,,
2026-09-08T03:55:15.210551,10,2271,FRAME,46.199,54.244,-3.675,3.39,29,200.0,,,
2026-09-08T03:55:15.226353,10,2272,LEFT_HIT,45,57.635,4.743,-1.581,29,200.0,-0.307,-18.438,
2026-09-08T03:55:15.226353,10,2273,FRAME,45,57.635,4.743,-1.581,29,200.0,,,
2026-09-08T03:55:15.244472,10,2274,FRAME,49.743,56.053,4.743,-1.581,36,200.0,,,
2026-09-08T03:55:15.260475,10,2275,FRAME,54.487,54.472,4.743,-1.581,43,200.0,,,
2026-09-08T03:55:15.276977,10,2276,FRAME,59.23,52.89,4.743,-1.581,50,200.0,,,
2026-09-08T03:55:15.292469,10,2277,FRAME,63.973,51.309,4.743,-1.581,57,200.0,,,
2026-09-08T03:55:15.309430,10,2278,FRAME,68.717,49.728,4.743,-1.581,64,200.0,,,
2026-09-08T03:55:15.325989,10,2279,FRAME,73.46,48.146,4.743,-1.581,71,200.0,,,
2026-09-08T03:55:15.342632,10,2280,FRAME,78.203,46.565,4.743,-1.581,78,200.0,,,
2026-09-08T03:55:15.359103,10,2281,FRAME,82.947,44.983,4.743,-1.581,85,200.0,,,
2026-09-08T03:55:15.374981,10,2282,FRAME,87.69,43.402,4.743,-1.581,92,200.0,,,
2026-09-08T03:55:15.391074,10,2283,FRAME,92.433,41.82,4.743,-1.581,99,200.0,,,
2026-09-08T03:55:15.407199,10,2284,FRAME,97.177,40.239,4.743,-1.581,106,200.0,,,
2026-09-08T03:55:15.424216,10,2285,FRAME,101.92,38.658,4.743,-1.581,113,200.0,,,
2026-09-08T03:55:15.440964,10,2286,FRAME,106.663,37.076,4.743,-1.581,120,200.0,,,
2026-09-08T03:55:15.456598,10,2287,FRAME,111.407,35.495,4.743,-1.581,127,200.0,,,
2026-09-08T03:55:15.473943,10,2288,FRAME,116.15,33.913,4.743,-1.581,134,200.0,,,
2026-09-08T03:55:15.489997,10,2289,FRAME,120.893,32.332,4.743,-1.581,141,200.0,,,
2026-09-08T03:55:15.506020,10,2290,FRAME,125.636,30.75,4.743,-1.581,148,200.0,,,
2026-09-08T03:55:15.522060,10,2291,FRAME,130.38,29.169,4.743,-1.581,155,200.0,,,
2026-09-08T03:55:15.538761,10,2292,FRAME,135.123,27.588,4.743,-1.581,162,200.0,,,
2026-09-08T03:55:15.554792,10,2293,FRAME,139.866,26.006,4.743,-1.581,169,200.0,,,
2026-09-08T03:55:15.571420,10,2294,FRAME,144.61,24.425,4.743,-1.581,176,200.0,,,
2026-09-08T03:55:15.588372,10,2295,FRAME,149.353,22.843,4.743,-1.581,183,200.0,,,
2026-09-08T03:55:15.605329,10,2296,FRAME,154.096,21.262,4.743,-1.581,190,200.0,,,
2026-09-08T03:55:15.622039,10,2297,FRAME,158.84,19.681,4.743,-1.581,197,200.0,,,
2026-09-08T03:55:15.637972,10,2298,FRAME,163.583,18.099,4.743,-1.581,197,200.0,,,
2026-09-08T03:55:15.653950,10,2299,FRAME,168.326,16.518,4.743,-1.581,197,200.0,,,
2026-09-08T03:55:15.670052,10,2300,FRAME,173.07,14.936,4.743,-1.581,197,200.0,,,
2026-09-08T03:55:15.687312,10,2301,FRAME,177.813,13.355,4.743,-1.581,197,200.0,,,
2026-09-08T03:55:15.704398,10,2302,FRAME,182.556,11.773,4.743,-1.581,197,200.0,,,
2026-09-08T03:55:15.721062,10,2303,FRAME,187.3,10.192,4.743,-1.581,197,200.0,,,
2026-09-08T03:55:15.738305,10,2304,FRAME,192.043,8.611,4.743,-1.581,197,200.0,,,
2026-09-08T03:55:15.755267,10,2305,FRAME,196.786,7.029,4.743,-1.581,197,200.0,,,
2026-09-08T03:55:15.772763,10,2306,FRAME,201.53,5.448,4.743,-1.581,197,200.0,,,
2026-09-08T03:55:15.789376,10,2307,FRAME,206.273,3.866,4.743,-1.581,197,200.0,,,
2026-09-08T03:55:15.806511,10,2308,FRAME,211.016,2.285,4.743,-1.581,197,200.0,,,
2026-09-08T03:55:15.822694,10,2309,FRAME,215.76,0.703,4.743,-1.581,197,200.0,,,
2026-09-08T03:55:15.839513,10,2310,WALL_BOUNCE,220.503,0,4.743,1.581,197,200.0,,,
2026-09-08T03:55:15.839513,10,2311,FRAME,220.503,0,4.743,1.581,197,200.0,,,
2026-09-08T03:55:15.856081,10,2312,FRAME,225.246,1.581,4.743,1.581,197,200.0,,,
2026-09-08T03:55:15.872324,10,2313,FRAME,229.99,3.163,4.743,1.581,197,200.0,,,
2026-09-08T03:55:15.889124,10,2314,FRAME,234.733,4.744,4.743,1.581,197,200.0,,,
2026-09-08T03:55:15.906059,10,2315,FRAME,239.476,6.326,4.743,1.581,197,200.0,,,
2026-09-08T03:55:15.923082,10,2316,FRAME,244.22,7.907,4.743,1.581,197,200.0,,,
2026-09-08T03:55:15.939743,10,2317,FRAME,248.963,9.489,4.743,1.581,197,200.0,,,
2026-09-08T03:55:15.956219,10,2318,FRAME,253.706,11.07,4.743,1.581,204,200.0,,,
2026-09-08T03:55:15.973037,10,2319,FRAME,258.449,12.651,4.743,1.581,211,200.0,,,
2026-09-08T03:55:15.989916,10,2320,FRAME,263.193,14.233,4.743,1.581,218,200.0,,,
2026-09-08T03:55:16.006687,10,2321,FRAME,267.936,15.814,4.743,1.581,225,200.0,,,
2026-09-08T03:55:16.023943,10,2322,FRAME,272.679,17.396,4.743,1.581,232,200.0,,,
2026-09-08T03:55:16.039984,10,2323,FRAME,277.423,18.977,4.743,1.581,239,200.0,,,
2026-09-08T03:55:16.055962,10,2324,FRAME,282.166,20.558,4.743,1.581,246,200.0,,,
2026-09-08T03:55:16.071492,10,2325,FRAME,286.909,22.14,4.743,1.581,253,200.0,,,
2026-09-08T03:55:16.088497,10,2326,FRAME,291.653,23.721,4.743,1.581,260,200.0,,,
2026-09-08T03:55:16.105260,10,2327,FRAME,296.396,25.303,4.743,1.581,267,200.0,,,
2026-09-08T03:55:16.122423,10,2328,FRAME,301.139,26.884,4.743,1.581,274,200.0,,,
2026-09-08T03:55:16.139899,10,2329,FRAME,305.883,28.466,4.743,1.581,274,200.0,,,
2026-09-08T03:55:16.156896,10,2330,FRAME,310.626,30.047,4.743,1.581,274,200.0,,,
2026-09-08T03:55:16.173453,10,2331,FRAME,315.369,31.628,4.743,1.581,274,200.0,,,
2026-09-08T03:55:16.190800,10,2332,FRAME,320.113,33.21,4.743,1.581,274,200.0,,,
2026-09-08T03:55:16.206929,10,2333,FRAME,324.856,34.791,4.743,1.581,274,200.0,,,
2026-09-08T03:55:16.223227,10,2334,FRAME,329.599,36.373,4.743,1.581,274,200.0,,,
2026-09-08T03:55:16.240961,10,2335,FRAME,334.343,37.954,4.743,1.581,274,200.0,,,
2026-09-08T03:55:16.256979,10,2336,FRAME,339.086,39.536,4.743,1.581,274,200.0,,,
2026-09-08T03:55:16.273389,10,2337,FRAME,343.829,41.117,4.743,1.581,274,200.0,,,
2026-09-08T03:55:16.289406,10,2338,FRAME,348.573,42.698,4.743,1.581,274,200.0,,,
2026-09-08T03:55:16.306356,10,2339,FRAME,353.316,44.28,4.743,1.581,274,200.0,,,
2026-09-08T03:55:16.323437,10,2340,FRAME,358.059,45.861,4.743,1.581,281,200.0,,,
2026-09-08T03:55:16.339710,10,2341,FRAME,362.803,47.443,4.743,1.581,288,200.0,,,
2026-09-08T03:55:16.356026,10,2342,FRAME,367.546,49.024,4.743,1.581,295,200.0,,,
2026-09-08T03:55:16.371922,10,2343,FRAME,372.289,50.606,4.743,1.581,302,200.0,,,
2026-09-08T03:55:16.387976,10,2344,FRAME,377.033,52.187,4.743,1.581,309,200.0,,,
2026-09-08T03:55:16.404005,10,2345,FRAME,381.776,53.768,4.743,1.581,316,200.0,,,
2026-09-08T03:55:16.420041,10,2346,FRAME,386.519,55.35,4.743,1.581,323,200.0,,,
2026-09-08T03:55:16.436055,10,2347,FRAME,391.262,56.931,4.743,1.581,330,200.0,,,
2026-09-08T03:55:16.451732,10,2348,FRAME,396.006,58.513,4.743,1.581,337,200.0,,,
2026-09-08T03:55:16.467585,10,2349,FRAME,400.749,60.094,4.743,1.581,344,200.0,,,
2026-09-08T03:55:16.484116,10,2350,FRAME,405.492,61.675,4.743,1.581,351,200.0,,,
2026-09-08T03:55:16.500147,10,2351,FRAME,410.236,63.257,4.743,1.581,351,200.0,,,
2026-09-08T03:55:16.516751,10,2352,FRAME,414.979,64.838,4.743,1.581,351,200.0,,,
2026-09-08T03:55:16.533270,10,2353,FRAME,419.722,66.42,4.743,1.581,351,200.0,,,
2026-09-08T03:55:16.550121,10,2354,FRAME,424.466,68.001,4.743,1.581,351,200.0,,,
2026-09-08T03:55:16.566192,10,2355,FRAME,429.209,69.583,4.743,1.581,351,200.0,,,
2026-09-08T03:55:16.584013,10,2356,FRAME,433.952,71.164,4.743,1.581,351,200.0,,,
2026-09-08T03:55:16.600547,10,2357,FRAME,438.696,72.745,4.743,1.581,351,200.0,,,
2026-09-08T03:55:16.616577,10,2358,FRAME,443.439,74.327,4.743,1.581,351,200.0,,,
2026-09-08T03:55:16.633098,10,2359,FRAME,448.182,75.908,4.743,1.581,351,200.0,,,
2026-09-08T03:55:16.650239,10,2360,FRAME,452.926,77.49,4.743,1.581,351,200.0,,,
2026-09-08T03:55:16.666442,10,2361,FRAME,457.669,79.071,4.743,1.581,351,200.0,,,
2026-09-08T03:55:16.683306,10,2362,FRAME,462.412,80.653,4.743,1.581,351,200.0,,,
2026-09-08T03:55:16.699616,10,2363,FRAME,467.156,82.234,4.743,1.581,344,200.0,,,
2026-09-08T03:55:16.716269,10,2364,FRAME,471.899,83.815,4.743,1.581,337,200.0,,,
2026-09-08T03:55:16.734421,10,2365,FRAME,476.642,85.397,4.743,1.581,330,200.0,,,
2026-09-08T03:55:16.751329,10,2366,FRAME,481.386,86.978,4.743,1.581,323,200.0,,,
2026-09-08T03:55:16.768522,10,2367,FRAME,486.129,88.56,4.743,1.581,316,200.0,,,
2026-09-08T03:55:16.784544,10,2368,FRAME,490.872,90.141,4.743,1.581,309,200.0,,,
2026-09-08T03:55:16.800765,10,2369,FRAME,495.616,91.723,4.743,1.581,302,200.0,,,
2026-09-08T03:55:16.817044,10,2370,FRAME,500.359,93.304,4.743,1.581,295,200.0,,,
2026-09-08T03:55:16.832413,10,2371,FRAME,505.102,94.885,4.743,1.581,288,200.0,,,
2026-09-08T03:55:16.849112,10,2372,FRAME,509.846,96.467,4.743,1.581,281,200.0,,,
2026-09-08T03:55:16.865856,10,2373,FRAME,514.589,98.048,4.743,1.581,274,200.0,,,
2026-09-08T03:55:16.882312,10,2374,FRAME,519.332,99.63,4.743,1.581,267,200.0,,,
2026-09-08T03:55:16.899650,10,2375,FRAME,524.076,101.211,4.743,1.581,267,200.0,,,
2026-09-08T03:55:16.915953,10,2376,FRAME,528.819,102.792,4.743,1.581,267,200.0,,,
2026-09-08T03:55:16.932742,10,2377,FRAME,533.562,104.374,4.743,1.581,267,200.0,,,
2026-09-08T03:55:16.949435,10,2378,FRAME,538.305,105.955,4.743,1.581,267,200.0,,,
2026-09-08T03:55:16.965318,10,2379,FRAME,543.049,107.537,4.743,1.581,267,200.0,,,
2026-09-08T03:55:16.982107,10,2380,FRAME,547.792,109.118,4.743,1.581,267,200.0,,,
2026-09-08T03:55:16.998192,10,2381,FRAME,552.535,110.7,4.743,1.581,267,200.0,,,
2026-09-08T03:55:17.015203,10,2382,FRAME,557.279,112.281,4.743,1.581,267,200.0,,,
2026-09-08T03:55:17.032664,10,2383,FRAME,562.022,113.862,4.743,1.581,267,200.0,,,
2026-09-08T03:55:17.049163,10,2384,FRAME,566.765,115.444,4.743,1.581,260,200.0,,,
2026-09-08T03:55:17.065397,10,2385,FRAME,571.509,117.025,4.743,1.581,253,200.0,,,
2026-09-08T03:55:17.081634,10,2386,FRAME,576.252,118.607,4.743,1.581,246,200.0,,,
2026-09-08T03:55:17.098198,10,2387,FRAME,580.995,120.188,4.743,1.581,239,200.0,,,
2026-09-08T03:55:17.114285,10,2388,FRAME,585.739,121.77,4.743,1.581,232,200.0,,,
2026-09-08T03:55:17.131143,10,2389,FRAME,590.482,123.351,4.743,1.581,225,200.0,,,
2026-09-08T03:55:17.148375,10,2390,FRAME,595.225,124.932,4.743,1.581,218,200.0,,,
2026-09-08T03:55:17.165330,10,2391,FRAME,599.969,126.514,4.743,1.581,211,200.0,,,
2026-09-08T03:55:17.181379,10,2392,FRAME,604.712,128.095,4.743,1.581,204,200.0,,,
2026-09-08T03:55:17.198588,10,2393,FRAME,609.455,129.677,4.743,1.581,197,200.0,,,
2026-09-08T03:55:17.215064,10,2394,FRAME,614.199,131.258,4.743,1.581,190,200.0,,,
2026-09-08T03:55:17.231419,10,2395,FRAME,618.942,132.84,4.743,1.581,183,200.0,,,
2026-09-08T03:55:17.248209,10,2396,FRAME,623.685,134.421,4.743,1.581,176,200.0,,,
2026-09-08T03:55:17.266107,10,2397,FRAME,628.429,136.002,4.743,1.581,176,200.0,,,
2026-09-08T03:55:17.281422,10,2398,FRAME,633.172,137.584,4.743,1.581,176,200.0,,,
2026-09-08T03:55:17.297510,10,2399,FRAME,637.915,139.165,4.743,1.581,176,200.0,,,
2026-09-08T03:55:17.314284,10,2400,FRAME,642.659,140.747,4.743,1.581,176,200.0,,,
2026-09-08T03:55:17.330388,10,2401,FRAME,647.402,142.328,4.743,1.581,176,200.0,,,
2026-09-08T03:55:17.346974,10,2402,FRAME,652.145,143.909,4.743,1.581,176,200.0,,,
2026-09-08T03:55:17.364316,10,2403,FRAME,656.889,145.491,4.743,1.581,176,200.0,,,
2026-09-08T03:55:17.381665,10,2404,FRAME,661.632,147.072,4.743,1.581,176,200.0,,,
2026-09-08T03:55:17.397904,10,2405,FRAME,666.375,148.654,4.743,1.581,176,200.0,,,
2026-09-08T03:55:17.414448,10,2406,FRAME,671.118,150.235,4.743,1.581,176,200.0,,,
2026-09-08T03:55:17.431427,10,2407,FRAME,675.862,151.817,4.743,1.581,176,200.0,,,
2026-09-08T03:55:17.447897,10,2408,FRAME,680.605,153.398,4.743,1.581,176,200.0,,,
2026-09-08T03:55:17.464118,10,2409,FRAME,685.348,154.979,4.743,1.581,176,200.0,,,
2026-09-08T03:55:17.480744,10,2410,FRAME,690.092,156.561,4.743,1.581,176,200.0,,,
2026-09-08T03:55:17.496730,10,2411,FRAME,694.835,158.142,4.743,1.581,183,200.0,,,
2026-09-08T03:55:17.513427,10,2412,FRAME,699.578,159.724,4.743,1.581,190,200.0,,,
2026-09-08T03:55:17.530157,10,2413,FRAME,704.322,161.305,4.743,1.581,197,200.0,,,
2026-09-08T03:55:17.547375,10,2414,FRAME,709.065,162.887,4.743,1.581,204,200.0,,,
2026-09-08T03:55:17.563272,10,2415,FRAME,713.808,164.468,4.743,1.581,211,200.0,,,
2026-09-08T03:55:17.580012,10,2416,FRAME,718.552,166.049,4.743,1.581,218,200.0,,,
2026-09-08T03:55:17.596892,10,2417,FRAME,723.295,167.631,4.743,1.581,225,200.0,,,
2026-09-08T03:55:17.613228,10,2418,FRAME,728.038,169.212,4.743,1.581,232,200.0,,,
2026-09-08T03:55:17.629900,10,2419,FRAME,732.782,170.794,4.743,1.581,239,200.0,,,
2026-09-08T03:55:17.646311,10,2420,FRAME,737.525,172.375,4.743,1.581,246,200.0,,,
2026-09-08T03:55:17.663171,10,2421,FRAME,742.268,173.957,4.743,1.581,253,200.0,,,
2026-09-08T03:55:17.679900,10,2422,FRAME,747.012,175.538,4.743,1.581,260,200.0,,,
2026-09-08T03:55:17.696115,10,2423,FRAME,751.755,177.119,4.743,1.581,267,200.0,,,
2026-09-08T03:55:17.713120,10,2424,FRAME,756.498,178.701,4.743,1.581,274,200.0,,,
2026-09-08T03:55:17.730155,10,2425,FRAME,761.242,180.282,4.743,1.581,281,200.0,,,
2026-09-08T03:55:17.747271,10,2426,FRAME,765.985,181.864,4.743,1.581,281,200.0,,,
2026-09-08T03:55:17.764252,10,2427,FRAME,770.728,183.445,4.743,1.581,281,200.0,,,
2026-09-08T03:55:17.780842,10,2428,FRAME,775.472,185.026,4.743,1.581,281,200.0,,,
2026-09-08T03:55:17.797060,10,2429,FRAME,780.215,186.608,4.743,1.581,281,200.0,,,
2026-09-08T03:55:17.813415,10,2430,FRAME,784.958,188.189,4.743,1.581,281,200.0,,,
2026-09-08T03:55:17.830198,10,2431,FRAME,789.702,189.771,4.743,1.581,281,200.0,,,
2026-09-08T03:55:17.846697,10,2432,FRAME,794.445,191.352,4.743,1.581,281,200.0,,,
2026-09-08T03:55:17.862650,10,2433,FRAME,799.188,192.934,4.743,1.581,281,200.0,,,
2026-09-08T03:55:17.879393,10,2434,FRAME,803.931,194.515,4.743,1.581,281,200.0,,,
2026-09-08T03:55:17.879393,10,2435,MISS_RIGHT,803.931,194.515,4.743,1.581,281,200.0,,,LEFT
2026-09-08T03:55:17.896630,11,2436,FRAME,366.491,382.76,-4.321,-2.516,281,200.0,,,
2026-09-08T03:55:17.914280,11,2437,FRAME,362.17,380.244,-4.321,-2.516,281,200.0,,,
2026-09-08T03:55:17.931639,11,2438,FRAME,357.849,377.729,-4.321,-2.516,281,200.0,,,
2026-09-08T03:55:17.947542,11,2439,FRAME,353.528,375.213,-4.321,-2.516,281,200.0,,,
2026-09-08T03:55:17.963411,11,2440,FRAME,349.207,372.697,-4.321,-2.516,281,200.0,,,
2026-09-08T03:55:17.979384,11,2441,FRAME,344.886,370.181,-4.321,-2.516,281,200.0,,,
2026-09-08T03:55:17.996310,11,2442,FRAME,340.565,367.666,-4.321,-2.516,281,200.0,,,
2026-09-08T03:55:18.012931,11,2443,FRAME,336.244,365.15,-4.321,-2.516,281,200.0,,,
2026-09-08T03:55:18.029070,11,2444,FRAME,331.923,362.634,-4.321,-2.516,281,200.0,,,
2026-09-08T03:55:18.045340,11,2445,FRAME,327.602,360.118,-4.321,-2.516,281,200.0,,,
2026-09-08T03:55:18.062366,11,2446,FRAME,323.281,357.602,-4.321,-2.516,281,200.0,,,
2026-09-08T03:55:18.079562,11,2447,FRAME,318.96,355.087,-4.321,-2.516,281,200.0,,,
2026-09-08T03:55:18.096258,11,2448,FRAME,314.639,352.571,-4.321,-2.516,281,200.0,,,
2026-09-08T03:55:18.113217,11,2449,FRAME,310.318,350.055,-4.321,-2.516,274,200.0,,,
2026-09-08T03:55:18.129987,11,2450,FRAME,305.997,347.539,-4.321,-2.516,267,200.0,,,
2026-09-08T03:55:18.145694,11,2451,FRAME,301.676,345.024,-4.321,-2.516,260,200.0,,,
2026-09-08T03:55:18.162408,11,2452,FRAME,297.355,342.508,-4.321,-2.516,253,200.0,,,
2026-09-08T03:55:18.178881,11,2453,FRAME,293.034,339.992,-4.321,-2.516,246,200.0,,,
2026-09-08T03:55:18.195539,11,2454,FRAME,288.713,337.476,-4.321,-2.516,239,200.0,,,
2026-09-08T03:55:18.211941,11,2455,FRAME,284.392,334.96,-4.321,-2.516,232,200.0,,,
2026-09-08T03:55:18.228363,11,2456,FRAME,280.071,332.445,-4.321,-2.516,225,200.0,,,
2026-09-08T03:55:18.245592,11,2457,FRAME,275.75,329.929,-4.321,-2.516,218,200.0,,,
2026-09-08T03:55:18.261615,11,2458,FRAME,271.429,327.413,-4.321,-2.516,211,200.0,,,
2026-09-08T03:55:18.278518,11,2459,FRAME,267.108,324.897,-4.321,-2.516,204,200.0,,,
2026-09-08T03:55:18.294377,11,2460,FRAME,262.787,322.382,-4.321,-2.516,197,200.0,,,
2026-09-08T03:55:18.310645,11,2461,FRAME,258.466,319.866,-4.321,-2.516,190,200.0,,,
2026-09-08T03:55:18.327445,11,2462,FRAME,254.145,317.35,-4.321,-2.516,183,200.0,,,
2026-09-08T03:55:18.344231,11,2463,FRAME,249.824,314.834,-4.321,-2.516,176,200.0,,,
2026-09-08T03:55:18.361299,11,2464,FRAME,245.503,312.318,-4.321,-2.516,169,200.0,,,
2026-09-08T03:55:18.378696,11,2465,FRAME,241.182,309.803,-4.321,-2.516,162,200.0,,,
2026-09-08T03:55:18.395211,11,2466,FRAME,236.861,307.287,-4.321,-2.516,162,200.0,,,
2026-09-08T03:55:18.412331,11,2467,FRAME,232.54,304.771,-4.321,-2.516,162,200.0,,,
2026-09-08T03:55:18.430015,11,2468,FRAME,228.219,302.255,-4.321,-2.516,162,200.0,,,
2026-09-08T03:55:18.447028,11,2469,FRAME,223.899,299.74,-4.321,-2.516,162,200.0,,,
2026-09-08T03:55:18.464197,11,2470,FRAME,219.578,297.224,-4.321,-2.516,162,200.0,,,
2026-09-08T03:55:18.480639,11,2471,FRAME,215.257,294.708,-4.321,-2.516,162,200.0,,,
2026-09-08T03:55:18.497918,11,2472,FRAME,210.936,292.192,-4.321,-2.516,162,200.0,,,
2026-09-08T03:55:18.513965,11,2473,FRAME,206.615,289.676,-4.321,-2.516,162,200.0,,,
2026-09-08T03:55:18.530117,11,2474,FRAME,202.294,287.161,-4.321,-2.516,162,200.0,,,
2026-09-08T03:55:18.546718,11,2475,FRAME,197.973,284.645,-4.321,-2.516,162,200.0,,,
2026-09-08T03:55:18.564028,11,2476,FRAME,193.652,282.129,-4.321,-2.516,162,200.0,,,
2026-09-08T03:55:18.580213,11,2477,FRAME,189.331,279.613,-4.321,-2.516,162,200.0,,,
2026-09-08T03:55:18.597617,11,2478,FRAME,185.01,277.097,-4.321,-2.516,162,200.0,,,
2026-09-08T03:55:18.613407,11,2479,FRAME,180.689,274.582,-4.321,-2.516,162,200.0,,,
2026-09-08T03:55:18.630487,11,2480,FRAME,176.368,272.066,-4.321,-2.516,162,200.0,,,
2026-09-08T03:55:18.646924,11,2481,FRAME,172.047,269.55,-4.321,-2.516,162,200.0,,,
2026-09-08T03:55:18.663260,11,2482,FRAME,167.726,267.034,-4.321,-2.516,162,200.0,,,
2026-09-08T03:55:18.679470,11,2483,FRAME,163.405,264.519,-4.321,-2.516,169,200.0,,,
2026-09-08T03:55:18.695579,11,2484,FRAME,159.084,262.003,-4.321,-2.516,176,200.0,,,
2026-09-08T03:55:18.712470,11,2485,FRAME,154.763,259.487,-4.321,-2.516,183,200.0,,,
2026-09-08T03:55:18.729412,11,2486,FRAME,150.442,256.971,-4.321,-2.516,190,200.0,,,
2026-09-08T03:55:18.745734,11,2487,FRAME,146.121,254.455,-4.321,-2.516,197,200.0,,,
2026-09-08T03:55:18.762867,11,2488,FRAME,141.8,251.94,-4.321,-2.516,204,200.0,,,
2026-09-08T03:55:18.779433,11,2489,FRAME,137.479,249.424,-4.321,-2.516,211,200.0,,,
2026-09-08T03:55:18.796026,11,2490,FRAME,133.158,246.908,-4.321,-2.516,218,200.0,,,
2026-09-08T03:55:18.812788,11,2491,FRAME,128.837,244.392,-4.321,-2.516,218,200.0,,,
2026-09-08T03:55:18.829118,11,2492,FRAME,124.516,241.877,-4.321,-2.516,218,200.0,,,
2026-09-08T03:55:18.845094,11,2493,FRAME,120.195,239.361,-4.321,-2.516,218,200.0,,,
2026-09-08T03:55:18.861160,11,2494,FRAME,115.874,236.845,-4.321,-2.516,218,200.0,,,
2026-09-08T03:55:18.878842,11,2495,FRAME,111.553,234.329,-4.321,-2.516,218,200.0,,,
2026-09-08T03:55:18.894685,11,2496,FRAME,107.232,231.813,-4.321,-2.516,218,200.0,,,
2026-09-08T03:55:18.911477,11,2497,FRAME,102.911,229.298,-4.321,-2.516,218,200.0,,,
2026-09-08T03:55:18.928304,11,2498,FRAME,98.59,226.782,-4.321,-2.516,218,200.0,,,
2026-09-08T03:55:18.945450,11,2499,FRAME,94.269,224.266,-4.321,-2.516,218,200.0,,,
2026-09-08T03:55:18.962002,11,2500,FRAME,89.948,221.75,-4.321,-2.516,218,200.0,,,
2026-09-08T03:55:18.977259,11,2501,FRAME,85.627,219.235,-4.321,-2.516,218,200.0,,,
2026-09-08T03:55:18.994151,11,2502,FRAME,81.306,216.719,-4.321,-2.516,218,200.0,,,
2026-09-08T03:55:19.011040,11,2503,FRAME,76.985,214.203,-4.321,-2.516,218,200.0,,,
2026-09-08T03:55:19.026679,11,2504,FRAME,72.664,211.687,-4.321,-2.516,211,200.0,,,
2026-09-08T03:55:19.042345,11,2505,FRAME,68.343,209.171,-4.321,-2.516,204,200.0,,,
2026-09-08T03:55:19.059377,11,2506,FRAME,64.022,206.656,-4.321,-2.516,197,200.0,,,
2026-09-08T03:55:19.076254,11,2507,FRAME,59.701,204.14,-4.321,-2.516,190,200.0,,,
2026-09-08T03:55:19.093569,11,2508,FRAME,55.38,201.624,-4.321,-2.516,183,200.0,,,
2026-09-08T03:55:19.110995,11,2509,FRAME,51.059,199.108,-4.321,-2.516,176,200.0,,,
2026-09-08T03:55:19.127139,11,2510,FRAME,46.738,196.593,-4.321,-2.516,169,200.0,,,
2026-09-08T03:55:19.143277,11,2511,LEFT_HIT,45,194.077,4.845,-1.236,162,200.0,-0.238,-14.308,
2026-09-08T03:55:19.143277,11,2512,FRAME,45,194.077,4.845,-1.236,162,200.0,,,
2026-09-08T03:55:19.160458,11,2513,FRAME,49.845,192.841,4.845,-1.236,155,200.0,,,
2026-09-08T03:55:19.178091,11,2514,FRAME,54.69,191.605,4.845,-1.236,148,200.0,,,
2026-09-08T03:55:19.194190,11,2515,FRAME,59.535,190.37,4.845,-1.236,141,200.0,,,
2026-09-08T03:55:19.211016,11,2516,FRAME,64.38,189.134,4.845,-1.236,134,200.0,,,
2026-09-08T03:55:19.227237,11,2517,FRAME,69.225,187.898,4.845,-1.236,127,200.0,,,
2026-09-08T03:55:19.244206,11,2518,FRAME,74.069,186.663,4.845,-1.236,120,200.0,,,
2026-09-08T03:55:19.261154,11,2519,FRAME,78.914,185.427,4.845,-1.236,113,200.0,,,
2026-09-08T03:55:19.278626,11,2520,FRAME,83.759,184.191,4.845,-1.236,106,200.0,,,
2026-09-08T03:55:19.295432,11,2521,FRAME,88.604,182.956,4.845,-1.236,99,200.0,,,
2026-09-08T03:55:19.312819,11,2522,FRAME,93.449,181.72,4.845,-1.236,92,200.0,,,
2026-09-08T03:55:19.329450,11,2523,FRAME,98.294,180.484,4.845,-1.236,85,200.0,,,
2026-09-08T03:55:19.346196,11,2524,FRAME,103.139,179.249,4.845,-1.236,78,200.0,,,
2026-09-08T03:55:19.363942,11,2525,FRAME,107.984,178.013,4.845,-1.236,71,200.0,,,
2026-09-08T03:55:19.380279,11,2526,FRAME,112.829,176.777,4.845,-1.236,64,200.0,,,
2026-09-08T03:55:19.397146,11,2527,FRAME,117.674,175.542,4.845,-1.236,57,200.0,,,
2026-09-08T03:55:19.414401,11,2528,FRAME,122.519,174.306,4.845,-1.236,50,200.0,,,
2026-09-08T03:55:19.431032,11,2529,FRAME,127.363,173.07,4.845,-1.236,43,200.0,,,
2026-09-08T03:55:19.447026,11,2530,FRAME,132.208,171.835,4.845,-1.236,36,200.0,,,
2026-09-08T03:55:19.463950,11,2531,FRAME,137.053,170.599,4.845,-1.236,29,200.0,,,
2026-09-08T03:55:19.480513,11,2532,FRAME,141.898,169.363,4.845,-1.236,29,200.0,,,
2026-09-08T03:55:19.497146,11,2533,FRAME,146.743,168.128,4.845,-1.236,29,200.0,,,
2026-09-08T03:55:19.514397,11,2534,FRAME,151.588,166.892,4.845,-1.236,29,200.0,,,
2026-09-08T03:55:19.531647,11,2535,FRAME,156.433,165.656,4.845,-1.236,29,200.0,,,
2026-09-08T03:55:19.547870,11,2536,FRAME,161.278,164.421,4.845,-1.236,29,200.0,,,
2026-09-08T03:55:19.564351,11,2537,FRAME,166.123,163.185,4.845,-1.236,29,200.0,,,
2026-09-08T03:55:19.580871,11,2538,FRAME,170.968,161.949,4.845,-1.236,29,200.0,,,
2026-09-08T03:55:19.597899,11,2539,FRAME,175.813,160.714,4.845,-1.236,29,200.0,,,
2026-09-08T03:55:19.614277,11,2540,FRAME,180.657,159.478,4.845,-1.236,36,200.0,,,
2026-09-08T03:55:19.631428,11,2541,FRAME,185.502,158.242,4.845,-1.236,43,200.0,,,
2026-09-08T03:55:19.648569,11,2542,FRAME,190.347,157.007,4.845,-1.236,50,200.0,,,
2026-09-08T03:55:19.664816,11,2543,FRAME,195.192,155.771,4.845,-1.236,57,200.0,,,
2026-09-08T03:55:19.681179,11,2544,FRAME,200.037,154.535,4.845,-1.236,64,200.0,,,
2026-09-08T03:55:19.697869,11,2545,FRAME,204.882,153.3,4.845,-1.236,71,200.0,,,
2026-09-08T03:55:19.714258,11,2546,FRAME,209.727,152.064,4.845,-1.236,78,200.0,,,
2026-09-08T03:55:19.731054,11,2547,FRAME,214.572,150.828,4.845,-1.236,85,200.0,,,
2026-09-08T03:55:19.747293,11,2548,FRAME,219.417,149.593,4.845,-1.236,92,200.0,,,
2026-09-08T03:55:19.764274,11,2549,FRAME,224.262,148.357,4.845,-1.236,99,200.0,,,
2026-09-08T03:55:19.781236,11,2550,FRAME,229.106,147.121,4.845,-1.236,106,200.0,,,
2026-09-08T03:55:19.797923,11,2551,FRAME,233.951,145.886,4.845,-1.236,113,200.0,,,
2026-09-08T03:55:19.814161,11,2552,FRAME,238.796,144.65,4.845,-1.236,120,200.0,,,
2026-09-08T03:55:19.830330,11,2553,FRAME,243.641,143.414,4.845,-1.236,127,200.0,,,
2026-09-08T03:55:19.847216,11,2554,FRAME,248.486,142.179,4.845,-1.236,127,200.0,,,
2026-09-08T03:55:19.864359,11,2555,FRAME,253.331,140.943,4.845,-1.236,127,200.0,,,
2026-09-08T03:55:19.881067,11,2556,FRAME,258.176,139.707,4.845,-1.236,127,200.0,,,
2026-09-08T03:55:19.897305,11,2557,FRAME,263.021,138.472,4.845,-1.236,127,200.0,,,
2026-09-08T03:55:19.914370,11,2558,FRAME,267.866,137.236,4.845,-1.236,127,200.0,,,
2026-09-08T03:55:19.930543,11,2559,FRAME,272.711,136.0,4.845,-1.236,127,200.0,,,
2026-09-08T03:55:19.947019,11,2560,FRAME,277.556,134.765,4.845,-1.236,127,200.0,,,
2026-09-08T03:55:19.962977,11,2561,FRAME,282.4,133.529,4.845,-1.236,127,200.0,,,
2026-09-08T03:55:19.979859,11,2562,FRAME,287.245,132.293,4.845,-1.236,127,200.0,,,
2026-09-08T03:55:19.995999,11,2563,FRAME,292.09,131.058,4.845,-1.236,127,200.0,,,
2026-09-08T03:55:20.011653,11,2564,FRAME,296.935,129.822,4.845,-1.236,127,200.0,,,
2026-09-08T03:55:20.027900,11,2565,FRAME,301.78,128.586,4.845,-1.236,127,200.0,,,
2026-09-08T03:55:20.043630,11,2566,FRAME,306.625,127.351,4.845,-1.236,127,200.0,,,
2026-09-08T03:55:20.060400,11,2567,FRAME,311.47,126.115,4.845,-1.236,134,200.0,,,
2026-09-08T03:55:20.077172,11,2568,FRAME,316.315,124.879,4.845,-1.236,141,200.0,,,
2026-09-08T03:55:20.094139,11,2569,FRAME,321.16,123.644,4.845,-1.236,148,200.0,,,
2026-09-08T03:55:20.111230,11,2570,FRAME,326.005,122.408,4.845,-1.236,155,200.0,,,
2026-09-08T03:55:20.128211,11,2571,FRAME,330.85,121.172,4.845,-1.236,162,200.0,,,
2026-09-08T03:55:20.144294,11,2572,FRAME,335.694,119.937,4.845,-1.236,169,200.0,,,
2026-09-08T03:55:20.161074,11,2573,FRAME,340.539,118.701,4.845,-1.236,176,200.0,,,
2026-09-08T03:55:20.177085,11,2574,FRAME,345.384,117.465,4.845,-1.236,183,200.0,,,
2026-09-08T03:55:20.192673,11,2575,FRAME,350.229,116.23,4.845,-1.236,190,200.0,,,
2026-09-08T03:55:20.209401,11,2576,FRAME,355.074,114.994,4.845,-1.236,197,200.0,,,
2026-09-08T03:55:20.226465,11,2577,FRAME,359.919,113.758,4.845,-1.236,204,200.0,,,
2026-09-08T03:55:20.242840,11,2578,FRAME,364.764,112.523,4.845,-1.236,211,200.0,,,
2026-09-08T03:55:20.259122,11,2579,FRAME,369.609,111.287,4.845,-1.236,218,200.0,,,
2026-09-08T03:55:20.275309,11,2580,FRAME,374.454,110.051,4.845,-1.236,225,200.0,,,
2026-09-08T03:55:20.291250,11,2581,FRAME,379.299,108.816,4.845,-1.236,225,200.0,,,
2026-09-08T03:55:20.308177,11,2582,FRAME,384.144,107.58,4.845,-1.236,225,200.0,,,
2026-09-08T03:55:20.324346,11,2583,FRAME,388.988,106.344,4.845,-1.236,225,200.0,,,
2026-09-08T03:55:20.341014,11,2584,FRAME,393.833,105.109,4.845,-1.236,225,200.0,,,
2026-09-08T03:55:20.357763,11,2585,FRAME,398.678,103.873,4.845,-1.236,225,200.0,,,
2026-09-08T03:55:20.374086,11,2586,FRAME,403.523,102.637,4.845,-1.236,225,200.0,,,
2026-09-08T03:55:20.389315,11,2587,FRAME,408.368,101.402,4.845,-1.236,225,200.0,,,
2026-09-08T03:55:20.407173,11,2588,FRAME,413.213,100.166,4.845,-1.236,225,200.0,,,
2026-09-08T03:55:20.424115,11,2589,FRAME,418.058,98.93,4.845,-1.236,225,200.0,,,
2026-09-08T03:55:20.440977,11,2590,FRAME,422.903,97.695,4.845,-1.236,225,200.0,,,
2026-09-08T03:55:20.457085,11,2591,FRAME,427.748,96.459,4.845,-1.236,225,200.0,,,
2026-09-08T03:55:20.473139,11,2592,FRAME,432.593,95.223,4.845,-1.236,225,200.0,,,
2026-09-08T03:55:20.489726,11,2593,FRAME,437.438,93.988,4.845,-1.236,225,200.0,,,
2026-09-08T03:55:20.506524,11,2594,FRAME,442.282,92.752,4.845,-1.236,225,200.0,,,
2026-09-08T03:55:20.522839,11,2595,FRAME,447.127,91.516,4.845,-1.236,225,200.0,,,
2026-09-08T03:55:20.539856,11,2596,FRAME,451.972,90.281,4.845,-1.236,225,200.0,,,
2026-09-08T03:55:20.556466,11,2597,FRAME,456.817,89.045,4.845,-1.236,225,200.0,,,
2026-09-08T03:55:20.572929,11,2598,FRAME,461.662,87.809,4.845,-1.236,225,200.0,,,
2026-09-08T03:55:20.588793,11,2599,FRAME,466.507,86.574,4.845,-1.236,225,200.0,,,
2026-09-08T03:55:20.605383,11,2600,FRAME,471.352,85.338,4.845,-1.236,225,200.0,,,
2026-09-08T03:55:20.622189,11,2601,FRAME,476.197,84.102,4.845,-1.236,225,200.0,,,
2026-09-08T03:55:20.638974,11,2602,FRAME,481.042,82.867,4.845,-1.236,225,200.0,,,
2026-09-08T03:55:20.655502,11,2603,FRAME,485.887,81.631,4.845,-1.236,225,200.0,,,
2026-09-08T03:55:20.672132,11,2604,FRAME,490.732,80.395,4.845,-1.236,225,200.0,,,
2026-09-08T03:55:20.688757,11,2605,FRAME,495.576,79.16,4.845,-1.236,225,200.0,,,
2026-09-08T03:55:20.704998,11,2606,FRAME,500.421,77.924,4.845,-1.236,225,200.0,,,
2026-09-08T03:55:20.721998,11,2607,FRAME,505.266,76.688,4.845,-1.236,225,200.0,,,
2026-09-08T03:55:20.738509,11,2608,FRAME,510.111,75.453,4.845,-1.236,225,200.0,,,
2026-09-08T03:55:20.755241,11,2609,FRAME,514.956,74.217,4.845,-1.236,225,200.0,,,
2026-09-08T03:55:20.772105,11,2610,FRAME,519.801,72.981,4.845,-1.236,232,200.0,,,
2026-09-08T03:55:20.788108,11,2611,FRAME,524.646,71.746,4.845,-1.236,239,200.0,,,
2026-09-08T03:55:20.803980,11,2612,FRAME,529.491,70.51,4.845,-1.236,246,200.0,,,
2026-09-08T03:55:20.820886,11,2613,FRAME,534.336,69.274,4.845,-1.236,253,200.0,,,
2026-09-08T03:55:20.836386,11,2614,FRAME,539.181,68.039,4.845,-1.236,260,200.0,,,
2026-09-08T03:55:20.854219,11,2615,FRAME,544.025,66.803,4.845,-1.236,267,200.0,,,
2026-09-08T03:55:20.871374,11,2616,FRAME,548.87,65.567,4.845,-1.236,274,200.0,,,
2026-09-08T03:55:20.888083,11,2617,FRAME,553.715,64.332,4.845,-1.236,281,200.0,,,
2026-09-08T03:55:20.903943,11,2618,FRAME,558.56,63.096,4.845,-1.236,288,200.0,,,
2026-09-08T03:55:20.919648,11,2619,FRAME,563.405,61.86,4.845,-1.236,295,200.0,,,
2026-09-08T03:55:20.936641,11,2620,FRAME,568.25,60.625,4.845,-1.236,302,200.0,,,
2026-09-08T03:55:20.953040,11,2621,FRAME,573.095,59.389,4.845,-1.236,309,200.0,,,
2026-09-08T03:55:20.969359,11,2622,FRAME,577.94,58.153,4.845,-1.236,309,200.0,,,
2026-09-08T03:55:20.986240,11,2623,FRAME,582.785,56.918,4.845,-1.236,309,200.0,,,
2026-09-08T03:55:21.003125,11,2624,FRAME,587.63,55.682,4.845,-1.236,309,200.0,,,
2026-09-08T03:55:21.018861,11,2625,FRAME,592.475,54.446,4.845,-1.236,309,200.0,,,
2026-09-08T03:55:21.035281,11,2626,FRAME,597.319,53.211,4.845,-1.236,309,200.0,,,
2026-09-08T03:55:21.051540,11,2627,FRAME,602.164,51.975,4.845,-1.236,309,200.0,,,
2026-09-08T03:55:21.068376,11,2628,FRAME,607.009,50.739,4.845,-1.236,309,200.0,,,
2026-09-08T03:55:21.085227,11,2629,FRAME,611.854,49.504,4.845,-1.236,309,200.0,,,
2026-09-08T03:55:21.101994,11,2630,FRAME,616.699,48.268,4.845,-1.236,309,200.0,,,
2026-09-08T03:55:21.118075,11,2631,FRAME,621.544,47.032,4.845,-1.236,309,200.0,,,
2026-09-08T03:55:21.135426,11,2632,FRAME,626.389,45.797,4.845,-1.236,302,200.0,,,
2026-09-08T03:55:21.151035,11,2633,FRAME,631.234,44.561,4.845,-1.236,295,200.0,,,
2026-09-08T03:55:21.167646,11,2634,FRAME,636.079,43.326,4.845,-1.236,288,200.0,,,
2026-09-08T03:55:21.184246,11,2635,FRAME,640.924,42.09,4.845,-1.236,281,200.0,,,
2026-09-08T03:55:21.201033,11,2636,FRAME,645.769,40.854,4.845,-1.236,274,200.0,,,
2026-09-08T03:55:21.216931,11,2637,FRAME,650.613,39.619,4.845,-1.236,267,200.0,,,
2026-09-08T03:55:21.233429,11,2638,FRAME,655.458,38.383,4.845,-1.236,260,200.0,,,
2026-09-08T03:55:21.250457,11,2639,FRAME,660.303,37.147,4.845,-1.236,253,200.0,,,
2026-09-08T03:55:21.267572,11,2640,FRAME,665.148,35.912,4.845,-1.236,246,200.0,,,
2026-09-08T03:55:21.284398,11,2641,FRAME,669.993,34.676,4.845,-1.236,239,200.0,,,
2026-09-08T03:55:21.301445,11,2642,FRAME,674.838,33.44,4.845,-1.236,232,200.0,,,
2026-09-08T03:55:21.318466,11,2643,FRAME,679.683,32.205,4.845,-1.236,225,200.0,,,
2026-09-08T03:55:21.335297,11,2644,FRAME,684.528,30.969,4.845,-1.236,225,200.0,,,
2026-09-08T03:55:21.352201,11,2645,FRAME,689.373,29.733,4.845,-1.236,225,200.0,,,
2026-09-08T03:55:21.369306,11,2646,FRAME,694.218,28.498,4.845,-1.236,225,200.0,,,
2026-09-08T03:55:21.386127,11,2647,FRAME,699.063,27.262,4.845,-1.236,225,200.0,,,
2026-09-08T03:55:21.401985,11,2648,FRAME,703.907,26.026,4.845,-1.236,225,200.0,,,
2026-09-08T03:55:21.418361,11,2649,FRAME,708.752,24.791,4.845,-1.236,225,200.0,,,
2026-09-08T03:55:21.435723,11,2650,FRAME,713.597,23.555,4.845,-1.236,225,200.0,,,
2026-09-08T03:55:21.451828,11,2651,FRAME,718.442,22.319,4.845,-1.236,225,200.0,,,
2026-09-08T03:55:21.468641,11,2652,FRAME,723.287,21.084,4.845,-1.236,225,200.0,,,
2026-09-08T03:55:21.485313,11,2653,FRAME,728.132,19.848,4.845,-1.236,225,200.0,,,
2026-09-08T03:55:21.502740,11,2654,FRAME,732.977,18.612,4.845,-1.236,225,200.0,,,
2026-09-08T03:55:21.519080,11,2655,FRAME,737.822,17.377,4.845,-1.236,225,200.0,,,
2026-09-08T03:55:21.535008,11,2656,FRAME,742.667,16.141,4.845,-1.236,225,200.0,,,
2026-09-08T03:55:21.551423,11,2657,FRAME,747.512,14.905,4.845,-1.236,225,200.0,,,
2026-09-08T03:55:21.567385,11,2658,FRAME,752.357,13.67,4.845,-1.236,232,200.0,,,
2026-09-08T03:55:21.584150,11,2659,FRAME,757.201,12.434,4.845,-1.236,239,200.0,,,
2026-09-08T03:55:21.600282,11,2660,FRAME,762.046,11.198,4.845,-1.236,246,200.0,,,
2026-09-08T03:55:21.616947,11,2661,FRAME,766.891,9.963,4.845,-1.236,253,200.0,,,
2026-09-08T03:55:21.632930,11,2662,FRAME,771.736,8.727,4.845,-1.236,260,200.0,,,
2026-09-08T03:55:21.649307,11,2663,FRAME,776.581,7.491,4.845,-1.236,267,200.0,,,
2026-09-08T03:55:21.666356,11,2664,FRAME,781.426,6.256,4.845,-1.236,274,200.0,,,
2026-09-08T03:55:21.683392,11,2665,FRAME,786.271,5.02,4.845,-1.236,281,200.0,,,
2026-09-08T03:55:21.700505,11,2666,FRAME,791.116,3.784,4.845,-1.236,288,200.0,,,
2026-09-08T03:55:21.717038,11,2667,FRAME,795.961,2.549,4.845,-1.236,295,200.0,,,
2026-09-08T03:55:21.733442,11,2668,FRAME,800.806,1.313,4.845,-1.236,302,200.0,,,
2026-09-08T03:55:21.733442,11,2669,MISS_RIGHT,800.806,1.313,4.845,-1.236,302,200.0,,,LEFT
2026-09-08T03:55:21.749899,12,2670,FRAME,487.849,256.529,-4.508,2.162,309,200.0,,,
2026-09-08T03:55:21.766379,12,2671,FRAME,483.341,258.691,-4.508,2.162,316,200.0,,,
2026-09-08T03:55:21.782421,12,2672,FRAME,478.832,260.853,-4.508,2.162,316,200.0,,,
2026-09-08T03:55:21.799269,12,2673,FRAME,474.324,263.014,-4.508,2.162,316,200.0,,,
2026-09-08T03:55:21.816615,12,2674,FRAME,469.816,265.176,-4.508,2.162,316,200.0,,,
2026-09-08T03:55:21.832451,12,2675,FRAME,465.307,267.338,-4.508,2.162,316,200.0,,,
2026-09-08T03:55:21.849275,12,2676,FRAME,460.799,269.5,-4.508,2.162,316,200.0,,,
2026-09-08T03:55:21.866310,12,2677,FRAME,456.29,271.662,-4.508,2.162,316,200.0,,,
2026-09-08T03:55:21.882930,12,2678,FRAME,451.782,273.824,-4.508,2.162,316,200.0,,,
2026-09-08T03:55:21.898894,12,2679,FRAME,447.273,275.986,-4.508,2.162,316,200.0,,,
2026-09-08T03:55:21.915324,12,2680,FRAME,442.765,278.148,-4.508,2.162,316,200.0,,,
2026-09-08T03:55:21.932593,12,2681,FRAME,438.256,280.31,-4.508,2.162,316,200.0,,,
2026-09-08T03:55:21.950139,12,2682,FRAME,433.748,282.472,-4.508,2.162,309,200.0,,,
2026-09-08T03:55:21.966594,12,2683,FRAME,429.24,284.634,-4.508,2.162,302,200.0,,,
2026-09-08T03:55:21.982671,12,2684,FRAME,424.731,286.796,-4.508,2.162,295,200.0,,,
2026-09-08T03:55:21.999070,12,2685,FRAME,420.223,288.957,-4.508,2.162,288,200.0,,,
2026-09-08T03:55:22.015026,12,2686,FRAME,415.714,291.119,-4.508,2.162,281,200.0,,,
2026-09-08T03:55:22.030906,12,2687,FRAME,411.206,293.281,-4.508,2.162,274,200.0,,,
2026-09-08T03:55:22.046810,12,2688,FRAME,406.697,295.443,-4.508,2.162,267,200.0,,,
2026-09-08T03:55:22.063288,12,2689,FRAME,402.189,297.605,-4.508,2.162,260,200.0,,,
2026-09-08T03:55:22.079679,12,2690,FRAME,397.68,299.767,-4.508,2.162,253,200.0,,,
2026-09-08T03:55:22.096588,12,2691,FRAME,393.172,301.929,-4.508,2.162,246,200.0,,,
2026-09-08T03:55:22.113399,12,2692,FRAME,388.663,304.091,-4.508,2.162,239,200.0,,,
2026-09-08T03:55:22.130202,12,2693,FRAME,384.155,306.253,-4.508,2.162,232,200.0,,,
2026-09-08T03:55:22.147405,12,2694,FRAME,379.647,308.415,-4.508,2.162,232,200.0,,,
2026-09-08T03:55:22.162308,12,2695,FRAME,375.138,310.577,-4.508,2.162,232,200.0,,,
2026-09-08T03:55:22.179483,12,2696,FRAME,370.63,312.739,-4.508,2.162,232,200.0,,,
2026-09-08T03:55:22.195978,12,2697,FRAME,366.121,314.9,-4.508,2.162,232,200.0,,,
2026-09-08T03:55:22.212076,12,2698,FRAME,361.613,317.062,-4.508,2.162,232,200.0,,,
2026-09-08T03:55:22.228872,12,2699,FRAME,357.104,319.224,-4.508,2.162,232,200.0,,,
2026-09-08T03:55:22.245386,12,2700,FRAME,352.596,321.386,-4.508,2.162,232,200.0,,,
2026-09-08T03:55:22.262782,12,2701,FRAME,348.087,323.548,-4.508,2.162,232,200.0,,,
2026-09-08T03:55:22.279365,12,2702,FRAME,343.579,325.71,-4.508,2.162,232,200.0,,,
2026-09-08T03:55:22.296396,12,2703,FRAME,339.071,327.872,-4.508,2.162,232,200.0,,,
2026-09-08T03:55:22.313173,12,2704,FRAME,334.562,330.034,-4.508,2.162,232,200.0,,,
2026-09-08T03:55:22.330677,12,2705,FRAME,330.054,332.196,-4.508,2.162,239,200.0,,,
2026-09-08T03:55:22.347264,12,2706,FRAME,325.545,334.358,-4.508,2.162,246,200.0,,,
2026-09-08T03:55:22.364238,12,2707,FRAME,321.037,336.52,-4.508,2.162,253,200.0,,,
2026-09-08T03:55:22.381025,12,2708,FRAME,316.528,338.682,-4.508,2.162,260,200.0,,,
2026-09-08T03:55:22.397066,12,2709,FRAME,312.02,340.843,-4.508,2.162,267,200.0,,,
2026-09-08T03:55:22.413292,12,2710,FRAME,307.511,343.005,-4.508,2.162,274,200.0,,,
2026-09-08T03:55:22.429597,12,2711,FRAME,303.003,345.167,-4.508,2.162,281,200.0,,,
2026-09-08T03:55:22.445494,12,2712,FRAME,298.495,347.329,-4.508,2.162,288,200.0,,,
2026-09-08T03:55:22.463181,12,2713,FRAME,293.986,349.491,-4.508,2.162,295,200.0,,,
2026-09-08T03:55:22.480607,12,2714,FRAME,289.478,351.653,-4.508,2.162,302,200.0,,,
2026-09-08T03:55:22.496833,12,2715,FRAME,284.969,353.815,-4.508,2.162,309,200.0,,,
2026-09-08T03:55:22.513275,12,2716,FRAME,280.461,355.977,-4.508,2.162,316,200.0,,,
2026-09-08T03:55:22.530094,12,2717,FRAME,275.952,358.139,-4.508,2.162,323,200.0,,,
2026-09-08T03:55:22.546694,12,2718,FRAME,271.444,360.301,-4.508,2.162,330,200.0,,,
2026-09-08T03:55:22.563329,12,2719,FRAME,266.935,362.463,-4.508,2.162,337,200.0,,,
2026-09-08T03:55:22.580331,12,2720,FRAME,262.427,364.625,-4.508,2.162,337,200.0,,,
2026-09-08T03:55:22.596591,12,2721,FRAME,257.918,366.787,-4.508,2.162,337,200.0,,,
2026-09-08T03:55:22.612752,12,2722,FRAME,253.41,368.948,-4.508,2.162,337,200.0,,,
2026-09-08T03:55:22.629345,12,2723,FRAME,248.902,371.11,-4.508,2.162,337,200.0,,,
2026-09-08T03:55:22.646437,12,2724,FRAME,244.393,373.272,-4.508,2.162,337,200.0,,,
2026-09-08T03:55:22.662859,12,2725,FRAME,239.885,375.434,-4.508,2.162,337,200.0,,,
2026-09-08T03:55:22.678765,12,2726,FRAME,235.376,377.596,-4.508,2.162,337,200.0,,,
2026-09-08T03:55:22.695166,12,2727,FRAME,230.868,379.758,-4.508,2.162,337,200.0,,,
2026-09-08T03:55:22.711704,12,2728,FRAME,226.359,381.92,-4.508,2.162,337,200.0,,,
2026-09-08T03:55:22.728878,12,2729,FRAME,221.851,384.082,-4.508,2.162,344,200.0,,,
2026-09-08T03:55:22.745609,12,2730,FRAME,217.342,386.244,-4.508,2.162,351,200.0,,,
2026-09-08T03:55:22.762518,12,2731,FRAME,212.834,388.406,-4.508,2.162,358,200.0,,,
2026-09-08T03:55:22.779252,12,2732,FRAME,208.326,390.568,-4.508,2.162,365,200.0,,,
2026-09-08T03:55:22.795442,12,2733,FRAME,203.817,392.73,-4.508,2.162,372,200.0,,,
2026-09-08T03:55:22.812968,12,2734,FRAME,199.309,394.891,-4.508,2.162,379,200.0,,,
2026-09-08T03:55:22.829317,12,2735,FRAME,194.8,397.053,-4.508,2.162,386,200.0,,,
2026-09-08T03:55:22.846319,12,2736,FRAME,190.292,399.215,-4.508,2.162,393,200.0,,,
2026-09-08T03:55:22.863273,12,2737,FRAME,185.783,401.377,-4.508,2.162,400,200.0,,,
2026-09-08T03:55:22.880158,12,2738,FRAME,181.275,403.539,-4.508,2.162,400,200.0,,,
2026-09-08T03:55:22.896785,12,2739,FRAME,176.766,405.701,-4.508,2.162,400,200.0,,,
2026-09-08T03:55:22.913136,12,2740,FRAME,172.258,407.863,-4.508,2.162,400,200.0,,,
2026-09-08T03:55:22.929341,12,2741,FRAME,167.749,410.025,-4.508,2.162,400,200.0,,,
2026-09-08T03:55:22.946209,12,2742,FRAME,163.241,412.187,-4.508,2.162,400,200.0,,,
2026-09-08T03:55:22.964011,12,2743,FRAME,158.733,414.349,-4.508,2.162,400,200.0,,,
2026-09-08T03:55:22.980147,12,2744,FRAME,154.224,416.511,-4.508,2.162,400,200.0,,,
2026-09-08T03:55:22.996945,12,2745,FRAME,149.716,418.673,-4.508,2.162,400,200.0,,,
2026-09-08T03:55:23.013339,12,2746,FRAME,145.207,420.834,-4.508,2.162,400,200.0,,,
2026-09-08T03:55:23.030198,12,2747,FRAME,140.699,422.996,-4.508,2.162,400,200.0,,,
2026-09-08T03:55:23.047184,12,2748,FRAME,136.19,425.158,-4.508,2.162,400,200.0,,,
2026-09-08T03:55:23.064394,12,2749,FRAME,131.682,427.32,-4.508,2.162,400,200.0,,,
2026-09-08T03:55:23.081467,12,2750,FRAME,127.173,429.482,-4.508,2.162,400,200.0,,,
2026-09-08T03:55:23.098337,12,2751,FRAME,122.665,431.644,-4.508,2.162,400,200.0,,,
2026-09-08T03:55:23.115167,12,2752,FRAME,118.157,433.806,-4.508,2.162,400,200.0,,,
2026-09-08T03:55:23.131594,12,2753,FRAME,113.648,435.968,-4.508,2.162,400,200.0,,,
2026-09-08T03:55:23.147346,12,2754,FRAME,109.14,438.13,-4.508,2.162,400,200.0,,,
2026-09-08T03:55:23.164964,12,2755,FRAME,104.631,440.292,-4.508,2.162,400,200.0,,,
2026-09-08T03:55:23.181313,12,2756,FRAME,100.123,442.454,-4.508,2.162,400,200.0,,,
2026-09-08T03:55:23.197349,12,2757,FRAME,95.614,444.616,-4.508,2.162,400,200.0,,,
2026-09-08T03:55:23.214020,12,2758,FRAME,91.106,446.777,-4.508,2.162,400,200.0,,,
2026-09-08T03:55:23.230872,12,2759,FRAME,86.597,448.939,-4.508,2.162,400,200.0,,,
2026-09-08T03:55:23.247323,12,2760,FRAME,82.089,451.101,-4.508,2.162,400,200.0,,,
2026-09-08T03:55:23.265144,12,2761,FRAME,77.581,453.263,-4.508,2.162,393,200.0,,,
2026-09-08T03:55:23.281607,12,2762,FRAME,73.072,455.425,-4.508,2.162,386,200.0,,,
2026-09-08T03:55:23.297626,12,2763,FRAME,68.564,457.587,-4.508,2.162,379,200.0,,,
2026-09-08T03:55:23.314415,12,2764,FRAME,64.055,459.749,-4.508,2.162,372,200.0,,,
2026-09-08T03:55:23.331810,12,2765,FRAME,59.547,461.911,-4.508,2.162,365,200.0,,,
2026-09-08T03:55:23.348295,12,2766,FRAME,55.038,464.073,-4.508,2.162,358,200.0,,,
2026-09-08T03:55:23.365435,12,2767,FRAME,50.53,466.235,-4.508,2.162,351,200.0,,,
2026-09-08T03:55:23.382048,12,2768,FRAME,46.021,468.397,-4.508,2.162,344,200.0,,,
2026-09-08T03:55:23.398520,12,2769,FRAME,41.513,470.559,-4.508,2.162,337,200.0,,,
2026-09-08T03:55:23.415489,12,2770,FRAME,37.004,472.72,-4.508,2.162,330,200.0,,,
2026-09-08T03:55:23.432890,12,2771,FRAME,32.496,474.882,-4.508,2.162,323,200.0,,,
2026-09-08T03:55:23.448927,12,2772,FRAME,27.988,477.044,-4.508,2.162,316,200.0,,,
2026-09-08T03:55:23.466330,12,2773,FRAME,23.479,479.206,-4.508,2.162,309,200.0,,,
2026-09-08T03:55:23.484367,12,2774,FRAME,18.971,481.368,-4.508,2.162,302,200.0,,,
2026-09-08T03:55:23.501045,12,2775,FRAME,14.462,483.53,-4.508,2.162,302,200.0,,,
2026-09-08T03:55:23.517314,12,2776,FRAME,9.954,485.692,-4.508,2.162,302,200.0,,,
2026-09-08T03:55:23.533423,12,2777,FRAME,5.445,487.854,-4.508,2.162,302,200.0,,,
2026-09-08T03:55:23.549844,12,2778,WALL_BOUNCE,0.937,488,-4.508,-2.162,302,200.0,,,
2026-09-08T03:55:23.549844,12,2779,FRAME,0.937,488,-4.508,-2.162,302,200.0,,,
2026-09-08T03:55:23.566036,12,2780,FRAME,-3.572,485.838,-4.508,-2.162,302,200.0,,,
2026-09-08T03:55:23.582754,12,2781,FRAME,-8.08,483.676,-4.508,-2.162,302,200.0,,,
2026-09-08T03:55:23.599247,12,2782,FRAME,-12.588,481.514,-4.508,-2.162,302,200.0,,,
2026-09-08T03:55:23.599247,12,2783,MISS_LEFT,-12.588,481.514,-4.508,-2.162,302,200.0,,,RIGHT
2026-09-08T03:55:23.616045,13,2784,FRAME,453.826,155.15,4.591,1.98,302,200.0,,,
2026-09-08T03:55:23.632626,13,2785,FRAME,458.417,157.13,4.591,1.98,302,200.0,,,
2026-09-08T03:55:23.648866,13,2786,FRAME,463.008,159.11,4.591,1.98,302,200.0,,,
2026-09-08T03:55:23.665589,13,2787,FRAME,467.6,161.089,4.591,1.98,302,200.0,,,
2026-09-08T03:55:23.681663,13,2788,FRAME,472.191,163.069,4.591,1.98,302,200.0,,,
2026-09-08T03:55:23.698186,13,2789,FRAME,476.782,165.049,4.591,1.98,302,200.0,,,
2026-09-08T03:55:23.715581,13,2790,FRAME,481.373,167.029,4.591,1.98,302,200.0,,,
2026-09-08T03:55:23.732277,13,2791,FRAME,485.965,169.009,4.591,1.98,302,200.0,,,
2026-09-08T03:55:23.749221,13,2792,FRAME,490.556,170.989,4.591,1.98,302,200.0,,,
2026-09-08T03:55:23.765448,13,2793,FRAME,495.147,172.969,4.591,1.98,302,200.0,,,
2026-09-08T03:55:23.782320,13,2794,FRAME,499.739,174.949,4.591,1.98,302,200.0,,,
2026-09-08T03:55:23.798495,13,2795,FRAME,504.33,176.928,4.591,1.98,302,200.0,,,
2026-09-08T03:55:23.815354,13,2796,FRAME,508.921,178.908,4.591,1.98,302,200.0,,,
2026-09-08T03:55:23.832191,13,2797,FRAME,513.513,180.888,4.591,1.98,302,200.0,,,
2026-09-08T03:55:23.849856,13,2798,FRAME,518.104,182.868,4.591,1.98,302,200.0,,,
2026-09-08T03:55:23.866222,13,2799,FRAME,522.695,184.848,4.591,1.98,302,200.0,,,
2026-09-08T03:55:23.883274,13,2800,FRAME,527.286,186.828,4.591,1.98,302,200.0,,,
2026-09-08T03:55:23.900220,13,2801,FRAME,531.878,188.808,4.591,1.98,302,200.0,,,
2026-09-08T03:55:23.917849,13,2802,FRAME,536.469,190.788,4.591,1.98,302,200.0,,,
2026-09-08T03:55:23.934373,13,2803,FRAME,541.06,192.767,4.591,1.98,302,200.0,,,
2026-09-08T03:55:23.951477,13,2804,FRAME,545.652,194.747,4.591,1.98,302,200.0,,,
2026-09-08T03:55:23.968429,13,2805,FRAME,550.243,196.727,4.591,1.98,302,200.0,,,
2026-09-08T03:55:23.985434,13,2806,FRAME,554.834,198.707,4.591,1.98,302,200.0,,,
2026-09-08T03:55:24.002708,13,2807,FRAME,559.426,200.687,4.591,1.98,309,200.0,,,
2026-09-08T03:55:24.018289,13,2808,FRAME,564.017,202.667,4.591,1.98,316,200.0,,,
2026-09-08T03:55:24.035563,13,2809,FRAME,568.608,204.647,4.591,1.98,323,200.0,,,
2026-09-08T03:55:24.051713,13,2810,FRAME,573.2,206.627,4.591,1.98,330,200.0,,,
2026-09-08T03:55:24.068075,13,2811,FRAME,577.791,208.607,4.591,1.98,337,200.0,,,
2026-09-08T03:55:24.085346,13,2812,FRAME,582.382,210.586,4.591,1.98,344,200.0,,,
2026-09-08T03:55:24.102021,13,2813,FRAME,586.973,212.566,4.591,1.98,351,200.0,,,
2026-09-08T03:55:24.118611,13,2814,FRAME,591.565,214.546,4.591,1.98,358,200.0,,,
2026-09-08T03:55:24.134469,13,2815,FRAME,596.156,216.526,4.591,1.98,365,200.0,,,
2026-09-08T03:55:24.151372,13,2816,FRAME,600.747,218.506,4.591,1.98,372,200.0,,,
2026-09-08T03:55:24.168349,13,2817,FRAME,605.339,220.486,4.591,1.98,379,200.0,,,
2026-09-08T03:55:24.185490,13,2818,FRAME,609.93,222.466,4.591,1.98,386,200.0,,,
2026-09-08T03:55:24.201807,13,2819,FRAME,614.521,224.446,4.591,1.98,393,200.0,,,
2026-09-08T03:55:24.218007,13,2820,FRAME,619.113,226.425,4.591,1.98,400,200.0,,,
2026-09-08T03:55:24.234014,13,2821,FRAME,623.704,228.405,4.591,1.98,400,200.0,,,
2026-09-08T03:55:24.251311,13,2822,FRAME,628.295,230.385,4.591,1.98,400,200.0,,,
2026-09-08T03:55:24.267564,13,2823,FRAME,632.886,232.365,4.591,1.98,400,200.0,,,
2026-09-08T03:55:24.284337,13,2824,FRAME,637.478,234.345,4.591,1.98,400,200.0,,,
2026-09-08T03:55:24.301103,13,2825,FRAME,642.069,236.325,4.591,1.98,400,200.0,,,
2026-09-08T03:55:24.316944,13,2826,FRAME,646.66,238.305,4.591,1.98,400,200.0,,,
2026-09-08T03:55:24.334158,13,2827,FRAME,651.252,240.285,4.591,1.98,400,200.0,,,
2026-09-08T03:55:24.351294,13,2828,FRAME,655.843,242.265,4.591,1.98,400,200.0,,,
2026-09-08T03:55:24.368661,13,2829,FRAME,660.434,244.244,4.591,1.98,400,200.0,,,
2026-09-08T03:55:24.385593,13,2830,FRAME,665.026,246.224,4.591,1.98,400,200.0,,,
2026-09-08T03:55:24.402311,13,2831,FRAME,669.617,248.204,4.591,1.98,400,200.0,,,
2026-09-08T03:55:24.419080,13,2832,FRAME,674.208,250.184,4.591,1.98,400,200.0,,,
2026-09-08T03:55:24.435429,13,2833,FRAME,678.799,252.164,4.591,1.98,400,200.0,,,
2026-09-08T03:55:24.452193,13,2834,FRAME,683.391,254.144,4.591,1.98,400,200.0,,,
2026-09-08T03:55:24.469429,13,2835,FRAME,687.982,256.124,4.591,1.98,400,200.0,,,
2026-09-08T03:55:24.486496,13,2836,FRAME,692.573,258.104,4.591,1.98,400,200.0,,,
2026-09-08T03:55:24.502620,13,2837,FRAME,697.165,260.083,4.591,1.98,400,200.0,,,
2026-09-08T03:55:24.520004,13,2838,FRAME,701.756,262.063,4.591,1.98,400,200.0,,,
2026-09-08T03:55:24.536529,13,2839,FRAME,706.347,264.043,4.591,1.98,400,200.0,,,
2026-09-08T03:55:24.552403,13,2840,FRAME,710.939,266.023,4.591,1.98,400,200.0,,,
2026-09-08T03:55:24.568354,13,2841,FRAME,715.53,268.003,4.591,1.98,400,200.0,,,
2026-09-08T03:55:24.584486,13,2842,FRAME,720.121,269.983,4.591,1.98,400,200.0,,,
2026-09-08T03:55:24.601884,13,2843,FRAME,724.713,271.963,4.591,1.98,400,200.0,,,
2026-09-08T03:55:24.617670,13,2844,FRAME,729.304,273.943,4.591,1.98,400,200.0,,,
2026-09-08T03:55:24.634320,13,2845,FRAME,733.895,275.922,4.591,1.98,400,200.0,,,
2026-09-08T03:55:24.650925,13,2846,FRAME,738.486,277.902,4.591,1.98,400,200.0,,,
2026-09-08T03:55:24.667738,13,2847,FRAME,743.078,279.882,4.591,1.98,400,200.0,,,
2026-09-08T03:55:24.684214,13,2848,RIGHT_HIT,743,281.862,-3.509,3.562,400,200.0,0.757,45.435,
2026-09-08T03:55:24.684214,13,2849,FRAME,743,281.862,-3.509,3.562,400,200.0,,,
2026-09-08T03:55:24.701432,13,2850,FRAME,739.491,285.424,-3.509,3.562,400,200.0,,,
2026-09-08T03:55:24.718460,13,2851,FRAME,735.983,288.987,-3.509,3.562,400,200.0,,,
2026-09-08T03:55:24.734693,13,2852,FRAME,732.474,292.549,-3.509,3.562,400,200.0,,,
2026-09-08T03:55:24.750814,13,2853,FRAME,728.966,296.111,-3.509,3.562,400,200.0,,,
2026-09-08T03:55:24.766790,13,2854,FRAME,725.457,299.673,-3.509,3.562,400,200.0,,,
2026-09-08T03:55:24.783448,13,2855,FRAME,721.948,303.236,-3.509,3.562,400,200.0,,,
2026-09-08T03:55:24.800142,13,2856,FRAME,718.44,306.798,-3.509,3.562,400,200.0,,,
2026-09-08T03:55:24.815907,13,2857,FRAME,714.931,310.36,-3.509,3.562,400,200.0,,,
2026-09-08T03:55:24.832141,13,2858,FRAME,711.422,313.922,-3.509,3.562,400,200.0,,,
2026-09-08T03:55:24.849168,13,2859,FRAME,707.914,317.485,-3.509,3.562,400,200.0,,,
2026-09-08T03:55:24.866149,13,2860,FRAME,704.405,321.047,-3.509,3.562,400,200.0,,,
2026-09-08T03:55:24.882851,13,2861,FRAME,700.897,324.609,-3.509,3.562,400,200.0,,,
2026-09-08T03:55:24.898744,13,2862,FRAME,697.388,328.171,-3.509,3.562,400,200.0,,,
2026-09-08T03:55:24.915564,13,2863,FRAME,693.879,331.734,-3.509,3.562,400,200.0,,,
2026-09-08T03:55:24.931825,13,2864,FRAME,690.371,335.296,-3.509,3.562,400,200.0,,,
2026-09-08T03:55:24.948346,13,2865,FRAME,686.862,338.858,-3.509,3.562,400,200.0,,,
2026-09-08T03:55:24.965582,13,2866,FRAME,683.354,342.42,-3.509,3.562,400,200.0,,,
2026-09-08T03:55:24.982623,13,2867,FRAME,679.845,345.983,-3.509,3.562,400,200.0,,,
2026-09-08T03:55:24.999639,13,2868,FRAME,676.336,349.545,-3.509,3.562,400,200.0,,,
2026-09-08T03:55:25.016266,13,2869,FRAME,672.828,353.107,-3.509,3.562,400,200.0,,,
2026-09-08T03:55:25.033392,13,2870,FRAME,669.319,356.669,-3.509,3.562,400,200.0,,,
2026-09-08T03:55:25.050930,13,2871,FRAME,665.81,360.232,-3.509,3.562,400,200.0,,,
2026-09-08T03:55:25.067219,13,2872,FRAME,662.302,363.794,-3.509,3.562,400,200.0,,,
2026-09-08T03:55:25.084244,13,2873,FRAME,658.793,367.356,-3.509,3.562,400,200.0,,,
2026-09-08T03:55:25.101151,13,2874,FRAME,655.285,370.918,-3.509,3.562,400,200.0,,,
2026-09-08T03:55:25.118374,13,2875,FRAME,651.776,374.481,-3.509,3.562,400,200.0,,,
2026-09-08T03:55:25.136365,13,2876,FRAME,648.267,378.043,-3.509,3.562,400,200.0,,,
2026-09-08T03:55:25.152171,13,2877,FRAME,644.759,381.605,-3.509,3.562,400,200.0,,,
2026-09-08T03:55:25.168518,13,2878,FRAME,641.25,385.167,-3.509,3.562,400,200.0,,,
2026-09-08T03:55:25.184389,13,2879,FRAME,637.742,388.73,-3.509,3.562,400,200.0,,,
2026-09-08T03:55:25.201044,13,2880,FRAME,634.233,392.292,-3.509,3.562,400,200.0,,,
2026-09-08T03:55:25.216643,13,2881,FRAME,630.724,395.854,-3.509,3.562,400,200.0,,,
2026-09-08T03:55:25.233104,13,2882,FRAME,627.216,399.416,-3.509,3.562,400,200.0,,,
2026-09-08T03:55:25.249932,13,2883,FRAME,623.707,402.979,-3.509,3.562,400,200.0,,,
2026-09-08T03:55:25.266587,13,2884,FRAME,620.198,406.541,-3.509,3.562,400,200.0,,,
2026-09-08T03:55:25.284402,13,2885,FRAME,616.69,410.103,-3.509,3.562,400,200.0,,,
2026-09-08T03:55:25.300464,13,2886,FRAME,613.181,413.665,-3.509,3.562,400,200.0,,,
2026-09-08T03:55:25.317384,13,2887,FRAME,609.673,417.228,-3.509,3.562,400,200.0,,,
2026-09-08T03:55:25.334260,13,2888,FRAME,606.164,420.79,-3.509,3.562,400,200.0,,,
2026-09-08T03:55:25.351677,13,2889,FRAME,602.655,424.352,-3.509,3.562,400,200.0,,,
2026-09-08T03:55:25.367985,13,2890,FRAME,599.147,427.914,-3.509,3.562,400,200.0,,,
2026-09-08T03:55:25.384012,13,2891,FRAME,595.638,431.477,-3.509,3.562,400,200.0,,,
2026-09-08T03:55:25.400390,13,2892,FRAME,592.129,435.039,-3.509,3.562,400,200.0,,,
2026-09-08T03:55:25.417417,13,2893,FRAME,588.621,438.601,-3.509,3.562,400,200.0,,,
2026-09-08T03:55:25.433649,13,2894,FRAME,585.112,442.163,-3.509,3.562,400,200.0,,,
2026-09-08T03:55:25.449893,13,2895,FRAME,581.604,445.726,-3.509,3.562,400,200.0,,,
2026-09-08T03:55:25.466218,13,2896,FRAME,578.095,449.288,-3.509,3.562,400,200.0,,,
2026-09-08T03:55:25.483132,13,2897,FRAME,574.586,452.85,-3.509,3.562,400,200.0,,,
2026-09-08T03:55:25.500050,13,2898,FRAME,571.078,456.412,-3.509,3.562,400,200.0,,,
2026-09-08T03:55:25.516307,13,2899,FRAME,567.569,459.975,-3.509,3.562,400,200.0,,,
2026-09-08T03:55:25.532327,13,2900,FRAME,564.061,463.537,-3.509,3.562,400,200.0,,,
2026-09-08T03:55:25.549863,13,2901,FRAME,560.552,467.099,-3.509,3.562,400,200.0,,,
2026-09-08T03:55:25.566148,13,2902,FRAME,557.043,470.661,-3.509,3.562,400,200.0,,,
2026-09-08T03:55:25.583208,13,2903,FRAME,553.535,474.224,-3.509,3.562,393,200.0,,,
2026-09-08T03:55:25.599398,13,2904,FRAME,550.026,477.786,-3.509,3.562,386,200.0,,,
2026-09-08T03:55:25.616450,13,2905,FRAME,546.517,481.348,-3.509,3.562,379,200.0,,,
2026-09-08T03:55:25.633006,13,2906,FRAME,543.009,484.91,-3.509,3.562,372,200.0,,,
2026-09-08T03:55:25.649132,13,2907,WALL_BOUNCE,539.5,488,-3.509,-3.562,365,200.0,,,
2026-09-08T03:55:25.649132,13,2908,FRAME,539.5,488,-3.509,-3.562,365,200.0,,,
2026-09-08T03:55:25.666987,13,2909,FRAME,535.992,484.438,-3.509,-3.562,358,200.0,,,
2026-09-08T03:55:25.682741,13,2910,FRAME,532.483,480.876,-3.509,-3.562,351,200.0,,,
2026-09-08T03:55:25.699131,13,2911,FRAME,528.974,477.313,-3.509,-3.562,344,200.0,,,
2026-09-08T03:55:25.716437,13,2912,FRAME,525.466,473.751,-3.509,-3.562,337,200.0,,,
2026-09-08T03:55:25.732987,13,2913,FRAME,521.957,470.189,-3.509,-3.562,330,200.0,,,
2026-09-08T03:55:25.749124,13,2914,FRAME,518.449,466.627,-3.509,-3.562,330,200.0,,,
2026-09-08T03:55:25.766246,13,2915,FRAME,514.94,463.064,-3.509,-3.562,330,200.0,,,
2026-09-08T03:55:25.783986,13,2916,FRAME,511.431,459.502,-3.509,-3.562,330,200.0,,,
2026-09-08T03:55:25.800055,13,2917,FRAME,507.923,455.94,-3.509,-3.562,330,200.0,,,
2026-09-08T03:55:25.816510,13,2918,FRAME,504.414,452.378,-3.509,-3.562,330,200.0,,,
2026-09-08T03:55:25.833541,13,2919,FRAME,500.905,448.815,-3.509,-3.562,330,200.0,,,
2026-09-08T03:55:25.850287,13,2920,FRAME,497.397,445.253,-3.509,-3.562,330,200.0,,,
2026-09-08T03:55:25.867922,13,2921,FRAME,493.888,441.691,-3.509,-3.562,330,200.0,,,
2026-09-08T03:55:25.884119,13,2922,FRAME,490.38,438.129,-3.509,-3.562,330,200.0,,,
2026-09-08T03:55:25.899906,13,2923,FRAME,486.871,434.566,-3.509,-3.562,330,200.0,,,
2026-09-08T03:55:25.916224,13,2924,FRAME,483.362,431.004,-3.509,-3.562,330,200.0,,,
2026-09-08T03:55:25.933268,13,2925,FRAME,479.854,427.442,-3.509,-3.562,330,200.0,,,
2026-09-08T03:55:25.950181,13,2926,FRAME,476.345,423.88,-3.509,-3.562,330,200.0,,,
2026-09-08T03:55:25.967187,13,2927,FRAME,472.837,420.317,-3.509,-3.562,330,200.0,,,
2026-09-08T03:55:25.984073,13,2928,FRAME,469.328,416.755,-3.509,-3.562,330,200.0,,,
2026-09-08T03:55:26.000190,13,2929,FRAME,465.819,413.193,-3.509,-3.562,330,200.0,,,
2026-09-08T03:55:26.018077,13,2930,FRAME,462.311,409.631,-3.509,-3.562,330,200.0,,,
2026-09-08T03:55:26.034132,13,2931,FRAME,458.802,406.068,-3.509,-3.562,330,200.0,,,
2026-09-08T03:55:26.050082,13,2932,FRAME,455.293,402.506,-3.509,-3.562,330,200.0,,,
2026-09-08T03:55:26.066534,13,2933,FRAME,451.785,398.944,-3.509,-3.562,330,200.0,,,
2026-09-08T03:55:26.083176,13,2934,FRAME,448.276,395.382,-3.509,-3.562,330,200.0,,,
2026-09-08T03:55:26.100579,13,2935,FRAME,444.768,391.819,-3.509,-3.562,330,200.0,,,
2026-09-08T03:55:26.116752,13,2936,FRAME,441.259,388.257,-3.509,-3.562,330,200.0,,,
2026-09-08T03:55:26.132843,13,2937,FRAME,437.75,384.695,-3.509,-3.562,323,200.0,,,
2026-09-08T03:55:26.150057,13,2938,FRAME,434.242,381.133,-3.509,-3.562,316,200.0,,,
2026-09-08T03:55:26.165504,13,2939,FRAME,430.733,377.57,-3.509,-3.562,309,200.0,,,
2026-09-08T03:55:26.182041,13,2940,FRAME,427.225,374.008,-3.509,-3.562,302,200.0,,,
2026-09-08T03:55:26.198273,13,2941,FRAME,423.716,370.446,-3.509,-3.562,295,200.0,,,
2026-09-08T03:55:26.215152,13,2942,FRAME,420.207,366.884,-3.509,-3.562,288,200.0,,,
2026-09-08T03:55:26.232177,13,2943,FRAME,416.699,363.321,-3.509,-3.562,281,200.0,,,
2026-09-08T03:55:26.249935,13,2944,FRAME,413.19,359.759,-3.509,-3.562,274,200.0,,,
2026-09-08T03:55:26.265998,13,2945,FRAME,409.681,356.197,-3.509,-3.562,267,200.0,,,
2026-09-08T03:55:26.282674,13,2946,FRAME,406.173,352.635,-3.509,-3.562,267,200.0,,,
2026-09-08T03:55:26.299106,13,2947,FRAME,402.664,349.072,-3.509,-3.562,267,200.0,,,
2026-09-08T03:55:26.315284,13,2948,FRAME,399.156,345.51,-3.509,-3.562,267,200.0,,,
2026-09-08T03:55:26.332549,13,2949,FRAME,395.647,341.948,-3.509,-3.562,267,200.0,,,
2026-09-08T03:55:26.348874,13,2950,FRAME,392.138,338.386,-3.509,-3.562,267,200.0,,,
2026-09-08T03:55:26.365584,13,2951,FRAME,388.63,334.823,-3.509,-3.562,267,200.0,,,
2026-09-08T03:55:26.381692,13,2952,FRAME,385.121,331.261,-3.509,-3.562,267,200.0,,,
2026-09-08T03:55:26.397788,13,2953,FRAME,381.613,327.699,-3.509,-3.562,267,200.0,,,
2026-09-08T03:55:26.414073,13,2954,FRAME,378.104,324.137,-3.509,-3.562,267,200.0,,,
2026-09-08T03:55:26.430625,13,2955,FRAME,374.595,320.574,-3.509,-3.562,260,200.0,,,
2026-09-08T03:55:26.446444,13,2956,FRAME,371.087,317.012,-3.509,-3.562,253,200.0,,,
2026-09-08T03:55:26.462609,13,2957,FRAME,367.578,313.45,-3.509,-3.562,246,200.0,,,
2026-09-08T03:55:26.478805,13,2958,FRAME,364.069,309.888,-3.509,-3.562,239,200.0,,,
2026-09-08T03:55:26.495854,13,2959,FRAME,360.561,306.325,-3.509,-3.562,232,200.0,,,
2026-09-08T03:55:26.512221,13,2960,FRAME,357.052,302.763,-3.509,-3.562,225,200.0,,,
2026-09-08T03:55:26.529174,13,2961,FRAME,353.544,299.201,-3.509,-3.562,218,200.0,,,
2026-09-08T03:55:26.546568,13,2962,FRAME,350.035,295.639,-3.509,-3.562,211,200.0,,,
2026-09-08T03:55:26.562811,13,2963,FRAME,346.526,292.076,-3.509,-3.562,204,200.0,,,
2026-09-08T03:55:26.578845,13,2964,FRAME,343.018,288.514,-3.509,-3.562,197,200.0,,,
2026-09-08T03:55:26.595204,13,2965,FRAME,339.509,284.952,-3.509,-3.562,190,200.0,,,
2026-09-08T03:55:26.611611,13,2966,FRAME,336.0,281.39,-3.509,-3.562,190,200.0,,,
2026-09-08T03:55:26.628358,13,2967,FRAME,332.492,277.827,-3.509,-3.562,190,200.0,,,
2026-09-08T03:55:26.644403,13,2968,FRAME,328.983,274.265,-3.509,-3.562,190,200.0,,,
2026-09-08T03:55:26.660518,13,2969,FRAME,325.475,270.703,-3.509,-3.562,190,200.0,,,
2026-09-08T03:55:26.677428,13,2970,FRAME,321.966,267.141,-3.509,-3.562,190,200.0,,,
2026-09-08T03:55:26.694023,13,2971,FRAME,318.457,263.578,-3.509,-3.562,190,200.0,,,
2026-09-08T03:55:26.710071,13,2972,FRAME,314.949,260.016,-3.509,-3.562,190,200.0,,,
2026-09-08T03:55:26.725588,13,2973,FRAME,311.44,256.454,-3.509,-3.562,190,200.0,,,
2026-09-08T03:55:26.742341,13,2974,FRAME,307.932,252.892,-3.509,-3.562,183,200.0,,,
2026-09-08T03:55:26.759172,13,2975,FRAME,304.423,249.329,-3.509,-3.562,176,200.0,,,
2026-09-08T03:55:26.776217,13,2976,FRAME,300.914,245.767,-3.509,-3.562,169,200.0,,,
2026-09-08T03:55:26.792902,13,2977,FRAME,297.406,242.205,-3.509,-3.562,162,200.0,,,
2026-09-08T03:55:26.810050,13,2978,FRAME,293.897,238.643,-3.509,-3.562,155,200.0,,,
2026-09-08T03:55:26.826293,13,2979,FRAME,290.388,235.08,-3.509,-3.562,148,200.0,,,
2026-09-08T03:55:26.843214,13,2980,FRAME,286.88,231.518,-3.509,-3.562,141,200.0,,,
2026-09-08T03:55:26.859328,13,2981,FRAME,283.371,227.956,-3.509,-3.562,134,200.0,,,
2026-09-08T03:55:26.876176,13,2982,FRAME,279.863,224.394,-3.509,-3.562,127,200.0,,,
2026-09-08T03:55:26.894067,13,2983,FRAME,276.354,220.831,-3.509,-3.562,127,200.0,,,
2026-09-08T03:55:26.910091,13,2984,FRAME,272.845,217.269,-3.509,-3.562,127,200.0,,,
2026-09-08T03:55:26.926423,13,2985,FRAME,269.337,213.707,-3.509,-3.562,127,200.0,,,
2026-09-08T03:55:26.942598,13,2986,FRAME,265.828,210.145,-3.509,-3.562,127,200.0,,,
2026-09-08T03:55:26.958920,13,2987,FRAME,262.32,206.582,-3.509,-3.562,127,200.0,,,
2026-09-08T03:55:26.974977,13,2988,FRAME,258.811,203.02,-3.509,-3.562,127,200.0,,,
2026-09-08T03:55:26.990992,13,2989,FRAME,255.302,199.458,-3.509,-3.562,127,200.0,,,
2026-09-08T03:55:27.007436,13,2990,FRAME,251.794,195.896,-3.509,-3.562,127,200.0,,,
2026-09-08T03:55:27.023469,13,2991,FRAME,248.285,192.333,-3.509,-3.562,127,200.0,,,
2026-09-08T03:55:27.040006,13,2992,FRAME,244.776,188.771,-3.509,-3.562,127,200.0,,,
2026-09-08T03:55:27.056032,13,2993,FRAME,241.268,185.209,-3.509,-3.562,120,200.0,,,
2026-09-08T03:55:27.071769,13,2994,FRAME,237.759,181.647,-3.509,-3.562,113,200.0,,,
2026-09-08T03:55:27.088431,13,2995,FRAME,234.251,178.084,-3.509,-3.562,106,200.0,,,
2026-09-08T03:55:27.105494,13,2996,FRAME,230.742,174.522,-3.509,-3.562,99,200.0,,,
2026-09-08T03:55:27.123153,13,2997,FRAME,227.233,170.96,-3.509,-3.562,92,200.0,,,
2026-09-08T03:55:27.139473,13,2998,FRAME,223.725,167.398,-3.509,-3.562,85,200.0,,,
2026-09-08T03:55:27.155520,13,2999,FRAME,220.216,163.835,-3.509,-3.562,78,200.0,,,
2026-09-08T03:55:27.171898,13,3000,FRAME,216.708,160.273,-3.509,-3.562,71,200.0,,,
2026-09-08T03:55:27.188440,13,3001,FRAME,213.199,156.711,-3.509,-3.562,64,200.0,,,
2026-09-08T03:55:27.204588,13,3002,FRAME,209.69,153.149,-3.509,-3.562,57,200.0,,,
2026-09-08T03:55:27.220585,13,3003,FRAME,206.182,149.586,-3.509,-3.562,50,200.0,,,
2026-09-08T03:55:27.236433,13,3004,FRAME,202.673,146.024,-3.509,-3.562,50,200.0,,,
2026-09-08T03:55:27.253426,13,3005,FRAME,199.164,142.462,-3.509,-3.562,50,200.0,,,
2026-09-08T03:55:27.269696,13,3006,FRAME,195.656,138.9,-3.509,-3.562,50,200.0,,,
2026-09-08T03:55:27.286394,13,3007,FRAME,192.147,135.337,-3.509,-3.562,50,200.0,,,
2026-09-08T03:55:27.303364,13,3008,FRAME,188.639,131.775,-3.509,-3.562,50,200.0,,,
2026-09-08T03:55:27.319911,13,3009,FRAME,185.13,128.213,-3.509,-3.562,50,200.0,,,
2026-09-08T03:55:27.336211,13,3010,FRAME,181.621,124.651,-3.509,-3.562,50,200.0,,,
2026-09-08T03:55:27.352664,13,3011,FRAME,178.113,121.088,-3.509,-3.562,43,200.0,,,
2026-09-08T03:55:27.369227,13,3012,FRAME,174.604,117.526,-3.509,-3.562,36,200.0,,,
2026-09-08T03:55:27.386227,13,3013,FRAME,171.096,113.964,-3.509,-3.562,29,200.0,,,
2026-09-08T03:55:27.403319,13,3014,FRAME,167.587,110.402,-3.509,-3.562,22,200.0,,,
2026-09-08T03:55:27.419699,13,3015,FRAME,164.078,106.839,-3.509,-3.562,15,200.0,,,
2026-09-08T03:55:27.435750,13,3016,FRAME,160.57,103.277,-3.509,-3.562,8,200.0,,,
2026-09-08T03:55:27.452048,13,3017,FRAME,157.061,99.715,-3.509,-3.562,1,200.0,,,
2026-09-08T03:55:27.468202,13,3018,FRAME,153.552,96.153,-3.509,-3.562,0,200.0,,,
2026-09-08T03:55:27.485511,13,3019,FRAME,150.044,92.59,-3.509,-3.562,0,200.0,,,
2026-09-08T03:55:27.501894,13,3020,FRAME,146.535,89.028,-3.509,-3.562,0,200.0,,,
2026-09-08T03:55:27.518429,13,3021,FRAME,143.027,85.466,-3.509,-3.562,0,200.0,,,
2026-09-08T03:55:27.535343,13,3022,FRAME,139.518,81.904,-3.509,-3.562,0,200.0,,,
2026-09-08T03:55:27.552439,13,3023,FRAME,136.009,78.341,-3.509,-3.562,0,200.0,,,
2026-09-08T03:55:27.569075,13,3024,FRAME,132.501,74.779,-3.509,-3.562,0,200.0,,,
2026-09-08T03:55:27.585501,13,3025,FRAME,128.992,71.217,-3.509,-3.562,0,200.0,,,
2026-09-08T03:55:27.602049,13,3026,FRAME,125.483,67.655,-3.509,-3.562,0,200.0,,,
2026-09-08T03:55:27.617997,13,3027,FRAME,121.975,64.092,-3.509,-3.562,0,200.0,,,
2026-09-08T03:55:27.634179,13,3028,FRAME,118.466,60.53,-3.509,-3.562,0,200.0,,,
2026-09-08T03:55:27.651030,13,3029,FRAME,114.958,56.968,-3.509,-3.562,0,200.0,,,
2026-09-08T03:55:27.667020,13,3030,FRAME,111.449,53.406,-3.509,-3.562,0,200.0,,,
2026-09-08T03:55:27.682402,13,3031,FRAME,107.94,49.844,-3.509,-3.562,0,200.0,,,
2026-09-08T03:55:27.699535,13,3032,FRAME,104.432,46.281,-3.509,-3.562,0,200.0,,,
2026-09-08T03:55:27.715438,13,3033,FRAME,100.923,42.719,-3.509,-3.562,0,200.0,,,
2026-09-08T03:55:27.732081,13,3034,FRAME,97.415,39.157,-3.509,-3.562,0,200.0,,,
2026-09-08T03:55:27.748947,13,3035,FRAME,93.906,35.595,-3.509,-3.562,0,200.0,,,
2026-09-08T03:55:27.765114,13,3036,FRAME,90.397,32.032,-3.509,-3.562,0,200.0,,,
2026-09-08T03:55:27.781533,13,3037,FRAME,86.889,28.47,-3.509,-3.562,0,200.0,,,
2026-09-08T03:55:27.798374,13,3038,FRAME,83.38,24.908,-3.509,-3.562,0,200.0,,,
2026-09-08T03:55:27.814327,13,3039,FRAME,79.871,21.346,-3.509,-3.562,0,200.0,,,
2026-09-08T03:55:27.831692,13,3040,FRAME,76.363,17.783,-3.509,-3.562,0,200.0,,,
2026-09-08T03:55:27.848313,13,3041,FRAME,72.854,14.221,-3.509,-3.562,0,200.0,,,
2026-09-08T03:55:27.865286,13,3042,FRAME,69.346,10.659,-3.509,-3.562,0,200.0,,,
2026-09-08T03:55:27.881302,13,3043,FRAME,65.837,7.097,-3.509,-3.562,0,200.0,,,
2026-09-08T03:55:27.897456,13,3044,FRAME,62.328,3.534,-3.509,-3.562,0,200.0,,,
2026-09-08T03:55:27.913321,13,3045,WALL_BOUNCE,58.82,0,-3.509,3.562,0,200.0,,,
2026-09-08T03:55:27.913321,13,3046,FRAME,58.82,0,-3.509,3.562,0,200.0,,,
2026-09-08T03:55:27.929597,13,3047,FRAME,55.311,3.562,-3.509,3.562,0,200.0,,,
2026-09-08T03:55:27.945835,13,3048,FRAME,51.803,7.124,-3.509,3.562,0,200.0,,,
2026-09-08T03:55:27.962484,13,3049,FRAME,48.294,10.687,-3.509,3.562,7,200.0,,,
2026-09-08T03:55:27.978856,13,3050,LEFT_HIT,45,14.249,3.044,-3.967,14,200.0,-0.875,-52.501,
2026-09-08T03:55:27.978856,13,3051,FRAME,45,14.249,3.044,-3.967,14,200.0,,,
2026-09-08T03:55:27.995335,13,3052,FRAME,48.044,10.282,3.044,-3.967,21,200.0,,,
2026-09-08T03:55:28.011581,13,3053,FRAME,51.087,6.315,3.044,-3.967,28,200.0,,,
2026-09-08T03:55:28.028177,13,3054,FRAME,54.131,2.348,3.044,-3.967,35,200.0,,,
2026-09-08T03:55:28.045437,13,3055,WALL_BOUNCE,57.175,0,3.044,3.967,42,200.0,,,
2026-09-08T03:55:28.045437,13,3056,FRAME,57.175,0,3.044,3.967,42,200.0,,,
2026-09-08T03:55:28.062096,13,3057,FRAME,60.219,3.967,3.044,3.967,49,200.0,,,
2026-09-08T03:55:28.078142,13,3058,FRAME,63.262,7.934,3.044,3.967,56,200.0,,,
2026-09-08T03:55:28.095572,13,3059,FRAME,66.306,11.9,3.044,3.967,63,200.0,,,
2026-09-08T03:55:28.112217,13,3060,FRAME,69.35,15.867,3.044,3.967,70,200.0,,,
2026-09-08T03:55:28.128971,13,3061,FRAME,72.394,19.834,3.044,3.967,77,200.0,,,
2026-09-08T03:55:28.145289,13,3062,FRAME,75.437,23.801,3.044,3.967,84,200.0,,,
2026-09-08T03:55:28.162361,13,3063,FRAME,78.481,27.768,3.044,3.967,91,200.0,,,
2026-09-08T03:55:28.178982,13,3064,FRAME,81.525,31.735,3.044,3.967,98,200.0,,,
2026-09-08T03:55:28.195333,13,3065,FRAME,84.568,35.701,3.044,3.967,105,200.0,,,
2026-09-08T03:55:28.211647,13,3066,FRAME,87.612,39.668,3.044,3.967,112,200.0,,,
2026-09-08T03:55:28.228294,13,3067,FRAME,90.656,43.635,3.044,3.967,119,200.0,,,
2026-09-08T03:55:28.245156,13,3068,FRAME,93.7,47.602,3.044,3.967,126,200.0,,,
2026-09-08T03:55:28.261610,13,3069,FRAME,96.743,51.569,3.044,3.967,133,200.0,,,
2026-09-08T03:55:28.277639,13,3070,FRAME,99.787,55.536,3.044,3.967,133,200.0,,,
2026-09-08T03:55:28.294316,13,3071,FRAME,102.831,59.502,3.044,3.967,133,200.0,,,
2026-09-08T03:55:28.311133,13,3072,FRAME,105.874,63.469,3.044,3.967,133,200.0,,,
2026-09-08T03:55:28.327044,13,3073,FRAME,108.918,67.436,3.044,3.967,133,200.0,,,
2026-09-08T03:55:28.344263,13,3074,FRAME,111.962,71.403,3.044,3.967,133,200.0,,,
2026-09-08T03:55:28.361332,13,3075,FRAME,115.006,75.37,3.044,3.967,133,200.0,,,
2026-09-08T03:55:28.378106,13,3076,FRAME,118.049,79.337,3.044,3.967,133,200.0,,,
2026-09-08T03:55:28.394269,13,3077,FRAME,121.093,83.303,3.044,3.967,133,200.0,,,
2026-09-08T03:55:28.410627,13,3078,FRAME,124.137,87.27,3.044,3.967,133,200.0,,,
2026-09-08T03:55:28.426674,13,3079,FRAME,127.181,91.237,3.044,3.967,133,200.0,,,
2026-09-08T03:55:28.442847,13,3080,FRAME,130.224,95.204,3.044,3.967,133,200.0,,,
2026-09-08T03:55:28.458515,13,3081,FRAME,133.268,99.171,3.044,3.967,133,200.0,,,
2026-09-08T03:55:28.475170,13,3082,FRAME,136.312,103.138,3.044,3.967,133,200.0,,,
2026-09-08T03:55:28.491833,13,3083,FRAME,139.355,107.104,3.044,3.967,133,200.0,,,
2026-09-08T03:55:28.508051,13,3084,FRAME,142.399,111.071,3.044,3.967,133,200.0,,,
2026-09-08T03:55:28.524216,13,3085,FRAME,145.443,115.038,3.044,3.967,133,200.0,,,
2026-09-08T03:55:28.541573,13,3086,FRAME,148.487,119.005,3.044,3.967,133,200.0,,,
2026-09-08T03:55:28.557608,13,3087,FRAME,151.53,122.972,3.044,3.967,133,200.0,,,
2026-09-08T03:55:28.573963,13,3088,FRAME,154.574,126.939,3.044,3.967,133,200.0,,,
2026-09-08T03:55:28.590153,13,3089,FRAME,157.618,130.905,3.044,3.967,133,200.0,,,
2026-09-08T03:55:28.606692,13,3090,FRAME,160.661,134.872,3.044,3.967,133,200.0,,,
2026-09-08T03:55:28.623218,13,3091,FRAME,163.705,138.839,3.044,3.967,133,200.0,,,
2026-09-08T03:55:28.640137,13,3092,FRAME,166.749,142.806,3.044,3.967,133,200.0,,,
2026-09-08T03:55:28.656145,13,3093,FRAME,169.793,146.773,3.044,3.967,133,200.0,,,
2026-09-08T03:55:28.673020,13,3094,FRAME,172.836,150.74,3.044,3.967,133,200.0,,,
2026-09-08T03:55:28.690041,13,3095,FRAME,175.88,154.706,3.044,3.967,133,200.0,,,
2026-09-08T03:55:28.707560,13,3096,FRAME,178.924,158.673,3.044,3.967,140,200.0,,,
2026-09-08T03:55:28.722506,13,3097,FRAME,181.968,162.64,3.044,3.967,147,200.0,,,
2026-09-08T03:55:28.739513,13,3098,FRAME,185.011,166.607,3.044,3.967,154,200.0,,,
2026-09-08T03:55:28.756101,13,3099,FRAME,188.055,170.574,3.044,3.967,161,200.0,,,
2026-09-08T03:55:28.772731,13,3100,FRAME,191.099,174.541,3.044,3.967,168,200.0,,,
2026-09-08T03:55:28.789254,13,3101,FRAME,194.142,178.507,3.044,3.967,175,200.0,,,
2026-09-08T03:55:28.806313,13,3102,FRAME,197.186,182.474,3.044,3.967,182,200.0,,,
2026-09-08T03:55:28.823276,13,3103,FRAME,200.23,186.441,3.044,3.967,189,200.0,,,
2026-09-08T03:55:28.840204,13,3104,FRAME,203.274,190.408,3.044,3.967,196,200.0,,,
2026-09-08T03:55:28.856898,13,3105,FRAME,206.317,194.375,3.044,3.967,203,200.0,,,
2026-09-08T03:55:28.873346,13,3106,FRAME,209.361,198.342,3.044,3.967,210,200.0,,,
2026-09-08T03:55:28.890121,13,3107,FRAME,212.405,202.308,3.044,3.967,217,200.0,,,
2026-09-08T03:55:28.906168,13,3108,FRAME,215.449,206.275,3.044,3.967,224,200.0,,,
2026-09-08T03:55:28.923026,13,3109,FRAME,218.492,210.242,3.044,3.967,231,200.0,,,
2026-09-08T03:55:28.939026,13,3110,FRAME,221.536,214.209,3.044,3.967,238,200.0,,,
2026-09-08T03:55:28.955249,13,3111,FRAME,224.58,218.176,3.044,3.967,238,200.0,,,
2026-09-08T03:55:28.971845,13,3112,FRAME,227.623,222.143,3.044,3.967,238,200.0,,,
2026-09-08T03:55:28.988614,13,3113,FRAME,230.667,226.109,3.044,3.967,238,200.0,,,
2026-09-08T03:55:29.005147,13,3114,FRAME,233.711,230.076,3.044,3.967,238,200.0,,,
2026-09-08T03:55:29.021557,13,3115,FRAME,236.755,234.043,3.044,3.967,238,200.0,,,
2026-09-08T03:55:29.037452,13,3116,FRAME,239.798,238.01,3.044,3.967,238,200.0,,,
2026-09-08T03:55:29.054131,13,3117,FRAME,242.842,241.977,3.044,3.967,238,200.0,,,
2026-09-08T03:55:29.069581,13,3118,FRAME,245.886,245.944,3.044,3.967,238,200.0,,,
2026-09-08T03:55:29.087187,13,3119,FRAME,248.929,249.91,3.044,3.967,238,200.0,,,
2026-09-08T03:55:29.104188,13,3120,FRAME,251.973,253.877,3.044,3.967,238,200.0,,,
2026-09-08T03:55:29.121639,13,3121,FRAME,255.017,257.844,3.044,3.967,238,200.0,,,
2026-09-08T03:55:29.138204,13,3122,FRAME,258.061,261.811,3.044,3.967,238,200.0,,,
2026-09-08T03:55:29.154809,13,3123,FRAME,261.104,265.778,3.044,3.967,238,200.0,,,
2026-09-08T03:55:29.171275,13,3124,FRAME,264.148,269.745,3.044,3.967,238,200.0,,,
2026-09-08T03:55:29.188344,13,3125,FRAME,267.192,273.711,3.044,3.967,238,200.0,,,
2026-09-08T03:55:29.205266,13,3126,FRAME,270.236,277.678,3.044,3.967,238,200.0,,,
2026-09-08T03:55:29.222572,13,3127,FRAME,273.279,281.645,3.044,3.967,238,200.0,,,
2026-09-08T03:55:29.239353,13,3128,FRAME,276.323,285.612,3.044,3.967,238,200.0,,,
2026-09-08T03:55:29.256128,13,3129,FRAME,279.367,289.579,3.044,3.967,238,200.0,,,
2026-09-08T03:55:29.273285,13,3130,FRAME,282.41,293.545,3.044,3.967,245,200.0,,,
2026-09-08T03:55:29.289308,13,3131,FRAME,285.454,297.512,3.044,3.967,252,200.0,,,
2026-09-08T03:55:29.306396,13,3132,FRAME,288.498,301.479,3.044,3.967,259,200.0,,,
2026-09-08T03:55:29.323110,13,3133,FRAME,291.542,305.446,3.044,3.967,266,200.0,,,
2026-09-08T03:55:29.339877,13,3134,FRAME,294.585,309.413,3.044,3.967,273,200.0,,,
2026-09-08T03:55:29.356403,13,3135,FRAME,297.629,313.38,3.044,3.967,280,200.0,,,
2026-09-08T03:55:29.373372,13,3136,FRAME,300.673,317.346,3.044,3.967,287,200.0,,,
2026-09-08T03:55:29.389556,13,3137,FRAME,303.716,321.313,3.044,3.967,294,200.0,,,
2026-09-08T03:55:29.406420,13,3138,FRAME,306.76,325.28,3.044,3.967,301,200.0,,,
2026-09-08T03:55:29.422358,13,3139,FRAME,309.804,329.247,3.044,3.967,308,200.0,,,
2026-09-08T03:55:29.438475,13,3140,FRAME,312.848,333.214,3.044,3.967,308,200.0,,,
2026-09-08T03:55:29.455169,13,3141,FRAME,315.891,337.181,3.044,3.967,308,200.0,,,
2026-09-08T03:55:29.472167,13,3142,FRAME,318.935,341.147,3.044,3.967,308,200.0,,,
2026-09-08T03:55:29.488397,13,3143,FRAME,321.979,345.114,3.044,3.967,308,200.0,,,
2026-09-08T03:55:29.504286,13,3144,FRAME,325.023,349.081,3.044,3.967,308,200.0,,,
2026-09-08T03:55:29.520318,13,3145,FRAME,328.066,353.048,3.044,3.967,308,200.0,,,
2026-09-08T03:55:29.537309,13,3146,FRAME,331.11,357.015,3.044,3.967,308,200.0,,,
2026-09-08T03:55:29.554351,13,3147,FRAME,334.154,360.982,3.044,3.967,308,200.0,,,
2026-09-08T03:55:29.571196,13,3148,FRAME,337.197,364.948,3.044,3.967,308,200.0,,,
2026-09-08T03:55:29.587899,13,3149,FRAME,340.241,368.915,3.044,3.967,308,200.0,,,
2026-09-08T03:55:29.605057,13,3150,FRAME,343.285,372.882,3.044,3.967,308,200.0,,,
2026-09-08T03:55:29.620884,13,3151,FRAME,346.329,376.849,3.044,3.967,308,200.0,,,
2026-09-08T03:55:29.637146,13,3152,FRAME,349.372,380.816,3.044,3.967,308,200.0,,,
2026-09-08T03:55:29.652963,13,3153,FRAME,352.416,384.783,3.044,3.967,308,200.0,,,
2026-09-08T03:55:29.669649,13,3154,FRAME,355.46,388.749,3.044,3.967,308,200.0,,,
2026-09-08T03:55:29.686957,13,3155,FRAME,358.504,392.716,3.044,3.967,308,200.0,,,
2026-09-08T03:55:29.703079,13,3156,FRAME,361.547,396.683,3.044,3.967,308,200.0,,,
2026-09-08T03:55:29.720116,13,3157,FRAME,364.591,400.65,3.044,3.967,308,200.0,,,
2026-09-08T03:55:29.736892,13,3158,FRAME,367.635,404.617,3.044,3.967,308,200.0,,,
2026-09-08T03:55:29.754483,13,3159,FRAME,370.678,408.584,3.044,3.967,308,200.0,,,
2026-09-08T03:55:29.770917,13,3160,FRAME,373.722,412.55,3.044,3.967,308,200.0,,,
2026-09-08T03:55:29.787138,13,3161,FRAME,376.766,416.517,3.044,3.967,308,200.0,,,
2026-09-08T03:55:29.804341,13,3162,FRAME,379.81,420.484,3.044,3.967,308,200.0,,,
2026-09-08T03:55:29.821137,13,3163,FRAME,382.853,424.451,3.044,3.967,308,200.0,,,
2026-09-08T03:55:29.837340,13,3164,FRAME,385.897,428.418,3.044,3.967,308,200.0,,,
2026-09-08T03:55:29.853243,13,3165,FRAME,388.941,432.385,3.044,3.967,308,200.0,,,
2026-09-08T03:55:29.870603,13,3166,FRAME,391.984,436.351,3.044,3.967,308,200.0,,,
2026-09-08T03:55:29.886359,13,3167,FRAME,395.028,440.318,3.044,3.967,308,200.0,,,
2026-09-08T03:55:29.902750,13,3168,FRAME,398.072,444.285,3.044,3.967,308,200.0,,,
2026-09-08T03:55:29.919293,13,3169,FRAME,401.116,448.252,3.044,3.967,308,200.0,,,
2026-09-08T03:55:29.936192,13,3170,FRAME,404.159,452.219,3.044,3.967,308,200.0,,,
2026-09-08T03:55:29.953515,13,3171,FRAME,407.203,456.186,3.044,3.967,308,200.0,,,
2026-09-08T03:55:29.970104,13,3172,FRAME,410.247,460.152,3.044,3.967,308,200.0,,,
2026-09-08T03:55:29.986423,13,3173,FRAME,413.291,464.119,3.044,3.967,315,200.0,,,
2026-09-08T03:55:30.004159,13,3174,FRAME,416.334,468.086,3.044,3.967,322,200.0,,,
2026-09-08T03:55:30.021455,13,3175,FRAME,419.378,472.053,3.044,3.967,329,200.0,,,
2026-09-08T03:55:30.037518,13,3176,FRAME,422.422,476.02,3.044,3.967,336,200.0,,,
2026-09-08T03:55:30.053460,13,3177,FRAME,425.465,479.987,3.044,3.967,343,200.0,,,
2026-09-08T03:55:30.069782,13,3178,FRAME,428.509,483.953,3.044,3.967,350,200.0,,,
2026-09-08T03:55:30.086298,13,3179,FRAME,431.553,487.92,3.044,3.967,357,200.0,,,
2026-09-08T03:55:30.104428,13,3180,WALL_BOUNCE,434.597,488,3.044,-3.967,357,200.0,,,
2026-09-08T03:55:30.104428,13,3181,FRAME,434.597,488,3.044,-3.967,357,200.0,,,
2026-09-08T03:55:30.121121,13,3182,FRAME,437.64,484.033,3.044,-3.967,357,200.0,,,
2026-09-08T03:55:30.138152,13,3183,FRAME,440.684,480.066,3.044,-3.967,357,200.0,,,
2026-09-08T03:55:30.155240,13,3184,FRAME,443.728,476.1,3.044,-3.967,357,200.0,,,
2026-09-08T03:55:30.171964,13,3185,FRAME,446.771,472.133,3.044,-3.967,357,200.0,,,
2026-09-08T03:55:30.188011,13,3186,FRAME,449.815,468.166,3.044,-3.967,357,200.0,,,
2026-09-08T03:55:30.203990,13,3187,FRAME,452.859,464.199,3.044,-3.967,357,200.0,,,
2026-09-08T03:55:30.219776,13,3188,FRAME,455.903,460.232,3.044,-3.967,357,200.0,,,
2026-09-08T03:55:30.236219,13,3189,FRAME,458.946,456.265,3.044,-3.967,357,200.0,,,
2026-09-08T03:55:30.253785,13,3190,FRAME,461.99,452.299,3.044,-3.967,357,200.0,,,
2026-09-08T03:55:30.271059,13,3191,FRAME,465.034,448.332,3.044,-3.967,357,200.0,,,
2026-09-08T03:55:30.287420,13,3192,FRAME,468.078,444.365,3.044,-3.967,357,200.0,,,
2026-09-08T03:55:30.303938,13,3193,FRAME,471.121,440.398,3.044,-3.967,357,200.0,,,
2026-09-08T03:55:30.320740,13,3194,FRAME,474.165,436.431,3.044,-3.967,357,200.0,,,
2026-09-08T03:55:30.337358,13,3195,FRAME,477.209,432.464,3.044,-3.967,357,200.0,,,
2026-09-08T03:55:30.353878,13,3196,FRAME,480.252,428.498,3.044,-3.967,357,200.0,,,
2026-09-08T03:55:30.370637,13,3197,FRAME,483.296,424.531,3.044,-3.967,350,200.0,,,
2026-09-08T03:55:30.388118,13,3198,FRAME,486.34,420.564,3.044,-3.967,343,200.0,,,
2026-09-08T03:55:30.404291,13,3199,FRAME,489.384,416.597,3.044,-3.967,336,200.0,,,
2026-09-08T03:55:30.421696,13,3200,FRAME,492.427,412.63,3.044,-3.967,329,200.0,,,
2026-09-08T03:55:30.437718,13,3201,FRAME,495.471,408.663,3.044,-3.967,322,200.0,,,
2026-09-08T03:55:30.453780,13,3202,FRAME,498.515,404.697,3.044,-3.967,315,200.0,,,
2026-09-08T03:55:30.470141,13,3203,FRAME,501.559,400.73,3.044,-3.967,308,200.0,,,
2026-09-08T03:55:30.487034,13,3204,FRAME,504.602,396.763,3.044,-3.967,301,200.0,,,
2026-09-08T03:55:30.503268,13,3205,FRAME,507.646,392.796,3.044,-3.967,301,200.0,,,
2026-09-08T03:55:30.520199,13,3206,FRAME,510.69,388.829,3.044,-3.967,301,200.0,,,
2026-09-08T03:55:30.537218,13,3207,FRAME,513.733,384.862,3.044,-3.967,301,200.0,,,
2026-09-08T03:55:30.554412,13,3208,FRAME,516.777,380.896,3.044,-3.967,301,200.0,,,
2026-09-08T03:55:30.571278,13,3209,FRAME,519.821,376.929,3.044,-3.967,301,200.0,,,
2026-09-08T03:55:30.588215,13,3210,FRAME,522.865,372.962,3.044,-3.967,301,200.0,,,
2026-09-08T03:55:30.605167,13,3211,FRAME,525.908,368.995,3.044,-3.967,301,200.0,,,
2026-09-08T03:55:30.622212,13,3212,FRAME,528.952,365.028,3.044,-3.967,301,200.0,,,
2026-09-08T03:55:30.639401,13,3213,FRAME,531.996,361.061,3.044,-3.967,301,200.0,,,
2026-09-08T03:55:30.656094,13,3214,FRAME,535.039,357.095,3.044,-3.967,301,200.0,,,
2026-09-08T03:55:30.672302,13,3215,FRAME,538.083,353.128,3.044,-3.967,301,200.0,,,
2026-09-08T03:55:30.689180,13,3216,FRAME,541.127,349.161,3.044,-3.967,301,200.0,,,
2026-09-08T03:55:30.706275,13,3217,FRAME,544.171,345.194,3.044,-3.967,301,200.0,,,
2026-09-08T03:55:30.723333,13,3218,FRAME,547.214,341.227,3.044,-3.967,301,200.0,,,
2026-09-08T03:55:30.740280,13,3219,FRAME,550.258,337.26,3.044,-3.967,301,200.0,,,
2026-09-08T03:55:30.757364,13,3220,FRAME,553.302,333.294,3.044,-3.967,301,200.0,,,
2026-09-08T03:55:30.774173,13,3221,FRAME,556.346,329.327,3.044,-3.967,301,200.0,,,
2026-09-08T03:55:30.790396,13,3222,FRAME,559.389,325.36,3.044,-3.967,301,200.0,,,
2026-09-08T03:55:30.807580,13,3223,FRAME,562.433,321.393,3.044,-3.967,301,200.0,,,
2026-09-08T03:55:30.824153,13,3224,FRAME,565.477,317.426,3.044,-3.967,301,200.0,,,
2026-09-08T03:55:30.841918,13,3225,FRAME,568.52,313.459,3.044,-3.967,301,200.0,,,
2026-09-08T03:55:30.858127,13,3226,FRAME,571.564,309.493,3.044,-3.967,301,200.0,,,
2026-09-08T03:55:30.875312,13,3227,FRAME,574.608,305.526,3.044,-3.967,301,200.0,,,
2026-09-08T03:55:30.892137,13,3228,FRAME,577.652,301.559,3.044,-3.967,301,200.0,,,
2026-09-08T03:55:30.909656,13,3229,FRAME,580.695,297.592,3.044,-3.967,301,200.0,,,
2026-09-08T03:55:30.926049,13,3230,FRAME,583.739,293.625,3.044,-3.967,301,200.0,,,
2026-09-08T03:55:30.942815,13,3231,FRAME,586.783,289.658,3.044,-3.967,301,200.0,,,
2026-09-08T03:55:30.959380,13,3232,FRAME,589.826,285.692,3.044,-3.967,301,200.0,,,
2026-09-08T03:55:30.976434,13,3233,FRAME,592.87,281.725,3.044,-3.967,301,200.0,,,
2026-09-08T03:55:30.994040,13,3234,FRAME,595.914,277.758,3.044,-3.967,301,200.0,,,
2026-09-08T03:55:31.010552,13,3235,FRAME,598.958,273.791,3.044,-3.967,301,200.0,,,
2026-09-08T03:55:31.026382,13,3236,FRAME,602.001,269.824,3.044,-3.967,301,200.0,,,
2026-09-08T03:55:31.042440,13,3237,FRAME,605.045,265.857,3.044,-3.967,301,200.0,,,
2026-09-08T03:55:31.059314,13,3238,FRAME,608.089,261.891,3.044,-3.967,301,200.0,,,
2026-09-08T03:55:31.076375,13,3239,FRAME,611.133,257.924,3.044,-3.967,301,200.0,,,
2026-09-08T03:55:31.094073,13,3240,FRAME,614.176,253.957,3.044,-3.967,301,200.0,,,
2026-09-08T03:55:31.110389,13,3241,FRAME,617.22,249.99,3.044,-3.967,301,200.0,,,
2026-09-08T03:55:31.126999,13,3242,FRAME,620.264,246.023,3.044,-3.967,301,200.0,,,
2026-09-08T03:55:31.143091,13,3243,FRAME,623.307,242.056,3.044,-3.967,301,200.0,,,
2026-09-08T03:55:31.160444,13,3244,FRAME,626.351,238.09,3.044,-3.967,301,200.0,,,
2026-09-08T03:55:31.176547,13,3245,FRAME,629.395,234.123,3.044,-3.967,301,200.0,,,
2026-09-08T03:55:31.192892,13,3246,FRAME,632.439,230.156,3.044,-3.967,301,200.0,,,
2026-09-08T03:55:31.209492,13,3247,FRAME,635.482,226.189,3.044,-3.967,301,200.0,,,
2026-09-08T03:55:31.225593,13,3248,FRAME,638.526,222.222,3.044,-3.967,301,200.0,,,
2026-09-08T03:55:31.242110,13,3249,FRAME,641.57,218.255,3.044,-3.967,301,200.0,,,
2026-09-08T03:55:31.259221,13,3250,FRAME,644.614,214.289,3.044,-3.967,301,200.0,,,
2026-09-08T03:55:31.276196,13,3251,FRAME,647.657,210.322,3.044,-3.967,301,200.0,,,
2026-09-08T03:55:31.293428,13,3252,FRAME,650.701,206.355,3.044,-3.967,301,200.0,,,
2026-09-08T03:55:31.310772,13,3253,FRAME,653.745,202.388,3.044,-3.967,301,200.0,,,
2026-09-08T03:55:31.327045,13,3254,FRAME,656.788,198.421,3.044,-3.967,301,200.0,,,
2026-09-08T03:55:31.345181,13,3255,FRAME,659.832,194.455,3.044,-3.967,301,200.0,,,
2026-09-08T03:55:31.362361,13,3256,FRAME,662.876,190.488,3.044,-3.967,301,200.0,,,
2026-09-08T03:55:31.379472,13,3257,FRAME,665.92,186.521,3.044,-3.967,301,200.0,,,
2026-09-08T03:55:31.395303,13,3258,FRAME,668.963,182.554,3.044,-3.967,301,200.0,,,
2026-09-08T03:55:31.411879,13,3259,FRAME,672.007,178.587,3.044,-3.967,301,200.0,,,
2026-09-08T03:55:31.428042,13,3260,FRAME,675.051,174.62,3.044,-3.967,301,200.0,,,
2026-09-08T03:55:31.443977,13,3261,FRAME,678.094,170.654,3.044,-3.967,301,200.0,,,
2026-09-08T03:55:31.460163,13,3262,FRAME,681.138,166.687,3.044,-3.967,301,200.0,,,
2026-09-08T03:55:31.477467,13,3263,FRAME,684.182,162.72,3.044,-3.967,301,200.0,,,
2026-09-08T03:55:31.493351,13,3264,FRAME,687.226,158.753,3.044,-3.967,301,200.0,,,
2026-09-08T03:55:31.510479,13,3265,FRAME,690.269,154.786,3.044,-3.967,301,200.0,,,
2026-09-08T03:55:31.526924,13,3266,FRAME,693.313,150.819,3.044,-3.967,301,200.0,,,
2026-09-08T03:55:31.543253,13,3267,FRAME,696.357,146.853,3.044,-3.967,301,200.0,,,
2026-09-08T03:55:31.560285,13,3268,FRAME,699.401,142.886,3.044,-3.967,301,200.0,,,
2026-09-08T03:55:31.577311,13,3269,FRAME,702.444,138.919,3.044,-3.967,301,200.0,,,
2026-09-08T03:55:31.593279,13,3270,FRAME,705.488,134.952,3.044,-3.967,301,200.0,,,
2026-09-08T03:55:31.610368,13,3271,FRAME,708.532,130.985,3.044,-3.967,301,200.0,,,
2026-09-08T03:55:31.626440,13,3272,FRAME,711.575,127.018,3.044,-3.967,301,200.0,,,
2026-09-08T03:55:31.642909,13,3273,FRAME,714.619,123.052,3.044,-3.967,301,200.0,,,
2026-09-08T03:55:31.659449,13,3274,FRAME,717.663,119.085,3.044,-3.967,301,200.0,,,
2026-09-08T03:55:31.675400,13,3275,FRAME,720.707,115.118,3.044,-3.967,301,200.0,,,
2026-09-08T03:55:31.691449,13,3276,FRAME,723.75,111.151,3.044,-3.967,301,200.0,,,
2026-09-08T03:55:31.708011,13,3277,FRAME,726.794,107.184,3.044,-3.967,301,200.0,,,
2026-09-08T03:55:31.724423,13,3278,FRAME,729.838,103.217,3.044,-3.967,301,200.0,,,
2026-09-08T03:55:31.740454,13,3279,FRAME,732.881,99.251,3.044,-3.967,301,200.0,,,
2026-09-08T03:55:31.757273,13,3280,FRAME,735.925,95.284,3.044,-3.967,301,200.0,,,
2026-09-08T03:55:31.774014,13,3281,FRAME,738.969,91.317,3.044,-3.967,301,200.0,,,
2026-09-08T03:55:31.789850,13,3282,FRAME,742.013,87.35,3.044,-3.967,301,200.0,,,
2026-09-08T03:55:31.806481,13,3283,FRAME,745.056,83.383,3.044,-3.967,301,200.0,,,
2026-09-08T03:55:31.822885,13,3284,FRAME,748.1,79.416,3.044,-3.967,301,200.0,,,
2026-09-08T03:55:31.839012,13,3285,FRAME,751.144,75.45,3.044,-3.967,301,200.0,,,
2026-09-08T03:55:31.855573,13,3286,FRAME,754.188,71.483,3.044,-3.967,301,200.0,,,
2026-09-08T03:55:31.871577,13,3287,FRAME,757.231,67.516,3.044,-3.967,301,200.0,,,
2026-09-08T03:55:31.888128,13,3288,FRAME,760.275,63.549,3.044,-3.967,301,200.0,,,
2026-09-08T03:55:31.904476,13,3289,FRAME,763.319,59.582,3.044,-3.967,301,200.0,,,
2026-09-08T03:55:31.921133,13,3290,FRAME,766.362,55.615,3.044,-3.967,301,200.0,,,
2026-09-08T03:55:31.937077,13,3291,FRAME,769.406,51.649,3.044,-3.967,301,200.0,,,
2026-09-08T03:55:31.954133,13,3292,FRAME,772.45,47.682,3.044,-3.967,301,200.0,,,
2026-09-08T03:55:31.969902,13,3293,FRAME,775.494,43.715,3.044,-3.967,301,200.0,,,
2026-09-08T03:55:31.986409,13,3294,FRAME,778.537,39.748,3.044,-3.967,301,200.0,,,
2026-09-08T03:55:32.003326,13,3295,FRAME,781.581,35.781,3.044,-3.967,301,200.0,,,
2026-09-08T03:55:32.020019,13,3296,FRAME,784.625,31.814,3.044,-3.967,301,200.0,,,
2026-09-08T03:55:32.036401,13,3297,FRAME,787.669,27.848,3.044,-3.967,301,200.0,,,
2026-09-08T03:55:32.052338,13,3298,FRAME,790.712,23.881,3.044,-3.967,301,200.0,,,
2026-09-08T03:55:32.068508,13,3299,FRAME,793.756,19.914,3.044,-3.967,301,200.0,,,
2026-09-08T03:55:32.084962,13,3300,FRAME,796.8,15.947,3.044,-3.967,301,200.0,,,
2026-09-08T03:55:32.101869,13,3301,FRAME,799.843,11.98,3.044,-3.967,301,200.0,,,
2026-09-08T03:55:32.118134,13,3302,FRAME,802.887,8.013,3.044,-3.967,301,200.0,,,
2026-09-08T03:55:32.118134,13,3303,MISS_RIGHT,802.887,8.013,3.044,-3.967,301,200.0,,,LEFT
2026-09-08T03:55:32.135044,14,3304,FRAME,439.73,119.006,-3.88,3.154,301,200.0,,,
2026-09-08T03:55:32.151696,14,3305,FRAME,435.85,122.159,-3.88,3.154,301,200.0,,,
2026-09-08T03:55:32.168252,14,3306,FRAME,431.97,125.313,-3.88,3.154,301,200.0,,,
2026-09-08T03:55:32.185608,14,3307,FRAME,428.09,128.466,-3.88,3.154,301,200.0,,,
2026-09-08T03:55:32.201433,14,3308,FRAME,424.21,131.62,-3.88,3.154,301,200.0,,,
2026-09-08T03:55:32.218894,14,3309,FRAME,420.33,134.774,-3.88,3.154,301,200.0,,,
2026-09-08T03:55:32.235011,14,3310,FRAME,416.45,137.927,-3.88,3.154,301,200.0,,,
2026-09-08T03:55:32.250948,14,3311,FRAME,412.57,141.081,-3.88,3.154,301,200.0,,,
2026-09-08T03:55:32.266393,14,3312,FRAME,408.69,144.234,-3.88,3.154,301,200.0,,,
2026-09-08T03:55:32.283316,14,3313,FRAME,404.81,147.388,-3.88,3.154,301,200.0,,,
2026-09-08T03:55:32.299248,14,3314,FRAME,400.93,150.542,-3.88,3.154,301,200.0,,,
2026-09-08T03:55:32.316266,14,3315,FRAME,397.05,153.695,-3.88,3.154,301,200.0,,,
2026-09-08T03:55:32.334072,14,3316,FRAME,393.17,156.849,-3.88,3.154,301,200.0,,,
2026-09-08T03:55:32.349604,14,3317,FRAME,389.29,160.003,-3.88,3.154,301,200.0,,,
2026-09-08T03:55:32.366152,14,3318,FRAME,385.409,163.156,-3.88,3.154,301,200.0,,,
2026-09-08T03:55:32.382899,14,3319,FRAME,381.529,166.31,-3.88,3.154,301,200.0,,,
2026-09-08T03:55:32.399427,14,3320,FRAME,377.649,169.463,-3.88,3.154,301,200.0,,,
2026-09-08T03:55:32.416211,14,3321,FRAME,373.769,172.617,-3.88,3.154,301,200.0,,,
2026-09-08T03:55:32.433261,14,3322,FRAME,369.889,175.771,-3.88,3.154,301,200.0,,,
2026-09-08T03:55:32.450200,14,3323,FRAME,366.009,178.924,-3.88,3.154,301,200.0,,,
2026-09-08T03:55:32.467321,14,3324,FRAME,362.129,182.078,-3.88,3.154,294,200.0,,,
2026-09-08T03:55:32.483426,14,3325,FRAME,358.249,185.231,-3.88,3.154,287,200.0,,,
2026-09-08T03:55:32.499536,14,3326,FRAME,354.369,188.385,-3.88,3.154,280,200.0,,,
2026-09-08T03:55:32.516100,14,3327,FRAME,350.489,191.539,-3.88,3.154,273,200.0,,,
2026-09-08T03:55:32.532690,14,3328,FRAME,346.609,194.692,-3.88,3.154,266,200.0,,,
2026-09-08T03:55:32.548478,14,3329,FRAME,342.729,197.846,-3.88,3.154,259,200.0,,,
2026-09-08T03:55:32.564336,14,3330,FRAME,338.849,201.0,-3.88,3.154,252,200.0,,,
2026-09-08T03:55:32.581999,14,3331,FRAME,334.969,204.153,-3.88,3.154,245,200.0,,,
2026-09-08T03:55:32.598429,14,3332,FRAME,331.089,207.307,-3.88,3.154,238,200.0,,,
2026-09-08T03:55:32.618097,14,3333,FRAME,327.209,210.46,-3.88,3.154,231,200.0,,,
2026-09-08T03:55:32.634229,14,3334,FRAME,323.329,213.614,-3.88,3.154,231,200.0,,,
2026-09-08T03:55:32.650887,14,3335,FRAME,319.449,216.768,-3.88,3.154,231,200.0,,,
2026-09-08T03:55:32.667027,14,3336,FRAME,315.569,219.921,-3.88,3.154,231,200.0,,,
2026-09-08T03:55:32.683264,14,3337,FRAME,311.689,223.075,-3.88,3.154,231,200.0,,,
2026-09-08T03:55:32.700058,14,3338,FRAME,307.809,226.228,-3.88,3.154,231,200.0,,,
2026-09-08T03:55:32.716109,14,3339,FRAME,303.929,229.382,-3.88,3.154,231,200.0,,,
2026-09-08T03:55:32.732128,14,3340,FRAME,300.049,232.536,-3.88,3.154,231,200.0,,,
2026-09-08T03:55:32.747961,14,3341,FRAME,296.169,235.689,-3.88,3.154,231,200.0,,,
2026-09-08T03:55:32.764092,14,3342,FRAME,292.289,238.843,-3.88,3.154,231,200.0,,,
2026-09-08T03:55:32.780400,14,3343,FRAME,288.408,241.997,-3.88,3.154,231,200.0,,,
2026-09-08T03:55:32.796562,14,3344,FRAME,284.528,245.15,-3.88,3.154,231,200.0,,,
2026-09-08T03:55:32.813015,14,3345,FRAME,280.648,248.304,-3.88,3.154,231,200.0,,,
2026-09-08T03:55:32.829031,14,3346,FRAME,276.768,251.457,-3.88,3.154,231,200.0,,,
2026-09-08T03:55:32.845986,14,3347,FRAME,272.888,254.611,-3.88,3.154,231,200.0,,,
2026-09-08T03:55:32.861766,14,3348,FRAME,269.008,257.765,-3.88,3.154,231,200.0,,,
2026-09-08T03:55:32.877997,14,3349,FRAME,265.128,260.918,-3.88,3.154,231,200.0,,,
2026-09-08T03:55:32.894416,14,3350,FRAME,261.248,264.072,-3.88,3.154,231,200.0,,,
2026-09-08T03:55:32.911131,14,3351,FRAME,257.368,267.225,-3.88,3.154,238,200.0,,,
2026-09-08T03:55:32.927154,14,3352,FRAME,253.488,270.379,-3.88,3.154,245,200.0,,,
2026-09-08T03:55:32.945352,14,3353,FRAME,249.608,273.533,-3.88,3.154,252,200.0,,,
2026-09-08T03:55:32.961906,14,3354,FRAME,245.728,276.686,-3.88,3.154,259,200.0,,,
2026-09-08T03:55:32.977927,14,3355,FRAME,241.848,279.84,-3.88,3.154,266,200.0,,,
2026-09-08T03:55:32.993823,14,3356,FRAME,237.968,282.994,-3.88,3.154,273,200.0,,,
2026-09-08T03:55:33.010299,14,3357,FRAME,234.088,286.147,-3.88,3.154,280,200.0,,,
2026-09-08T03:55:33.027167,14,3358,FRAME,230.208,289.301,-3.88,3.154,287,200.0,,,
2026-09-08T03:55:33.043969,14,3359,FRAME,226.328,292.454,-3.88,3.154,294,200.0,,,
2026-09-08T03:55:33.060637,14,3360,FRAME,222.448,295.608,-3.88,3.154,294,200.0,,,
2026-09-08T03:55:33.077318,14,3361,FRAME,218.568,298.762,-3.88,3.154,294,200.0,,,
2026-09-08T03:55:33.094218,14,3362,FRAME,214.688,301.915,-3.88,3.154,294,200.0,,,
2026-09-08T03:55:33.111112,14,3363,FRAME,210.808,305.069,-3.88,3.154,294,200.0,,,
2026-09-08T03:55:33.127915,14,3364,FRAME,206.928,308.222,-3.88,3.154,294,200.0,,,
2026-09-08T03:55:33.144302,14,3365,FRAME,203.048,311.376,-3.88,3.154,294,200.0,,,
2026-09-08T03:55:33.160748,14,3366,FRAME,199.168,314.53,-3.88,3.154,294,200.0,,,
2026-09-08T03:55:33.177746,14,3367,FRAME,195.288,317.683,-3.88,3.154,294,200.0,,,
2026-09-08T03:55:33.194272,14,3368,FRAME,191.407,320.837,-3.88,3.154,294,200.0,,,
2026-09-08T03:55:33.211493,14,3369,FRAME,187.527,323.991,-3.88,3.154,294,200.0,,,
2026-09-08T03:55:33.228220,14,3370,FRAME,183.647,327.144,-3.88,3.154,294,200.0,,,
2026-09-08T03:55:33.245353,14,3371,FRAME,179.767,330.298,-3.88,3.154,301,200.0,,,
2026-09-08T03:55:33.261961,14,3372,FRAME,175.887,333.451,-3.88,3.154,308,200.0,,,
2026-09-08T03:55:33.278990,14,3373,FRAME,172.007,336.605,-3.88,3.154,315,200.0,,,
2026-09-08T03:55:33.295149,14,3374,FRAME,168.127,339.759,-3.88,3.154,322,200.0,,,
2026-09-08T03:55:33.311342,14,3375,FRAME,164.247,342.912,-3.88,3.154,329,200.0,,,
2026-09-08T03:55:33.328397,14,3376,FRAME,160.367,346.066,-3.88,3.154,336,200.0,,,
2026-09-08T03:55:33.345426,14,3377,FRAME,156.487,349.219,-3.88,3.154,343,200.0,,,
2026-09-08T03:55:33.361953,14,3378,FRAME,152.607,352.373,-3.88,3.154,343,200.0,,,
2026-09-08T03:55:33.378012,14,3379,FRAME,148.727,355.527,-3.88,3.154,343,200.0,,,
2026-09-08T03:55:33.394325,14,3380,FRAME,144.847,358.68,-3.88,3.154,343,200.0,,,
2026-09-08T03:55:33.411514,14,3381,FRAME,140.967,361.834,-3.88,3.154,343,200.0,,,
2026-09-08T03:55:33.427850,14,3382,FRAME,137.087,364.988,-3.88,3.154,343,200.0,,,
2026-09-08T03:55:33.443994,14,3383,FRAME,133.207,368.141,-3.88,3.154,343,200.0,,,
2026-09-08T03:55:33.460313,14,3384,FRAME,129.327,371.295,-3.88,3.154,343,200.0,,,
2026-09-08T03:55:33.477397,14,3385,FRAME,125.447,374.448,-3.88,3.154,343,200.0,,,
2026-09-08T03:55:33.494785,14,3386,FRAME,121.567,377.602,-3.88,3.154,350,200.0,,,
2026-09-08T03:55:33.510825,14,3387,FRAME,117.687,380.756,-3.88,3.154,357,200.0,,,
2026-09-08T03:55:33.527515,14,3388,FRAME,113.807,383.909,-3.88,3.154,364,200.0,,,
2026-09-08T03:55:33.543258,14,3389,FRAME,109.927,387.063,-3.88,3.154,371,200.0,,,
2026-09-08T03:55:33.560434,14,3390,FRAME,106.047,390.216,-3.88,3.154,378,200.0,,,
2026-09-08T03:55:33.577184,14,3391,FRAME,102.167,393.37,-3.88,3.154,385,200.0,,,
2026-09-08T03:55:33.593891,14,3392,FRAME,98.287,396.524,-3.88,3.154,392,200.0,,,
2026-09-08T03:55:33.610652,14,3393,FRAME,94.406,399.677,-3.88,3.154,399,200.0,,,
2026-09-08T03:55:33.627478,14,3394,FRAME,90.526,402.831,-3.88,3.154,399,200.0,,,
2026-09-08T03:55:33.644057,14,3395,FRAME,86.646,405.985,-3.88,3.154,399,200.0,,,
2026-09-08T03:55:33.659754,14,3396,FRAME,82.766,409.138,-3.88,3.154,399,200.0,,,
2026-09-08T03:55:33.676063,14,3397,FRAME,78.886,412.292,-3.88,3.154,399,200.0,,,
2026-09-08T03:55:33.691748,14,3398,FRAME,75.006,415.445,-3.88,3.154,399,200.0,,,
2026-09-08T03:55:33.707846,14,3399,FRAME,71.126,418.599,-3.88,3.154,399,200.0,,,
2026-09-08T03:55:33.723685,14,3400,FRAME,67.246,421.753,-3.88,3.154,399,200.0,,,
2026-09-08T03:55:33.740523,14,3401,FRAME,63.366,424.906,-3.88,3.154,399,200.0,,,
2026-09-08T03:55:33.757956,14,3402,FRAME,59.486,428.06,-3.88,3.154,399,200.0,,,
2026-09-08T03:55:33.774182,14,3403,FRAME,55.606,431.213,-3.88,3.154,399,200.0,,,
2026-09-08T03:55:33.791323,14,3404,FRAME,51.726,434.367,-3.88,3.154,399,200.0,,,
2026-09-08T03:55:33.808257,14,3405,FRAME,47.846,437.521,-3.88,3.154,399,200.0,,,
2026-09-08T03:55:33.824999,14,3406,LEFT_HIT,45,440.674,4.976,0.489,392,200.0,0.093,5.609,
2026-09-08T03:55:33.824999,14,3407,FRAME,45,440.674,4.976,0.489,392,200.0,,,
2026-09-08T03:55:33.840749,14,3408,FRAME,49.976,441.163,4.976,0.489,385,200.0,,,
2026-09-08T03:55:33.857079,14,3409,FRAME,54.952,441.652,4.976,0.489,378,200.0,,,
2026-09-08T03:55:33.872868,14,3410,FRAME,59.928,442.14,4.976,0.489,371,200.0,,,
2026-09-08T03:55:33.888999,14,3411,FRAME,64.904,442.629,4.976,0.489,364,200.0,,,
2026-09-08T03:55:33.905624,14,3412,FRAME,69.88,443.118,4.976,0.489,357,200.0,,,
2026-09-08T03:55:33.921672,14,3413,FRAME,74.856,443.607,4.976,0.489,350,200.0,,,
2026-09-08T03:55:33.937539,14,3414,FRAME,79.832,444.095,4.976,0.489,343,200.0,,,
2026-09-08T03:55:33.954315,14,3415,FRAME,84.808,444.584,4.976,0.489,336,200.0,,,
2026-09-08T03:55:33.970597,14,3416,FRAME,89.785,445.073,4.976,0.489,329,200.0,,,
2026-09-08T03:55:33.987153,14,3417,FRAME,94.761,445.561,4.976,0.489,322,200.0,,,
2026-09-08T03:55:34.004014,14,3418,FRAME,99.737,446.05,4.976,0.489,315,200.0,,,
2026-09-08T03:55:34.020540,14,3419,FRAME,104.713,446.539,4.976,0.489,315,200.0,,,
2026-09-08T03:55:34.036935,14,3420,FRAME,109.689,447.027,4.976,0.489,315,200.0,,,
2026-09-08T03:55:34.052749,14,3421,FRAME,114.665,447.516,4.976,0.489,315,200.0,,,
2026-09-08T03:55:34.068955,14,3422,FRAME,119.641,448.005,4.976,0.489,315,200.0,,,
2026-09-08T03:55:34.085231,14,3423,FRAME,124.617,448.494,4.976,0.489,315,200.0,,,
2026-09-08T03:55:34.102284,14,3424,FRAME,129.593,448.982,4.976,0.489,315,200.0,,,
2026-09-08T03:55:34.119324,14,3425,FRAME,134.569,449.471,4.976,0.489,315,200.0,,,
2026-09-08T03:55:34.136074,14,3426,FRAME,139.545,449.96,4.976,0.489,315,200.0,,,
2026-09-08T03:55:34.152322,14,3427,FRAME,144.521,450.448,4.976,0.489,315,200.0,,,
2026-09-08T03:55:34.169931,14,3428,FRAME,149.497,450.937,4.976,0.489,315,200.0,,,
2026-09-08T03:55:34.186340,14,3429,FRAME,154.473,451.426,4.976,0.489,315,200.0,,,
2026-09-08T03:55:34.202713,14,3430,FRAME,159.449,451.915,4.976,0.489,315,200.0,,,
2026-09-08T03:55:34.219159,14,3431,FRAME,164.425,452.403,4.976,0.489,315,200.0,,,
2026-09-08T03:55:34.236218,14,3432,FRAME,169.401,452.892,4.976,0.489,315,200.0,,,
2026-09-08T03:55:34.253279,14,3433,FRAME,174.378,453.381,4.976,0.489,315,200.0,,,
2026-09-08T03:55:34.270219,14,3434,FRAME,179.354,453.869,4.976,0.489,315,200.0,,,
2026-09-08T03:55:34.287451,14,3435,FRAME,184.33,454.358,4.976,0.489,315,200.0,,,
2026-09-08T03:55:34.303276,14,3436,FRAME,189.306,454.847,4.976,0.489,315,200.0,,,
2026-09-08T03:55:34.320432,14,3437,FRAME,194.282,455.335,4.976,0.489,315,200.0,,,
2026-09-08T03:55:34.337627,14,3438,FRAME,199.258,455.824,4.976,0.489,315,200.0,,,
2026-09-08T03:55:34.353366,14,3439,FRAME,204.234,456.313,4.976,0.489,315,200.0,,,
2026-09-08T03:55:34.370072,14,3440,FRAME,209.21,456.802,4.976,0.489,315,200.0,,,
2026-09-08T03:55:34.387356,14,3441,FRAME,214.186,457.29,4.976,0.489,315,200.0,,,
2026-09-08T03:55:34.404968,14,3442,FRAME,219.162,457.779,4.976,0.489,315,200.0,,,
2026-09-08T03:55:34.420723,14,3443,FRAME,224.138,458.268,4.976,0.489,315,200.0,,,
2026-09-08T03:55:34.436422,14,3444,FRAME,229.114,458.756,4.976,0.489,315,200.0,,,
2026-09-08T03:55:34.454153,14,3445,FRAME,234.09,459.245,4.976,0.489,315,200.0,,,
2026-09-08T03:55:34.470318,14,3446,FRAME,239.066,459.734,4.976,0.489,315,200.0,,,
2026-09-08T03:55:34.487211,14,3447,FRAME,244.042,460.223,4.976,0.489,315,200.0,,,
2026-09-08T03:55:34.505131,14,3448,FRAME,249.018,460.711,4.976,0.489,315,200.0,,,
2026-09-08T03:55:34.521395,14,3449,FRAME,253.994,461.2,4.976,0.489,315,200.0,,,
2026-09-08T03:55:34.538181,14,3450,FRAME,258.971,461.689,4.976,0.489,315,200.0,,,
2026-09-08T03:55:34.554401,14,3451,FRAME,263.947,462.177,4.976,0.489,315,200.0,,,
2026-09-08T03:55:34.571266,14,3452,FRAME,268.923,462.666,4.976,0.489,315,200.0,,,
2026-09-08T03:55:34.587921,14,3453,FRAME,273.899,463.155,4.976,0.489,315,200.0,,,
2026-09-08T03:55:34.604051,14,3454,FRAME,278.875,463.644,4.976,0.489,315,200.0,,,
2026-09-08T03:55:34.620842,14,3455,FRAME,283.851,464.132,4.976,0.489,315,200.0,,,
2026-09-08T03:55:34.636978,14,3456,FRAME,288.827,464.621,4.976,0.489,315,200.0,,,
2026-09-08T03:55:34.653952,14,3457,FRAME,293.803,465.11,4.976,0.489,315,200.0,,,
2026-09-08T03:55:34.669438,14,3458,FRAME,298.779,465.598,4.976,0.489,315,200.0,,,
2026-09-08T03:55:34.686333,14,3459,FRAME,303.755,466.087,4.976,0.489,315,200.0,,,
2026-09-08T03:55:34.703016,14,3460,FRAME,308.731,466.576,4.976,0.489,315,200.0,,,
2026-09-08T03:55:34.720347,14,3461,FRAME,313.707,467.064,4.976,0.489,315,200.0,,,
2026-09-08T03:55:34.737419,14,3462,FRAME,318.683,467.553,4.976,0.489,315,200.0,,,
2026-09-08T03:55:34.753966,14,3463,FRAME,323.659,468.042,4.976,0.489,315,200.0,,,
2026-09-08T03:55:34.770394,14,3464,FRAME,328.635,468.531,4.976,0.489,315,200.0,,,
2026-09-08T03:55:34.787228,14,3465,FRAME,333.611,469.019,4.976,0.489,315,200.0,,,
2026-09-08T03:55:34.804221,14,3466,FRAME,338.587,469.508,4.976,0.489,315,200.0,,,
2026-09-08T03:55:34.821645,14,3467,FRAME,343.564,469.997,4.976,0.489,315,200.0,,,
2026-09-08T03:55:34.838256,14,3468,FRAME,348.54,470.485,4.976,0.489,315,200.0,,,
2026-09-08T03:55:34.855198,14,3469,FRAME,353.516,470.974,4.976,0.489,315,200.0,,,
2026-09-08T03:55:34.871794,14,3470,FRAME,358.492,471.463,4.976,0.489,315,200.0,,,
2026-09-08T03:55:34.888409,14,3471,FRAME,363.468,471.952,4.976,0.489,315,200.0,,,
2026-09-08T03:55:34.905133,14,3472,FRAME,368.444,472.44,4.976,0.489,315,200.0,,,
2026-09-08T03:55:34.921043,14,3473,FRAME,373.42,472.929,4.976,0.489,315,200.0,,,
2026-09-08T03:55:34.937349,14,3474,FRAME,378.396,473.418,4.976,0.489,315,200.0,,,
2026-09-08T03:55:34.955172,14,3475,FRAME,383.372,473.906,4.976,0.489,315,200.0,,,
2026-09-08T03:55:34.972739,14,3476,FRAME,388.348,474.395,4.976,0.489,315,200.0,,,
2026-09-08T03:55:34.988794,14,3477,FRAME,393.324,474.884,4.976,0.489,315,200.0,,,
2026-09-08T03:55:35.005646,14,3478,FRAME,398.3,475.373,4.976,0.489,315,200.0,,,
2026-09-08T03:55:35.022126,14,3479,FRAME,403.276,475.861,4.976,0.489,315,200.0,,,
2026-09-08T03:55:35.038412,14,3480,FRAME,408.252,476.35,4.976,0.489,315,200.0,,,
2026-09-08T03:55:35.055148,14,3481,FRAME,413.228,476.839,4.976,0.489,315,200.0,,,
2026-09-08T03:55:35.072857,14,3482,FRAME,418.204,477.327,4.976,0.489,315,200.0,,,
2026-09-08T03:55:35.088530,14,3483,FRAME,423.18,477.816,4.976,0.489,315,200.0,,,
2026-09-08T03:55:35.106135,14,3484,FRAME,428.157,478.305,4.976,0.489,315,200.0,,,
2026-09-08T03:55:35.122538,14,3485,FRAME,433.133,478.793,4.976,0.489,315,200.0,,,
2026-09-08T03:55:35.139303,14,3486,FRAME,438.109,479.282,4.976,0.489,315,200.0,,,
2026-09-08T03:55:35.156447,14,3487,FRAME,443.085,479.771,4.976,0.489,315,200.0,,,
2026-09-08T03:55:35.172947,14,3488,FRAME,448.061,480.26,4.976,0.489,315,200.0,,,
2026-09-08T03:55:35.188884,14,3489,FRAME,453.037,480.748,4.976,0.489,315,200.0,,,
2026-09-08T03:55:35.205075,14,3490,FRAME,458.013,481.237,4.976,0.489,315,200.0,,,
2026-09-08T03:55:35.221100,14,3491,FRAME,462.989,481.726,4.976,0.489,315,200.0,,,
2026-09-08T03:55:35.237302,14,3492,FRAME,467.965,482.214,4.976,0.489,315,200.0,,,
2026-09-08T03:55:35.254499,14,3493,FRAME,472.941,482.703,4.976,0.489,315,200.0,,,
2026-09-08T03:55:35.270913,14,3494,FRAME,477.917,483.192,4.976,0.489,315,200.0,,,
2026-09-08T03:55:35.287484,14,3495,FRAME,482.893,483.681,4.976,0.489,315,200.0,,,
2026-09-08T03:55:35.304139,14,3496,FRAME,487.869,484.169,4.976,0.489,315,200.0,,,
2026-09-08T03:55:35.320532,14,3497,FRAME,492.845,484.658,4.976,0.489,315,200.0,,,
2026-09-08T03:55:35.337106,14,3498,FRAME,497.821,485.147,4.976,0.489,315,200.0,,,
2026-09-08T03:55:35.354220,14,3499,FRAME,502.797,485.635,4.976,0.489,315,200.0,,,
2026-09-08T03:55:35.370427,14,3500,FRAME,507.774,486.124,4.976,0.489,315,200.0,,,
2026-09-08T03:55:35.387178,14,3501,FRAME,512.75,486.613,4.976,0.489,315,200.0,,,
2026-09-08T03:55:35.404059,14,3502,FRAME,517.726,487.101,4.976,0.489,315,200.0,,,
2026-09-08T03:55:35.420633,14,3503,FRAME,522.702,487.59,4.976,0.489,315,200.0,,,
2026-09-08T03:55:35.436409,14,3504,WALL_BOUNCE,527.678,488,4.976,-0.489,315,200.0,,,
2026-09-08T03:55:35.436409,14,3505,FRAME,527.678,488,4.976,-0.489,315,200.0,,,
2026-09-08T03:55:35.452798,14,3506,FRAME,532.654,487.511,4.976,-0.489,315,200.0,,,
2026-09-08T03:55:35.468521,14,3507,FRAME,537.63,487.023,4.976,-0.489,315,200.0,,,
2026-09-08T03:55:35.485454,14,3508,FRAME,542.606,486.534,4.976,-0.489,315,200.0,,,
2026-09-08T03:55:35.502050,14,3509,FRAME,547.582,486.045,4.976,-0.489,315,200.0,,,
2026-09-08T03:55:35.518839,14,3510,FRAME,552.558,485.556,4.976,-0.489,315,200.0,,,
2026-09-08T03:55:35.535245,14,3511,FRAME,557.534,485.068,4.976,-0.489,315,200.0,,,
2026-09-08T03:55:35.551482,14,3512,FRAME,562.51,484.579,4.976,-0.489,315,200.0,,,
2026-09-08T03:55:35.568659,14,3513,FRAME,567.486,484.09,4.976,-0.489,315,200.0,,,
2026-09-08T03:55:35.585198,14,3514,FRAME,572.462,483.602,4.976,-0.489,315,200.0,,,
2026-09-08T03:55:35.601840,14,3515,FRAME,577.438,483.113,4.976,-0.489,315,200.0,,,
2026-09-08T03:55:35.618247,14,3516,FRAME,582.414,482.624,4.976,-0.489,315,200.0,,,
2026-09-08T03:55:35.635528,14,3517,FRAME,587.39,482.136,4.976,-0.489,315,200.0,,,
2026-09-08T03:55:35.652344,14,3518,FRAME,592.367,481.647,4.976,-0.489,315,200.0,,,
2026-09-08T03:55:35.668557,14,3519,FRAME,597.343,481.158,4.976,-0.489,315,200.0,,,
2026-09-08T03:55:35.685369,14,3520,FRAME,602.319,480.669,4.976,-0.489,315,200.0,,,
2026-09-08T03:55:35.702645,14,3521,FRAME,607.295,480.181,4.976,-0.489,315,200.0,,,
2026-09-08T03:55:35.718516,14,3522,FRAME,612.271,479.692,4.976,-0.489,315,200.0,,,
2026-09-08T03:55:35.735079,14,3523,FRAME,617.247,479.203,4.976,-0.489,315,200.0,,,
2026-09-08T03:55:35.751391,14,3524,FRAME,622.223,478.715,4.976,-0.489,315,200.0,,,
2026-09-08T03:55:35.768884,14,3525,FRAME,627.199,478.226,4.976,-0.489,315,200.0,,,
2026-09-08T03:55:35.785382,14,3526,FRAME,632.175,477.737,4.976,-0.489,315,200.0,,,
2026-09-08T03:55:35.802372,14,3527,FRAME,637.151,477.248,4.976,-0.489,315,200.0,,,
2026-09-08T03:55:35.818553,14,3528,FRAME,642.127,476.76,4.976,-0.489,315,200.0,,,
2026-09-08T03:55:35.834819,14,3529,FRAME,647.103,476.271,4.976,-0.489,315,200.0,,,
2026-09-08T03:55:35.851392,14,3530,FRAME,652.079,475.782,4.976,-0.489,315,200.0,,,
2026-09-08T03:55:35.868332,14,3531,FRAME,657.055,475.294,4.976,-0.489,315,200.0,,,
2026-09-08T03:55:35.886150,14,3532,FRAME,662.031,474.805,4.976,-0.489,315,200.0,,,
2026-09-08T03:55:35.904072,14,3533,FRAME,667.007,474.316,4.976,-0.489,315,200.0,,,
2026-09-08T03:55:35.920684,14,3534,FRAME,671.983,473.827,4.976,-0.489,315,200.0,,,
2026-09-08T03:55:35.936431,14,3535,FRAME,676.96,473.339,4.976,-0.489,315,200.0,,,
2026-09-08T03:55:35.952464,14,3536,FRAME,681.936,472.85,4.976,-0.489,315,200.0,,,
2026-09-08T03:55:35.969585,14,3537,FRAME,686.912,472.361,4.976,-0.489,315,200.0,,,
2026-09-08T03:55:35.986397,14,3538,FRAME,691.888,471.873,4.976,-0.489,315,200.0,,,
2026-09-08T03:55:36.002830,14,3539,FRAME,696.864,471.384,4.976,-0.489,315,200.0,,,
2026-09-08T03:55:36.019127,14,3540,FRAME,701.84,470.895,4.976,-0.489,315,200.0,,,
2026-09-08T03:55:36.035348,14,3541,FRAME,706.816,470.407,4.976,-0.489,315,200.0,,,
2026-09-08T03:55:36.052180,14,3542,FRAME,711.792,469.918,4.976,-0.489,315,200.0,,,
2026-09-08T03:55:36.069110,14,3543,FRAME,716.768,469.429,4.976,-0.489,315,200.0,,,
2026-09-08T03:55:36.085541,14,3544,FRAME,721.744,468.94,4.976,-0.489,315,200.0,,,
2026-09-08T03:55:36.102348,14,3545,FRAME,726.72,468.452,4.976,-0.489,315,200.0,,,
2026-09-08T03:55:36.118511,14,3546,FRAME,731.696,467.963,4.976,-0.489,315,200.0,,,
2026-09-08T03:55:36.135158,14,3547,FRAME,736.672,467.474,4.976,-0.489,315,200.0,,,
2026-09-08T03:55:36.152273,14,3548,FRAME,741.648,466.986,4.976,-0.489,315,200.0,,,
2026-09-08T03:55:36.168422,14,3549,FRAME,746.624,466.497,4.976,-0.489,315,200.0,,,
2026-09-08T03:55:36.185594,14,3550,FRAME,751.6,466.008,4.976,-0.489,315,200.0,,,
2026-09-08T03:55:36.202375,14,3551,FRAME,756.576,465.519,4.976,-0.489,315,200.0,,,
2026-09-08T03:55:36.218385,14,3552,FRAME,761.553,465.031,4.976,-0.489,315,200.0,,,
2026-09-08T03:55:36.235487,14,3553,FRAME,766.529,464.542,4.976,-0.489,315,200.0,,,
2026-09-08T03:55:36.252062,14,3554,FRAME,771.505,464.053,4.976,-0.489,315,200.0,,,
2026-09-08T03:55:36.268137,14,3555,FRAME,776.481,463.565,4.976,-0.489,315,200.0,,,
2026-09-08T03:55:36.285593,14,3556,FRAME,781.457,463.076,4.976,-0.489,315,200.0,,,
2026-09-08T03:55:36.301683,14,3557,FRAME,786.433,462.587,4.976,-0.489,315,200.0,,,
2026-09-08T03:55:36.317775,14,3558,FRAME,791.409,462.099,4.976,-0.489,315,200.0,,,
2026-09-08T03:55:36.333719,14,3559,FRAME,796.385,461.61,4.976,-0.489,315,200.0,,,
2026-09-08T03:55:36.350202,14,3560,FRAME,801.361,461.121,4.976,-0.489,315,200.0,,,
2026-09-08T03:55:36.350202,14,3561,MISS_RIGHT,801.361,461.121,4.976,-0.489,315,200.0,,,LEFT
2026-09-08T03:55:36.367468,15,3562,FRAME,317.589,127.771,-4.762,1.526,315,200.0,,,
2026-09-08T03:55:36.384149,15,3563,FRAME,312.827,129.297,-4.762,1.526,315,200.0,,,
2026-09-08T03:55:36.401005,15,3564,FRAME,308.065,130.823,-4.762,1.526,315,200.0,,,
2026-09-08T03:55:36.417541,15,3565,FRAME,303.304,132.348,-4.762,1.526,315,200.0,,,
2026-09-08T03:55:36.434217,15,3566,FRAME,298.542,133.874,-4.762,1.526,315,200.0,,,
2026-09-08T03:55:36.451336,15,3567,FRAME,293.781,135.4,-4.762,1.526,315,200.0,,,
2026-09-08T03:55:36.468752,15,3568,FRAME,289.019,136.926,-4.762,1.526,315,200.0,,,
2026-09-08T03:55:36.485085,15,3569,FRAME,284.258,138.451,-4.762,1.526,315,200.0,,,
2026-09-08T03:55:36.500550,15,3570,FRAME,279.496,139.977,-4.762,1.526,315,200.0,,,
2026-09-08T03:55:36.517117,15,3571,FRAME,274.735,141.503,-4.762,1.526,315,200.0,,,
2026-09-08T03:55:36.533400,15,3572,FRAME,269.973,143.029,-4.762,1.526,315,200.0,,,
2026-09-08T03:55:36.550957,15,3573,FRAME,265.212,144.555,-4.762,1.526,315,200.0,,,
2026-09-08T03:55:36.567023,15,3574,FRAME,260.45,146.08,-4.762,1.526,315,200.0,,,
2026-09-08T03:55:36.584237,15,3575,FRAME,255.689,147.606,-4.762,1.526,315,200.0,,,
2026-09-08T03:55:36.601172,15,3576,FRAME,250.927,149.132,-4.762,1.526,315,200.0,,,
2026-09-08T03:55:36.617654,15,3577,FRAME,246.166,150.658,-4.762,1.526,315,200.0,,,
2026-09-08T03:55:36.634085,15,3578,FRAME,241.404,152.183,-4.762,1.526,315,200.0,,,
2026-09-08T03:55:36.650002,15,3579,FRAME,236.643,153.709,-4.762,1.526,315,200.0,,,
2026-09-08T03:55:36.666232,15,3580,FRAME,231.881,155.235,-4.762,1.526,315,200.0,,,
2026-09-08T03:55:36.683388,15,3581,FRAME,227.12,156.761,-4.762,1.526,315,200.0,,,
2026-09-08T03:55:36.700207,15,3582,FRAME,222.358,158.287,-4.762,1.526,315,200.0,,,
2026-09-08T03:55:36.717040,15,3583,FRAME,217.597,159.812,-4.762,1.526,315,200.0,,,
2026-09-08T03:55:36.734054,15,3584,FRAME,212.835,161.338,-4.762,1.526,315,200.0,,,
2026-09-08T03:55:36.750725,15,3585,FRAME,208.074,162.864,-4.762,1.526,315,200.0,,,
2026-09-08T03:55:36.767058,15,3586,FRAME,203.312,164.39,-4.762,1.526,315,200.0,,,
2026-09-08T03:55:36.783047,15,3587,FRAME,198.551,165.915,-4.762,1.526,315,200.0,,,
2026-09-08T03:55:36.799282,15,3588,FRAME,193.789,167.441,-4.762,1.526,315,200.0,,,
2026-09-08T03:55:36.816156,15,3589,FRAME,189.028,168.967,-4.762,1.526,315,200.0,,,
2026-09-08T03:55:36.832524,15,3590,FRAME,184.266,170.493,-4.762,1.526,315,200.0,,,
2026-09-08T03:55:36.848581,15,3591,FRAME,179.505,172.019,-4.762,1.526,315,200.0,,,
2026-09-08T03:55:36.866117,15,3592,FRAME,174.743,173.544,-4.762,1.526,308,200.0,,,
2026-09-08T03:55:36.882091,15,3593,FRAME,169.982,175.07,-4.762,1.526,301,200.0,,,
2026-09-08T03:55:36.898229,15,3594,FRAME,165.22,176.596,-4.762,1.526,294,200.0,,,
2026-09-08T03:55:36.915721,15,3595,FRAME,160.459,178.122,-4.762,1.526,287,200.0,,,
2026-09-08T03:55:36.932352,15,3596,FRAME,155.697,179.647,-4.762,1.526,280,200.0,,,
2026-09-08T03:55:36.948412,15,3597,FRAME,150.936,181.173,-4.762,1.526,273,200.0,,,
2026-09-08T03:55:36.964601,15,3598,FRAME,146.174,182.699,-4.762,1.526,266,200.0,,,
2026-09-08T03:55:36.981194,15,3599,FRAME,141.413,184.225,-4.762,1.526,259,200.0,,,
2026-09-08T03:55:36.998391,15,3600,FRAME,136.651,185.751,-4.762,1.526,252,200.0,,,
2026-09-08T03:55:37.015442,15,3601,FRAME,131.89,187.276,-4.762,1.526,245,200.0,,,
2026-09-08T03:55:37.031961,15,3602,FRAME,127.128,188.802,-4.762,1.526,238,200.0,,,
2026-09-08T03:55:37.048171,15,3603,FRAME,122.366,190.328,-4.762,1.526,231,200.0,,,
2026-09-08T03:55:37.065444,15,3604,FRAME,117.605,191.854,-4.762,1.526,224,200.0,,,
2026-09-08T03:55:37.081863,15,3605,FRAME,112.843,193.379,-4.762,1.526,217,200.0,,,
2026-09-08T03:55:37.097750,15,3606,FRAME,108.082,194.905,-4.762,1.526,210,200.0,,,
2026-09-08T03:55:37.114181,15,3607,FRAME,103.32,196.431,-4.762,1.526,203,200.0,,,
2026-09-08T03:55:37.131143,15,3608,FRAME,98.559,197.957,-4.762,1.526,196,200.0,,,
2026-09-08T03:55:37.148370,15,3609,FRAME,93.797,199.483,-4.762,1.526,189,200.0,,,
2026-09-08T03:55:37.165462,15,3610,FRAME,89.036,201.008,-4.762,1.526,182,200.0,,,
2026-09-08T03:55:37.182230,15,3611,FRAME,84.274,202.534,-4.762,1.526,175,200.0,,,
2026-09-08T03:55:37.199255,15,3612,FRAME,79.513,204.06,-4.762,1.526,175,200.0,,,
2026-09-08T03:55:37.216331,15,3613,FRAME,74.751,205.586,-4.762,1.526,175,200.0,,,
2026-09-08T03:55:37.233264,15,3614,FRAME,69.99,207.111,-4.762,1.526,175,200.0,,,
2026-09-08T03:55:37.250250,15,3615,FRAME,65.228,208.637,-4.762,1.526,175,200.0,,,
2026-09-08T03:55:37.266890,15,3616,FRAME,60.467,210.163,-4.762,1.526,175,200.0,,,
2026-09-08T03:55:37.284057,15,3617,FRAME,55.705,211.689,-4.762,1.526,182,200.0,,,
2026-09-08T03:55:37.300390,15,3618,FRAME,50.944,213.214,-4.762,1.526,189,200.0,,,
2026-09-08T03:55:37.316409,15,3619,FRAME,46.182,214.74,-4.762,1.526,196,200.0,,,
2026-09-08T03:55:37.334013,15,3620,LEFT_HIT,45,216.266,3.999,-3.001,203,200.0,-0.615,-36.881,
2026-09-08T03:55:37.334013,15,3621,FRAME,45,216.266,3.999,-3.001,203,200.0,,,
2026-09-08T03:55:37.350537,15,3622,FRAME,48.999,213.265,3.999,-3.001,210,200.0,,,
2026-09-08T03:55:37.366502,15,3623,FRAME,52.999,210.265,3.999,-3.001,217,200.0,,,
2026-09-08T03:55:37.384085,15,3624,FRAME,56.998,207.264,3.999,-3.001,224,200.0,,,
2026-09-08T03:55:37.400770,15,3625,FRAME,60.998,204.263,3.999,-3.001,231,200.0,,,
2026-09-08T03:55:37.417304,15,3626,FRAME,64.997,201.262,3.999,-3.001,238,200.0,,,
2026-09-08T03:55:37.433501,15,3627,FRAME,68.997,198.261,3.999,-3.001,245,200.0,,,
2026-09-08T03:55:37.449500,15,3628,FRAME,72.996,195.261,3.999,-3.001,252,200.0,,,
2026-09-08T03:55:37.466852,15,3629,FRAME,76.995,192.26,3.999,-3.001,259,200.0,,,
2026-09-08T03:55:37.484071,15,3630,FRAME,80.995,189.259,3.999,-3.001,266,200.0,,,
2026-09-08T03:55:37.500226,15,3631,FRAME,84.994,186.258,3.999,-3.001,273,200.0,,,
2026-09-08T03:55:37.517271,15,3632,FRAME,88.994,183.258,3.999,-3.001,280,200.0,,,
2026-09-08T03:55:37.534338,15,3633,FRAME,92.993,180.257,3.999,-3.001,287,200.0,,,
2026-09-08T03:55:37.551155,15,3634,FRAME,96.993,177.256,3.999,-3.001,294,200.0,,,
2026-09-08T03:55:37.567122,15,3635,FRAME,100.992,174.255,3.999,-3.001,301,200.0,,,
2026-09-08T03:55:37.584074,15,3636,FRAME,104.991,171.255,3.999,-3.001,308,200.0,,,
2026-09-08T03:55:37.599559,15,3637,FRAME,108.991,168.254,3.999,-3.001,315,200.0,,,
2026-09-08T03:55:37.615559,15,3638,FRAME,112.99,165.253,3.999,-3.001,322,200.0,,,
2026-09-08T03:55:37.632066,15,3639,FRAME,116.99,162.252,3.999,-3.001,322,200.0,,,
2026-09-08T03:55:37.647429,15,3640,FRAME,120.989,159.252,3.999,-3.001,322,200.0,,,
2026-09-08T03:55:37.664073,15,3641,FRAME,124.989,156.251,3.999,-3.001,322,200.0,,,
2026-09-08T03:55:37.681388,15,3642,FRAME,128.988,153.25,3.999,-3.001,322,200.0,,,
2026-09-08T03:55:37.698140,15,3643,FRAME,132.987,150.249,3.999,-3.001,322,200.0,,,
2026-09-08T03:55:37.715241,15,3644,FRAME,136.987,147.249,3.999,-3.001,322,200.0,,,
2026-09-08T03:55:37.731876,15,3645,FRAME,140.986,144.248,3.999,-3.001,322,200.0,,,
2026-09-08T03:55:37.747997,15,3646,FRAME,144.986,141.247,3.999,-3.001,322,200.0,,,
2026-09-08T03:55:37.764254,15,3647,FRAME,148.985,138.246,3.999,-3.001,322,200.0,,,
2026-09-08T03:55:37.780607,15,3648,FRAME,152.985,135.246,3.999,-3.001,322,200.0,,,
2026-09-08T03:55:37.797264,15,3649,FRAME,156.984,132.245,3.999,-3.001,322,200.0,,,
2026-09-08T03:55:37.814431,15,3650,FRAME,160.984,129.244,3.999,-3.001,322,200.0,,,
2026-09-08T03:55:37.831318,15,3651,FRAME,164.983,126.243,3.999,-3.001,322,200.0,,,
2026-09-08T03:55:37.848165,15,3652,FRAME,168.982,123.243,3.999,-3.001,322,200.0,,,
2026-09-08T03:55:37.865147,15,3653,FRAME,172.982,120.242,3.999,-3.001,322,200.0,,,
2026-09-08T03:55:37.883082,15,3654,FRAME,176.981,117.241,3.999,-3.001,322,200.0,,,
2026-09-08T03:55:37.900296,15,3655,FRAME,180.981,114.24,3.999,-3.001,322,200.0,,,
2026-09-08T03:55:37.916291,15,3656,FRAME,184.98,111.24,3.999,-3.001,322,200.0,,,
2026-09-08T03:55:37.932822,15,3657,FRAME,188.98,108.239,3.999,-3.001,322,200.0,,,
2026-09-08T03:55:37.948579,15,3658,FRAME,192.979,105.238,3.999,-3.001,322,200.0,,,
2026-09-08T03:55:37.965364,15,3659,FRAME,196.978,102.237,3.999,-3.001,322,200.0,,,
2026-09-08T03:55:37.981906,15,3660,FRAME,200.978,99.236,3.999,-3.001,322,200.0,,,
2026-09-08T03:55:37.998108,15,3661,FRAME,204.977,96.236,3.999,-3.001,322,200.0,,,
2026-09-08T03:55:38.015476,15,3662,FRAME,208.977,93.235,3.999,-3.001,322,200.0,,,
2026-09-08T03:55:38.031918,15,3663,FRAME,212.976,90.234,3.999,-3.001,322,200.0,,,
2026-09-08T03:55:38.048305,15,3664,FRAME,216.976,87.233,3.999,-3.001,322,200.0,,,
2026-09-08T03:55:38.064331,15,3665,FRAME,220.975,84.233,3.999,-3.001,322,200.0,,,
2026-09-08T03:55:38.080744,15,3666,FRAME,224.974,81.232,3.999,-3.001,322,200.0,,,
2026-09-08T03:55:38.097076,15,3667,FRAME,228.974,78.231,3.999,-3.001,322,200.0,,,
2026-09-08T03:55:38.113591,15,3668,FRAME,232.973,75.23,3.999,-3.001,322,200.0,,,
2026-09-08T03:55:38.130045,15,3669,FRAME,236.973,72.23,3.999,-3.001,322,200.0,,,
2026-09-08T03:55:38.146241,15,3670,FRAME,240.972,69.229,3.999,-3.001,322,200.0,,,
2026-09-08T03:55:38.162708,15,3671,FRAME,244.972,66.228,3.999,-3.001,322,200.0,,,
2026-09-08T03:55:38.179214,15,3672,FRAME,248.971,63.227,3.999,-3.001,322,200.0,,,
2026-09-08T03:55:38.196290,15,3673,FRAME,252.97,60.227,3.999,-3.001,322,200.0,,,
2026-09-08T03:55:38.212745,15,3674,FRAME,256.97,57.226,3.999,-3.001,322,200.0,,,
2026-09-08T03:55:38.228767,15,3675,FRAME,260.969,54.225,3.999,-3.001,322,200.0,,,
2026-09-08T03:55:38.245572,15,3676,FRAME,264.969,51.224,3.999,-3.001,322,200.0,,,
2026-09-08T03:55:38.261928,15,3677,FRAME,268.968,48.224,3.999,-3.001,322,200.0,,,
2026-09-08T03:55:38.278097,15,3678,FRAME,272.968,45.223,3.999,-3.001,322,200.0,,,
2026-09-08T03:55:38.293968,15,3679,FRAME,276.967,42.222,3.999,-3.001,322,200.0,,,
2026-09-08T03:55:38.311865,15,3680,FRAME,280.966,39.221,3.999,-3.001,322,200.0,,,
2026-09-08T03:55:38.328393,15,3681,FRAME,284.966,36.221,3.999,-3.001,322,200.0,,,
2026-09-08T03:55:38.345510,15,3682,FRAME,288.965,33.22,3.999,-3.001,322,200.0,,,
2026-09-08T03:55:38.361970,15,3683,FRAME,292.965,30.219,3.999,-3.001,322,200.0,,,
2026-09-08T03:55:38.377623,15,3684,FRAME,296.964,27.218,3.999,-3.001,322,200.0,,,
2026-09-08T03:55:38.394142,15,3685,FRAME,300.964,24.218,3.999,-3.001,322,200.0,,,
2026-09-08T03:55:38.411408,15,3686,FRAME,304.963,21.217,3.999,-3.001,322,200.0,,,
2026-09-08T03:55:38.428330,15,3687,FRAME,308.962,18.216,3.999,-3.001,322,200.0,,,
2026-09-08T03:55:38.445298,15,3688,FRAME,312.962,15.215,3.999,-3.001,322,200.0,,,
2026-09-08T03:55:38.462076,15,3689,FRAME,316.961,12.215,3.999,-3.001,322,200.0,,,
2026-09-08T03:55:38.477732,15,3690,FRAME,320.961,9.214,3.999,-3.001,322,200.0,,,
2026-09-08T03:55:38.494153,15,3691,FRAME,324.96,6.213,3.999,-3.001,322,200.0,,,
2026-09-08T03:55:38.511121,15,3692,FRAME,328.96,3.212,3.999,-3.001,322,200.0,,,
2026-09-08T03:55:38.528624,15,3693,FRAME,332.959,0.211,3.999,-3.001,322,200.0,,,
2026-09-08T03:55:38.545482,15,3694,WALL_BOUNCE,336.959,0,3.999,3.001,322,200.0,,,
2026-09-08T03:55:38.545482,15,3695,FRAME,336.959,0,3.999,3.001,322,200.0,,,
2026-09-08T03:55:38.562337,15,3696,FRAME,340.958,3.001,3.999,3.001,322,200.0,,,
2026-09-08T03:55:38.578601,15,3697,FRAME,344.957,6.002,3.999,3.001,322,200.0,,,
2026-09-08T03:55:38.594623,15,3698,FRAME,348.957,9.002,3.999,3.001,322,200.0,,,
2026-09-08T03:55:38.611097,15,3699,FRAME,352.956,12.003,3.999,3.001,322,200.0,,,
2026-09-08T03:55:38.627461,15,3700,FRAME,356.956,15.004,3.999,3.001,322,200.0,,,
2026-09-08T03:55:38.644202,15,3701,FRAME,360.955,18.005,3.999,3.001,322,200.0,,,
2026-09-08T03:55:38.661245,15,3702,FRAME,364.955,21.005,3.999,3.001,322,200.0,,,
2026-09-08T03:55:38.678504,15,3703,FRAME,368.954,24.006,3.999,3.001,322,200.0,,,
2026-09-08T03:55:38.695667,15,3704,FRAME,372.953,27.007,3.999,3.001,322,200.0,,,
2026-09-08T03:55:38.711972,15,3705,FRAME,376.953,30.008,3.999,3.001,322,200.0,,,
2026-09-08T03:55:38.728167,15,3706,FRAME,380.952,33.008,3.999,3.001,322,200.0,,,
2026-09-08T03:55:38.744235,15,3707,FRAME,384.952,36.009,3.999,3.001,322,200.0,,,
2026-09-08T03:55:38.760562,15,3708,FRAME,388.951,39.01,3.999,3.001,322,200.0,,,
2026-09-08T03:55:38.776713,15,3709,FRAME,392.951,42.011,3.999,3.001,322,200.0,,,
2026-09-08T03:55:38.793306,15,3710,FRAME,396.95,45.011,3.999,3.001,322,200.0,,,
2026-09-08T03:55:38.810022,15,3711,FRAME,400.949,48.012,3.999,3.001,322,200.0,,,
2026-09-08T03:55:38.826632,15,3712,FRAME,404.949,51.013,3.999,3.001,322,200.0,,,
2026-09-08T03:55:38.842440,15,3713,FRAME,408.948,54.014,3.999,3.001,322,200.0,,,
2026-09-08T03:55:38.859904,15,3714,FRAME,412.948,57.014,3.999,3.001,322,200.0,,,
2026-09-08T03:55:38.875594,15,3715,FRAME,416.947,60.015,3.999,3.001,322,200.0,,,
2026-09-08T03:55:38.892260,15,3716,FRAME,420.947,63.016,3.999,3.001,322,200.0,,,
2026-09-08T03:55:38.909219,15,3717,FRAME,424.946,66.017,3.999,3.001,322,200.0,,,
2026-09-08T03:55:38.926778,15,3718,FRAME,428.945,69.017,3.999,3.001,322,200.0,,,
2026-09-08T03:55:38.943154,15,3719,FRAME,432.945,72.018,3.999,3.001,322,200.0,,,
2026-09-08T03:55:38.959444,15,3720,FRAME,436.944,75.019,3.999,3.001,322,200.0,,,
2026-09-08T03:55:38.976189,15,3721,FRAME,440.944,78.02,3.999,3.001,322,200.0,,,
2026-09-08T03:55:38.993285,15,3722,FRAME,444.943,81.02,3.999,3.001,322,200.0,,,
2026-09-08T03:55:39.009742,15,3723,FRAME,448.943,84.021,3.999,3.001,322,200.0,,,
2026-09-08T03:55:39.026526,15,3724,FRAME,452.942,87.022,3.999,3.001,322,200.0,,,
2026-09-08T03:55:39.043105,15,3725,FRAME,456.941,90.023,3.999,3.001,322,200.0,,,
2026-09-08T03:55:39.059147,15,3726,FRAME,460.941,93.023,3.999,3.001,322,200.0,,,
2026-09-08T03:55:39.075648,15,3727,FRAME,464.94,96.024,3.999,3.001,322,200.0,,,
2026-09-08T03:55:39.092753,15,3728,FRAME,468.94,99.025,3.999,3.001,322,200.0,,,
2026-09-08T03:55:39.108807,15,3729,FRAME,472.939,102.026,3.999,3.001,322,200.0,,,
2026-09-08T03:55:39.124844,15,3730,FRAME,476.939,105.027,3.999,3.001,322,200.0,,,
2026-09-08T03:55:39.142033,15,3731,FRAME,480.938,108.027,3.999,3.001,322,200.0,,,
2026-09-08T03:55:39.158273,15,3732,FRAME,484.937,111.028,3.999,3.001,322,200.0,,,
2026-09-08T03:55:39.175254,15,3733,FRAME,488.937,114.029,3.999,3.001,322,200.0,,,
2026-09-08T03:55:39.192043,15,3734,FRAME,492.936,117.03,3.999,3.001,322,200.0,,,
2026-09-08T03:55:39.209484,15,3735,FRAME,496.936,120.03,3.999,3.001,322,200.0,,,
2026-09-08T03:55:39.225876,15,3736,FRAME,500.935,123.031,3.999,3.001,322,200.0,,,
2026-09-08T03:55:39.242813,15,3737,FRAME,504.935,126.032,3.999,3.001,322,200.0,,,
2026-09-08T03:55:39.258531,15,3738,FRAME,508.934,129.033,3.999,3.001,322,200.0,,,
2026-09-08T03:55:39.275378,15,3739,FRAME,512.934,132.033,3.999,3.001,322,200.0,,,
2026-09-08T03:55:39.292446,15,3740,FRAME,516.933,135.034,3.999,3.001,322,200.0,,,
2026-09-08T03:55:39.309102,15,3741,FRAME,520.932,138.035,3.999,3.001,322,200.0,,,
2026-09-08T03:55:39.325314,15,3742,FRAME,524.932,141.036,3.999,3.001,322,200.0,,,
2026-09-08T03:55:39.342660,15,3743,FRAME,528.931,144.036,3.999,3.001,322,200.0,,,
2026-09-08T03:55:39.359162,15,3744,FRAME,532.931,147.037,3.999,3.001,322,200.0,,,
2026-09-08T03:55:39.375129,15,3745,FRAME,536.93,150.038,3.999,3.001,322,200.0,,,
2026-09-08T03:55:39.391171,15,3746,FRAME,540.93,153.039,3.999,3.001,322,200.0,,,
2026-09-08T03:55:39.408362,15,3747,FRAME,544.929,156.039,3.999,3.001,322,200.0,,,
2026-09-08T03:55:39.425298,15,3748,FRAME,548.928,159.04,3.999,3.001,322,200.0,,,
2026-09-08T03:55:39.442306,15,3749,FRAME,552.928,162.041,3.999,3.001,322,200.0,,,
2026-09-08T03:55:39.458442,15,3750,FRAME,556.927,165.042,3.999,3.001,322,200.0,,,
2026-09-08T03:55:39.475163,15,3751,FRAME,560.927,168.042,3.999,3.001,322,200.0,,,
2026-09-08T03:55:39.492310,15,3752,FRAME,564.926,171.043,3.999,3.001,322,200.0,,,
2026-09-08T03:55:39.508853,15,3753,FRAME,568.926,174.044,3.999,3.001,322,200.0,,,
2026-09-08T03:55:39.525246,15,3754,FRAME,572.925,177.045,3.999,3.001,322,200.0,,,
2026-09-08T03:55:39.542149,15,3755,FRAME,576.924,180.045,3.999,3.001,322,200.0,,,
2026-09-08T03:55:39.558611,15,3756,FRAME,580.924,183.046,3.999,3.001,322,200.0,,,
2026-09-08T03:55:39.575381,15,3757,FRAME,584.923,186.047,3.999,3.001,322,200.0,,,
2026-09-08T03:55:39.592134,15,3758,FRAME,588.923,189.048,3.999,3.001,322,200.0,,,
2026-09-08T03:55:39.607766,15,3759,FRAME,592.922,192.048,3.999,3.001,322,200.0,,,
2026-09-08T03:55:39.624186,15,3760,FRAME,596.922,195.049,3.999,3.001,322,200.0,,,
2026-09-08T03:55:39.641385,15,3761,FRAME,600.921,198.05,3.999,3.001,322,200.0,,,
2026-09-08T03:55:39.658143,15,3762,FRAME,604.92,201.051,3.999,3.001,322,200.0,,,
2026-09-08T03:55:39.674315,15,3763,FRAME,608.92,204.052,3.999,3.001,322,200.0,,,
2026-09-08T03:55:39.691429,15,3764,FRAME,612.919,207.052,3.999,3.001,322,200.0,,,
2026-09-08T03:55:39.708327,15,3765,FRAME,616.919,210.053,3.999,3.001,322,200.0,,,
2026-09-08T03:55:39.725669,15,3766,FRAME,620.918,213.054,3.999,3.001,322,200.0,,,
2026-09-08T03:55:39.742012,15,3767,FRAME,624.918,216.055,3.999,3.001,322,200.0,,,
2026-09-08T03:55:39.758912,15,3768,FRAME,628.917,219.055,3.999,3.001,322,200.0,,,
2026-09-08T03:55:39.775109,15,3769,FRAME,632.916,222.056,3.999,3.001,322,200.0,,,
2026-09-08T03:55:39.790847,15,3770,FRAME,636.916,225.057,3.999,3.001,322,200.0,,,
2026-09-08T03:55:39.807051,15,3771,FRAME,640.915,228.058,3.999,3.001,322,200.0,,,
2026-09-08T03:55:39.823205,15,3772,FRAME,644.915,231.058,3.999,3.001,322,200.0,,,
2026-09-08T03:55:39.839857,15,3773,FRAME,648.914,234.059,3.999,3.001,322,200.0,,,
2026-09-08T03:55:39.856266,15,3774,FRAME,652.914,237.06,3.999,3.001,322,200.0,,,
2026-09-08T03:55:39.873446,15,3775,FRAME,656.913,240.061,3.999,3.001,322,200.0,,,
2026-09-08T03:55:39.889888,15,3776,FRAME,660.912,243.061,3.999,3.001,322,200.0,,,
2026-09-08T03:55:39.907021,15,3777,FRAME,664.912,246.062,3.999,3.001,322,200.0,,,
2026-09-08T03:55:39.922770,15,3778,FRAME,668.911,249.063,3.999,3.001,322,200.0,,,
2026-09-08T03:55:39.939451,15,3779,FRAME,672.911,252.064,3.999,3.001,322,200.0,,,
2026-09-08T03:55:39.956135,15,3780,FRAME,676.91,255.064,3.999,3.001,322,200.0,,,
2026-09-08T03:55:39.974183,15,3781,FRAME,680.91,258.065,3.999,3.001,322,200.0,,,
2026-09-08T03:55:39.991328,15,3782,FRAME,684.909,261.066,3.999,3.001,322,200.0,,,
2026-09-08T03:55:40.007584,15,3783,FRAME,688.909,264.067,3.999,3.001,322,200.0,,,
2026-09-08T03:55:40.024080,15,3784,FRAME,692.908,267.067,3.999,3.001,322,200.0,,,
2026-09-08T03:55:40.040989,15,3785,FRAME,696.907,270.068,3.999,3.001,322,200.0,,,
2026-09-08T03:55:40.057547,15,3786,FRAME,700.907,273.069,3.999,3.001,322,200.0,,,
2026-09-08T03:55:40.074167,15,3787,FRAME,704.906,276.07,3.999,3.001,322,200.0,,,
2026-09-08T03:55:40.091840,15,3788,FRAME,708.906,279.07,3.999,3.001,322,200.0,,,
2026-09-08T03:55:40.108247,15,3789,FRAME,712.905,282.071,3.999,3.001,322,200.0,,,
2026-09-08T03:55:40.125207,15,3790,FRAME,716.905,285.072,3.999,3.001,322,200.0,,,
2026-09-08T03:55:40.142485,15,3791,FRAME,720.904,288.073,3.999,3.001,322,200.0,,,
2026-09-08T03:55:40.159066,15,3792,FRAME,724.903,291.073,3.999,3.001,322,200.0,,,
2026-09-08T03:55:40.175307,15,3793,FRAME,728.903,294.074,3.999,3.001,322,200.0,,,
2026-09-08T03:55:40.192137,15,3794,FRAME,732.902,297.075,3.999,3.001,322,200.0,,,
2026-09-08T03:55:40.209774,15,3795,FRAME,736.902,300.076,3.999,3.001,322,200.0,,,
2026-09-08T03:55:40.226803,15,3796,FRAME,740.901,303.077,3.999,3.001,322,200.0,,,
2026-09-08T03:55:40.243053,15,3797,FRAME,744.901,306.077,3.999,3.001,322,200.0,,,
2026-09-08T03:55:40.258477,15,3798,FRAME,748.9,309.078,3.999,3.001,322,200.0,,,
2026-09-08T03:55:40.275319,15,3799,FRAME,752.899,312.079,3.999,3.001,322,200.0,,,
2026-09-08T03:55:40.292688,15,3800,FRAME,756.899,315.08,3.999,3.001,322,200.0,,,
2026-09-08T03:55:40.309211,15,3801,FRAME,760.898,318.08,3.999,3.001,322,200.0,,,
2026-09-08T03:55:40.326389,15,3802,FRAME,764.898,321.081,3.999,3.001,322,200.0,,,
2026-09-08T03:55:40.343325,15,3803,FRAME,768.897,324.082,3.999,3.001,322,200.0,,,
2026-09-08T03:55:40.360372,15,3804,FRAME,772.897,327.083,3.999,3.001,322,200.0,,,
2026-09-08T03:55:40.377096,15,3805,FRAME,776.896,330.083,3.999,3.001,322,200.0,,,
2026-09-08T03:55:40.393205,15,3806,FRAME,780.895,333.084,3.999,3.001,322,200.0,,,
2026-09-08T03:55:40.410349,15,3807,FRAME,784.895,336.085,3.999,3.001,322,200.0,,,
2026-09-08T03:55:40.427271,15,3808,FRAME,788.894,339.086,3.999,3.001,322,200.0,,,
2026-09-08T03:55:40.444134,15,3809,FRAME,792.894,342.086,3.999,3.001,322,200.0,,,
2026-09-08T03:55:40.460792,15,3810,FRAME,796.893,345.087,3.999,3.001,322,200.0,,,
2026-09-08T03:55:40.477545,15,3811,FRAME,800.893,348.088,3.999,3.001,322,200.0,,,
2026-09-08T03:55:40.477545,15,3812,MISS_RIGHT,800.893,348.088,3.999,3.001,322,200.0,,,LEFT
2026-09-08T03:55:40.494336,16,3813,FRAME,429.087,388.593,-3.755,3.301,322,200.0,,,
2026-09-08T03:55:40.510753,16,3814,FRAME,425.331,391.895,-3.755,3.301,322,200.0,,,
2026-09-08T03:55:40.527222,16,3815,FRAME,421.576,395.196,-3.755,3.301,322,200.0,,,
2026-09-08T03:55:40.544333,16,3816,FRAME,417.821,398.497,-3.755,3.301,322,200.0,,,
2026-09-08T03:55:40.560959,16,3817,FRAME,414.065,401.798,-3.755,3.301,322,200.0,,,
2026-09-08T03:55:40.578031,16,3818,FRAME,410.31,405.099,-3.755,3.301,322,200.0,,,
2026-09-08T03:55:40.594245,16,3819,FRAME,406.555,408.4,-3.755,3.301,322,200.0,,,
2026-09-08T03:55:40.610610,16,3820,FRAME,402.8,411.702,-3.755,3.301,322,200.0,,,
2026-09-08T03:55:40.627051,16,3821,FRAME,399.044,415.003,-3.755,3.301,322,200.0,,,
2026-09-08T03:55:40.644384,16,3822,FRAME,395.289,418.304,-3.755,3.301,322,200.0,,,
2026-09-08T03:55:40.660426,16,3823,FRAME,391.534,421.605,-3.755,3.301,322,200.0,,,
2026-09-08T03:55:40.677165,16,3824,FRAME,387.778,424.906,-3.755,3.301,322,200.0,,,
2026-09-08T03:55:40.694016,16,3825,FRAME,384.023,428.208,-3.755,3.301,322,200.0,,,
2026-09-08T03:55:40.710414,16,3826,FRAME,380.268,431.509,-3.755,3.301,322,200.0,,,
2026-09-08T03:55:40.727143,16,3827,FRAME,376.513,434.81,-3.755,3.301,322,200.0,,,
2026-09-08T03:55:40.743179,16,3828,FRAME,372.757,438.111,-3.755,3.301,322,200.0,,,
2026-09-08T03:55:40.759994,16,3829,FRAME,369.002,441.412,-3.755,3.301,322,200.0,,,
2026-09-08T03:55:40.777042,16,3830,FRAME,365.247,444.713,-3.755,3.301,322,200.0,,,
2026-09-08T03:55:40.794026,16,3831,FRAME,361.491,448.015,-3.755,3.301,322,200.0,,,
2026-09-08T03:55:40.810108,16,3832,FRAME,357.736,451.316,-3.755,3.301,322,200.0,,,
2026-09-08T03:55:40.826400,16,3833,FRAME,353.981,454.617,-3.755,3.301,322,200.0,,,
2026-09-08T03:55:40.842548,16,3834,FRAME,350.226,457.918,-3.755,3.301,322,200.0,,,
2026-09-08T03:55:40.859123,16,3835,FRAME,346.47,461.219,-3.755,3.301,322,200.0,,,
2026-09-08T03:55:40.875333,16,3836,FRAME,342.715,464.521,-3.755,3.301,322,200.0,,,
2026-09-08T03:55:40.892344,16,3837,FRAME,338.96,467.822,-3.755,3.301,322,200.0,,,
2026-09-08T03:55:40.909380,16,3838,FRAME,335.204,471.123,-3.755,3.301,322,200.0,,,
2026-09-08T03:55:40.926694,16,3839,FRAME,331.449,474.424,-3.755,3.301,322,200.0,,,
2026-09-08T03:55:40.942669,16,3840,FRAME,327.694,477.725,-3.755,3.301,322,200.0,,,
2026-09-08T03:55:40.958894,16,3841,FRAME,323.939,481.026,-3.755,3.301,322,200.0,,,
2026-09-08T03:55:40.976022,16,3842,FRAME,320.183,484.328,-3.755,3.301,322,200.0,,,
2026-09-08T03:55:40.992371,16,3843,FRAME,316.428,487.629,-3.755,3.301,322,200.0,,,
2026-09-08T03:55:41.009302,16,3844,WALL_BOUNCE,312.673,488,-3.755,-3.301,322,200.0,,,
2026-09-08T03:55:41.009302,16,3845,FRAME,312.673,488,-3.755,-3.301,322,200.0,,,
2026-09-08T03:55:41.026513,16,3846,FRAME,308.917,484.699,-3.755,-3.301,322,200.0,,,
2026-09-08T03:55:41.042720,16,3847,FRAME,305.162,481.398,-3.755,-3.301,322,200.0,,,
2026-09-08T03:55:41.058850,16,3848,FRAME,301.407,478.096,-3.755,-3.301,322,200.0,,,
2026-09-08T03:55:41.075112,16,3849,FRAME,297.652,474.795,-3.755,-3.301,322,200.0,,,
2026-09-08T03:55:41.091495,16,3850,FRAME,293.896,471.494,-3.755,-3.301,322,200.0,,,
2026-09-08T03:55:41.108231,16,3851,FRAME,290.141,468.193,-3.755,-3.301,322,200.0,,,
2026-09-08T03:55:41.124270,16,3852,FRAME,286.386,464.892,-3.755,-3.301,322,200.0,,,
2026-09-08T03:55:41.140729,16,3853,FRAME,282.63,461.591,-3.755,-3.301,322,200.0,,,
2026-09-08T03:55:41.158505,16,3854,FRAME,278.875,458.289,-3.755,-3.301,322,200.0,,,
2026-09-08T03:55:41.175144,16,3855,FRAME,275.12,454.988,-3.755,-3.301,322,200.0,,,
2026-09-08T03:55:41.192665,16,3856,FRAME,271.365,451.687,-3.755,-3.301,322,200.0,,,
2026-09-08T03:55:41.209259,16,3857,FRAME,267.609,448.386,-3.755,-3.301,322,200.0,,,
2026-09-08T03:55:41.226520,16,3858,FRAME,263.854,445.085,-3.755,-3.301,322,200.0,,,
2026-09-08T03:55:41.242509,16,3859,FRAME,260.099,441.783,-3.755,-3.301,322,200.0,,,
2026-09-08T03:55:41.259246,16,3860,FRAME,256.343,438.482,-3.755,-3.301,322,200.0,,,
2026-09-08T03:55:41.275545,16,3861,FRAME,252.588,435.181,-3.755,-3.301,322,200.0,,,
2026-09-08T03:55:41.291644,16,3862,FRAME,248.833,431.88,-3.755,-3.301,322,200.0,,,
2026-09-08T03:55:41.307857,16,3863,FRAME,245.077,428.579,-3.755,-3.301,322,200.0,,,
2026-09-08T03:55:41.324491,16,3864,FRAME,241.322,425.278,-3.755,-3.301,322,200.0,,,
2026-09-08T03:55:41.341093,16,3865,FRAME,237.567,421.976,-3.755,-3.301,322,200.0,,,
2026-09-08T03:55:41.357402,16,3866,FRAME,233.812,418.675,-3.755,-3.301,322,200.0,,,
2026-09-08T03:55:41.374462,16,3867,FRAME,230.056,415.374,-3.755,-3.301,322,200.0,,,
2026-09-08T03:55:41.390652,16,3868,FRAME,226.301,412.073,-3.755,-3.301,322,200.0,,,
2026-09-08T03:55:41.406816,16,3869,FRAME,222.546,408.772,-3.755,-3.301,322,200.0,,,
2026-09-08T03:55:41.423155,16,3870,FRAME,218.79,405.47,-3.755,-3.301,322,200.0,,,
2026-09-08T03:55:41.439716,16,3871,FRAME,215.035,402.169,-3.755,-3.301,322,200.0,,,
2026-09-08T03:55:41.456378,16,3872,FRAME,211.28,398.868,-3.755,-3.301,322,200.0,,,
2026-09-08T03:55:41.473493,16,3873,FRAME,207.525,395.567,-3.755,-3.301,322,200.0,,,
2026-09-08T03:55:41.490561,16,3874,FRAME,203.769,392.266,-3.755,-3.301,322,200.0,,,
2026-09-08T03:55:41.506622,16,3875,FRAME,200.014,388.965,-3.755,-3.301,322,200.0,,,
2026-09-08T03:55:41.522900,16,3876,FRAME,196.259,385.663,-3.755,-3.301,322,200.0,,,
2026-09-08T03:55:41.539600,16,3877,FRAME,192.503,382.362,-3.755,-3.301,322,200.0,,,
2026-09-08T03:55:41.556152,16,3878,FRAME,188.748,379.061,-3.755,-3.301,322,200.0,,,
2026-09-08T03:55:41.572305,16,3879,FRAME,184.993,375.76,-3.755,-3.301,322,200.0,,,
2026-09-08T03:55:41.589203,16,3880,FRAME,181.238,372.459,-3.755,-3.301,322,200.0,,,
2026-09-08T03:55:41.606500,16,3881,FRAME,177.482,369.157,-3.755,-3.301,322,200.0,,,
2026-09-08T03:55:41.623398,16,3882,FRAME,173.727,365.856,-3.755,-3.301,322,200.0,,,
2026-09-08T03:55:41.640287,16,3883,FRAME,169.972,362.555,-3.755,-3.301,322,200.0,,,
2026-09-08T03:55:41.657071,16,3884,FRAME,166.216,359.254,-3.755,-3.301,322,200.0,,,
2026-09-08T03:55:41.672858,16,3885,FRAME,162.461,355.953,-3.755,-3.301,322,200.0,,,
2026-09-08T03:55:41.689565,16,3886,FRAME,158.706,352.651,-3.755,-3.301,315,200.0,,,
2026-09-08T03:55:41.705678,16,3887,FRAME,154.951,349.35,-3.755,-3.301,308,200.0,,,
2026-09-08T03:55:41.722224,16,3888,FRAME,151.195,346.049,-3.755,-3.301,301,200.0,,,
2026-09-08T03:55:41.739682,16,3889,FRAME,147.44,342.748,-3.755,-3.301,294,200.0,,,
2026-09-08T03:55:41.757032,16,3890,FRAME,143.685,339.447,-3.755,-3.301,287,200.0,,,
2026-09-08T03:55:41.772665,16,3891,FRAME,139.929,336.146,-3.755,-3.301,280,200.0,,,
2026-09-08T03:55:41.789705,16,3892,FRAME,136.174,332.844,-3.755,-3.301,273,200.0,,,
2026-09-08T03:55:41.806150,16,3893,FRAME,132.419,329.543,-3.755,-3.301,266,200.0,,,
2026-09-08T03:55:41.822122,16,3894,FRAME,128.664,326.242,-3.755,-3.301,259,200.0,,,
2026-09-08T03:55:41.838268,16,3895,FRAME,124.908,322.941,-3.755,-3.301,252,200.0,,,
2026-09-08T03:55:41.855140,16,3896,FRAME,121.153,319.64,-3.755,-3.301,245,200.0,,,
2026-09-08T03:55:41.872037,16,3897,FRAME,117.398,316.338,-3.755,-3.301,238,200.0,,,
2026-09-08T03:55:41.888143,16,3898,FRAME,113.642,313.037,-3.755,-3.301,231,200.0,,,
2026-09-08T03:55:41.905457,16,3899,FRAME,109.887,309.736,-3.755,-3.301,224,200.0,,,
2026-09-08T03:55:41.921649,16,3900,FRAME,106.132,306.435,-3.755,-3.301,217,200.0,,,
2026-09-08T03:55:41.938098,16,3901,FRAME,102.377,303.134,-3.755,-3.301,210,200.0,,,
2026-09-08T03:55:41.954421,16,3902,FRAME,98.621,299.833,-3.755,-3.301,203,200.0,,,
2026-09-08T03:55:41.971112,16,3903,FRAME,94.866,296.531,-3.755,-3.301,196,200.0,,,
2026-09-08T03:55:41.988759,16,3904,FRAME,91.111,293.23,-3.755,-3.301,189,200.0,,,
2026-09-08T03:55:42.005308,16,3905,FRAME,87.355,289.929,-3.755,-3.301,182,200.0,,,
2026-09-08T03:55:42.022444,16,3906,FRAME,83.6,286.628,-3.755,-3.301,175,200.0,,,
2026-09-08T03:55:42.038508,16,3907,FRAME,79.845,283.327,-3.755,-3.301,168,200.0,,,
2026-09-08T03:55:42.055543,16,3908,FRAME,76.09,280.025,-3.755,-3.301,161,200.0,,,
2026-09-08T03:55:42.071998,16,3909,FRAME,72.334,276.724,-3.755,-3.301,154,200.0,,,
2026-09-08T03:55:42.087884,16,3910,FRAME,68.579,273.423,-3.755,-3.301,147,200.0,,,
2026-09-08T03:55:42.104518,16,3911,FRAME,64.824,270.122,-3.755,-3.301,147,200.0,,,
2026-09-08T03:55:42.120174,16,3912,FRAME,61.068,266.821,-3.755,-3.301,147,200.0,,,
2026-09-08T03:55:42.136989,16,3913,FRAME,57.313,263.52,-3.755,-3.301,147,200.0,,,
2026-09-08T03:55:42.154364,16,3914,FRAME,53.558,260.218,-3.755,-3.301,147,200.0,,,
2026-09-08T03:55:42.170888,16,3915,FRAME,49.802,256.917,-3.755,-3.301,154,200.0,,,
2026-09-08T03:55:42.187017,16,3916,FRAME,46.047,253.616,-3.755,-3.301,161,200.0,,,
2026-09-08T03:55:42.204318,16,3917,LEFT_HIT,45,250.315,3.475,3.595,168,200.0,0.766,45.978,
2026-09-08T03:55:42.204318,16,3918,FRAME,45,250.315,3.475,3.595,168,200.0,,,
2026-09-08T03:55:42.221011,16,3919,FRAME,48.475,253.91,3.475,3.595,175,200.0,,,
2026-09-08T03:55:42.237313,16,3920,FRAME,51.949,257.506,3.475,3.595,182,200.0,,,
2026-09-08T03:55:42.254277,16,3921,FRAME,55.424,261.101,3.475,3.595,189,200.0,,,
2026-09-08T03:55:42.270729,16,3922,FRAME,58.899,264.696,3.475,3.595,196,200.0,,,
2026-09-08T03:55:42.286978,16,3923,FRAME,62.373,268.292,3.475,3.595,203,200.0,,,
2026-09-08T03:55:42.304032,16,3924,FRAME,65.848,271.887,3.475,3.595,210,200.0,,,
2026-09-08T03:55:42.320318,16,3925,FRAME,69.323,275.482,3.475,3.595,217,200.0,,,
2026-09-08T03:55:42.336421,16,3926,FRAME,72.797,279.078,3.475,3.595,224,200.0,,,
2026-09-08T03:55:42.353088,16,3927,FRAME,76.272,282.673,3.475,3.595,231,200.0,,,
2026-09-08T03:55:42.369502,16,3928,FRAME,79.747,286.268,3.475,3.595,238,200.0,,,
2026-09-08T03:55:42.386007,16,3929,FRAME,83.222,289.864,3.475,3.595,245,200.0,,,
2026-09-08T03:55:42.402374,16,3930,FRAME,86.696,293.459,3.475,3.595,252,200.0,,,
2026-09-08T03:55:42.419394,16,3931,FRAME,90.171,297.054,3.475,3.595,259,200.0,,,
2026-09-08T03:55:42.435495,16,3932,FRAME,93.646,300.65,3.475,3.595,266,200.0,,,
2026-09-08T03:55:42.451848,16,3933,FRAME,97.12,304.245,3.475,3.595,273,200.0,,,
2026-09-08T03:55:42.468268,16,3934,FRAME,100.595,307.84,3.475,3.595,280,200.0,,,
2026-09-08T03:55:42.485583,16,3935,FRAME,104.07,311.436,3.475,3.595,287,200.0,,,
2026-09-08T03:55:42.502063,16,3936,FRAME,107.544,315.031,3.475,3.595,294,200.0,,,
2026-09-08T03:55:42.518037,16,3937,FRAME,111.019,318.627,3.475,3.595,301,200.0,,,
2026-09-08T03:55:42.534218,16,3938,FRAME,114.494,322.222,3.475,3.595,308,200.0,,,
2026-09-08T03:55:42.551481,16,3939,FRAME,117.968,325.817,3.475,3.595,315,200.0,,,
2026-09-08T03:55:42.568034,16,3940,FRAME,121.443,329.413,3.475,3.595,322,200.0,,,
2026-09-08T03:55:42.584354,16,3941,FRAME,124.918,333.008,3.475,3.595,329,200.0,,,
2026-09-08T03:55:42.601862,16,3942,FRAME,128.392,336.603,3.475,3.595,336,200.0,,,
2026-09-08T03:55:42.618638,16,3943,FRAME,131.867,340.199,3.475,3.595,343,200.0,,,
2026-09-08T03:55:42.635321,16,3944,FRAME,135.342,343.794,3.475,3.595,350,200.0,,,
2026-09-08T03:55:42.652011,16,3945,FRAME,138.817,347.389,3.475,3.595,357,200.0,,,
2026-09-08T03:55:42.668654,16,3946,FRAME,142.291,350.985,3.475,3.595,364,200.0,,,
2026-09-08T03:55:42.684403,16,3947,FRAME,145.766,354.58,3.475,3.595,371,200.0,,,
2026-09-08T03:55:42.701568,16,3948,FRAME,149.241,358.175,3.475,3.595,371,200.0,,,
2026-09-08T03:55:42.718013,16,3949,FRAME,152.715,361.771,3.475,3.595,371,200.0,,,
2026-09-08T03:55:42.733870,16,3950,FRAME,156.19,365.366,3.475,3.595,371,200.0,,,
2026-09-08T03:55:42.749988,16,3951,FRAME,159.665,368.961,3.475,3.595,371,200.0,,,
2026-09-08T03:55:42.766182,16,3952,FRAME,163.139,372.557,3.475,3.595,371,200.0,,,
2026-09-08T03:55:42.784428,16,3953,FRAME,166.614,376.152,3.475,3.595,371,200.0,,,
2026-09-08T03:55:42.800430,16,3954,FRAME,170.089,379.747,3.475,3.595,371,200.0,,,
2026-09-08T03:55:42.817248,16,3955,FRAME,173.563,383.343,3.475,3.595,371,200.0,,,
2026-09-08T03:55:42.834369,16,3956,FRAME,177.038,386.938,3.475,3.595,371,200.0,,,
2026-09-08T03:55:42.850291,16,3957,FRAME,180.513,390.534,3.475,3.595,371,200.0,,,
2026-09-08T03:55:42.866851,16,3958,FRAME,183.987,394.129,3.475,3.595,371,200.0,,,
2026-09-08T03:55:42.882541,16,3959,FRAME,187.462,397.724,3.475,3.595,371,200.0,,,
2026-09-08T03:55:42.899081,16,3960,FRAME,190.937,401.32,3.475,3.595,371,200.0,,,
2026-09-08T03:55:42.915329,16,3961,FRAME,194.412,404.915,3.475,3.595,371,200.0,,,
2026-09-08T03:55:42.931924,16,3962,FRAME,197.886,408.51,3.475,3.595,371,200.0,,,
2026-09-08T03:55:42.948394,16,3963,FRAME,201.361,412.106,3.475,3.595,371,200.0,,,
2026-09-08T03:55:42.964997,16,3964,FRAME,204.836,415.701,3.475,3.595,371,200.0,,,
2026-09-08T03:55:42.981718,16,3965,FRAME,208.31,419.296,3.475,3.595,371,200.0,,,
2026-09-08T03:55:42.998397,16,3966,FRAME,211.785,422.892,3.475,3.595,371,200.0,,,
2026-09-08T03:55:43.014593,16,3967,FRAME,215.26,426.487,3.475,3.595,371,200.0,,,
2026-09-08T03:55:43.031329,16,3968,FRAME,218.734,430.082,3.475,3.595,371,200.0,,,
2026-09-08T03:55:43.048535,16,3969,FRAME,222.209,433.678,3.475,3.595,371,200.0,,,
2026-09-08T03:55:43.065310,16,3970,FRAME,225.684,437.273,3.475,3.595,371,200.0,,,
2026-09-08T03:55:43.081295,16,3971,FRAME,229.158,440.868,3.475,3.595,371,200.0,,,
2026-09-08T03:55:43.098400,16,3972,FRAME,232.633,444.464,3.475,3.595,371,200.0,,,
2026-09-08T03:55:43.115004,16,3973,FRAME,236.108,448.059,3.475,3.595,371,200.0,,,
2026-09-08T03:55:43.130890,16,3974,FRAME,239.582,451.655,3.475,3.595,371,200.0,,,
2026-09-08T03:55:43.147450,16,3975,FRAME,243.057,455.25,3.475,3.595,371,200.0,,,
2026-09-08T03:55:43.164350,16,3976,FRAME,246.532,458.845,3.475,3.595,371,200.0,,,
2026-09-08T03:55:43.181303,16,3977,FRAME,250.006,462.441,3.475,3.595,371,200.0,,,
2026-09-08T03:55:43.198157,16,3978,FRAME,253.481,466.036,3.475,3.595,371,200.0,,,
2026-09-08T03:55:43.215414,16,3979,FRAME,256.956,469.631,3.475,3.595,371,200.0,,,
2026-09-08T03:55:43.231719,16,3980,FRAME,260.431,473.227,3.475,3.595,371,200.0,,,
2026-09-08T03:55:43.247393,16,3981,FRAME,263.905,476.822,3.475,3.595,371,200.0,,,
2026-09-08T03:55:43.263954,16,3982,FRAME,267.38,480.417,3.475,3.595,371,200.0,,,
2026-09-08T03:55:43.280728,16,3983,FRAME,270.855,484.013,3.475,3.595,371,200.0,,,
2026-09-08T03:55:43.296783,16,3984,FRAME,274.329,487.608,3.475,3.595,371,200.0,,,
2026-09-08T03:55:43.313100,16,3985,WALL_BOUNCE,277.804,488,3.475,-3.595,371,200.0,,,
2026-09-08T03:55:43.313100,16,3986,FRAME,277.804,488,3.475,-3.595,371,200.0,,,
2026-09-08T03:55:43.329357,16,3987,FRAME,281.279,484.405,3.475,-3.595,371,200.0,,,
2026-09-08T03:55:43.346310,16,3988,FRAME,284.753,480.809,3.475,-3.595,371,200.0,,,
2026-09-08T03:55:43.362668,16,3989,FRAME,288.228,477.214,3.475,-3.595,371,200.0,,,
2026-09-08T03:55:43.378576,16,3990,FRAME,291.703,473.619,3.475,-3.595,371,200.0,,,
2026-09-08T03:55:43.395139,16,3991,FRAME,295.177,470.023,3.475,-3.595,371,200.0,,,
2026-09-08T03:55:43.411461,16,3992,FRAME,298.652,466.428,3.475,-3.595,371,200.0,,,
2026-09-08T03:55:43.427425,16,3993,FRAME,302.127,462.833,3.475,-3.595,371,200.0,,,
2026-09-08T03:55:43.444199,16,3994,FRAME,305.601,459.237,3.475,-3.595,371,200.0,,,
2026-09-08T03:55:43.461381,16,3995,FRAME,309.076,455.642,3.475,-3.595,371,200.0,,,
2026-09-08T03:55:43.477543,16,3996,FRAME,312.551,452.046,3.475,-3.595,371,200.0,,,
2026-09-08T03:55:43.494080,16,3997,FRAME,316.026,448.451,3.475,-3.595,371,200.0,,,
2026-09-08T03:55:43.510059,16,3998,FRAME,319.5,444.856,3.475,-3.595,371,200.0,,,
2026-09-08T03:55:43.525966,16,3999,FRAME,322.975,441.26,3.475,-3.595,371,200.0,,,
2026-09-08T03:55:43.542193,16,4000,FRAME,326.45,437.665,3.475,-3.595,371,200.0,,,
2026-09-08T03:55:43.559136,16,4001,FRAME,329.924,434.07,3.475,-3.595,371,200.0,,,
2026-09-08T03:55:43.575067,16,4002,FRAME,333.399,430.474,3.475,-3.595,371,200.0,,,
2026-09-08T03:55:43.591270,16,4003,FRAME,336.874,426.879,3.475,-3.595,371,200.0,,,
2026-09-08T03:55:43.607559,16,4004,FRAME,340.348,423.284,3.475,-3.595,371,200.0,,,
2026-09-08T03:55:43.623308,16,4005,FRAME,343.823,419.688,3.475,-3.595,371,200.0,,,
2026-09-08T03:55:43.640180,16,4006,FRAME,347.298,416.093,3.475,-3.595,371,200.0,,,
2026-09-08T03:55:43.657571,16,4007,FRAME,350.772,412.498,3.475,-3.595,371,200.0,,,
2026-09-08T03:55:43.673550,16,4008,FRAME,354.247,408.902,3.475,-3.595,371,200.0,,,
2026-09-08T03:55:43.689316,16,4009,FRAME,357.722,405.307,3.475,-3.595,371,200.0,,,
2026-09-08T03:55:43.706192,16,4010,FRAME,361.196,401.712,3.475,-3.595,371,200.0,,,
2026-09-08T03:55:43.723286,16,4011,FRAME,364.671,398.116,3.475,-3.595,371,200.0,,,
2026-09-08T03:55:43.741084,16,4012,FRAME,368.146,394.521,3.475,-3.595,371,200.0,,,
2026-09-08T03:55:43.758587,16,4013,FRAME,371.621,390.925,3.475,-3.595,371,200.0,,,
2026-09-08T03:55:43.775146,16,4014,FRAME,375.095,387.33,3.475,-3.595,371,200.0,,,
2026-09-08T03:55:43.791239,16,4015,FRAME,378.57,383.735,3.475,-3.595,371,200.0,,,
2026-09-08T03:55:43.808112,16,4016,FRAME,382.045,380.139,3.475,-3.595,371,200.0,,,
2026-09-08T03:55:43.824390,16,4017,FRAME,385.519,376.544,3.475,-3.595,371,200.0,,,
2026-09-08T03:55:43.840512,16,4018,FRAME,388.994,372.949,3.475,-3.595,371,200.0,,,
2026-09-08T03:55:43.857202,16,4019,FRAME,392.469,369.353,3.475,-3.595,371,200.0,,,
2026-09-08T03:55:43.874447,16,4020,FRAME,395.943,365.758,3.475,-3.595,371,200.0,,,
2026-09-08T03:55:43.891355,16,4021,FRAME,399.418,362.163,3.475,-3.595,371,200.0,,,
2026-09-08T03:55:43.908045,16,4022,FRAME,402.893,358.567,3.475,-3.595,371,200.0,,,
2026-09-08T03:55:43.923943,16,4023,FRAME,406.367,354.972,3.475,-3.595,371,200.0,,,
2026-09-08T03:55:43.939984,16,4024,FRAME,409.842,351.377,3.475,-3.595,371,200.0,,,
2026-09-08T03:55:43.956416,16,4025,FRAME,413.317,347.781,3.475,-3.595,371,200.0,,,
2026-09-08T03:55:43.972948,16,4026,FRAME,416.791,344.186,3.475,-3.595,371,200.0,,,
2026-09-08T03:55:43.989554,16,4027,FRAME,420.266,340.591,3.475,-3.595,371,200.0,,,
2026-09-08T03:55:44.006415,16,4028,FRAME,423.741,336.995,3.475,-3.595,371,200.0,,,
2026-09-08T03:55:44.023083,16,4029,FRAME,427.215,333.4,3.475,-3.595,371,200.0,,,
2026-09-08T03:55:44.039464,16,4030,FRAME,430.69,329.805,3.475,-3.595,371,200.0,,,
2026-09-08T03:55:44.056192,16,4031,FRAME,434.165,326.209,3.475,-3.595,371,200.0,,,
2026-09-08T03:55:44.073140,16,4032,FRAME,437.64,322.614,3.475,-3.595,371,200.0,,,
2026-09-08T03:55:44.089574,16,4033,FRAME,441.114,319.018,3.475,-3.595,371,200.0,,,
2026-09-08T03:55:44.105747,16,4034,FRAME,444.589,315.423,3.475,-3.595,371,200.0,,,
2026-09-08T03:55:44.122056,16,4035,FRAME,448.064,311.828,3.475,-3.595,371,200.0,,,
2026-09-08T03:55:44.138693,16,4036,FRAME,451.538,308.232,3.475,-3.595,371,200.0,,,
2026-09-08T03:55:44.155758,16,4037,FRAME,455.013,304.637,3.475,-3.595,371,200.0,,,
2026-09-08T03:55:44.171852,16,4038,FRAME,458.488,301.042,3.475,-3.595,371,200.0,,,
2026-09-08T03:55:44.188754,16,4039,FRAME,461.962,297.446,3.475,-3.595,371,200.0,,,
2026-09-08T03:55:44.205418,16,4040,FRAME,465.437,293.851,3.475,-3.595,371,200.0,,,
2026-09-08T03:55:44.222053,16,4041,FRAME,468.912,290.256,3.475,-3.595,371,200.0,,,
2026-09-08T03:55:44.237744,16,4042,FRAME,472.386,286.66,3.475,-3.595,371,200.0,,,
2026-09-08T03:55:44.254088,16,4043,FRAME,475.861,283.065,3.475,-3.595,371,200.0,,,
2026-09-08T03:55:44.272111,16,4044,FRAME,479.336,279.47,3.475,-3.595,371,200.0,,,
2026-09-08T03:55:44.288211,16,4045,FRAME,482.81,275.874,3.475,-3.595,371,200.0,,,
2026-09-08T03:55:44.305320,16,4046,FRAME,486.285,272.279,3.475,-3.595,371,200.0,,,
2026-09-08T03:55:44.322453,16,4047,FRAME,489.76,268.684,3.475,-3.595,371,200.0,,,
2026-09-08T03:55:44.339046,16,4048,FRAME,493.235,265.088,3.475,-3.595,371,200.0,,,
2026-09-08T03:55:44.355107,16,4049,FRAME,496.709,261.493,3.475,-3.595,371,200.0,,,
2026-09-08T03:55:44.370918,16,4050,FRAME,500.184,257.897,3.475,-3.595,371,200.0,,,
2026-09-08T03:55:44.387389,16,4051,FRAME,503.659,254.302,3.475,-3.595,371,200.0,,,
2026-09-08T03:55:44.404359,16,4052,FRAME,507.133,250.707,3.475,-3.595,371,200.0,,,
2026-09-08T03:55:44.420611,16,4053,FRAME,510.608,247.111,3.475,-3.595,371,200.0,,,
2026-09-08T03:55:44.436413,16,4054,FRAME,514.083,243.516,3.475,-3.595,371,200.0,,,
2026-09-08T03:55:44.452845,16,4055,FRAME,517.557,239.921,3.475,-3.595,371,200.0,,,
2026-09-08T03:55:44.468621,16,4056,FRAME,521.032,236.325,3.475,-3.595,371,200.0,,,
2026-09-08T03:55:44.485169,16,4057,FRAME,524.507,232.73,3.475,-3.595,371,200.0,,,
2026-09-08T03:55:44.502134,16,4058,FRAME,527.981,229.135,3.475,-3.595,371,200.0,,,
2026-09-08T03:55:44.519259,16,4059,FRAME,531.456,225.539,3.475,-3.595,371,200.0,,,
2026-09-08T03:55:44.536438,16,4060,FRAME,534.931,221.944,3.475,-3.595,371,200.0,,,
2026-09-08T03:55:44.552803,16,4061,FRAME,538.405,218.349,3.475,-3.595,371,200.0,,,
2026-09-08T03:55:44.568944,16,4062,FRAME,541.88,214.753,3.475,-3.595,371,200.0,,,
2026-09-08T03:55:44.586011,16,4063,FRAME,545.355,211.158,3.475,-3.595,371,200.0,,,
2026-09-08T03:55:44.602284,16,4064,FRAME,548.83,207.563,3.475,-3.595,371,200.0,,,
2026-09-08T03:55:44.619321,16,4065,FRAME,552.304,203.967,3.475,-3.595,371,200.0,,,
2026-09-08T03:55:44.636121,16,4066,FRAME,555.779,200.372,3.475,-3.595,371,200.0,,,
2026-09-08T03:55:44.654158,16,4067,FRAME,559.254,196.776,3.475,-3.595,371,200.0,,,
2026-09-08T03:55:44.671196,16,4068,FRAME,562.728,193.181,3.475,-3.595,371,200.0,,,
2026-09-08T03:55:44.688087,16,4069,FRAME,566.203,189.586,3.475,-3.595,371,200.0,,,
2026-09-08T03:55:44.703974,16,4070,FRAME,569.678,185.99,3.475,-3.595,371,200.0,,,
2026-09-08T03:55:44.720814,16,4071,FRAME,573.152,182.395,3.475,-3.595,371,200.0,,,
2026-09-08T03:55:44.737103,16,4072,FRAME,576.627,178.8,3.475,-3.595,371,200.0,,,
2026-09-08T03:55:44.754140,16,4073,FRAME,580.102,175.204,3.475,-3.595,371,200.0,,,
2026-09-08T03:55:44.770476,16,4074,FRAME,583.576,171.609,3.475,-3.595,371,200.0,,,
2026-09-08T03:55:44.787470,16,4075,FRAME,587.051,168.014,3.475,-3.595,371,200.0,,,
2026-09-08T03:55:44.804176,16,4076,FRAME,590.526,164.418,3.475,-3.595,371,200.0,,,
2026-09-08T03:55:44.821911,16,4077,FRAME,594.0,160.823,3.475,-3.595,371,200.0,,,
2026-09-08T03:55:44.838055,16,4078,FRAME,597.475,157.228,3.475,-3.595,371,200.0,,,
2026-09-08T03:55:44.854357,16,4079,FRAME,600.95,153.632,3.475,-3.595,371,200.0,,,
2026-09-08T03:55:44.870608,16,4080,FRAME,604.424,150.037,3.475,-3.595,371,200.0,,,
2026-09-08T03:55:44.887423,16,4081,FRAME,607.899,146.442,3.475,-3.595,371,200.0,,,
2026-09-08T03:55:44.904105,16,4082,FRAME,611.374,142.846,3.475,-3.595,371,200.0,,,
2026-09-08T03:55:44.920597,16,4083,FRAME,614.849,139.251,3.475,-3.595,371,200.0,,,
2026-09-08T03:55:44.937390,16,4084,FRAME,618.323,135.656,3.475,-3.595,371,200.0,,,
2026-09-08T03:55:44.954125,16,4085,FRAME,621.798,132.06,3.475,-3.595,371,200.0,,,
2026-09-08T03:55:44.970766,16,4086,FRAME,625.273,128.465,3.475,-3.595,371,200.0,,,
2026-09-08T03:55:44.986775,16,4087,FRAME,628.747,124.869,3.475,-3.595,371,200.0,,,
2026-09-08T03:55:45.002969,16,4088,FRAME,632.222,121.274,3.475,-3.595,371,200.0,,,
2026-09-08T03:55:45.019338,16,4089,FRAME,635.697,117.679,3.475,-3.595,371,200.0,,,
2026-09-08T03:55:45.036504,16,4090,FRAME,639.171,114.083,3.475,-3.595,371,200.0,,,
2026-09-08T03:55:45.053036,16,4091,FRAME,642.646,110.488,3.475,-3.595,371,200.0,,,
2026-09-08T03:55:45.069094,16,4092,FRAME,646.121,106.893,3.475,-3.595,371,200.0,,,
2026-09-08T03:55:45.086668,16,4093,FRAME,649.595,103.297,3.475,-3.595,371,200.0,,,
2026-09-08T03:55:45.102660,16,4094,FRAME,653.07,99.702,3.475,-3.595,371,200.0,,,
2026-09-08T03:55:45.119555,16,4095,FRAME,656.545,96.107,3.475,-3.595,371,200.0,,,
2026-09-08T03:55:45.136061,16,4096,FRAME,660.019,92.511,3.475,-3.595,371,200.0,,,
2026-09-08T03:55:45.151708,16,4097,FRAME,663.494,88.916,3.475,-3.595,371,200.0,,,
2026-09-08T03:55:45.168149,16,4098,FRAME,666.969,85.321,3.475,-3.595,371,200.0,,,
2026-09-08T03:55:45.185560,16,4099,FRAME,670.444,81.725,3.475,-3.595,371,200.0,,,
2026-09-08T03:55:45.202385,16,4100,FRAME,673.918,78.13,3.475,-3.595,371,200.0,,,
2026-09-08T03:55:45.219566,16,4101,FRAME,677.393,74.535,3.475,-3.595,371,200.0,,,
2026-09-08T03:55:45.235467,16,4102,FRAME,680.868,70.939,3.475,-3.595,371,200.0,,,
2026-09-08T03:55:45.252126,16,4103,FRAME,684.342,67.344,3.475,-3.595,371,200.0,,,
2026-09-08T03:55:45.268992,16,4104,FRAME,687.817,63.748,3.475,-3.595,371,200.0,,,
2026-09-08T03:55:45.285478,16,4105,FRAME,691.292,60.153,3.475,-3.595,371,200.0,,,
2026-09-08T03:55:45.302453,16,4106,FRAME,694.766,56.558,3.475,-3.595,371,200.0,,,
2026-09-08T03:55:45.318982,16,4107,FRAME,698.241,52.962,3.475,-3.595,371,200.0,,,
2026-09-08T03:55:45.334968,16,4108,FRAME,701.716,49.367,3.475,-3.595,371,200.0,,,
2026-09-08T03:55:45.351023,16,4109,FRAME,705.19,45.772,3.475,-3.595,371,200.0,,,
2026-09-08T03:55:45.367369,16,4110,FRAME,708.665,42.176,3.475,-3.595,371,200.0,,,
2026-09-08T03:55:45.384250,16,4111,FRAME,712.14,38.581,3.475,-3.595,371,200.0,,,
2026-09-08T03:55:45.401369,16,4112,FRAME,715.614,34.986,3.475,-3.595,371,200.0,,,
2026-09-08T03:55:45.417681,16,4113,FRAME,719.089,31.39,3.475,-3.595,371,200.0,,,
2026-09-08T03:55:45.434312,16,4114,FRAME,722.564,27.795,3.475,-3.595,371,200.0,,,
2026-09-08T03:55:45.451999,16,4115,FRAME,726.039,24.2,3.475,-3.595,371,200.0,,,
2026-09-08T03:55:45.468133,16,4116,FRAME,729.513,20.604,3.475,-3.595,371,200.0,,,
2026-09-08T03:55:45.484183,16,4117,FRAME,732.988,17.009,3.475,-3.595,371,200.0,,,
2026-09-08T03:55:45.500931,16,4118,FRAME,736.463,13.414,3.475,-3.595,371,200.0,,,
2026-09-08T03:55:45.516987,16,4119,FRAME,739.937,9.818,3.475,-3.595,371,200.0,,,
2026-09-08T03:55:45.534034,16,4120,FRAME,743.412,6.223,3.475,-3.595,371,200.0,,,
2026-09-08T03:55:45.550431,16,4121,FRAME,746.887,2.627,3.475,-3.595,371,200.0,,,
2026-09-08T03:55:45.567162,16,4122,WALL_BOUNCE,750.361,0,3.475,3.595,371,200.0,,,
2026-09-08T03:55:45.567162,16,4123,FRAME,750.361,0,3.475,3.595,371,200.0,,,
2026-09-08T03:55:45.584267,16,4124,FRAME,753.836,3.595,3.475,3.595,371,200.0,,,
2026-09-08T03:55:45.601307,16,4125,FRAME,757.311,7.191,3.475,3.595,371,200.0,,,
2026-09-08T03:55:45.617930,16,4126,FRAME,760.785,10.786,3.475,3.595,371,200.0,,,
2026-09-08T03:55:45.633972,16,4127,FRAME,764.26,14.381,3.475,3.595,371,200.0,,,
2026-09-08T03:55:45.651509,16,4128,FRAME,767.735,17.977,3.475,3.595,371,200.0,,,
2026-09-08T03:55:45.668549,16,4129,FRAME,771.209,21.572,3.475,3.595,371,200.0,,,
2026-09-08T03:55:45.684587,16,4130,FRAME,774.684,25.167,3.475,3.595,371,200.0,,,
2026-09-08T03:55:45.702129,16,4131,FRAME,778.159,28.763,3.475,3.595,371,200.0,,,
2026-09-08T03:55:45.719158,16,4132,FRAME,781.633,32.358,3.475,3.595,371,200.0,,,
2026-09-08T03:55:45.736387,16,4133,FRAME,785.108,35.954,3.475,3.595,371,200.0,,,
2026-09-08T03:55:45.752957,16,4134,FRAME,788.583,39.549,3.475,3.595,371,200.0,,,
2026-09-08T03:55:45.769179,16,4135,FRAME,792.058,43.144,3.475,3.595,371,200.0,,,
2026-09-08T03:55:45.786788,16,4136,FRAME,795.532,46.74,3.475,3.595,371,200.0,,,
2026-09-08T03:55:45.803936,16,4137,FRAME,799.007,50.335,3.475,3.595,371,200.0,,,
2026-09-08T03:55:45.819976,16,4138,FRAME,802.482,53.93,3.475,3.595,371,200.0,,,
2026-09-08T03:55:45.819976,16,4139,MISS_RIGHT,802.482,53.93,3.475,3.595,371,200.0,,,LEFT
2026-09-08T03:55:45.836247,17,4140,FRAME,468.284,209.121,-4.422,-2.334,371,200.0,,,
2026-09-08T03:55:45.853299,17,4141,FRAME,463.863,206.787,-4.422,-2.334,371,200.0,,,
2026-09-08T03:55:45.870885,17,4142,FRAME,459.441,204.453,-4.422,-2.334,371,200.0,,,
2026-09-08T03:55:45.887096,17,4143,FRAME,455.019,202.119,-4.422,-2.334,371,200.0,,,
2026-09-08T03:55:45.904130,17,4144,FRAME,450.597,199.785,-4.422,-2.334,371,200.0,,,
2026-09-08T03:55:45.920951,17,4145,FRAME,446.175,197.451,-4.422,-2.334,371,200.0,,,
2026-09-08T03:55:45.937977,17,4146,FRAME,441.754,195.117,-4.422,-2.334,371,200.0,,,
2026-09-08T03:55:45.953918,17,4147,FRAME,437.332,192.783,-4.422,-2.334,371,200.0,,,
2026-09-08T03:55:45.970098,17,4148,FRAME,432.91,190.449,-4.422,-2.334,371,200.0,,,
2026-09-08T03:55:45.986467,17,4149,FRAME,428.488,188.115,-4.422,-2.334,371,200.0,,,
2026-09-08T03:55:46.004050,17,4150,FRAME,424.066,185.781,-4.422,-2.334,371,200.0,,,
2026-09-08T03:55:46.021339,17,4151,FRAME,419.645,183.447,-4.422,-2.334,371,200.0,,,
2026-09-08T03:55:46.038195,17,4152,FRAME,415.223,181.113,-4.422,-2.334,371,200.0,,,
2026-09-08T03:55:46.055241,17,4153,FRAME,410.801,178.779,-4.422,-2.334,371,200.0,,,
2026-09-08T03:55:46.072166,17,4154,FRAME,406.379,176.445,-4.422,-2.334,371,200.0,,,
2026-09-08T03:55:46.089028,17,4155,FRAME,401.957,174.111,-4.422,-2.334,371,200.0,,,
2026-09-08T03:55:46.105218,17,4156,FRAME,397.536,171.777,-4.422,-2.334,371,200.0,,,
2026-09-08T03:55:46.121958,17,4157,FRAME,393.114,169.443,-4.422,-2.334,371,200.0,,,
2026-09-08T03:55:46.138377,17,4158,FRAME,388.692,167.109,-4.422,-2.334,371,200.0,,,
2026-09-08T03:55:46.155367,17,4159,FRAME,384.27,164.775,-4.422,-2.334,371,200.0,,,
2026-09-08T03:55:46.171847,17,4160,FRAME,379.848,162.441,-4.422,-2.334,371,200.0,,,
2026-09-08T03:55:46.188195,17,4161,FRAME,375.427,160.106,-4.422,-2.334,371,200.0,,,
2026-09-08T03:55:46.205065,17,4162,FRAME,371.005,157.772,-4.422,-2.334,371,200.0,,,
2026-09-08T03:55:46.222431,17,4163,FRAME,366.583,155.438,-4.422,-2.334,371,200.0,,,
2026-09-08T03:55:46.239105,17,4164,FRAME,362.161,153.104,-4.422,-2.334,371,200.0,,,
2026-09-08T03:55:46.255421,17,4165,FRAME,357.739,150.77,-4.422,-2.334,371,200.0,,,
2026-09-08T03:55:46.272220,17,4166,FRAME,353.318,148.436,-4.422,-2.334,364,200.0,,,
2026-09-08T03:55:46.289213,17,4167,FRAME,348.896,146.102,-4.422,-2.334,357,200.0,,,
2026-09-08T03:55:46.305407,17,4168,FRAME,344.474,143.768,-4.422,-2.334,350,200.0,,,
2026-09-08T03:55:46.322043,17,4169,FRAME,340.052,141.434,-4.422,-2.334,343,200.0,,,
2026-09-08T03:55:46.338904,17,4170,FRAME,335.63,139.1,-4.422,-2.334,336,200.0,,,
2026-09-08T03:55:46.355221,17,4171,FRAME,331.209,136.766,-4.422,-2.334,329,200.0,,,
2026-09-08T03:55:46.372548,17,4172,FRAME,326.787,134.432,-4.422,-2.334,322,200.0,,,
2026-09-08T03:55:46.389462,17,4173,FRAME,322.365,132.098,-4.422,-2.334,315,200.0,,,
2026-09-08T03:55:46.406468,17,4174,FRAME,317.943,129.764,-4.422,-2.334,308,200.0,,,
2026-09-08T03:55:46.423946,17,4175,FRAME,313.521,127.43,-4.422,-2.334,301,200.0,,,
2026-09-08T03:55:46.440371,17,4176,FRAME,309.1,125.096,-4.422,-2.334,294,200.0,,,
2026-09-08T03:55:46.457345,17,4177,FRAME,304.678,122.762,-4.422,-2.334,287,200.0,,,
2026-09-08T03:55:46.474220,17,4178,FRAME,300.256,120.428,-4.422,-2.334,280,200.0,,,
2026-09-08T03:55:46.491308,17,4179,FRAME,295.834,118.094,-4.422,-2.334,273,200.0,,,
2026-09-08T03:55:46.508265,17,4180,FRAME,291.412,115.76,-4.422,-2.334,266,200.0,,,
2026-09-08T03:55:46.524920,17,4181,FRAME,286.991,113.426,-4.422,-2.334,259,200.0,,,
2026-09-08T03:55:46.541126,17,4182,FRAME,282.569,111.092,-4.422,-2.334,252,200.0,,,
2026-09-08T03:55:46.557427,17,4183,FRAME,278.147,108.758,-4.422,-2.334,245,200.0,,,
2026-09-08T03:55:46.573385,17,4184,FRAME,273.725,106.424,-4.422,-2.334,238,200.0,,,
2026-09-08T03:55:46.589894,17,4185,FRAME,269.304,104.09,-4.422,-2.334,231,200.0,,,
2026-09-08T03:55:46.606279,17,4186,FRAME,264.882,101.756,-4.422,-2.334,224,200.0,,,
2026-09-08T03:55:46.622864,17,4187,FRAME,260.46,99.422,-4.422,-2.334,217,200.0,,,
2026-09-08T03:55:46.639066,17,4188,FRAME,256.038,97.088,-4.422,-2.334,210,200.0,,,
2026-09-08T03:55:46.655063,17,4189,FRAME,251.616,94.754,-4.422,-2.334,203,200.0,,,
2026-09-08T03:55:46.671072,17,4190,FRAME,247.195,92.42,-4.422,-2.334,196,200.0,,,
2026-09-08T03:55:46.687742,17,4191,FRAME,242.773,90.086,-4.422,-2.334,189,200.0,,,
2026-09-08T03:55:46.703577,17,4192,FRAME,238.351,87.752,-4.422,-2.334,182,200.0,,,
2026-09-08T03:55:46.720239,17,4193,FRAME,233.929,85.417,-4.422,-2.334,175,200.0,,,
2026-09-08T03:55:46.737252,17,4194,FRAME,229.507,83.083,-4.422,-2.334,168,200.0,,,
2026-09-08T03:55:46.754992,17,4195,FRAME,225.086,80.749,-4.422,-2.334,161,200.0,,,
2026-09-08T03:55:46.771278,17,4196,FRAME,220.664,78.415,-4.422,-2.334,154,200.0,,,
2026-09-08T03:55:46.787069,17,4197,FRAME,216.242,76.081,-4.422,-2.334,147,200.0,,,
2026-09-08T03:55:46.804001,17,4198,FRAME,211.82,73.747,-4.422,-2.334,140,200.0,,,
2026-09-08T03:55:46.821002,17,4199,FRAME,207.398,71.413,-4.422,-2.334,133,200.0,,,
2026-09-08T03:55:46.836329,17,4200,FRAME,202.977,69.079,-4.422,-2.334,126,200.0,,,
2026-09-08T03:55:46.854287,17,4201,FRAME,198.555,66.745,-4.422,-2.334,119,200.0,,,
2026-09-08T03:55:46.870906,17,4202,FRAME,194.133,64.411,-4.422,-2.334,112,200.0,,,
2026-09-08T03:55:46.887405,17,4203,FRAME,189.711,62.077,-4.422,-2.334,105,200.0,,,
2026-09-08T03:55:46.904684,17,4204,FRAME,185.289,59.743,-4.422,-2.334,98,200.0,,,
2026-09-08T03:55:46.921394,17,4205,FRAME,180.868,57.409,-4.422,-2.334,91,200.0,,,
2026-09-08T03:55:46.938545,17,4206,FRAME,176.446,55.075,-4.422,-2.334,84,200.0,,,
2026-09-08T03:55:46.955050,17,4207,FRAME,172.024,52.741,-4.422,-2.334,77,200.0,,,
2026-09-08T03:55:46.971270,17,4208,FRAME,167.602,50.407,-4.422,-2.334,70,200.0,,,
2026-09-08T03:55:46.988168,17,4209,FRAME,163.18,48.073,-4.422,-2.334,63,200.0,,,
2026-09-08T03:55:47.006834,17,4210,FRAME,158.759,45.739,-4.422,-2.334,56,200.0,,,
2026-09-08T03:55:47.022361,17,4211,FRAME,154.337,43.405,-4.422,-2.334,49,200.0,,,
2026-09-08T03:55:47.039343,17,4212,FRAME,149.915,41.071,-4.422,-2.334,42,200.0,,,
2026-09-08T03:55:47.055806,17,4213,FRAME,145.493,38.737,-4.422,-2.334,35,200.0,,,
2026-09-08T03:55:47.072865,17,4214,FRAME,141.071,36.403,-4.422,-2.334,28,200.0,,,
2026-09-08T03:55:47.089559,17,4215,FRAME,136.65,34.069,-4.422,-2.334,21,200.0,,,
2026-09-08T03:55:47.105791,17,4216,FRAME,132.228,31.735,-4.422,-2.334,14,200.0,,,
2026-09-08T03:55:47.121620,17,4217,FRAME,127.806,29.401,-4.422,-2.334,7,200.0,,,
2026-09-08T03:55:47.138439,17,4218,FRAME,123.384,27.067,-4.422,-2.334,0,200.0,,,
2026-09-08T03:55:47.155155,17,4219,FRAME,118.962,24.733,-4.422,-2.334,0,200.0,,,
2026-09-08T03:55:47.173281,17,4220,FRAME,114.541,22.399,-4.422,-2.334,0,200.0,,,
2026-09-08T03:55:47.189466,17,4221,FRAME,110.119,20.065,-4.422,-2.334,0,200.0,,,
2026-09-08T03:55:47.206305,17,4222,FRAME,105.697,17.731,-4.422,-2.334,0,200.0,,,
2026-09-08T03:55:47.222452,17,4223,FRAME,101.275,15.397,-4.422,-2.334,0,200.0,,,
2026-09-08T03:55:47.239866,17,4224,FRAME,96.853,13.063,-4.422,-2.334,0,200.0,,,
2026-09-08T03:55:47.256498,17,4225,FRAME,92.432,10.729,-4.422,-2.334,0,200.0,,,
2026-09-08T03:55:47.273260,17,4226,FRAME,88.01,8.394,-4.422,-2.334,0,200.0,,,
2026-09-08T03:55:47.290900,17,4227,FRAME,83.588,6.06,-4.422,-2.334,0,200.0,,,
2026-09-08T03:55:47.307171,17,4228,FRAME,79.166,3.726,-4.422,-2.334,0,200.0,,,
2026-09-08T03:55:47.323651,17,4229,FRAME,74.744,1.392,-4.422,-2.334,7,200.0,,,
2026-09-08T03:55:47.339893,17,4230,WALL_BOUNCE,70.323,0,-4.422,2.334,14,200.0,,,
2026-09-08T03:55:47.339893,17,4231,FRAME,70.323,0,-4.422,2.334,14,200.0,,,
2026-09-08T03:55:47.356439,17,4232,FRAME,65.901,2.334,-4.422,2.334,21,200.0,,,
2026-09-08T03:55:47.372903,17,4233,FRAME,61.479,4.668,-4.422,2.334,28,200.0,,,
2026-09-08T03:55:47.389363,17,4234,FRAME,57.057,7.002,-4.422,2.334,35,200.0,,,
2026-09-08T03:55:47.405652,17,4235,FRAME,52.635,9.336,-4.422,2.334,42,200.0,,,
2026-09-08T03:55:47.421961,17,4236,FRAME,48.214,11.67,-4.422,2.334,49,200.0,,,
2026-09-08T03:55:47.437753,17,4237,FRAME,43.792,14.004,-4.422,2.334,56,200.0,,,
2026-09-08T03:55:47.454014,17,4238,FRAME,39.37,16.338,-4.422,2.334,63,200.0,,,
2026-09-08T03:55:47.470011,17,4239,FRAME,34.948,18.672,-4.422,2.334,70,200.0,,,
2026-09-08T03:55:47.486390,17,4240,FRAME,30.526,21.006,-4.422,2.334,77,200.0,,,
2026-09-08T03:55:47.503294,17,4241,FRAME,26.105,23.34,-4.422,2.334,84,200.0,,,
2026-09-08T03:55:47.520208,17,4242,FRAME,21.683,25.674,-4.422,2.334,91,200.0,,,
2026-09-08T03:55:47.536624,17,4243,FRAME,17.261,28.008,-4.422,2.334,98,200.0,,,
2026-09-08T03:55:47.553021,17,4244,FRAME,12.839,30.342,-4.422,2.334,105,200.0,,,
2026-09-08T03:55:47.569749,17,4245,FRAME,8.417,32.676,-4.422,2.334,105,200.0,,,
2026-09-08T03:55:47.586042,17,4246,FRAME,3.996,35.01,-4.422,2.334,105,200.0,,,
2026-09-08T03:55:47.602500,17,4247,FRAME,-0.426,37.344,-4.422,2.334,105,200.0,,,
2026-09-08T03:55:47.619066,17,4248,FRAME,-4.848,39.679,-4.422,2.334,98,200.0,,,
2026-09-08T03:55:47.635321,17,4249,FRAME,-9.27,42.013,-4.422,2.334,91,200.0,,,
2026-09-08T03:55:47.652464,17,4250,FRAME,-13.692,44.347,-4.422,2.334,84,200.0,,,
2026-09-08T03:55:47.652464,17,4251,MISS_LEFT,-13.692,44.347,-4.422,2.334,84,200.0,,,RIGHT
2026-09-08T03:55:47.669458,18,4252,FRAME,341.291,292.889,4.419,-2.34,77,200.0,,,
2026-09-08T03:55:47.686326,18,4253,FRAME,345.71,290.55,4.419,-2.34,70,200.0,,,
2026-09-08T03:55:47.704261,18,4254,FRAME,350.129,288.21,4.419,-2.34,63,200.0,,,
2026-09-08T03:55:47.720755,18,4255,FRAME,354.548,285.87,4.419,-2.34,56,200.0,,,
2026-09-08T03:55:47.736604,18,4256,FRAME,358.967,283.531,4.419,-2.34,49,200.0,,,
2026-09-08T03:55:47.752513,18,4257,FRAME,363.386,281.191,4.419,-2.34,42,200.0,,,
2026-09-08T03:55:47.769038,18,4258,FRAME,367.804,278.852,4.419,-2.34,35,200.0,,,
2026-09-08T03:55:47.785346,18,4259,FRAME,372.223,276.512,4.419,-2.34,28,200.0,,,
2026-09-08T03:55:47.801795,18,4260,FRAME,376.642,274.173,4.419,-2.34,21,200.0,,,
2026-09-08T03:55:47.818564,18,4261,FRAME,381.061,271.833,4.419,-2.34,14,200.0,,,
2026-09-08T03:55:47.835478,18,4262,FRAME,385.48,269.493,4.419,-2.34,7,200.0,,,
2026-09-08T03:55:47.852690,18,4263,FRAME,389.899,267.154,4.419,-2.34,0,200.0,,,
2026-09-08T03:55:47.868499,18,4264,FRAME,394.318,264.814,4.419,-2.34,0,200.0,,,
2026-09-08T03:55:47.884422,18,4265,FRAME,398.737,262.475,4.419,-2.34,0,200.0,,,
2026-09-08T03:55:47.901482,18,4266,FRAME,403.155,260.135,4.419,-2.34,0,200.0,,,
2026-09-08T03:55:47.918482,18,4267,FRAME,407.574,257.796,4.419,-2.34,0,200.0,,,
2026-09-08T03:55:47.935036,18,4268,FRAME,411.993,255.456,4.419,-2.34,0,200.0,,,
2026-09-08T03:55:47.951854,18,4269,FRAME,416.412,253.116,4.419,-2.34,0,200.0,,,
2026-09-08T03:55:47.968146,18,4270,FRAME,420.831,250.777,4.419,-2.34,0,200.0,,,
2026-09-08T03:55:47.984185,18,4271,FRAME,425.25,248.437,4.419,-2.34,0,200.0,,,
2026-09-08T03:55:48.001111,18,4272,FRAME,429.669,246.098,4.419,-2.34,0,200.0,,,
2026-09-08T03:55:48.017155,18,4273,FRAME,434.087,243.758,4.419,-2.34,0,200.0,,,
2026-09-08T03:55:48.033468,18,4274,FRAME,438.506,241.418,4.419,-2.34,0,200.0,,,
2026-09-08T03:55:48.050684,18,4275,FRAME,442.925,239.079,4.419,-2.34,0,200.0,,,
2026-09-08T03:55:48.067739,18,4276,FRAME,447.344,236.739,4.419,-2.34,0,200.0,,,
2026-09-08T03:55:48.083339,18,4277,FRAME,451.763,234.4,4.419,-2.34,0,200.0,,,
2026-09-08T03:55:48.100795,18,4278,FRAME,456.182,232.06,4.419,-2.34,0,200.0,,,
2026-09-08T03:55:48.117441,18,4279,FRAME,460.601,229.721,4.419,-2.34,0,200.0,,,
2026-09-08T03:55:48.134242,18,4280,FRAME,465.02,227.381,4.419,-2.34,0,200.0,,,
2026-09-08T03:55:48.151115,18,4281,FRAME,469.438,225.041,4.419,-2.34,0,200.0,,,
2026-09-08T03:55:48.166754,18,4282,FRAME,473.857,222.702,4.419,-2.34,0,200.0,,,
2026-09-08T03:55:48.182800,18,4283,FRAME,478.276,220.362,4.419,-2.34,0,200.0,,,
2026-09-08T03:55:48.198608,18,4284,FRAME,482.695,218.023,4.419,-2.34,0,200.0,,,
2026-09-08T03:55:48.214207,18,4285,FRAME,487.114,215.683,4.419,-2.34,0,200.0,,,
2026-09-08T03:55:48.231434,18,4286,FRAME,491.533,213.344,4.419,-2.34,0,200.0,,,
2026-09-08T03:55:48.247619,18,4287,FRAME,495.952,211.004,4.419,-2.34,0,200.0,,,
2026-09-08T03:55:48.264210,18,4288,FRAME,500.37,208.664,4.419,-2.34,0,200.0,,,
2026-09-08T03:55:48.281873,18,4289,FRAME,504.789,206.325,4.419,-2.34,0,200.0,,,
2026-09-08T03:55:48.298173,18,4290,FRAME,509.208,203.985,4.419,-2.34,0,200.0,,,
2026-09-08T03:55:48.315494,18,4291,FRAME,513.627,201.646,4.419,-2.34,0,200.0,,,
2026-09-08T03:55:48.331871,18,4292,FRAME,518.046,199.306,4.419,-2.34,0,200.0,,,
2026-09-08T03:55:48.348287,18,4293,FRAME,522.465,196.967,4.419,-2.34,0,200.0,,,
2026-09-08T03:55:48.365150,18,4294,FRAME,526.884,194.627,4.419,-2.34,0,200.0,,,
2026-09-08T03:55:48.381304,18,4295,FRAME,531.303,192.287,4.419,-2.34,0,200.0,,,
2026-09-08T03:55:48.398099,18,4296,FRAME,535.721,189.948,4.419,-2.34,0,200.0,,,
2026-09-08T03:55:48.414267,18,4297,FRAME,540.14,187.608,4.419,-2.34,0,200.0,,,
2026-09-08T03:55:48.430878,18,4298,FRAME,544.559,185.269,4.419,-2.34,0,200.0,,,
2026-09-08T03:55:48.447333,18,4299,FRAME,548.978,182.929,4.419,-2.34,0,200.0,,,
2026-09-08T03:55:48.464251,18,4300,FRAME,553.397,180.59,4.419,-2.34,0,200.0,,,
2026-09-08T03:55:48.481535,18,4301,FRAME,557.816,178.25,4.419,-2.34,0,200.0,,,
2026-09-08T03:55:48.498167,18,4302,FRAME,562.235,175.91,4.419,-2.34,0,200.0,,,
2026-09-08T03:55:48.515155,18,4303,FRAME,566.653,173.571,4.419,-2.34,0,200.0,,,
2026-09-08T03:55:48.532537,18,4304,FRAME,571.072,171.231,4.419,-2.34,0,200.0,,,
2026-09-08T03:55:48.548595,18,4305,FRAME,575.491,168.892,4.419,-2.34,0,200.0,,,
2026-09-08T03:55:48.565177,18,4306,FRAME,579.91,166.552,4.419,-2.34,0,200.0,,,
2026-09-08T03:55:48.582423,18,4307,FRAME,584.329,164.212,4.419,-2.34,0,200.0,,,
2026-09-08T03:55:48.599379,18,4308,FRAME,588.748,161.873,4.419,-2.34,0,200.0,,,
2026-09-08T03:55:48.616084,18,4309,FRAME,593.167,159.533,4.419,-2.34,0,200.0,,,
2026-09-08T03:55:48.634019,18,4310,FRAME,597.586,157.194,4.419,-2.34,0,200.0,,,
2026-09-08T03:55:48.649998,18,4311,FRAME,602.004,154.854,4.419,-2.34,0,200.0,,,
2026-09-08T03:55:48.666570,18,4312,FRAME,606.423,152.515,4.419,-2.34,0,200.0,,,
2026-09-08T03:55:48.683022,18,4313,FRAME,610.842,150.175,4.419,-2.34,0,200.0,,,
2026-09-08T03:55:48.699306,18,4314,FRAME,615.261,147.835,4.419,-2.34,0,200.0,,,
2026-09-08T03:55:48.716551,18,4315,FRAME,619.68,145.496,4.419,-2.34,0,200.0,,,
2026-09-08T03:55:48.733946,18,4316,FRAME,624.099,143.156,4.419,-2.34,0,200.0,,,
2026-09-08T03:55:48.749900,18,4317,FRAME,628.518,140.817,4.419,-2.34,0,200.0,,,
2026-09-08T03:55:48.765966,18,4318,FRAME,632.936,138.477,4.419,-2.34,0,200.0,,,
2026-09-08T03:55:48.782568,18,4319,FRAME,637.355,136.138,4.419,-2.34,0,200.0,,,
2026-09-08T03:55:48.798912,18,4320,FRAME,641.774,133.798,4.419,-2.34,0,200.0,,,
2026-09-08T03:55:48.815333,18,4321,FRAME,646.193,131.458,4.419,-2.34,0,200.0,,,
2026-09-08T03:55:48.831969,18,4322,FRAME,650.612,129.119,4.419,-2.34,0,200.0,,,
2026-09-08T03:55:48.847728,18,4323,FRAME,655.031,126.779,4.419,-2.34,0,200.0,,,
2026-09-08T03:55:48.864348,18,4324,FRAME,659.45,124.44,4.419,-2.34,0,200.0,,,
2026-09-08T03:55:48.881412,18,4325,FRAME,663.869,122.1,4.419,-2.34,0,200.0,,,
2026-09-08T03:55:48.898439,18,4326,FRAME,668.287,119.761,4.419,-2.34,0,200.0,,,
2026-09-08T03:55:48.914995,18,4327,FRAME,672.706,117.421,4.419,-2.34,0,200.0,,,
2026-09-08T03:55:48.930450,18,4328,FRAME,677.125,115.081,4.419,-2.34,0,200.0,,,
2026-09-08T03:55:48.947627,18,4329,FRAME,681.544,112.742,4.419,-2.34,0,200.0,,,
2026-09-08T03:55:48.963514,18,4330,FRAME,685.963,110.402,4.419,-2.34,0,200.0,,,
2026-09-08T03:55:48.980427,18,4331,FRAME,690.382,108.063,4.419,-2.34,0,200.0,,,
2026-09-08T03:55:48.997281,18,4332,FRAME,694.801,105.723,4.419,-2.34,0,200.0,,,
2026-09-08T03:55:49.014204,18,4333,FRAME,699.219,103.383,4.419,-2.34,0,200.0,,,
2026-09-08T03:55:49.031133,18,4334,FRAME,703.638,101.044,4.419,-2.34,0,200.0,,,
2026-09-08T03:55:49.046382,18,4335,FRAME,708.057,98.704,4.419,-2.34,0,200.0,,,
2026-09-08T03:55:49.064093,18,4336,FRAME,712.476,96.365,4.419,-2.34,0,200.0,,,
2026-09-08T03:55:49.079630,18,4337,FRAME,716.895,94.025,4.419,-2.34,0,200.0,,,
2026-09-08T03:55:49.096844,18,4338,FRAME,721.314,91.686,4.419,-2.34,0,200.0,,,
2026-09-08T03:55:49.113367,18,4339,FRAME,725.733,89.346,4.419,-2.34,0,200.0,,,
2026-09-08T03:55:49.130212,18,4340,FRAME,730.152,87.006,4.419,-2.34,0,200.0,,,
2026-09-08T03:55:49.147252,18,4341,FRAME,734.57,84.667,4.419,-2.34,0,200.0,,,
2026-09-08T03:55:49.163926,18,4342,FRAME,738.989,82.327,4.419,-2.34,0,200.0,,,
2026-09-08T03:55:49.180249,18,4343,FRAME,743.408,79.988,4.419,-2.34,0,200.0,,,
2026-09-08T03:55:49.197391,18,4344,FRAME,747.827,77.648,4.419,-2.34,0,200.0,,,
2026-09-08T03:55:49.213568,18,4345,FRAME,752.246,75.309,4.419,-2.34,0,200.0,,,
2026-09-08T03:55:49.230320,18,4346,FRAME,756.665,72.969,4.419,-2.34,0,200.0,,,
2026-09-08T03:55:49.247294,18,4347,FRAME,761.084,70.629,4.419,-2.34,0,200.0,,,
2026-09-08T03:55:49.264178,18,4348,FRAME,765.502,68.29,4.419,-2.34,0,200.0,,,
2026-09-08T03:55:49.280752,18,4349,FRAME,769.921,65.95,4.419,-2.34,0,200.0,,,
2026-09-08T03:55:49.297187,18,4350,FRAME,774.34,63.611,4.419,-2.34,0,200.0,,,
2026-09-08T03:55:49.315150,18,4351,FRAME,778.759,61.271,4.419,-2.34,0,200.0,,,
2026-09-08T03:55:49.331815,18,4352,FRAME,783.178,58.932,4.419,-2.34,0,200.0,,,
2026-09-08T03:55:49.347798,18,4353,FRAME,787.597,56.592,4.419,-2.34,0,200.0,,,
2026-09-08T03:55:49.364269,18,4354,FRAME,792.016,54.252,4.419,-2.34,0,200.0,,,
2026-09-08T03:55:49.380948,18,4355,FRAME,796.435,51.913,4.419,-2.34,0,200.0,,,
2026-09-08T03:55:49.397104,18,4356,FRAME,800.853,49.573,4.419,-2.34,0,200.0,,,
2026-09-08T03:55:49.397104,18,4357,MISS_RIGHT,800.853,49.573,4.419,-2.34,0,200.0,,,LEFT
2026-09-08T03:55:49.413951,19,4358,FRAME,497.494,333.308,-4.456,-2.269,0,200.0,,,
2026-09-08T03:55:49.430197,19,4359,FRAME,493.038,331.039,-4.456,-2.269,0,200.0,,,
2026-09-08T03:55:49.446857,19,4360,FRAME,488.583,328.77,-4.456,-2.269,0,200.0,,,
2026-09-08T03:55:49.463135,19,4361,FRAME,484.127,326.501,-4.456,-2.269,0,200.0,,,
2026-09-08T03:55:49.478677,19,4362,FRAME,479.672,324.233,-4.456,-2.269,0,200.0,,,
2026-09-08T03:55:49.495122,19,4363,FRAME,475.216,321.964,-4.456,-2.269,7,200.0,,,
2026-09-08T03:55:49.511649,19,4364,FRAME,470.76,319.695,-4.456,-2.269,14,200.0,,,
2026-09-08T03:55:49.528509,19,4365,FRAME,466.305,317.426,-4.456,-2.269,21,200.0,,,
2026-09-08T03:55:49.545336,19,4366,FRAME,461.849,315.157,-4.456,-2.269,28,200.0,,,
2026-09-08T03:55:49.561979,19,4367,FRAME,457.394,312.888,-4.456,-2.269,35,200.0,,,
2026-09-08T03:55:49.578114,19,4368,FRAME,452.938,310.62,-4.456,-2.269,42,200.0,,,
2026-09-08T03:55:49.594273,19,4369,FRAME,448.482,308.351,-4.456,-2.269,49,200.0,,,
2026-09-08T03:55:49.610410,19,4370,FRAME,444.027,306.082,-4.456,-2.269,56,200.0,,,
2026-09-08T03:55:49.627965,19,4371,FRAME,439.571,303.813,-4.456,-2.269,63,200.0,,,
2026-09-08T03:55:49.643921,19,4372,FRAME,435.116,301.544,-4.456,-2.269,70,200.0,,,
2026-09-08T03:55:49.660660,19,4373,FRAME,430.66,299.275,-4.456,-2.269,70,200.0,,,
2026-09-08T03:55:49.677063,19,4374,FRAME,426.204,297.007,-4.456,-2.269,70,200.0,,,
2026-09-08T03:55:49.693102,19,4375,FRAME,421.749,294.738,-4.456,-2.269,70,200.0,,,
2026-09-08T03:55:49.709606,19,4376,FRAME,417.293,292.469,-4.456,-2.269,70,200.0,,,
2026-09-08T03:55:49.726297,19,4377,FRAME,412.838,290.2,-4.456,-2.269,70,200.0,,,
2026-09-08T03:55:49.743024,19,4378,FRAME,408.382,287.931,-4.456,-2.269,70,200.0,,,
2026-09-08T03:55:49.758475,19,4379,FRAME,403.926,285.662,-4.456,-2.269,70,200.0,,,
2026-09-08T03:55:49.775219,19,4380,FRAME,399.471,283.394,-4.456,-2.269,70,200.0,,,
2026-09-08T03:55:49.791486,19,4381,FRAME,395.015,281.125,-4.456,-2.269,70,200.0,,,
2026-09-08T03:55:49.807975,19,4382,FRAME,390.56,278.856,-4.456,-2.269,70,200.0,,,
2026-09-08T03:55:49.824344,19,4383,FRAME,386.104,276.587,-4.456,-2.269,70,200.0,,,
2026-09-08T03:55:49.841390,19,4384,FRAME,381.648,274.318,-4.456,-2.269,70,200.0,,,
2026-09-08T03:55:49.858200,19,4385,FRAME,377.193,272.049,-4.456,-2.269,70,200.0,,,
2026-09-08T03:55:49.875346,19,4386,FRAME,372.737,269.781,-4.456,-2.269,70,200.0,,,
2026-09-08T03:55:49.892217,19,4387,FRAME,368.281,267.512,-4.456,-2.269,70,200.0,,,
2026-09-08T03:55:49.908383,19,4388,FRAME,363.826,265.243,-4.456,-2.269,70,200.0,,,
2026-09-08T03:55:49.924374,19,4389,FRAME,359.37,262.974,-4.456,-2.269,70,200.0,,,
2026-09-08T03:55:49.941313,19,4390,FRAME,354.915,260.705,-4.456,-2.269,70,200.0,,,
2026-09-08T03:55:49.958270,19,4391,FRAME,350.459,258.436,-4.456,-2.269,70,200.0,,,
2026-09-08T03:55:49.975448,19,4392,FRAME,346.003,256.168,-4.456,-2.269,70,200.0,,,
2026-09-08T03:55:49.991474,19,4393,FRAME,341.548,253.899,-4.456,-2.269,70,200.0,,,
2026-09-08T03:55:50.008319,19,4394,FRAME,337.092,251.63,-4.456,-2.269,70,200.0,,,
2026-09-08T03:55:50.025075,19,4395,FRAME,332.637,249.361,-4.456,-2.269,70,200.0,,,
2026-09-08T03:55:50.041669,19,4396,FRAME,328.181,247.092,-4.456,-2.269,70,200.0,,,
2026-09-08T03:55:50.057393,19,4397,FRAME,323.725,244.823,-4.456,-2.269,70,200.0,,,
2026-09-08T03:55:50.074435,19,4398,FRAME,319.27,242.555,-4.456,-2.269,70,200.0,,,
2026-09-08T03:55:50.091485,19,4399,FRAME,314.814,240.286,-4.456,-2.269,70,200.0,,,
2026-09-08T03:55:50.108288,19,4400,FRAME,310.359,238.017,-4.456,-2.269,70,200.0,,,
2026-09-08T03:55:50.125185,19,4401,FRAME,305.903,235.748,-4.456,-2.269,70,200.0,,,
2026-09-08T03:55:50.142093,19,4402,FRAME,301.447,233.479,-4.456,-2.269,70,200.0,,,
2026-09-08T03:55:50.157957,19,4403,FRAME,296.992,231.21,-4.456,-2.269,70,200.0,,,
2026-09-08T03:55:50.174167,19,4404,FRAME,292.536,228.942,-4.456,-2.269,70,200.0,,,
2026-09-08T03:55:50.190701,19,4405,FRAME,288.081,226.673,-4.456,-2.269,70,200.0,,,
2026-09-08T03:55:50.206373,19,4406,FRAME,283.625,224.404,-4.456,-2.269,70,200.0,,,
2026-09-08T03:55:50.222353,19,4407,FRAME,279.169,222.135,-4.456,-2.269,70,200.0,,,
2026-09-08T03:55:50.239419,19,4408,FRAME,274.714,219.866,-4.456,-2.269,70,200.0,,,
2026-09-08T03:55:50.256183,19,4409,FRAME,270.258,217.597,-4.456,-2.269,70,200.0,,,
2026-09-08T03:55:50.274272,19,4410,FRAME,265.803,215.329,-4.456,-2.269,70,200.0,,,
2026-09-08T03:55:50.290231,19,4411,FRAME,261.347,213.06,-4.456,-2.269,70,200.0,,,
2026-09-08T03:55:50.308056,19,4412,FRAME,256.891,210.791,-4.456,-2.269,70,200.0,,,
2026-09-08T03:55:50.324201,19,4413,FRAME,252.436,208.522,-4.456,-2.269,70,200.0,,,
2026-09-08T03:55:50.341110,19,4414,FRAME,247.98,206.253,-4.456,-2.269,70,200.0,,,
2026-09-08T03:55:50.358450,19,4415,FRAME,243.525,203.985,-4.456,-2.269,70,200.0,,,
2026-09-08T03:55:50.374544,19,4416,FRAME,239.069,201.716,-4.456,-2.269,70,200.0,,,
2026-09-08T03:55:50.391500,19,4417,FRAME,234.613,199.447,-4.456,-2.269,70,200.0,,,
2026-09-08T03:55:50.407720,19,4418,FRAME,230.158,197.178,-4.456,-2.269,70,200.0,,,
2026-09-08T03:55:50.424585,19,4419,FRAME,225.702,194.909,-4.456,-2.269,70,200.0,,,
2026-09-08T03:55:50.440596,19,4420,FRAME,221.247,192.64,-4.456,-2.269,70,200.0,,,
2026-09-08T03:55:50.456739,19,4421,FRAME,216.791,190.372,-4.456,-2.269,70,200.0,,,
2026-09-08T03:55:50.473173,19,4422,FRAME,212.335,188.103,-4.456,-2.269,70,200.0,,,
2026-09-08T03:55:50.490133,19,4423,FRAME,207.88,185.834,-4.456,-2.269,70,200.0,,,
2026-09-08T03:55:50.506155,19,4424,FRAME,203.424,183.565,-4.456,-2.269,70,200.0,,,
2026-09-08T03:55:50.523355,19,4425,FRAME,198.969,181.296,-4.456,-2.269,70,200.0,,,
2026-09-08T03:55:50.539707,19,4426,FRAME,194.513,179.027,-4.456,-2.269,70,200.0,,,
2026-09-08T03:55:50.556081,19,4427,FRAME,190.057,176.759,-4.456,-2.269,70,200.0,,,
2026-09-08T03:55:50.572360,19,4428,FRAME,185.602,174.49,-4.456,-2.269,70,200.0,,,
2026-09-08T03:55:50.589261,19,4429,FRAME,181.146,172.221,-4.456,-2.269,70,200.0,,,
2026-09-08T03:55:50.606446,19,4430,FRAME,176.691,169.952,-4.456,-2.269,70,200.0,,,
2026-09-08T03:55:50.622386,19,4431,FRAME,172.235,167.683,-4.456,-2.269,70,200.0,,,
2026-09-08T03:55:50.638490,19,4432,FRAME,167.779,165.414,-4.456,-2.269,70,200.0,,,
2026-09-08T03:55:50.655355,19,4433,FRAME,163.324,163.146,-4.456,-2.269,70,200.0,,,
2026-09-08T03:55:50.672460,19,4434,FRAME,158.868,160.877,-4.456,-2.269,70,200.0,,,
2026-09-08T03:55:50.688548,19,4435,FRAME,154.412,158.608,-4.456,-2.269,70,200.0,,,
2026-09-08T03:55:50.705440,19,4436,FRAME,149.957,156.339,-4.456,-2.269,70,200.0,,,
2026-09-08T03:55:50.722240,19,4437,FRAME,145.501,154.07,-4.456,-2.269,70,200.0,,,
2026-09-08T03:55:50.739173,19,4438,FRAME,141.046,151.801,-4.456,-2.269,70,200.0,,,
2026-09-08T03:55:50.756455,19,4439,FRAME,136.59,149.533,-4.456,-2.269,70,200.0,,,
2026-09-08T03:55:50.773178,19,4440,FRAME,132.134,147.264,-4.456,-2.269,70,200.0,,,
2026-09-08T03:55:50.790235,19,4441,FRAME,127.679,144.995,-4.456,-2.269,70,200.0,,,
2026-09-08T03:55:50.806641,19,4442,FRAME,123.223,142.726,-4.456,-2.269,70,200.0,,,
2026-09-08T03:55:50.823238,19,4443,FRAME,118.768,140.457,-4.456,-2.269,70,200.0,,,
2026-09-08T03:55:50.841000,19,4444,FRAME,114.312,138.188,-4.456,-2.269,70,200.0,,,
2026-09-08T03:55:50.857255,19,4445,FRAME,109.856,135.92,-4.456,-2.269,70,200.0,,,
2026-09-08T03:55:50.874327,19,4446,FRAME,105.401,133.651,-4.456,-2.269,70,200.0,,,
2026-09-08T03:55:50.891481,19,4447,FRAME,100.945,131.382,-4.456,-2.269,70,200.0,,,
2026-09-08T03:55:50.908493,19,4448,FRAME,96.49,129.113,-4.456,-2.269,70,200.0,,,
2026-09-08T03:55:50.925284,19,4449,FRAME,92.034,126.844,-4.456,-2.269,70,200.0,,,
2026-09-08T03:55:50.942124,19,4450,FRAME,87.578,124.575,-4.456,-2.269,70,200.0,,,
2026-09-08T03:55:50.958468,19,4451,FRAME,83.123,122.307,-4.456,-2.269,70,200.0,,,
2026-09-08T03:55:50.975207,19,4452,FRAME,78.667,120.038,-4.456,-2.269,70,200.0,,,
2026-09-08T03:55:50.992549,19,4453,FRAME,74.212,117.769,-4.456,-2.269,70,200.0,,,
2026-09-08T03:55:51.009322,19,4454,FRAME,69.756,115.5,-4.456,-2.269,70,200.0,,,
2026-09-08T03:55:51.026727,19,4455,FRAME,65.3,113.231,-4.456,-2.269,70,200.0,,,
2026-09-08T03:55:51.042407,19,4456,FRAME,60.845,110.962,-4.456,-2.269,70,200.0,,,
2026-09-08T03:55:51.059478,19,4457,FRAME,56.389,108.694,-4.456,-2.269,70,200.0,,,
2026-09-08T03:55:51.076227,19,4458,FRAME,51.934,106.425,-4.456,-2.269,77,200.0,,,
2026-09-08T03:55:51.093304,19,4459,FRAME,47.478,104.156,-4.456,-2.269,84,200.0,,,
2026-09-08T03:55:51.111052,19,4460,LEFT_HIT,45,101.887,3.845,-3.196,91,200.0,-0.662,-39.735,
2026-09-08T03:55:51.111052,19,4461,FRAME,45,101.887,3.845,-3.196,91,200.0,,,
2026-09-08T03:55:51.127472,19,4462,FRAME,48.845,98.691,3.845,-3.196,98,200.0,,,
2026-09-08T03:55:51.144231,19,4463,FRAME,52.69,95.495,3.845,-3.196,105,200.0,,,
2026-09-08T03:55:51.161270,19,4464,FRAME,56.535,92.298,3.845,-3.196,112,200.0,,,
2026-09-08T03:55:51.178355,19,4465,FRAME,60.38,89.102,3.845,-3.196,119,200.0,,,
2026-09-08T03:55:51.195382,19,4466,FRAME,64.225,85.906,3.845,-3.196,126,200.0,,,
2026-09-08T03:55:51.212469,19,4467,FRAME,68.07,82.71,3.845,-3.196,133,200.0,,,
2026-09-08T03:55:51.229655,19,4468,FRAME,71.915,79.514,3.845,-3.196,140,200.0,,,
2026-09-08T03:55:51.246140,19,4469,FRAME,75.76,76.317,3.845,-3.196,140,200.0,,,
2026-09-08T03:55:51.262817,19,4470,FRAME,79.605,73.121,3.845,-3.196,140,200.0,,,
2026-09-08T03:55:51.279318,19,4471,FRAME,83.45,69.925,3.845,-3.196,140,200.0,,,
2026-09-08T03:55:51.295585,19,4472,FRAME,87.295,66.729,3.845,-3.196,140,200.0,,,
2026-09-08T03:55:51.311722,19,4473,FRAME,91.14,63.533,3.845,-3.196,140,200.0,,,
2026-09-08T03:55:51.328493,19,4474,FRAME,94.985,60.336,3.845,-3.196,140,200.0,,,
2026-09-08T03:55:51.346147,19,4475,FRAME,98.83,57.14,3.845,-3.196,140,200.0,,,
2026-09-08T03:55:51.362819,19,4476,FRAME,102.675,53.944,3.845,-3.196,140,200.0,,,
2026-09-08T03:55:51.379290,19,4477,FRAME,106.52,50.748,3.845,-3.196,140,200.0,,,
2026-09-08T03:55:51.396484,19,4478,FRAME,110.365,47.551,3.845,-3.196,140,200.0,,,
2026-09-08T03:55:51.413193,19,4479,FRAME,114.21,44.355,3.845,-3.196,140,200.0,,,
2026-09-08T03:55:51.429985,19,4480,FRAME,118.055,41.159,3.845,-3.196,140,200.0,,,
2026-09-08T03:55:51.445923,19,4481,FRAME,121.9,37.963,3.845,-3.196,133,200.0,,,
2026-09-08T03:55:51.461925,19,4482,FRAME,125.745,34.767,3.845,-3.196,126,200.0,,,
2026-09-08T03:55:51.477947,19,4483,FRAME,129.59,31.57,3.845,-3.196,119,200.0,,,
2026-09-08T03:55:51.494283,19,4484,FRAME,133.436,28.374,3.845,-3.196,112,200.0,,,
2026-09-08T03:55:51.511693,19,4485,FRAME,137.281,25.178,3.845,-3.196,105,200.0,,,
2026-09-08T03:55:51.527724,19,4486,FRAME,141.126,21.982,3.845,-3.196,98,200.0,,,
2026-09-08T03:55:51.544186,19,4487,FRAME,144.971,18.786,3.845,-3.196,91,200.0,,,
2026-09-08T03:55:51.561258,19,4488,FRAME,148.816,15.589,3.845,-3.196,84,200.0,,,
2026-09-08T03:55:51.577476,19,4489,FRAME,152.661,12.393,3.845,-3.196,77,200.0,,,
2026-09-08T03:55:51.594044,19,4490,FRAME,156.506,9.197,3.845,-3.196,70,200.0,,,
2026-09-08T03:55:51.610167,19,4491,FRAME,160.351,6.001,3.845,-3.196,63,200.0,,,
2026-09-08T03:55:51.627921,19,4492,FRAME,164.196,2.804,3.845,-3.196,56,200.0,,,
2026-09-08T03:55:51.644308,19,4493,WALL_BOUNCE,168.041,0,3.845,3.196,49,200.0,,,
2026-09-08T03:55:51.644308,19,4494,FRAME,168.041,0,3.845,3.196,49,200.0,,,
2026-09-08T03:55:51.661724,19,4495,FRAME,171.886,3.196,3.845,3.196,42,200.0,,,
2026-09-08T03:55:51.677431,19,4496,FRAME,175.731,6.392,3.845,3.196,42,200.0,,,
2026-09-08T03:55:51.694146,19,4497,FRAME,179.576,9.589,3.845,3.196,42,200.0,,,
2026-09-08T03:55:51.710232,19,4498,FRAME,183.421,12.785,3.845,3.196,42,200.0,,,
2026-09-08T03:55:51.727320,19,4499,FRAME,187.266,15.981,3.845,3.196,42,200.0,,,
2026-09-08T03:55:51.744336,19,4500,FRAME,191.111,19.177,3.845,3.196,42,200.0,,,
2026-09-08T03:55:51.761056,19,4501,FRAME,194.956,22.374,3.845,3.196,42,200.0,,,
2026-09-08T03:55:51.777205,19,4502,FRAME,198.801,25.57,3.845,3.196,42,200.0,,,
2026-09-08T03:55:51.795509,19,4503,FRAME,202.646,28.766,3.845,3.196,42,200.0,,,
2026-09-08T03:55:51.812405,19,4504,FRAME,206.491,31.962,3.845,3.196,42,200.0,,,
2026-09-08T03:55:51.829131,19,4505,FRAME,210.336,35.158,3.845,3.196,42,200.0,,,
2026-09-08T03:55:51.846711,19,4506,FRAME,214.181,38.355,3.845,3.196,42,200.0,,,
2026-09-08T03:55:51.863240,19,4507,FRAME,218.026,41.551,3.845,3.196,42,200.0,,,
2026-09-08T03:55:51.880262,19,4508,FRAME,221.871,44.747,3.845,3.196,42,200.0,,,
2026-09-08T03:55:51.897006,19,4509,FRAME,225.716,47.943,3.845,3.196,42,200.0,,,
2026-09-08T03:55:51.913077,19,4510,FRAME,229.561,51.139,3.845,3.196,42,200.0,,,
2026-09-08T03:55:51.929170,19,4511,FRAME,233.406,54.336,3.845,3.196,42,200.0,,,
2026-09-08T03:55:51.946270,19,4512,FRAME,237.251,57.532,3.845,3.196,42,200.0,,,
2026-09-08T03:55:51.963449,19,4513,FRAME,241.096,60.728,3.845,3.196,42,200.0,,,
2026-09-08T03:55:51.980579,19,4514,FRAME,244.941,63.924,3.845,3.196,42,200.0,,,
2026-09-08T03:55:51.997200,19,4515,FRAME,248.786,67.121,3.845,3.196,42,200.0,,,
2026-09-08T03:55:52.014369,19,4516,FRAME,252.631,70.317,3.845,3.196,42,200.0,,,
2026-09-08T03:55:52.031327,19,4517,FRAME,256.476,73.513,3.845,3.196,42,200.0,,,
2026-09-08T03:55:52.047713,19,4518,FRAME,260.321,76.709,3.845,3.196,42,200.0,,,
2026-09-08T03:55:52.064220,19,4519,FRAME,264.166,79.905,3.845,3.196,42,200.0,,,
2026-09-08T03:55:52.081676,19,4520,FRAME,268.011,83.102,3.845,3.196,42,200.0,,,
2026-09-08T03:55:52.098714,19,4521,FRAME,271.856,86.298,3.845,3.196,42,200.0,,,
2026-09-08T03:55:52.115441,19,4522,FRAME,275.701,89.494,3.845,3.196,42,200.0,,,
2026-09-08T03:55:52.132160,19,4523,FRAME,279.546,92.69,3.845,3.196,42,200.0,,,
2026-09-08T03:55:52.148880,19,4524,FRAME,283.391,95.887,3.845,3.196,42,200.0,,,
2026-09-08T03:55:52.165374,19,4525,FRAME,287.236,99.083,3.845,3.196,42,200.0,,,
2026-09-08T03:55:52.182009,19,4526,FRAME,291.081,102.279,3.845,3.196,42,200.0,,,
2026-09-08T03:55:52.198229,19,4527,FRAME,294.926,105.475,3.845,3.196,42,200.0,,,
2026-09-08T03:55:52.215792,19,4528,FRAME,298.771,108.671,3.845,3.196,42,200.0,,,
2026-09-08T03:55:52.233074,19,4529,FRAME,302.616,111.868,3.845,3.196,42,200.0,,,
2026-09-08T03:55:52.249418,19,4530,FRAME,306.462,115.064,3.845,3.196,42,200.0,,,
2026-09-08T03:55:52.266129,19,4531,FRAME,310.307,118.26,3.845,3.196,42,200.0,,,
2026-09-08T03:55:52.281534,19,4532,FRAME,314.152,121.456,3.845,3.196,42,200.0,,,
2026-09-08T03:55:52.298227,19,4533,FRAME,317.997,124.652,3.845,3.196,42,200.0,,,
2026-09-08T03:55:52.315165,19,4534,FRAME,321.842,127.849,3.845,3.196,42,200.0,,,
2026-09-08T03:55:52.332951,19,4535,FRAME,325.687,131.045,3.845,3.196,42,200.0,,,
2026-09-08T03:55:52.349345,19,4536,FRAME,329.532,134.241,3.845,3.196,42,200.0,,,
2026-09-08T03:55:52.365406,19,4537,FRAME,333.377,137.437,3.845,3.196,42,200.0,,,
2026-09-08T03:55:52.382211,19,4538,FRAME,337.222,140.634,3.845,3.196,35,200.0,,,
2026-09-08T03:55:52.399470,19,4539,FRAME,341.067,143.83,3.845,3.196,28,200.0,,,
2026-09-08T03:55:52.416162,19,4540,FRAME,344.912,147.026,3.845,3.196,21,200.0,,,
2026-09-08T03:55:52.432814,19,4541,FRAME,348.757,150.222,3.845,3.196,14,200.0,,,
2026-09-08T03:55:52.449246,19,4542,FRAME,352.602,153.418,3.845,3.196,7,200.0,,,
2026-09-08T03:55:52.465995,19,4543,FRAME,356.447,156.615,3.845,3.196,0,200.0,,,
2026-09-08T03:55:52.482487,19,4544,FRAME,360.292,159.811,3.845,3.196,0,200.0,,,
2026-09-08T03:55:52.499294,19,4545,FRAME,364.137,163.007,3.845,3.196,0,200.0,,,
2026-09-08T03:55:52.515735,19,4546,FRAME,367.982,166.203,3.845,3.196,0,200.0,,,
2026-09-08T03:55:52.531708,19,4547,FRAME,371.827,169.4,3.845,3.196,0,200.0,,,
2026-09-08T03:55:52.548550,19,4548,FRAME,375.672,172.596,3.845,3.196,0,200.0,,,
2026-09-08T03:55:52.565470,19,4549,FRAME,379.517,175.792,3.845,3.196,0,200.0,,,
2026-09-08T03:55:52.581884,19,4550,FRAME,383.362,178.988,3.845,3.196,0,200.0,,,
2026-09-08T03:55:52.598754,19,4551,FRAME,387.207,182.184,3.845,3.196,0,200.0,,,
2026-09-08T03:55:52.615013,19,4552,FRAME,391.052,185.381,3.845,3.196,0,200.0,,,
2026-09-08T03:55:52.631422,19,4553,FRAME,394.897,188.577,3.845,3.196,0,200.0,,,
2026-09-08T03:55:52.648300,19,4554,FRAME,398.742,191.773,3.845,3.196,0,200.0,,,
2026-09-08T03:55:52.665356,19,4555,FRAME,402.587,194.969,3.845,3.196,0,200.0,,,
2026-09-08T03:55:52.682799,19,4556,FRAME,406.432,198.165,3.845,3.196,0,200.0,,,
2026-09-08T03:55:52.699091,19,4557,FRAME,410.277,201.362,3.845,3.196,0,200.0,,,
2026-09-08T03:55:52.715082,19,4558,FRAME,414.122,204.558,3.845,3.196,0,200.0,,,
2026-09-08T03:55:52.731488,19,4559,FRAME,417.967,207.754,3.845,3.196,0,200.0,,,
2026-09-08T03:55:52.748187,19,4560,FRAME,421.812,210.95,3.845,3.196,0,200.0,,,
2026-09-08T03:55:52.766171,19,4561,FRAME,425.657,214.147,3.845,3.196,0,200.0,,,
2026-09-08T03:55:52.783329,19,4562,FRAME,429.502,217.343,3.845,3.196,0,200.0,,,
2026-09-08T03:55:52.800188,19,4563,FRAME,433.347,220.539,3.845,3.196,0,200.0,,,
2026-09-08T03:55:52.817352,19,4564,FRAME,437.192,223.735,3.845,3.196,0,200.0,,,
2026-09-08T03:55:52.833431,19,4565,FRAME,441.037,226.931,3.845,3.196,0,200.0,,,
2026-09-08T03:55:52.850228,19,4566,FRAME,444.882,230.128,3.845,3.196,0,200.0,,,
2026-09-08T03:55:52.867501,19,4567,FRAME,448.727,233.324,3.845,3.196,0,200.0,,,
2026-09-08T03:55:52.884099,19,4568,FRAME,452.572,236.52,3.845,3.196,0,200.0,,,
2026-09-08T03:55:52.900285,19,4569,FRAME,456.417,239.716,3.845,3.196,0,200.0,,,
2026-09-08T03:55:52.917441,19,4570,FRAME,460.262,242.912,3.845,3.196,0,200.0,,,
2026-09-08T03:55:52.934212,19,4571,FRAME,464.107,246.109,3.845,3.196,0,200.0,,,
2026-09-08T03:55:52.951536,19,4572,FRAME,467.952,249.305,3.845,3.196,0,200.0,,,
2026-09-08T03:55:52.967989,19,4573,FRAME,471.797,252.501,3.845,3.196,0,200.0,,,
2026-09-08T03:55:52.984996,19,4574,FRAME,475.642,255.697,3.845,3.196,0,200.0,,,
2026-09-08T03:55:53.001588,19,4575,FRAME,479.488,258.894,3.845,3.196,0,200.0,,,
2026-09-08T03:55:53.017433,19,4576,FRAME,483.333,262.09,3.845,3.196,0,200.0,,,
2026-09-08T03:55:53.034115,19,4577,FRAME,487.178,265.286,3.845,3.196,0,200.0,,,
2026-09-08T03:55:53.051394,19,4578,FRAME,491.023,268.482,3.845,3.196,0,200.0,,,
2026-09-08T03:55:53.069111,19,4579,FRAME,494.868,271.678,3.845,3.196,0,200.0,,,
2026-09-08T03:55:53.085636,19,4580,FRAME,498.713,274.875,3.845,3.196,0,200.0,,,
2026-09-08T03:55:53.101623,19,4581,FRAME,502.558,278.071,3.845,3.196,0,200.0,,,
2026-09-08T03:55:53.118101,19,4582,FRAME,506.403,281.267,3.845,3.196,0,200.0,,,
2026-09-08T03:55:53.134322,19,4583,FRAME,510.248,284.463,3.845,3.196,0,200.0,,,
2026-09-08T03:55:53.150727,19,4584,FRAME,514.093,287.66,3.845,3.196,0,200.0,,,
2026-09-08T03:55:53.167868,19,4585,FRAME,517.938,290.856,3.845,3.196,0,200.0,,,
2026-09-08T03:55:53.184186,19,4586,FRAME,521.783,294.052,3.845,3.196,0,200.0,,,
2026-09-08T03:55:53.201248,19,4587,FRAME,525.628,297.248,3.845,3.196,0,200.0,,,
2026-09-08T03:55:53.217277,19,4588,FRAME,529.473,300.444,3.845,3.196,0,200.0,,,
2026-09-08T03:55:53.234342,19,4589,FRAME,533.318,303.641,3.845,3.196,0,200.0,,,
2026-09-08T03:55:53.251531,19,4590,FRAME,537.163,306.837,3.845,3.196,0,200.0,,,
2026-09-08T03:55:53.268336,19,4591,FRAME,541.008,310.033,3.845,3.196,0,200.0,,,
2026-09-08T03:55:53.285415,19,4592,FRAME,544.853,313.229,3.845,3.196,0,200.0,,,
2026-09-08T03:55:53.302327,19,4593,FRAME,548.698,316.425,3.845,3.196,0,200.0,,,
2026-09-08T03:55:53.319890,19,4594,FRAME,552.543,319.622,3.845,3.196,0,200.0,,,
2026-09-08T03:55:53.336426,19,4595,FRAME,556.388,322.818,3.845,3.196,0,200.0,,,
2026-09-08T03:55:53.352951,19,4596,FRAME,560.233,326.014,3.845,3.196,0,200.0,,,
2026-09-08T03:55:53.369795,19,4597,FRAME,564.078,329.21,3.845,3.196,0,200.0,,,
2026-09-08T03:55:53.386158,19,4598,FRAME,567.923,332.407,3.845,3.196,0,200.0,,,
2026-09-08T03:55:53.402464,19,4599,FRAME,571.768,335.603,3.845,3.196,0,200.0,,,
2026-09-08T03:55:53.418882,19,4600,FRAME,575.613,338.799,3.845,3.196,0,200.0,,,
2026-09-08T03:55:53.434892,19,4601,FRAME,579.458,341.995,3.845,3.196,0,200.0,,,
2026-09-08T03:55:53.451439,19,4602,FRAME,583.303,345.191,3.845,3.196,0,200.0,,,
2026-09-08T03:55:53.468027,19,4603,FRAME,587.148,348.388,3.845,3.196,0,200.0,,,
2026-09-08T03:55:53.484127,19,4604,FRAME,590.993,351.584,3.845,3.196,0,200.0,,,
2026-09-08T03:55:53.501235,19,4605,FRAME,594.838,354.78,3.845,3.196,0,200.0,,,
2026-09-08T03:55:53.518136,19,4606,FRAME,598.683,357.976,3.845,3.196,0,200.0,,,
2026-09-08T03:55:53.534215,19,4607,FRAME,602.528,361.173,3.845,3.196,0,200.0,,,
2026-09-08T03:55:53.551147,19,4608,FRAME,606.373,364.369,3.845,3.196,0,200.0,,,
2026-09-08T03:55:53.568569,19,4609,FRAME,610.218,367.565,3.845,3.196,0,200.0,,,
2026-09-08T03:55:53.585264,19,4610,FRAME,614.063,370.761,3.845,3.196,0,200.0,,,
2026-09-08T03:55:53.602450,19,4611,FRAME,617.908,373.957,3.845,3.196,0,200.0,,,
2026-09-08T03:55:53.619104,19,4612,FRAME,621.753,377.154,3.845,3.196,0,200.0,,,
2026-09-08T03:55:53.635327,19,4613,FRAME,625.598,380.35,3.845,3.196,0,200.0,,,
2026-09-08T03:55:53.652081,19,4614,FRAME,629.443,383.546,3.845,3.196,0,200.0,,,
2026-09-08T03:55:53.668616,19,4615,FRAME,633.288,386.742,3.845,3.196,0,200.0,,,
2026-09-08T03:55:53.684777,19,4616,FRAME,637.133,389.938,3.845,3.196,0,200.0,,,
2026-09-08T03:55:53.700561,19,4617,FRAME,640.978,393.135,3.845,3.196,0,200.0,,,
2026-09-08T03:55:53.717396,19,4618,FRAME,644.823,396.331,3.845,3.196,0,200.0,,,
2026-09-08T03:55:53.734459,19,4619,FRAME,648.669,399.527,3.845,3.196,0,200.0,,,
2026-09-08T03:55:53.751324,19,4620,FRAME,652.514,402.723,3.845,3.196,0,200.0,,,
2026-09-08T03:55:53.768708,19,4621,FRAME,656.359,405.92,3.845,3.196,0,200.0,,,
2026-09-08T03:55:53.785358,19,4622,FRAME,660.204,409.116,3.845,3.196,0,200.0,,,
2026-09-08T03:55:53.802082,19,4623,FRAME,664.049,412.312,3.845,3.196,0,200.0,,,
2026-09-08T03:55:53.818273,19,4624,FRAME,667.894,415.508,3.845,3.196,0,200.0,,,
2026-09-08T03:55:53.835593,19,4625,FRAME,671.739,418.704,3.845,3.196,0,200.0,,,
2026-09-08T03:55:53.851771,19,4626,FRAME,675.584,421.901,3.845,3.196,0,200.0,,,
2026-09-08T03:55:53.867458,19,4627,FRAME,679.429,425.097,3.845,3.196,0,200.0,,,
2026-09-08T03:55:53.883388,19,4628,FRAME,683.274,428.293,3.845,3.196,0,200.0,,,
2026-09-08T03:55:53.900233,19,4629,FRAME,687.119,431.489,3.845,3.196,0,200.0,,,
2026-09-08T03:55:53.917792,19,4630,FRAME,690.964,434.686,3.845,3.196,0,200.0,,,
2026-09-08T03:55:53.933998,19,4631,FRAME,694.809,437.882,3.845,3.196,0,200.0,,,
2026-09-08T03:55:53.950267,19,4632,FRAME,698.654,441.078,3.845,3.196,0,200.0,,,
2026-09-08T03:55:53.967163,19,4633,FRAME,702.499,444.274,3.845,3.196,0,200.0,,,
2026-09-08T03:55:53.984380,19,4634,FRAME,706.344,447.47,3.845,3.196,0,200.0,,,
2026-09-08T03:55:54.001192,19,4635,FRAME,710.189,450.667,3.845,3.196,0,200.0,,,
2026-09-08T03:55:54.017988,19,4636,FRAME,714.034,453.863,3.845,3.196,0,200.0,,,
2026-09-08T03:55:54.034093,19,4637,FRAME,717.879,457.059,3.845,3.196,0,200.0,,,
2026-09-08T03:55:54.050035,19,4638,FRAME,721.724,460.255,3.845,3.196,0,200.0,,,
2026-09-08T03:55:54.066077,19,4639,FRAME,725.569,463.451,3.845,3.196,0,200.0,,,
2026-09-08T03:55:54.082797,19,4640,FRAME,729.414,466.648,3.845,3.196,0,200.0,,,
2026-09-08T03:55:54.099407,19,4641,FRAME,733.259,469.844,3.845,3.196,0,200.0,,,
2026-09-08T03:55:54.116041,19,4642,FRAME,737.104,473.04,3.845,3.196,0,200.0,,,
2026-09-08T03:55:54.132561,19,4643,FRAME,740.949,476.236,3.845,3.196,0,200.0,,,
2026-09-08T03:55:54.149030,19,4644,FRAME,744.794,479.433,3.845,3.196,0,200.0,,,
2026-09-08T03:55:54.165453,19,4645,FRAME,748.639,482.629,3.845,3.196,0,200.0,,,
2026-09-08T03:55:54.182912,19,4646,FRAME,752.484,485.825,3.845,3.196,0,200.0,,,
2026-09-08T03:55:54.199213,19,4647,WALL_BOUNCE,756.329,488,3.845,-3.196,0,200.0,,,
2026-09-08T03:55:54.199213,19,4648,FRAME,756.329,488,3.845,-3.196,0,200.0,,,
2026-09-08T03:55:54.216396,19,4649,FRAME,760.174,484.804,3.845,-3.196,0,200.0,,,
2026-09-08T03:55:54.232514,19,4650,FRAME,764.019,481.608,3.845,-3.196,0,200.0,,,
2026-09-08T03:55:54.248488,19,4651,FRAME,767.864,478.411,3.845,-3.196,0,200.0,,,
2026-09-08T03:55:54.265094,19,4652,FRAME,771.709,475.215,3.845,-3.196,0,200.0,,,
2026-09-08T03:55:54.281076,19,4653,FRAME,775.554,472.019,3.845,-3.196,0,200.0,,,
2026-09-08T03:55:54.298180,19,4654,FRAME,779.399,468.823,3.845,-3.196,0,200.0,,,
2026-09-08T03:55:54.315045,19,4655,FRAME,783.244,465.626,3.845,-3.196,0,200.0,,,
2026-09-08T03:55:54.331357,19,4656,FRAME,787.089,462.43,3.845,-3.196,0,200.0,,,
2026-09-08T03:55:54.348440,19,4657,FRAME,790.934,459.234,3.845,-3.196,0,200.0,,,
2026-09-08T03:55:54.365053,19,4658,FRAME,794.779,456.038,3.845,-3.196,0,200.0,,,
2026-09-08T03:55:54.381278,19,4659,FRAME,798.624,452.842,3.845,-3.196,0,200.0,,,
2026-09-08T03:55:54.398310,19,4660,FRAME,802.469,449.645,3.845,-3.196,0,200.0,,,
2026-09-08T03:55:54.398310,19,4661,MISS_RIGHT,802.469,449.645,3.845,-3.196,0,200.0,,,LEFT
2026-09-08T03:55:54.415235,20,4662,FRAME,456.845,172.122,-4.756,1.543,0,200.0,,,
2026-09-08T03:55:54.432615,20,4663,FRAME,452.089,173.666,-4.756,1.543,0,200.0,,,
2026-09-08T03:55:54.448562,20,4664,FRAME,447.333,175.209,-4.756,1.543,0,200.0,,,
2026-09-08T03:55:54.465270,20,4665,FRAME,442.577,176.752,-4.756,1.543,0,200.0,,,
2026-09-08T03:55:54.482575,20,4666,FRAME,437.821,178.295,-4.756,1.543,0,200.0,,,
2026-09-08T03:55:54.498847,20,4667,FRAME,433.066,179.838,-4.756,1.543,0,200.0,,,
2026-09-08T03:55:54.515439,20,4668,FRAME,428.31,181.381,-4.756,1.543,0,200.0,,,
2026-09-08T03:55:54.532840,20,4669,FRAME,423.554,182.925,-4.756,1.543,0,200.0,,,
2026-09-08T03:55:54.549418,20,4670,FRAME,418.798,184.468,-4.756,1.543,0,200.0,,,
2026-09-08T03:55:54.565638,20,4671,FRAME,414.042,186.011,-4.756,1.543,0,200.0,,,
2026-09-08T03:55:54.582051,20,4672,FRAME,409.286,187.554,-4.756,1.543,0,200.0,,,
2026-09-08T03:55:54.598329,20,4673,FRAME,404.53,189.097,-4.756,1.543,0,200.0,,,
2026-09-08T03:55:54.615418,20,4674,FRAME,399.774,190.64,-4.756,1.543,0,200.0,,,
2026-09-08T03:55:54.632221,20,4675,FRAME,395.018,192.184,-4.756,1.543,0,200.0,,,
2026-09-08T03:55:54.648853,20,4676,FRAME,390.262,193.727,-4.756,1.543,0,200.0,,,
2026-09-08T03:55:54.665135,20,4677,FRAME,385.506,195.27,-4.756,1.543,0,200.0,,,
2026-09-08T03:55:54.682252,20,4678,FRAME,380.751,196.813,-4.756,1.543,0,200.0,,,
2026-09-08T03:55:54.699238,20,4679,FRAME,375.995,198.356,-4.756,1.543,0,200.0,,,
2026-09-08T03:55:54.716300,20,4680,FRAME,371.239,199.899,-4.756,1.543,0,200.0,,,
2026-09-08T03:55:54.733428,20,4681,FRAME,366.483,201.442,-4.756,1.543,0,200.0,,,
2026-09-08T03:55:54.750116,20,4682,FRAME,361.727,202.986,-4.756,1.543,0,200.0,,,
2026-09-08T03:55:54.768055,20,4683,FRAME,356.971,204.529,-4.756,1.543,0,200.0,,,
2026-09-08T03:55:54.785233,20,4684,FRAME,352.215,206.072,-4.756,1.543,0,200.0,,,
2026-09-08T03:55:54.802241,20,4685,FRAME,347.459,207.615,-4.756,1.543,0,200.0,,,
2026-09-08T03:55:54.819523,20,4686,FRAME,342.703,209.158,-4.756,1.543,0,200.0,,,
2026-09-08T03:55:54.835376,20,4687,FRAME,337.947,210.701,-4.756,1.543,0,200.0,,,
2026-09-08T03:55:54.851825,20,4688,FRAME,333.191,212.245,-4.756,1.543,0,200.0,,,
2026-09-08T03:55:54.868323,20,4689,FRAME,328.436,213.788,-4.756,1.543,0,200.0,,,
2026-09-08T03:55:54.885512,20,4690,FRAME,323.68,215.331,-4.756,1.543,0,200.0,,,
2026-09-08T03:55:54.901613,20,4691,FRAME,318.924,216.874,-4.756,1.543,0,200.0,,,
2026-09-08T03:55:54.918063,20,4692,FRAME,314.168,218.417,-4.756,1.543,0,200.0,,,
2026-09-08T03:55:54.935113,20,4693,FRAME,309.412,219.96,-4.756,1.543,7,200.0,,,
2026-09-08T03:55:54.951542,20,4694,FRAME,304.656,221.504,-4.756,1.543,14,200.0,,,
2026-09-08T03:55:54.967999,20,4695,FRAME,299.9,223.047,-4.756,1.543,21,200.0,,,
2026-09-08T03:55:54.984418,20,4696,FRAME,295.144,224.59,-4.756,1.543,28,200.0,,,
2026-09-08T03:55:55.001121,20,4697,FRAME,290.388,226.133,-4.756,1.543,35,200.0,,,
2026-09-08T03:55:55.017852,20,4698,FRAME,285.632,227.676,-4.756,1.543,42,200.0,,,
2026-09-08T03:55:55.034304,20,4699,FRAME,280.876,229.219,-4.756,1.543,49,200.0,,,
2026-09-08T03:55:55.050535,20,4700,FRAME,276.121,230.762,-4.756,1.543,56,200.0,,,
2026-09-08T03:55:55.066597,20,4701,FRAME,271.365,232.306,-4.756,1.543,63,200.0,,,
2026-09-08T03:55:55.083387,20,4702,FRAME,266.609,233.849,-4.756,1.543,70,200.0,,,
2026-09-08T03:55:55.100456,20,4703,FRAME,261.853,235.392,-4.756,1.543,77,200.0,,,
2026-09-08T03:55:55.117122,20,4704,FRAME,257.097,236.935,-4.756,1.543,84,200.0,,,
2026-09-08T03:55:55.133940,20,4705,FRAME,252.341,238.478,-4.756,1.543,91,200.0,,,
2026-09-08T03:55:55.150404,20,4706,FRAME,247.585,240.021,-4.756,1.543,98,200.0,,,
2026-09-08T03:55:55.167443,20,4707,FRAME,242.829,241.565,-4.756,1.543,105,200.0,,,
2026-09-08T03:55:55.183992,20,4708,FRAME,238.073,243.108,-4.756,1.543,112,200.0,,,
2026-09-08T03:55:55.200226,20,4709,FRAME,233.317,244.651,-4.756,1.543,119,200.0,,,
2026-09-08T03:55:55.217335,20,4710,FRAME,228.561,246.194,-4.756,1.543,126,200.0,,,
2026-09-08T03:55:55.233252,20,4711,FRAME,223.806,247.737,-4.756,1.543,133,200.0,,,
2026-09-08T03:55:55.251123,20,4712,FRAME,219.05,249.28,-4.756,1.543,140,200.0,,,
2026-09-08T03:55:55.267417,20,4713,FRAME,214.294,250.824,-4.756,1.543,147,200.0,,,
2026-09-08T03:55:55.284410,20,4714,FRAME,209.538,252.367,-4.756,1.543,154,200.0,,,
2026-09-08T03:55:55.300218,20,4715,FRAME,204.782,253.91,-4.756,1.543,161,200.0,,,
2026-09-08T03:55:55.317834,20,4716,FRAME,200.026,255.453,-4.756,1.543,168,200.0,,,
2026-09-08T03:55:55.334515,20,4717,FRAME,195.27,256.996,-4.756,1.543,175,200.0,,,
2026-09-08T03:55:55.350522,20,4718,FRAME,190.514,258.539,-4.756,1.543,182,200.0,,,
2026-09-08T03:55:55.367217,20,4719,FRAME,185.758,260.082,-4.756,1.543,189,200.0,,,
2026-09-08T03:55:55.384189,20,4720,FRAME,181.002,261.626,-4.756,1.543,196,200.0,,,
2026-09-08T03:55:55.402112,20,4721,FRAME,176.246,263.169,-4.756,1.543,196,200.0,,,
2026-09-08T03:55:55.418014,20,4722,FRAME,171.491,264.712,-4.756,1.543,196,200.0,,,
2026-09-08T03:55:55.433824,20,4723,FRAME,166.735,266.255,-4.756,1.543,196,200.0,,,
2026-09-08T03:55:55.449450,20,4724,FRAME,161.979,267.798,-4.756,1.543,196,200.0,,,
2026-09-08T03:55:55.466085,20,4725,FRAME,157.223,269.341,-4.756,1.543,196,200.0,,,
2026-09-08T03:55:55.481747,20,4726,FRAME,152.467,270.885,-4.756,1.543,196,200.0,,,
2026-09-08T03:55:55.498111,20,4727,FRAME,147.711,272.428,-4.756,1.543,196,200.0,,,
2026-09-08T03:55:55.513981,20,4728,FRAME,142.955,273.971,-4.756,1.543,196,200.0,,,
2026-09-08T03:55:55.530608,20,4729,FRAME,138.199,275.514,-4.756,1.543,196,200.0,,,
2026-09-08T03:55:55.547059,20,4730,FRAME,133.443,277.057,-4.756,1.543,196,200.0,,,
2026-09-08T03:55:55.563115,20,4731,FRAME,128.687,278.6,-4.756,1.543,196,200.0,,,
2026-09-08T03:55:55.579194,20,4732,FRAME,123.931,280.144,-4.756,1.543,196,200.0,,,
2026-09-08T03:55:55.595838,20,4733,FRAME,119.176,281.687,-4.756,1.543,196,200.0,,,
2026-09-08T03:55:55.612359,20,4734,FRAME,114.42,283.23,-4.756,1.543,196,200.0,,,
2026-09-08T03:55:55.629240,20,4735,FRAME,109.664,284.773,-4.756,1.543,196,200.0,,,
2026-09-08T03:55:55.646308,20,4736,FRAME,104.908,286.316,-4.756,1.543,196,200.0,,,
2026-09-08T03:55:55.663405,20,4737,FRAME,100.152,287.859,-4.756,1.543,196,200.0,,,
2026-09-08T03:55:55.680407,20,4738,FRAME,95.396,289.402,-4.756,1.543,196,200.0,,,
2026-09-08T03:55:55.697073,20,4739,FRAME,90.64,290.946,-4.756,1.543,196,200.0,,,
2026-09-08T03:55:55.713922,20,4740,FRAME,85.884,292.489,-4.756,1.543,196,200.0,,,
2026-09-08T03:55:55.730736,20,4741,FRAME,81.128,294.032,-4.756,1.543,196,200.0,,,
2026-09-08T03:55:55.747038,20,4742,FRAME,76.372,295.575,-4.756,1.543,196,200.0,,,
2026-09-08T03:55:55.764490,20,4743,FRAME,71.616,297.118,-4.756,1.543,196,200.0,,,
2026-09-08T03:55:55.781553,20,4744,FRAME,66.861,298.661,-4.756,1.543,203,200.0,,,
2026-09-08T03:55:55.798563,20,4745,FRAME,62.105,300.205,-4.756,1.543,210,200.0,,,
2026-09-08T03:55:55.815190,20,4746,FRAME,57.349,301.748,-4.756,1.543,217,200.0,,,
2026-09-08T03:55:55.832279,20,4747,FRAME,52.593,303.291,-4.756,1.543,224,200.0,,,
2026-09-08T03:55:55.849118,20,4748,FRAME,47.837,304.834,-4.756,1.543,231,200.0,,,
2026-09-08T03:55:55.865228,20,4749,LEFT_HIT,45,306.377,4.362,2.443,238,200.0,0.488,29.253,
2026-09-08T03:55:55.865228,20,4750,FRAME,45,306.377,4.362,2.443,238,200.0,,,
2026-09-08T03:55:55.882481,20,4751,FRAME,49.362,308.821,4.362,2.443,245,200.0,,,
2026-09-08T03:55:55.898534,20,4752,FRAME,53.725,311.264,4.362,2.443,252,200.0,,,
2026-09-08T03:55:55.914580,20,4753,FRAME,58.087,313.707,4.362,2.443,259,200.0,,,
2026-09-08T03:55:55.930633,20,4754,FRAME,62.449,316.15,4.362,2.443,266,200.0,,,
2026-09-08T03:55:55.947371,20,4755,FRAME,66.812,318.594,4.362,2.443,273,200.0,,,
2026-09-08T03:55:55.964204,20,4756,FRAME,71.174,321.037,4.362,2.443,280,200.0,,,
2026-09-08T03:55:55.982063,20,4757,FRAME,75.537,323.48,4.362,2.443,287,200.0,,,
2026-09-08T03:55:55.998141,20,4758,FRAME,79.899,325.924,4.362,2.443,294,200.0,,,
2026-09-08T03:55:56.015173,20,4759,FRAME,84.261,328.367,4.362,2.443,301,200.0,,,
2026-09-08T03:55:56.032833,20,4760,FRAME,88.624,330.81,4.362,2.443,308,200.0,,,
2026-09-08T03:55:56.049280,20,4761,FRAME,92.986,333.254,4.362,2.443,315,200.0,,,
2026-09-08T03:55:56.066044,20,4762,FRAME,97.348,335.697,4.362,2.443,322,200.0,,,
2026-09-08T03:55:56.082317,20,4763,FRAME,101.711,338.14,4.362,2.443,329,200.0,,,
2026-09-08T03:55:56.098624,20,4764,FRAME,106.073,340.583,4.362,2.443,329,200.0,,,
2026-09-08T03:55:56.115657,20,4765,FRAME,110.436,343.027,4.362,2.443,329,200.0,,,
2026-09-08T03:55:56.131829,20,4766,FRAME,114.798,345.47,4.362,2.443,329,200.0,,,
2026-09-08T03:55:56.149092,20,4767,FRAME,119.16,347.913,4.362,2.443,329,200.0,,,
2026-09-08T03:55:56.165983,20,4768,FRAME,123.523,350.357,4.362,2.443,329,200.0,,,
2026-09-08T03:55:56.182519,20,4769,FRAME,127.885,352.8,4.362,2.443,329,200.0,,,
2026-09-08T03:55:56.198861,20,4770,FRAME,132.247,355.243,4.362,2.443,329,200.0,,,
2026-09-08T03:55:56.214786,20,4771,FRAME,136.61,357.687,4.362,2.443,329,200.0,,,
2026-09-08T03:55:56.231069,20,4772,FRAME,140.972,360.13,4.362,2.443,329,200.0,,,
2026-09-08T03:55:56.247322,20,4773,FRAME,145.334,362.573,4.362,2.443,329,200.0,,,
2026-09-08T03:55:56.264363,20,4774,FRAME,149.697,365.017,4.362,2.443,329,200.0,,,
2026-09-08T03:55:56.280732,20,4775,FRAME,154.059,367.46,4.362,2.443,329,200.0,,,
2026-09-08T03:55:56.297364,20,4776,FRAME,158.422,369.903,4.362,2.443,329,200.0,,,
2026-09-08T03:55:56.313999,20,4777,FRAME,162.784,372.346,4.362,2.443,329,200.0,,,
2026-09-08T03:55:56.329616,20,4778,FRAME,167.146,374.79,4.362,2.443,329,200.0,,,
2026-09-08T03:55:56.345394,20,4779,FRAME,171.509,377.233,4.362,2.443,329,200.0,,,
2026-09-08T03:55:56.361643,20,4780,FRAME,175.871,379.676,4.362,2.443,329,200.0,,,
2026-09-08T03:55:56.378071,20,4781,FRAME,180.233,382.12,4.362,2.443,329,200.0,,,
2026-09-08T03:55:56.395664,20,4782,FRAME,184.596,384.563,4.362,2.443,329,200.0,,,
2026-09-08T03:55:56.412174,20,4783,FRAME,188.958,387.006,4.362,2.443,329,200.0,,,
2026-09-08T03:55:56.428161,20,4784,FRAME,193.321,389.45,4.362,2.443,329,200.0,,,
2026-09-08T03:55:56.444969,20,4785,FRAME,197.683,391.893,4.362,2.443,329,200.0,,,
2026-09-08T03:55:56.460922,20,4786,FRAME,202.045,394.336,4.362,2.443,329,200.0,,,
2026-09-08T03:55:56.476537,20,4787,FRAME,206.408,396.78,4.362,2.443,329,200.0,,,
2026-09-08T03:55:56.494009,20,4788,FRAME,210.77,399.223,4.362,2.443,329,200.0,,,
2026-09-08T03:55:56.510513,20,4789,FRAME,215.132,401.666,4.362,2.443,329,200.0,,,
2026-09-08T03:55:56.527606,20,4790,FRAME,219.495,404.109,4.362,2.443,329,200.0,,,
2026-09-08T03:55:56.544115,20,4791,FRAME,223.857,406.553,4.362,2.443,329,200.0,,,
2026-09-08T03:55:56.560806,20,4792,FRAME,228.219,408.996,4.362,2.443,329,200.0,,,
2026-09-08T03:55:56.577889,20,4793,FRAME,232.582,411.439,4.362,2.443,329,200.0,,,
2026-09-08T03:55:56.594201,20,4794,FRAME,236.944,413.883,4.362,2.443,329,200.0,,,
2026-09-08T03:55:56.611140,20,4795,FRAME,241.307,416.326,4.362,2.443,329,200.0,,,
2026-09-08T03:55:56.628893,20,4796,FRAME,245.669,418.769,4.362,2.443,329,200.0,,,
2026-09-08T03:55:56.645334,20,4797,FRAME,250.031,421.213,4.362,2.443,329,200.0,,,
2026-09-08T03:55:56.661886,20,4798,FRAME,254.394,423.656,4.362,2.443,329,200.0,,,
2026-09-08T03:55:56.678338,20,4799,FRAME,258.756,426.099,4.362,2.443,329,200.0,,,
2026-09-08T03:55:56.696105,20,4800,FRAME,263.118,428.543,4.362,2.443,329,200.0,,,
2026-09-08T03:55:56.712071,20,4801,FRAME,267.481,430.986,4.362,2.443,329,200.0,,,
2026-09-08T03:55:56.728829,20,4802,FRAME,271.843,433.429,4.362,2.443,329,200.0,,,
2026-09-08T03:55:56.745394,20,4803,FRAME,276.205,435.872,4.362,2.443,329,200.0,,,
2026-09-08T03:55:56.762599,20,4804,FRAME,280.568,438.316,4.362,2.443,329,200.0,,,
2026-09-08T03:55:56.779208,20,4805,FRAME,284.93,440.759,4.362,2.443,329,200.0,,,
2026-09-08T03:55:56.796968,20,4806,FRAME,289.293,443.202,4.362,2.443,329,200.0,,,
2026-09-08T03:55:56.813211,20,4807,FRAME,293.655,445.646,4.362,2.443,329,200.0,,,
2026-09-08T03:55:56.830466,20,4808,FRAME,298.017,448.089,4.362,2.443,329,200.0,,,
2026-09-08T03:55:56.846824,20,4809,FRAME,302.38,450.532,4.362,2.443,329,200.0,,,
2026-09-08T03:55:56.863265,20,4810,FRAME,306.742,452.976,4.362,2.443,329,200.0,,,
2026-09-08T03:55:56.880817,20,4811,FRAME,311.104,455.419,4.362,2.443,329,200.0,,,
2026-09-08T03:55:56.897116,20,4812,FRAME,315.467,457.862,4.362,2.443,329,200.0,,,
2026-09-08T03:55:56.914269,20,4813,FRAME,319.829,460.306,4.362,2.443,329,200.0,,,
2026-09-08T03:55:56.931249,20,4814,FRAME,324.192,462.749,4.362,2.443,329,200.0,,,
2026-09-08T03:55:56.947727,20,4815,FRAME,328.554,465.192,4.362,2.443,329,200.0,,,
2026-09-08T03:55:56.964078,20,4816,FRAME,332.916,467.635,4.362,2.443,329,200.0,,,
2026-09-08T03:55:56.980675,20,4817,FRAME,337.279,470.079,4.362,2.443,329,200.0,,,
2026-09-08T03:55:56.997254,20,4818,FRAME,341.641,472.522,4.362,2.443,329,200.0,,,
2026-09-08T03:55:57.014143,20,4819,FRAME,346.003,474.965,4.362,2.443,329,200.0,,,
2026-09-08T03:55:57.030669,20,4820,FRAME,350.366,477.409,4.362,2.443,329,200.0,,,
2026-09-08T03:55:57.047531,20,4821,FRAME,354.728,479.852,4.362,2.443,329,200.0,,,
2026-09-08T03:55:57.064029,20,4822,FRAME,359.09,482.295,4.362,2.443,329,200.0,,,
2026-09-08T03:55:57.079438,20,4823,FRAME,363.453,484.739,4.362,2.443,329,200.0,,,
2026-09-08T03:55:57.095457,20,4824,FRAME,367.815,487.182,4.362,2.443,329,200.0,,,
2026-09-08T03:55:57.112210,20,4825,WALL_BOUNCE,372.178,488,4.362,-2.443,329,200.0,,,
2026-09-08T03:55:57.112210,20,4826,FRAME,372.178,488,4.362,-2.443,329,200.0,,,
2026-09-08T03:55:57.129685,20,4827,FRAME,376.54,485.557,4.362,-2.443,329,200.0,,,
2026-09-08T03:55:57.146217,20,4828,FRAME,380.902,483.113,4.362,-2.443,329,200.0,,,
2026-09-08T03:55:57.164366,20,4829,FRAME,385.265,480.67,4.362,-2.443,329,200.0,,,
2026-09-08T03:55:57.181158,20,4830,FRAME,389.627,478.227,4.362,-2.443,329,200.0,,,
2026-09-08T03:55:57.198460,20,4831,FRAME,393.989,475.783,4.362,-2.443,329,200.0,,,
2026-09-08T03:55:57.215222,20,4832,FRAME,398.352,473.34,4.362,-2.443,329,200.0,,,
2026-09-08T03:55:57.232192,20,4833,FRAME,402.714,470.897,4.362,-2.443,329,200.0,,,
2026-09-08T03:55:57.249051,20,4834,FRAME,407.077,468.454,4.362,-2.443,322,200.0,,,
2026-09-08T03:55:57.265484,20,4835,FRAME,411.439,466.01,4.362,-2.443,315,200.0,,,
2026-09-08T03:55:57.282323,20,4836,FRAME,415.801,463.567,4.362,-2.443,308,200.0,,,
2026-09-08T03:55:57.298513,20,4837,FRAME,420.164,461.124,4.362,-2.443,301,200.0,,,
2026-09-08T03:55:57.315017,20,4838,FRAME,424.526,458.68,4.362,-2.443,294,200.0,,,
2026-09-08T03:55:57.331189,20,4839,FRAME,428.888,456.237,4.362,-2.443,287,200.0,,,
2026-09-08T03:55:57.348113,20,4840,FRAME,433.251,453.794,4.362,-2.443,280,200.0,,,
2026-09-08T03:55:57.364284,20,4841,FRAME,437.613,451.35,4.362,-2.443,273,200.0,,,
2026-09-08T03:55:57.380752,20,4842,FRAME,441.975,448.907,4.362,-2.443,266,200.0,,,
2026-09-08T03:55:57.396633,20,4843,FRAME,446.338,446.464,4.362,-2.443,259,200.0,,,
2026-09-08T03:55:57.413310,20,4844,FRAME,450.7,444.02,4.362,-2.443,259,200.0,,,
2026-09-08T03:55:57.430349,20,4845,FRAME,455.063,441.577,4.362,-2.443,259,200.0,,,
2026-09-08T03:55:57.447227,20,4846,FRAME,459.425,439.134,4.362,-2.443,259,200.0,,,
2026-09-08T03:55:57.464585,20,4847,FRAME,463.787,436.691,4.362,-2.443,259,200.0,,,
2026-09-08T03:55:57.481398,20,4848,FRAME,468.15,434.247,4.362,-2.443,259,200.0,,,
2026-09-08T03:55:57.497981,20,4849,FRAME,472.512,431.804,4.362,-2.443,259,200.0,,,
2026-09-08T03:55:57.515047,20,4850,FRAME,476.874,429.361,4.362,-2.443,259,200.0,,,
2026-09-08T03:55:57.531154,20,4851,FRAME,481.237,426.917,4.362,-2.443,259,200.0,,,
2026-09-08T03:55:57.548108,20,4852,FRAME,485.599,424.474,4.362,-2.443,259,200.0,,,
2026-09-08T03:55:57.564319,20,4853,FRAME,489.962,422.031,4.362,-2.443,259,200.0,,,
2026-09-08T03:55:57.581160,20,4854,FRAME,494.324,419.587,4.362,-2.443,259,200.0,,,
2026-09-08T03:55:57.598027,20,4855,FRAME,498.686,417.144,4.362,-2.443,252,200.0,,,
2026-09-08T03:55:57.614383,20,4856,FRAME,503.049,414.701,4.362,-2.443,245,200.0,,,
2026-09-08T03:55:57.631181,20,4857,FRAME,507.411,412.257,4.362,-2.443,238,200.0,,,
2026-09-08T03:55:57.647797,20,4858,FRAME,511.773,409.814,4.362,-2.443,231,200.0,,,
2026-09-08T03:55:57.664392,20,4859,FRAME,516.136,407.371,4.362,-2.443,224,200.0,,,
2026-09-08T03:55:57.681429,20,4860,FRAME,520.498,404.928,4.362,-2.443,217,200.0,,,
2026-09-08T03:55:57.697589,20,4861,FRAME,524.86,402.484,4.362,-2.443,210,200.0,,,
2026-09-08T03:55:57.714264,20,4862,FRAME,529.223,400.041,4.362,-2.443,203,200.0,,,
2026-09-08T03:55:57.731875,20,4863,FRAME,533.585,397.598,4.362,-2.443,196,200.0,,,
2026-09-08T03:55:57.747495,20,4864,FRAME,537.948,395.154,4.362,-2.443,189,200.0,,,
2026-09-08T03:55:57.765044,20,4865,FRAME,542.31,392.711,4.362,-2.443,189,200.0,,,
2026-09-08T03:55:57.780325,20,4866,FRAME,546.672,390.268,4.362,-2.443,189,200.0,,,
2026-09-08T03:55:57.796515,20,4867,FRAME,551.035,387.824,4.362,-2.443,189,200.0,,,
2026-09-08T03:55:57.814371,20,4868,FRAME,555.397,385.381,4.362,-2.443,189,200.0,,,
2026-09-08T03:55:57.830686,20,4869,FRAME,559.759,382.938,4.362,-2.443,189,200.0,,,
2026-09-08T03:55:57.847233,20,4870,FRAME,564.122,380.494,4.362,-2.443,189,200.0,,,
2026-09-08T03:55:57.864120,20,4871,FRAME,568.484,378.051,4.362,-2.443,189,200.0,,,
2026-09-08T03:55:57.880503,20,4872,FRAME,572.846,375.608,4.362,-2.443,189,200.0,,,
2026-09-08T03:55:57.896834,20,4873,FRAME,577.209,373.165,4.362,-2.443,189,200.0,,,
2026-09-08T03:55:57.914202,20,4874,FRAME,581.571,370.721,4.362,-2.443,189,200.0,,,
2026-09-08T03:55:57.931220,20,4875,FRAME,585.934,368.278,4.362,-2.443,182,200.0,,,
2026-09-08T03:55:57.948350,20,4876,FRAME,590.296,365.835,4.362,-2.443,175,200.0,,,
2026-09-08T03:55:57.964224,20,4877,FRAME,594.658,363.391,4.362,-2.443,168,200.0,,,
2026-09-08T03:55:57.980256,20,4878,FRAME,599.021,360.948,4.362,-2.443,161,200.0,,,
2026-09-08T03:55:57.997268,20,4879,FRAME,603.383,358.505,4.362,-2.443,154,200.0,,,
2026-09-08T03:55:58.014271,20,4880,FRAME,607.745,356.061,4.362,-2.443,147,200.0,,,
2026-09-08T03:55:58.030375,20,4881,FRAME,612.108,353.618,4.362,-2.443,140,200.0,,,
2026-09-08T03:55:58.046680,20,4882,FRAME,616.47,351.175,4.362,-2.443,133,200.0,,,
2026-09-08T03:55:58.063299,20,4883,FRAME,620.833,348.732,4.362,-2.443,126,200.0,,,
2026-09-08T03:55:58.079533,20,4884,FRAME,625.195,346.288,4.362,-2.443,119,200.0,,,
2026-09-08T03:55:58.095783,20,4885,FRAME,629.557,343.845,4.362,-2.443,112,200.0,,,
2026-09-08T03:55:58.111851,20,4886,FRAME,633.92,341.402,4.362,-2.443,105,200.0,,,
2026-09-08T03:55:58.129473,20,4887,FRAME,638.282,338.958,4.362,-2.443,98,200.0,,,
2026-09-08T03:55:58.146447,20,4888,FRAME,642.644,336.515,4.362,-2.443,91,200.0,,,
2026-09-08T03:55:58.163334,20,4889,FRAME,647.007,334.072,4.362,-2.443,84,200.0,,,
2026-09-08T03:55:58.180708,20,4890,FRAME,651.369,331.628,4.362,-2.443,77,200.0,,,
2026-09-08T03:55:58.196816,20,4891,FRAME,655.731,329.185,4.362,-2.443,70,200.0,,,
2026-09-08T03:55:58.212625,20,4892,FRAME,660.094,326.742,4.362,-2.443,63,200.0,,,
2026-09-08T03:55:58.228402,20,4893,FRAME,664.456,324.298,4.362,-2.443,56,200.0,,,
2026-09-08T03:55:58.245383,20,4894,FRAME,668.819,321.855,4.362,-2.443,49,200.0,,,
2026-09-08T03:55:58.263006,20,4895,FRAME,673.181,319.412,4.362,-2.443,42,200.0,,,
2026-09-08T03:55:58.279434,20,4896,FRAME,677.543,316.969,4.362,-2.443,35,200.0,,,
2026-09-08T03:55:58.296504,20,4897,FRAME,681.906,314.525,4.362,-2.443,28,200.0,,,
2026-09-08T03:55:58.312341,20,4898,FRAME,686.268,312.082,4.362,-2.443,21,200.0,,,
2026-09-08T03:55:58.329261,20,4899,FRAME,690.63,309.639,4.362,-2.443,14,200.0,,,
2026-09-08T03:55:58.346744,20,4900,FRAME,694.993,307.195,4.362,-2.443,7,200.0,,,
2026-09-08T03:55:58.362673,20,4901,FRAME,699.355,304.752,4.362,-2.443,0,200.0,,,
2026-09-08T03:55:58.379599,20,4902,FRAME,703.718,302.309,4.362,-2.443,0,200.0,,,
2026-09-08T03:55:58.396840,20,4903,FRAME,708.08,299.865,4.362,-2.443,0,200.0,,,
2026-09-08T03:55:58.413438,20,4904,FRAME,712.442,297.422,4.362,-2.443,0,200.0,,,
2026-09-08T03:55:58.430232,20,4905,FRAME,716.805,294.979,4.362,-2.443,0,200.0,,,
2026-09-08T03:55:58.447601,20,4906,FRAME,721.167,292.535,4.362,-2.443,0,200.0,,,
2026-09-08T03:55:58.464046,20,4907,FRAME,725.529,290.092,4.362,-2.443,0,200.0,,,
2026-09-08T03:55:58.480038,20,4908,FRAME,729.892,287.649,4.362,-2.443,0,200.0,,,
2026-09-08T03:55:58.495584,20,4909,FRAME,734.254,285.206,4.362,-2.443,0,200.0,,,
2026-09-08T03:55:58.512457,20,4910,FRAME,738.616,282.762,4.362,-2.443,0,200.0,,,
2026-09-08T03:55:58.529955,20,4911,FRAME,742.979,280.319,4.362,-2.443,0,200.0,,,
2026-09-08T03:55:58.546149,20,4912,RIGHT_HIT,743,277.876,-3.793,3.257,0,200.0,0.678,40.651,
2026-09-08T03:55:58.546149,20,4913,FRAME,743,277.876,-3.793,3.257,0,200.0,,,
2026-09-08T03:55:58.562063,20,4914,FRAME,739.207,281.133,-3.793,3.257,0,200.0,,,
2026-09-08T03:55:58.578571,20,4915,FRAME,735.413,284.39,-3.793,3.257,0,200.0,,,
2026-09-08T03:55:58.596082,20,4916,FRAME,731.62,287.647,-3.793,3.257,0,200.0,,,
2026-09-08T03:55:58.612611,20,4917,FRAME,727.826,290.905,-3.793,3.257,0,200.0,,,
2026-09-08T03:55:58.629496,20,4918,FRAME,724.033,294.162,-3.793,3.257,0,200.0,,,
2026-09-08T03:55:58.646610,20,4919,FRAME,720.239,297.419,-3.793,3.257,0,200.0,,,
2026-09-08T03:55:58.662493,20,4920,FRAME,716.446,300.676,-3.793,3.257,0,200.0,,,
2026-09-08T03:55:58.679107,20,4921,FRAME,712.652,303.933,-3.793,3.257,0,200.0,,,
2026-09-08T03:55:58.695456,20,4922,FRAME,708.859,307.191,-3.793,3.257,0,200.0,,,
2026-09-08T03:55:58.712343,20,4923,FRAME,705.065,310.448,-3.793,3.257,0,200.0,,,
2026-09-08T03:55:58.729564,20,4924,FRAME,701.272,313.705,-3.793,3.257,0,200.0,,,
2026-09-08T03:55:58.746358,20,4925,FRAME,697.478,316.962,-3.793,3.257,0,200.0,,,
2026-09-08T03:55:58.764068,20,4926,FRAME,693.685,320.22,-3.793,3.257,0,200.0,,,
2026-09-08T03:55:58.780407,20,4927,FRAME,689.891,323.477,-3.793,3.257,0,200.0,,,
2026-09-08T03:55:58.797111,20,4928,FRAME,686.098,326.734,-3.793,3.257,0,200.0,,,
2026-09-08T03:55:58.813406,20,4929,FRAME,682.304,329.991,-3.793,3.257,0,200.0,,,
2026-09-08T03:55:58.829515,20,4930,FRAME,678.511,333.249,-3.793,3.257,0,200.0,,,
2026-09-08T03:55:58.846634,20,4931,FRAME,674.717,336.506,-3.793,3.257,0,200.0,,,
2026-09-08T03:55:58.863073,20,4932,FRAME,670.924,339.763,-3.793,3.257,0,200.0,,,
2026-09-08T03:55:58.880137,20,4933,FRAME,667.131,343.02,-3.793,3.257,0,200.0,,,
2026-09-08T03:55:58.895742,20,4934,FRAME,663.337,346.277,-3.793,3.257,0,200.0,,,
2026-09-08T03:55:58.912424,20,4935,FRAME,659.544,349.535,-3.793,3.257,0,200.0,,,
2026-09-08T03:55:58.929892,20,4936,FRAME,655.75,352.792,-3.793,3.257,0,200.0,,,
2026-09-08T03:55:58.946353,20,4937,FRAME,651.957,356.049,-3.793,3.257,0,200.0,,,
2026-09-08T03:55:58.964153,20,4938,FRAME,648.163,359.306,-3.793,3.257,0,200.0,,,
2026-09-08T03:55:58.980561,20,4939,FRAME,644.37,362.564,-3.793,3.257,0,200.0,,,
2026-09-08T03:55:58.997214,20,4940,FRAME,640.576,365.821,-3.793,3.257,0,200.0,,,
2026-09-08T03:55:59.014208,20,4941,FRAME,636.783,369.078,-3.793,3.257,0,200.0,,,
2026-09-08T03:55:59.031176,20,4942,FRAME,632.989,372.335,-3.793,3.257,0,200.0,,,
2026-09-08T03:55:59.048359,20,4943,FRAME,629.196,375.593,-3.793,3.257,0,200.0,,,
2026-09-08T03:55:59.065063,20,4944,FRAME,625.402,378.85,-3.793,3.257,0,200.0,,,
2026-09-08T03:55:59.080840,20,4945,FRAME,621.609,382.107,-3.793,3.257,0,200.0,,,
2026-09-08T03:55:59.097479,20,4946,FRAME,617.815,385.364,-3.793,3.257,7,200.0,,,
2026-09-08T03:55:59.113955,20,4947,FRAME,614.022,388.621,-3.793,3.257,14,200.0,,,
2026-09-08T03:55:59.130468,20,4948,FRAME,610.228,391.879,-3.793,3.257,21,200.0,,,
2026-09-08T03:55:59.147538,20,4949,FRAME,606.435,395.136,-3.793,3.257,28,200.0,,,
2026-09-08T03:55:59.163375,20,4950,FRAME,602.641,398.393,-3.793,3.257,35,200.0,,,
2026-09-08T03:55:59.180512,20,4951,FRAME,598.848,401.65,-3.793,3.257,42,200.0,,,
2026-09-08T03:55:59.196257,20,4952,FRAME,595.055,404.908,-3.793,3.257,49,200.0,,,
2026-09-08T03:55:59.213313,20,4953,FRAME,591.261,408.165,-3.793,3.257,56,200.0,,,
2026-09-08T03:55:59.230515,20,4954,FRAME,587.468,411.422,-3.793,3.257,63,200.0,,,
2026-09-08T03:55:59.246995,20,4955,FRAME,583.674,414.679,-3.793,3.257,70,200.0,,,
2026-09-08T03:55:59.263151,20,4956,FRAME,579.881,417.937,-3.793,3.257,77,200.0,,,
2026-09-08T03:55:59.280134,20,4957,FRAME,576.087,421.194,-3.793,3.257,84,200.0,,,
2026-09-08T03:55:59.297334,20,4958,FRAME,572.294,424.451,-3.793,3.257,91,200.0,,,
2026-09-08T03:55:59.314365,20,4959,FRAME,568.5,427.708,-3.793,3.257,98,200.0,,,
2026-09-08T03:55:59.331342,20,4960,FRAME,564.707,430.965,-3.793,3.257,105,200.0,,,
2026-09-08T03:55:59.348270,20,4961,FRAME,560.913,434.223,-3.793,3.257,112,200.0,,,
2026-09-08T03:55:59.365305,20,4962,FRAME,557.12,437.48,-3.793,3.257,119,200.0,,,
2026-09-08T03:55:59.381649,20,4963,FRAME,553.326,440.737,-3.793,3.257,126,200.0,,,
2026-09-08T03:55:59.397610,20,4964,FRAME,549.533,443.994,-3.793,3.257,133,200.0,,,
2026-09-08T03:55:59.414157,20,4965,FRAME,545.739,447.252,-3.793,3.257,140,200.0,,,
2026-09-08T03:55:59.430861,20,4966,FRAME,541.946,450.509,-3.793,3.257,147,200.0,,,
2026-09-08T03:55:59.447449,20,4967,FRAME,538.152,453.766,-3.793,3.257,154,200.0,,,
2026-09-08T03:55:59.464195,20,4968,FRAME,534.359,457.023,-3.793,3.257,161,200.0,,,
2026-09-08T03:55:59.480915,20,4969,FRAME,530.565,460.281,-3.793,3.257,168,200.0,,,
2026-09-08T03:55:59.497377,20,4970,FRAME,526.772,463.538,-3.793,3.257,175,200.0,,,
2026-09-08T03:55:59.514058,20,4971,FRAME,522.979,466.795,-3.793,3.257,182,200.0,,,
2026-09-08T03:55:59.530402,20,4972,FRAME,519.185,470.052,-3.793,3.257,189,200.0,,,
2026-09-08T03:55:59.547041,20,4973,FRAME,515.392,473.31,-3.793,3.257,196,200.0,,,
2026-09-08T03:55:59.563225,20,4974,FRAME,511.598,476.567,-3.793,3.257,203,200.0,,,
2026-09-08T03:55:59.580402,20,4975,FRAME,507.805,479.824,-3.793,3.257,210,200.0,,,
2026-09-08T03:55:59.597868,20,4976,FRAME,504.011,483.081,-3.793,3.257,217,200.0,,,
2026-09-08T03:55:59.614281,20,4977,FRAME,500.218,486.338,-3.793,3.257,224,200.0,,,
2026-09-08T03:55:59.631993,20,4978,WALL_BOUNCE,496.424,488,-3.793,-3.257,231,200.0,,,
2026-09-08T03:55:59.631993,20,4979,FRAME,496.424,488,-3.793,-3.257,231,200.0,,,
2026-09-08T03:55:59.648331,20,4980,FRAME,492.631,484.743,-3.793,-3.257,238,200.0,,,
2026-09-08T03:55:59.665378,20,4981,FRAME,488.837,481.486,-3.793,-3.257,245,200.0,,,
2026-09-08T03:55:59.682381,20,4982,FRAME,485.044,478.228,-3.793,-3.257,252,200.0,,,
2026-09-08T03:55:59.699004,20,4983,FRAME,481.25,474.971,-3.793,-3.257,259,200.0,,,
2026-09-08T03:55:59.715457,20,4984,FRAME,477.457,471.714,-3.793,-3.257,266,200.0,,,
2026-09-08T03:55:59.732376,20,4985,FRAME,473.663,468.457,-3.793,-3.257,273,200.0,,,
2026-09-08T03:55:59.749764,20,4986,FRAME,469.87,465.199,-3.793,-3.257,280,200.0,,,
2026-09-08T03:55:59.766607,20,4987,FRAME,466.076,461.942,-3.793,-3.257,287,200.0,,,
2026-09-08T03:55:59.783244,20,4988,FRAME,462.283,458.685,-3.793,-3.257,294,200.0,,,
2026-09-08T03:55:59.800192,20,4989,FRAME,458.489,455.428,-3.793,-3.257,301,200.0,,,
2026-09-08T03:55:59.817531,20,4990,FRAME,454.696,452.17,-3.793,-3.257,308,200.0,,,
2026-09-08T03:55:59.834372,20,4991,FRAME,450.903,448.913,-3.793,-3.257,315,200.0,,,
2026-09-08T03:55:59.850402,20,4992,FRAME,447.109,445.656,-3.793,-3.257,322,200.0,,,
2026-09-08T03:55:59.866982,20,4993,FRAME,443.316,442.399,-3.793,-3.257,329,200.0,,,
2026-09-08T03:55:59.882288,20,4994,FRAME,439.522,439.142,-3.793,-3.257,336,200.0,,,
2026-09-08T03:55:59.899154,20,4995,FRAME,435.729,435.884,-3.793,-3.257,343,200.0,,,
2026-09-08T03:55:59.916746,20,4996,FRAME,431.935,432.627,-3.793,-3.257,350,200.0,,,
2026-09-08T03:55:59.932600,20,4997,FRAME,428.142,429.37,-3.793,-3.257,350,200.0,,,
2026-09-08T03:55:59.949261,20,4998,FRAME,424.348,426.113,-3.793,-3.257,350,200.0,,,
2026-09-08T03:55:59.966141,20,4999,FRAME,420.555,422.855,-3.793,-3.257,350,200.0,,,
2026-09-08T03:55:59.982445,20,5000,FRAME,416.761,419.598,-3.793,-3.257,350,200.0,,,
2026-09-08T03:55:59.999020,20,5001,FRAME,412.968,416.341,-3.793,-3.257,350,200.0,,,
2026-09-08T03:56:00.015184,20,5002,FRAME,409.174,413.084,-3.793,-3.257,350,200.0,,,
2026-09-08T03:56:00.031693,20,5003,FRAME,405.381,409.826,-3.793,-3.257,350,200.0,,,
2026-09-08T03:56:00.048804,20,5004,FRAME,401.587,406.569,-3.793,-3.257,350,200.0,,,
2026-09-08T03:56:00.065590,20,5005,FRAME,397.794,403.312,-3.793,-3.257,350,200.0,,,
2026-09-08T03:56:00.083088,20,5006,FRAME,394.0,400.055,-3.793,-3.257,350,200.0,,,
2026-09-08T03:56:00.099516,20,5007,FRAME,390.207,396.798,-3.793,-3.257,350,200.0,,,
2026-09-08T03:56:00.116919,20,5008,FRAME,386.413,393.54,-3.793,-3.257,350,200.0,,,
2026-09-08T03:56:00.132951,20,5009,FRAME,382.62,390.283,-3.793,-3.257,350,200.0,,,
2026-09-08T03:56:00.148718,20,5010,FRAME,378.827,387.026,-3.793,-3.257,350,200.0,,,
2026-09-08T03:56:00.165185,20,5011,FRAME,375.033,383.769,-3.793,-3.257,343,200.0,,,
2026-09-08T03:56:00.182177,20,5012,FRAME,371.24,380.511,-3.793,-3.257,336,200.0,,,
2026-09-08T03:56:00.198875,20,5013,FRAME,367.446,377.254,-3.793,-3.257,329,200.0,,,
2026-09-08T03:56:00.214936,20,5014,FRAME,363.653,373.997,-3.793,-3.257,322,200.0,,,
2026-09-08T03:56:00.231197,20,5015,FRAME,359.859,370.74,-3.793,-3.257,315,200.0,,,
2026-09-08T03:56:00.248312,20,5016,FRAME,356.066,367.482,-3.793,-3.257,308,200.0,,,
2026-09-08T03:56:00.265635,20,5017,FRAME,352.272,364.225,-3.793,-3.257,301,200.0,,,
2026-09-08T03:56:00.282213,20,5018,FRAME,348.479,360.968,-3.793,-3.257,294,200.0,,,
2026-09-08T03:56:00.299910,20,5019,FRAME,344.685,357.711,-3.793,-3.257,287,200.0,,,
2026-09-08T03:56:00.315690,20,5020,FRAME,340.892,354.454,-3.793,-3.257,280,200.0,,,
2026-09-08T03:56:00.332352,20,5021,FRAME,337.098,351.196,-3.793,-3.257,273,200.0,,,
2026-09-08T03:56:00.349351,20,5022,FRAME,333.305,347.939,-3.793,-3.257,266,200.0,,,
2026-09-08T03:56:00.366194,20,5023,FRAME,329.511,344.682,-3.793,-3.257,259,200.0,,,
2026-09-08T03:56:00.382837,20,5024,FRAME,325.718,341.425,-3.793,-3.257,252,200.0,,,
2026-09-08T03:56:00.398481,20,5025,FRAME,321.924,338.167,-3.793,-3.257,245,200.0,,,
2026-09-08T03:56:00.416096,20,5026,FRAME,318.131,334.91,-3.793,-3.257,238,200.0,,,
2026-09-08T03:56:00.432120,20,5027,FRAME,314.337,331.653,-3.793,-3.257,231,200.0,,,
2026-09-08T03:56:00.449465,20,5028,FRAME,310.544,328.396,-3.793,-3.257,224,200.0,,,
2026-09-08T03:56:00.465386,20,5029,FRAME,306.751,325.138,-3.793,-3.257,217,200.0,,,
2026-09-08T03:56:00.482712,20,5030,FRAME,302.957,321.881,-3.793,-3.257,210,200.0,,,
2026-09-08T03:56:00.498746,20,5031,FRAME,299.164,318.624,-3.793,-3.257,210,200.0,,,
2026-09-08T03:56:00.515649,20,5032,FRAME,295.37,315.367,-3.793,-3.257,210,200.0,,,
2026-09-08T03:56:00.532028,20,5033,FRAME,291.577,312.109,-3.793,-3.257,210,200.0,,,
2026-09-08T03:56:00.548010,20,5034,FRAME,287.783,308.852,-3.793,-3.257,210,200.0,,,
2026-09-08T03:56:00.564297,20,5035,FRAME,283.99,305.595,-3.793,-3.257,210,200.0,,,
2026-09-08T03:56:00.580854,20,5036,FRAME,280.196,302.338,-3.793,-3.257,210,200.0,,,
2026-09-08T03:56:00.596865,20,5037,FRAME,276.403,299.081,-3.793,-3.257,210,200.0,,,
2026-09-08T03:56:00.612913,20,5038,FRAME,272.609,295.823,-3.793,-3.257,210,200.0,,,
2026-09-08T03:56:00.629267,20,5039,FRAME,268.816,292.566,-3.793,-3.257,210,200.0,,,
2026-09-08T03:56:00.646112,20,5040,FRAME,265.022,289.309,-3.793,-3.257,210,200.0,,,
2026-09-08T03:56:00.661855,20,5041,FRAME,261.229,286.052,-3.793,-3.257,210,200.0,,,
2026-09-08T03:56:00.678277,20,5042,FRAME,257.435,282.794,-3.793,-3.257,203,200.0,,,
2026-09-08T03:56:00.695145,20,5043,FRAME,253.642,279.537,-3.793,-3.257,196,200.0,,,
2026-09-08T03:56:00.711825,20,5044,FRAME,249.848,276.28,-3.793,-3.257,189,200.0,,,
2026-09-08T03:56:00.728204,20,5045,FRAME,246.055,273.023,-3.793,-3.257,182,200.0,,,
2026-09-08T03:56:00.745232,20,5046,FRAME,242.261,269.765,-3.793,-3.257,175,200.0,,,
2026-09-08T03:56:00.761803,20,5047,FRAME,238.468,266.508,-3.793,-3.257,168,200.0,,,
2026-09-08T03:56:00.778055,20,5048,FRAME,234.675,263.251,-3.793,-3.257,161,200.0,,,
2026-09-08T03:56:00.794192,20,5049,FRAME,230.881,259.994,-3.793,-3.257,154,200.0,,,
2026-09-08T03:56:00.811163,20,5050,FRAME,227.088,256.737,-3.793,-3.257,147,200.0,,,
2026-09-08T03:56:00.827543,20,5051,FRAME,223.294,253.479,-3.793,-3.257,140,200.0,,,
2026-09-08T03:56:00.844267,20,5052,FRAME,219.501,250.222,-3.793,-3.257,133,200.0,,,
2026-09-08T03:56:00.860832,20,5053,FRAME,215.707,246.965,-3.793,-3.257,126,200.0,,,
2026-09-08T03:56:00.877256,20,5054,FRAME,211.914,243.708,-3.793,-3.257,119,200.0,,,
2026-09-08T03:56:00.894641,20,5055,FRAME,208.12,240.45,-3.793,-3.257,112,200.0,,,
2026-09-08T03:56:00.911189,20,5056,FRAME,204.327,237.193,-3.793,-3.257,105,200.0,,,
2026-09-08T03:56:00.928646,20,5057,FRAME,200.533,233.936,-3.793,-3.257,98,200.0,,,
2026-09-08T03:56:00.945241,20,5058,FRAME,196.74,230.679,-3.793,-3.257,98,200.0,,,
2026-09-08T03:56:00.961761,20,5059,FRAME,192.946,227.421,-3.793,-3.257,98,200.0,,,
2026-09-08T03:56:00.978163,20,5060,FRAME,189.153,224.164,-3.793,-3.257,98,200.0,,,
2026-09-08T03:56:00.996005,20,5061,FRAME,185.359,220.907,-3.793,-3.257,98,200.0,,,
2026-09-08T03:56:01.012109,20,5062,FRAME,181.566,217.65,-3.793,-3.257,98,200.0,,,
2026-09-08T03:56:01.028294,20,5063,FRAME,177.772,214.393,-3.793,-3.257,98,200.0,,,
2026-09-08T03:56:01.045264,20,5064,FRAME,173.979,211.135,-3.793,-3.257,98,200.0,,,
2026-09-08T03:56:01.062867,20,5065,FRAME,170.185,207.878,-3.793,-3.257,98,200.0,,,
2026-09-08T03:56:01.078600,20,5066,FRAME,166.392,204.621,-3.793,-3.257,91,200.0,,,
2026-09-08T03:56:01.095175,20,5067,FRAME,162.599,201.364,-3.793,-3.257,84,200.0,,,
2026-09-08T03:56:01.112333,20,5068,FRAME,158.805,198.106,-3.793,-3.257,77,200.0,,,
2026-09-08T03:56:01.128970,20,5069,FRAME,155.012,194.849,-3.793,-3.257,70,200.0,,,
2026-09-08T03:56:01.145136,20,5070,FRAME,151.218,191.592,-3.793,-3.257,63,200.0,,,
2026-09-08T03:56:01.161248,20,5071,FRAME,147.425,188.335,-3.793,-3.257,56,200.0,,,
2026-09-08T03:56:01.177902,20,5072,FRAME,143.631,185.077,-3.793,-3.257,49,200.0,,,
2026-09-08T03:56:01.194281,20,5073,FRAME,139.838,181.82,-3.793,-3.257,42,200.0,,,
2026-09-08T03:56:01.211283,20,5074,FRAME,136.044,178.563,-3.793,-3.257,35,200.0,,,
2026-09-08T03:56:01.228298,20,5075,FRAME,132.251,175.306,-3.793,-3.257,28,200.0,,,
2026-09-08T03:56:01.245270,20,5076,FRAME,128.457,172.049,-3.793,-3.257,21,200.0,,,
2026-09-08T03:56:01.261912,20,5077,FRAME,124.664,168.791,-3.793,-3.257,14,200.0,,,
2026-09-08T03:56:01.277949,20,5078,FRAME,120.87,165.534,-3.793,-3.257,7,200.0,,,
2026-09-08T03:56:01.293989,20,5079,FRAME,117.077,162.277,-3.793,-3.257,0,200.0,,,
2026-09-08T03:56:01.310278,20,5080,FRAME,113.283,159.02,-3.793,-3.257,0,200.0,,,
2026-09-08T03:56:01.327991,20,5081,FRAME,109.49,155.762,-3.793,-3.257,0,200.0,,,
2026-09-08T03:56:01.344400,20,5082,FRAME,105.696,152.505,-3.793,-3.257,0,200.0,,,
2026-09-08T03:56:01.361233,20,5083,FRAME,101.903,149.248,-3.793,-3.257,0,200.0,,,
2026-09-08T03:56:01.378134,20,5084,FRAME,98.109,145.991,-3.793,-3.257,0,200.0,,,
2026-09-08T03:56:01.395447,20,5085,FRAME,94.316,142.733,-3.793,-3.257,0,200.0,,,
2026-09-08T03:56:01.412554,20,5086,FRAME,90.523,139.476,-3.793,-3.257,0,200.0,,,
2026-09-08T03:56:01.429211,20,5087,FRAME,86.729,136.219,-3.793,-3.257,0,200.0,,,
2026-09-08T03:56:01.446855,20,5088,FRAME,82.936,132.962,-3.793,-3.257,0,200.0,,,
2026-09-08T03:56:01.462397,20,5089,FRAME,79.142,129.705,-3.793,-3.257,0,200.0,,,
2026-09-08T03:56:01.479457,20,5090,FRAME,75.349,126.447,-3.793,-3.257,0,200.0,,,
2026-09-08T03:56:01.496877,20,5091,FRAME,71.555,123.19,-3.793,-3.257,0,200.0,,,
2026-09-08T03:56:01.514183,20,5092,FRAME,67.762,119.933,-3.793,-3.257,0,200.0,,,
2026-09-08T03:56:01.530738,20,5093,FRAME,63.968,116.676,-3.793,-3.257,0,200.0,,,
2026-09-08T03:56:01.547428,20,5094,FRAME,60.175,113.418,-3.793,-3.257,0,200.0,,,
2026-09-08T03:56:01.564450,20,5095,FRAME,56.381,110.161,-3.793,-3.257,0,200.0,,,
2026-09-08T03:56:01.581646,20,5096,FRAME,52.588,106.904,-3.793,-3.257,0,200.0,,,
2026-09-08T03:56:01.598772,20,5097,FRAME,48.794,103.647,-3.793,-3.257,0,200.0,,,
2026-09-08T03:56:01.615348,20,5098,FRAME,45.001,100.389,-3.793,-3.257,7,200.0,,,
2026-09-08T03:56:01.632634,20,5099,LEFT_HIT,45,97.132,3.413,3.654,14,200.0,0.783,46.959,
2026-09-08T03:56:01.632634,20,5100,FRAME,45,97.132,3.413,3.654,14,200.0,,,
2026-09-08T03:56:01.649139,20,5101,FRAME,48.413,100.787,3.413,3.654,21,200.0,,,
2026-09-08T03:56:01.665447,20,5102,FRAME,51.825,104.441,3.413,3.654,28,200.0,,,
2026-09-08T03:56:01.682356,20,5103,FRAME,55.238,108.095,3.413,3.654,35,200.0,,,
2026-09-08T03:56:01.699337,20,5104,FRAME,58.651,111.749,3.413,3.654,42,200.0,,,
2026-09-08T03:56:01.716316,20,5105,FRAME,62.063,115.404,3.413,3.654,49,200.0,,,
2026-09-08T03:56:01.733353,20,5106,FRAME,65.476,119.058,3.413,3.654,56,200.0,,,
2026-09-08T03:56:01.751015,20,5107,FRAME,68.888,122.712,3.413,3.654,63,200.0,,,
2026-09-08T03:56:01.767081,20,5108,FRAME,72.301,126.367,3.413,3.654,70,200.0,,,
2026-09-08T03:56:01.783743,20,5109,FRAME,75.714,130.021,3.413,3.654,77,200.0,,,
2026-09-08T03:56:01.800537,20,5110,FRAME,79.126,133.675,3.413,3.654,84,200.0,,,
2026-09-08T03:56:01.816545,20,5111,FRAME,82.539,137.33,3.413,3.654,91,200.0,,,
2026-09-08T03:56:01.833313,20,5112,FRAME,85.952,140.984,3.413,3.654,98,200.0,,,
2026-09-08T03:56:01.850959,20,5113,FRAME,89.364,144.638,3.413,3.654,105,200.0,,,
2026-09-08T03:56:01.867465,20,5114,FRAME,92.777,148.293,3.413,3.654,112,200.0,,,
2026-09-08T03:56:01.884241,20,5115,FRAME,96.189,151.947,3.413,3.654,119,200.0,,,
2026-09-08T03:56:01.900820,20,5116,FRAME,99.602,155.601,3.413,3.654,126,200.0,,,
2026-09-08T03:56:01.917244,20,5117,FRAME,103.015,159.255,3.413,3.654,133,200.0,,,
2026-09-08T03:56:01.934128,20,5118,FRAME,106.427,162.91,3.413,3.654,140,200.0,,,
2026-09-08T03:56:01.949241,20,5119,FRAME,109.84,166.564,3.413,3.654,147,200.0,,,
2026-09-08T03:56:01.965703,20,5120,FRAME,113.253,170.218,3.413,3.654,154,200.0,,,
2026-09-08T03:56:01.981460,20,5121,FRAME,116.665,173.873,3.413,3.654,161,200.0,,,
2026-09-08T03:56:01.997785,20,5122,FRAME,120.078,177.527,3.413,3.654,168,200.0,,,
2026-09-08T03:56:02.014170,20,5123,FRAME,123.49,181.181,3.413,3.654,175,200.0,,,
2026-09-08T03:56:02.031205,20,5124,FRAME,126.903,184.836,3.413,3.654,182,200.0,,,
2026-09-08T03:56:02.048749,20,5125,FRAME,130.316,188.49,3.413,3.654,189,200.0,,,
2026-09-08T03:56:02.065296,20,5126,FRAME,133.728,192.144,3.413,3.654,196,200.0,,,
2026-09-08T03:56:02.082384,20,5127,FRAME,137.141,195.799,3.413,3.654,203,200.0,,,
2026-09-08T03:56:02.098719,20,5128,FRAME,140.554,199.453,3.413,3.654,210,200.0,,,
2026-09-08T03:56:02.114907,20,5129,FRAME,143.966,203.107,3.413,3.654,217,200.0,,,
2026-09-08T03:56:02.131623,20,5130,FRAME,147.379,206.761,3.413,3.654,224,200.0,,,
2026-09-08T03:56:02.148274,20,5131,FRAME,150.792,210.416,3.413,3.654,231,200.0,,,
2026-09-08T03:56:02.165294,20,5132,FRAME,154.204,214.07,3.413,3.654,238,200.0,,,
2026-09-08T03:56:02.182591,20,5133,FRAME,157.617,217.724,3.413,3.654,245,200.0,,,
2026-09-08T03:56:02.198573,20,5134,FRAME,161.029,221.379,3.413,3.654,252,200.0,,,
2026-09-08T03:56:02.214432,20,5135,FRAME,164.442,225.033,3.413,3.654,259,200.0,,,
2026-09-08T03:56:02.230793,20,5136,FRAME,167.855,228.687,3.413,3.654,266,200.0,,,
2026-09-08T03:56:02.248184,20,5137,FRAME,171.267,232.342,3.413,3.654,273,200.0,,,
2026-09-08T03:56:02.264407,20,5138,FRAME,174.68,235.996,3.413,3.654,280,200.0,,,
2026-09-08T03:56:02.280209,20,5139,FRAME,178.093,239.65,3.413,3.654,287,200.0,,,
2026-09-08T03:56:02.297761,20,5140,FRAME,181.505,243.304,3.413,3.654,294,200.0,,,
2026-09-08T03:56:02.314040,20,5141,FRAME,184.918,246.959,3.413,3.654,301,200.0,,,
2026-09-08T03:56:02.329598,20,5142,FRAME,188.33,250.613,3.413,3.654,308,200.0,,,
2026-09-08T03:56:02.346287,20,5143,FRAME,191.743,254.267,3.413,3.654,315,200.0,,,
2026-09-08T03:56:02.362988,20,5144,FRAME,195.156,257.922,3.413,3.654,322,200.0,,,
2026-09-08T03:56:02.380106,20,5145,FRAME,198.568,261.576,3.413,3.654,329,200.0,,,
2026-09-08T03:56:02.396388,20,5146,FRAME,201.981,265.23,3.413,3.654,336,200.0,,,
2026-09-08T03:56:02.412892,20,5147,FRAME,205.394,268.885,3.413,3.654,343,200.0,,,
2026-09-08T03:56:02.429184,20,5148,FRAME,208.806,272.539,3.413,3.654,350,200.0,,,
2026-09-08T03:56:02.446164,20,5149,FRAME,212.219,276.193,3.413,3.654,357,200.0,,,
2026-09-08T03:56:02.461503,20,5150,FRAME,215.631,279.848,3.413,3.654,364,200.0,,,
2026-09-08T03:56:02.478075,20,5151,FRAME,219.044,283.502,3.413,3.654,364,200.0,,,
2026-09-08T03:56:02.494265,20,5152,FRAME,222.457,287.156,3.413,3.654,364,200.0,,,
2026-09-08T03:56:02.511134,20,5153,FRAME,225.869,290.81,3.413,3.654,364,200.0,,,
2026-09-08T03:56:02.527846,20,5154,FRAME,229.282,294.465,3.413,3.654,364,200.0,,,
2026-09-08T03:56:02.544066,20,5155,FRAME,232.695,298.119,3.413,3.654,364,200.0,,,
2026-09-08T03:56:02.560553,20,5156,FRAME,236.107,301.773,3.413,3.654,364,200.0,,,
2026-09-08T03:56:02.577203,20,5157,FRAME,239.52,305.428,3.413,3.654,364,200.0,,,
2026-09-08T03:56:02.594438,20,5158,FRAME,242.933,309.082,3.413,3.654,364,200.0,,,
2026-09-08T03:56:02.611564,20,5159,FRAME,246.345,312.736,3.413,3.654,364,200.0,,,
2026-09-08T03:56:02.628312,20,5160,FRAME,249.758,316.391,3.413,3.654,364,200.0,,,
2026-09-08T03:56:02.645403,20,5161,FRAME,253.17,320.045,3.413,3.654,364,200.0,,,
2026-09-08T03:56:02.661434,20,5162,FRAME,256.583,323.699,3.413,3.654,364,200.0,,,
2026-09-08T03:56:02.678089,20,5163,FRAME,259.996,327.354,3.413,3.654,364,200.0,,,
2026-09-08T03:56:02.694435,20,5164,FRAME,263.408,331.008,3.413,3.654,364,200.0,,,
2026-09-08T03:56:02.711244,20,5165,FRAME,266.821,334.662,3.413,3.654,364,200.0,,,
2026-09-08T03:56:02.728054,20,5166,FRAME,270.234,338.316,3.413,3.654,364,200.0,,,
2026-09-08T03:56:02.744282,20,5167,FRAME,273.646,341.971,3.413,3.654,364,200.0,,,
2026-09-08T03:56:02.761299,20,5168,FRAME,277.059,345.625,3.413,3.654,364,200.0,,,
2026-09-08T03:56:02.778526,20,5169,FRAME,280.471,349.279,3.413,3.654,364,200.0,,,
2026-09-08T03:56:02.794997,20,5170,FRAME,283.884,352.934,3.413,3.654,364,200.0,,,
2026-09-08T03:56:02.810721,20,5171,FRAME,287.297,356.588,3.413,3.654,364,200.0,,,
2026-09-08T03:56:02.826384,20,5172,FRAME,290.709,360.242,3.413,3.654,364,200.0,,,
2026-09-08T03:56:02.844675,20,5173,FRAME,294.122,363.897,3.413,3.654,364,200.0,,,
2026-09-08T03:56:02.861222,20,5174,FRAME,297.535,367.551,3.413,3.654,364,200.0,,,
2026-09-08T03:56:02.878355,20,5175,FRAME,300.947,371.205,3.413,3.654,364,200.0,,,
2026-09-08T03:56:02.895090,20,5176,FRAME,304.36,374.86,3.413,3.654,364,200.0,,,
2026-09-08T03:56:02.910728,20,5177,FRAME,307.772,378.514,3.413,3.654,364,200.0,,,
2026-09-08T03:56:02.927143,20,5178,FRAME,311.185,382.168,3.413,3.654,364,200.0,,,
2026-09-08T03:56:02.942304,20,5179,FRAME,314.598,385.822,3.413,3.654,364,200.0,,,
2026-09-08T03:56:02.958882,20,5180,FRAME,318.01,389.477,3.413,3.654,364,200.0,,,
2026-09-08T03:56:02.975931,20,5181,FRAME,321.423,393.131,3.413,3.654,364,200.0,,,
2026-09-08T03:56:02.992417,20,5182,FRAME,324.836,396.785,3.413,3.654,364,200.0,,,
2026-09-08T03:56:03.009906,20,5183,FRAME,328.248,400.44,3.413,3.654,364,200.0,,,
2026-09-08T03:56:03.026878,20,5184,FRAME,331.661,404.094,3.413,3.654,364,200.0,,,
2026-09-08T03:56:03.042885,20,5185,FRAME,335.074,407.748,3.413,3.654,364,200.0,,,
2026-09-08T03:56:03.059054,20,5186,FRAME,338.486,411.403,3.413,3.654,364,200.0,,,
2026-09-08T03:56:03.075092,20,5187,FRAME,341.899,415.057,3.413,3.654,364,200.0,,,
2026-09-08T03:56:03.092291,20,5188,FRAME,345.311,418.711,3.413,3.654,364,200.0,,,
2026-09-08T03:56:03.109186,20,5189,FRAME,348.724,422.366,3.413,3.654,364,200.0,,,
2026-09-08T03:56:03.126160,20,5190,FRAME,352.137,426.02,3.413,3.654,364,200.0,,,
2026-09-08T03:56:03.143099,20,5191,FRAME,355.549,429.674,3.413,3.654,364,200.0,,,
2026-09-08T03:56:03.159102,20,5192,FRAME,358.962,433.328,3.413,3.654,364,200.0,,,
2026-09-08T03:56:03.175480,20,5193,FRAME,362.375,436.983,3.413,3.654,364,200.0,,,
2026-09-08T03:56:03.191907,20,5194,FRAME,365.787,440.637,3.413,3.654,364,200.0,,,
2026-09-08T03:56:03.207431,20,5195,FRAME,369.2,444.291,3.413,3.654,364,200.0,,,
2026-09-08T03:56:03.224118,20,5196,FRAME,372.612,447.946,3.413,3.654,364,200.0,,,
2026-09-08T03:56:03.240031,20,5197,FRAME,376.025,451.6,3.413,3.654,364,200.0,,,
2026-09-08T03:56:03.256266,20,5198,FRAME,379.438,455.254,3.413,3.654,364,200.0,,,
2026-09-08T03:56:03.272248,20,5199,FRAME,382.85,458.909,3.413,3.654,364,200.0,,,
2026-09-08T03:56:03.289924,20,5200,FRAME,386.263,462.563,3.413,3.654,364,200.0,,,
2026-09-08T03:56:03.306944,20,5201,FRAME,389.676,466.217,3.413,3.654,364,200.0,,,
2026-09-08T03:56:03.324204,20,5202,FRAME,393.088,469.872,3.413,3.654,364,200.0,,,
2026-09-08T03:56:03.340657,20,5203,FRAME,396.501,473.526,3.413,3.654,364,200.0,,,
2026-09-08T03:56:03.357371,20,5204,FRAME,399.913,477.18,3.413,3.654,364,200.0,,,
2026-09-08T03:56:03.374056,20,5205,FRAME,403.326,480.834,3.413,3.654,364,200.0,,,
2026-09-08T03:56:03.389366,20,5206,FRAME,406.739,484.489,3.413,3.654,364,200.0,,,
2026-09-08T03:56:03.405622,20,5207,WALL_BOUNCE,410.151,488,3.413,-3.654,364,200.0,,,
2026-09-08T03:56:03.405622,20,5208,FRAME,410.151,488,3.413,-3.654,364,200.0,,,
2026-09-08T03:56:03.422836,20,5209,FRAME,413.564,484.346,3.413,-3.654,364,200.0,,,
2026-09-08T03:56:03.439292,20,5210,FRAME,416.977,480.691,3.413,-3.654,364,200.0,,,
2026-09-08T03:56:03.456566,20,5211,FRAME,420.389,477.037,3.413,-3.654,364,200.0,,,
2026-09-08T03:56:03.473333,20,5212,FRAME,423.802,473.383,3.413,-3.654,364,200.0,,,
2026-09-08T03:56:03.490067,20,5213,FRAME,427.214,469.728,3.413,-3.654,364,200.0,,,
2026-09-08T03:56:03.507068,20,5214,FRAME,430.627,466.074,3.413,-3.654,364,200.0,,,
2026-09-08T03:56:03.523109,20,5215,FRAME,434.04,462.42,3.413,-3.654,364,200.0,,,
2026-09-08T03:56:03.539651,20,5216,FRAME,437.452,458.766,3.413,-3.654,364,200.0,,,
2026-09-08T03:56:03.555642,20,5217,FRAME,440.865,455.111,3.413,-3.654,364,200.0,,,
2026-09-08T03:56:03.572011,20,5218,FRAME,444.278,451.457,3.413,-3.654,364,200.0,,,
2026-09-08T03:56:03.587969,20,5219,FRAME,447.69,447.803,3.413,-3.654,364,200.0,,,
2026-09-08T03:56:03.604483,20,5220,FRAME,451.103,444.148,3.413,-3.654,364,200.0,,,
2026-09-08T03:56:03.621254,20,5221,FRAME,454.516,440.494,3.413,-3.654,364,200.0,,,
2026-09-08T03:56:03.638134,20,5222,FRAME,457.928,436.84,3.413,-3.654,364,200.0,,,
2026-09-08T03:56:03.654330,20,5223,FRAME,461.341,433.185,3.413,-3.654,364,200.0,,,
2026-09-08T03:56:03.670729,20,5224,FRAME,464.753,429.531,3.413,-3.654,357,200.0,,,
2026-09-08T03:56:03.686594,20,5225,FRAME,468.166,425.877,3.413,-3.654,350,200.0,,,
2026-09-08T03:56:03.703208,20,5226,FRAME,471.579,422.222,3.413,-3.654,343,200.0,,,
2026-09-08T03:56:03.721348,20,5227,FRAME,474.991,418.568,3.413,-3.654,336,200.0,,,
2026-09-08T03:56:03.738398,20,5228,FRAME,478.404,414.914,3.413,-3.654,329,200.0,,,
2026-09-08T03:56:03.755152,20,5229,FRAME,481.817,411.26,3.413,-3.654,322,200.0,,,
2026-09-08T03:56:03.771342,20,5230,FRAME,485.229,407.605,3.413,-3.654,315,200.0,,,
2026-09-08T03:56:03.787978,20,5231,FRAME,488.642,403.951,3.413,-3.654,308,200.0,,,
2026-09-08T03:56:03.804057,20,5232,FRAME,492.054,400.297,3.413,-3.654,301,200.0,,,
2026-09-08T03:56:03.820090,20,5233,FRAME,495.467,396.642,3.413,-3.654,294,200.0,,,
2026-09-08T03:56:03.836338,20,5234,FRAME,498.88,392.988,3.413,-3.654,287,200.0,,,
2026-09-08T03:56:03.854277,20,5235,FRAME,502.292,389.334,3.413,-3.654,280,200.0,,,
2026-09-08T03:56:03.871323,20,5236,FRAME,505.705,385.679,3.413,-3.654,273,200.0,,,
2026-09-08T03:56:03.888208,20,5237,FRAME,509.118,382.025,3.413,-3.654,266,200.0,,,
2026-09-08T03:56:03.906001,20,5238,FRAME,512.53,378.371,3.413,-3.654,259,200.0,,,
2026-09-08T03:56:03.921890,20,5239,FRAME,515.943,374.716,3.413,-3.654,252,200.0,,,
2026-09-08T03:56:03.937567,20,5240,FRAME,519.355,371.062,3.413,-3.654,245,200.0,,,
2026-09-08T03:56:03.954066,20,5241,FRAME,522.768,367.408,3.413,-3.654,238,200.0,,,
2026-09-08T03:56:03.971332,20,5242,FRAME,526.181,363.754,3.413,-3.654,231,200.0,,,
2026-09-08T03:56:03.988536,20,5243,FRAME,529.593,360.099,3.413,-3.654,224,200.0,,,
2026-09-08T03:56:04.004231,20,5244,FRAME,533.006,356.445,3.413,-3.654,217,200.0,,,
2026-09-08T03:56:04.021776,20,5245,FRAME,536.419,352.791,3.413,-3.654,210,200.0,,,
2026-09-08T03:56:04.038476,20,5246,FRAME,539.831,349.136,3.413,-3.654,203,200.0,,,
2026-09-08T03:56:04.056234,20,5247,FRAME,543.244,345.482,3.413,-3.654,196,200.0,,,
2026-09-08T03:56:04.071694,20,5248,FRAME,546.657,341.828,3.413,-3.654,189,200.0,,,
2026-09-08T03:56:04.088509,20,5249,FRAME,550.069,338.173,3.413,-3.654,182,200.0,,,
2026-09-08T03:56:04.104773,20,5250,FRAME,553.482,334.519,3.413,-3.654,175,200.0,,,
2026-09-08T03:56:04.121168,20,5251,FRAME,556.894,330.865,3.413,-3.654,168,200.0,,,
2026-09-08T03:56:04.138383,20,5252,FRAME,560.307,327.21,3.413,-3.654,161,200.0,,,
2026-09-08T03:56:04.155382,20,5253,FRAME,563.72,323.556,3.413,-3.654,154,200.0,,,
2026-09-08T03:56:04.172696,20,5254,FRAME,567.132,319.902,3.413,-3.654,147,200.0,,,
2026-09-08T03:56:04.187746,20,5255,FRAME,570.545,316.248,3.413,-3.654,140,200.0,,,
2026-09-08T03:56:04.204275,20,5256,FRAME,573.958,312.593,3.413,-3.654,133,200.0,,,
2026-09-08T03:56:04.221008,20,5257,FRAME,577.37,308.939,3.413,-3.654,126,200.0,,,
2026-09-08T03:56:04.237428,20,5258,FRAME,580.783,305.285,3.413,-3.654,119,200.0,,,
2026-09-08T03:56:04.254083,20,5259,FRAME,584.195,301.63,3.413,-3.654,119,200.0,,,
2026-09-08T03:56:04.270503,20,5260,FRAME,587.608,297.976,3.413,-3.654,119,200.0,,,
2026-09-08T03:56:04.286417,20,5261,FRAME,591.021,294.322,3.413,-3.654,119,200.0,,,
2026-09-08T03:56:04.303991,20,5262,FRAME,594.433,290.667,3.413,-3.654,119,200.0,,,
2026-09-08T03:56:04.320092,20,5263,FRAME,597.846,287.013,3.413,-3.654,119,200.0,,,
2026-09-08T03:56:04.336431,20,5264,FRAME,601.259,283.359,3.413,-3.654,119,200.0,,,
2026-09-08T03:56:04.353403,20,5265,FRAME,604.671,279.704,3.413,-3.654,119,200.0,,,
2026-09-08T03:56:04.370276,20,5266,FRAME,608.084,276.05,3.413,-3.654,119,200.0,,,
2026-09-08T03:56:04.387201,20,5267,FRAME,611.496,272.396,3.413,-3.654,119,200.0,,,
2026-09-08T03:56:04.404404,20,5268,FRAME,614.909,268.742,3.413,-3.654,119,200.0,,,
2026-09-08T03:56:04.421367,20,5269,FRAME,618.322,265.087,3.413,-3.654,119,200.0,,,
2026-09-08T03:56:04.438588,20,5270,FRAME,621.734,261.433,3.413,-3.654,119,200.0,,,
2026-09-08T03:56:04.455285,20,5271,FRAME,625.147,257.779,3.413,-3.654,119,200.0,,,
2026-09-08T03:56:04.472180,20,5272,FRAME,628.56,254.124,3.413,-3.654,119,200.0,,,
2026-09-08T03:56:04.489734,20,5273,FRAME,631.972,250.47,3.413,-3.654,119,200.0,,,
2026-09-08T03:56:04.506046,20,5274,FRAME,635.385,246.816,3.413,-3.654,119,200.0,,,
2026-09-08T03:56:04.521844,20,5275,FRAME,638.798,243.161,3.413,-3.654,119,200.0,,,
2026-09-08T03:56:04.538300,20,5276,FRAME,642.21,239.507,3.413,-3.654,119,200.0,,,
2026-09-08T03:56:04.555455,20,5277,FRAME,645.623,235.853,3.413,-3.654,119,200.0,,,
2026-09-08T03:56:04.572448,20,5278,FRAME,649.035,232.199,3.413,-3.654,119,200.0,,,
2026-09-08T03:56:04.589219,20,5279,FRAME,652.448,228.544,3.413,-3.654,119,200.0,,,
2026-09-08T03:56:04.605329,20,5280,FRAME,655.861,224.89,3.413,-3.654,119,200.0,,,
2026-09-08T03:56:04.621422,20,5281,FRAME,659.273,221.236,3.413,-3.654,119,200.0,,,
2026-09-08T03:56:04.637825,20,5282,FRAME,662.686,217.581,3.413,-3.654,119,200.0,,,
2026-09-08T03:56:04.654160,20,5283,FRAME,666.099,213.927,3.413,-3.654,119,200.0,,,
2026-09-08T03:56:04.671477,20,5284,FRAME,669.511,210.273,3.413,-3.654,119,200.0,,,
2026-09-08T03:56:04.688246,20,5285,FRAME,672.924,206.618,3.413,-3.654,119,200.0,,,
2026-09-08T03:56:04.705359,20,5286,FRAME,676.336,202.964,3.413,-3.654,119,200.0,,,
2026-09-08T03:56:04.722290,20,5287,FRAME,679.749,199.31,3.413,-3.654,119,200.0,,,
2026-09-08T03:56:04.739412,20,5288,FRAME,683.162,195.655,3.413,-3.654,119,200.0,,,
2026-09-08T03:56:04.755529,20,5289,FRAME,686.574,192.001,3.413,-3.654,119,200.0,,,
2026-09-08T03:56:04.771560,20,5290,FRAME,689.987,188.347,3.413,-3.654,119,200.0,,,
2026-09-08T03:56:04.788441,20,5291,FRAME,693.4,184.693,3.413,-3.654,119,200.0,,,
2026-09-08T03:56:04.805154,20,5292,FRAME,696.812,181.038,3.413,-3.654,119,200.0,,,
2026-09-08T03:56:04.822361,20,5293,FRAME,700.225,177.384,3.413,-3.654,119,200.0,,,
2026-09-08T03:56:04.839331,20,5294,FRAME,703.637,173.73,3.413,-3.654,119,200.0,,,
2026-09-08T03:56:04.856303,20,5295,FRAME,707.05,170.075,3.413,-3.654,119,200.0,,,
2026-09-08T03:56:04.874096,20,5296,FRAME,710.463,166.421,3.413,-3.654,119,200.0,,,
2026-09-08T03:56:04.889861,20,5297,FRAME,713.875,162.767,3.413,-3.654,119,200.0,,,
2026-09-08T03:56:04.906256,20,5298,FRAME,717.288,159.112,3.413,-3.654,119,200.0,,,
2026-09-08T03:56:04.922722,20,5299,FRAME,720.701,155.458,3.413,-3.654,119,200.0,,,
2026-09-08T03:56:04.939087,20,5300,FRAME,724.113,151.804,3.413,-3.654,119,200.0,,,
2026-09-08T03:56:04.955025,20,5301,FRAME,727.526,148.149,3.413,-3.654,119,200.0,,,
2026-09-08T03:56:04.971114,20,5302,FRAME,730.939,144.495,3.413,-3.654,119,200.0,,,
2026-09-08T03:56:04.987178,20,5303,FRAME,734.351,140.841,3.413,-3.654,119,200.0,,,
2026-09-08T03:56:05.004334,20,5304,FRAME,737.764,137.187,3.413,-3.654,119,200.0,,,
2026-09-08T03:56:05.020636,20,5305,FRAME,741.176,133.532,3.413,-3.654,119,200.0,,,
2026-09-08T03:56:05.036334,20,5306,FRAME,744.589,129.878,3.413,-3.654,119,200.0,,,
2026-09-08T03:56:05.053927,20,5307,FRAME,748.002,126.224,3.413,-3.654,119,200.0,,,
2026-09-08T03:56:05.070469,20,5308,FRAME,751.414,122.569,3.413,-3.654,119,200.0,,,
2026-09-08T03:56:05.087073,20,5309,FRAME,754.827,118.915,3.413,-3.654,119,200.0,,,
2026-09-08T03:56:05.104057,20,5310,FRAME,758.24,115.261,3.413,-3.654,119,200.0,,,
2026-09-08T03:56:05.120733,20,5311,FRAME,761.652,111.606,3.413,-3.654,119,200.0,,,
2026-09-08T03:56:05.137213,20,5312,FRAME,765.065,107.952,3.413,-3.654,119,200.0,,,
2026-09-08T03:56:05.154350,20,5313,FRAME,768.477,104.298,3.413,-3.654,119,200.0,,,
2026-09-08T03:56:05.170828,20,5314,FRAME,771.89,100.643,3.413,-3.654,119,200.0,,,
2026-09-08T03:56:05.187303,20,5315,FRAME,775.303,96.989,3.413,-3.654,119,200.0,,,
2026-09-08T03:56:05.204503,20,5316,FRAME,778.715,93.335,3.413,-3.654,119,200.0,,,
2026-09-08T03:56:05.221250,20,5317,FRAME,782.128,89.681,3.413,-3.654,119,200.0,,,
2026-09-08T03:56:05.238953,20,5318,FRAME,785.541,86.026,3.413,-3.654,119,200.0,,,
2026-09-08T03:56:05.255647,20,5319,FRAME,788.953,82.372,3.413,-3.654,119,200.0,,,
2026-09-08T03:56:05.271750,20,5320,FRAME,792.366,78.718,3.413,-3.654,119,200.0,,,
2026-09-08T03:56:05.288028,20,5321,FRAME,795.778,75.063,3.413,-3.654,119,200.0,,,
2026-09-08T03:56:05.304428,20,5322,FRAME,799.191,71.409,3.413,-3.654,119,200.0,,,
2026-09-08T03:56:05.321621,20,5323,FRAME,802.604,67.755,3.413,-3.654,119,200.0,,,
2026-09-08T03:56:05.321621,20,5324,MISS_RIGHT,802.604,67.755,3.413,-3.654,119,200.0,,,LEFT
2026-09-08T03:56:05.338335,21,5325,FRAME,463.322,173.236,-4.165,2.766,119,200.0,,,
2026-09-08T03:56:05.355336,21,5326,FRAME,459.157,176.003,-4.165,2.766,119,200.0,,,
2026-09-08T03:56:05.372810,21,5327,FRAME,454.992,178.769,-4.165,2.766,119,200.0,,,
2026-09-08T03:56:05.388981,21,5328,FRAME,450.827,181.535,-4.165,2.766,119,200.0,,,
2026-09-08T03:56:05.405574,21,5329,FRAME,446.662,184.301,-4.165,2.766,119,200.0,,,
2026-09-08T03:56:05.422132,21,5330,FRAME,442.497,187.068,-4.165,2.766,126,200.0,,,
2026-09-08T03:56:05.439352,21,5331,FRAME,438.331,189.834,-4.165,2.766,133,200.0,,,
2026-09-08T03:56:05.456182,21,5332,FRAME,434.166,192.6,-4.165,2.766,140,200.0,,,
2026-09-08T03:56:05.472436,21,5333,FRAME,430.001,195.366,-4.165,2.766,147,200.0,,,
2026-09-08T03:56:05.488873,21,5334,FRAME,425.836,198.132,-4.165,2.766,154,200.0,,,
2026-09-08T03:56:05.505609,21,5335,FRAME,421.671,200.899,-4.165,2.766,161,200.0,,,
2026-09-08T03:56:05.522071,21,5336,FRAME,417.506,203.665,-4.165,2.766,168,200.0,,,
2026-09-08T03:56:05.538010,21,5337,FRAME,413.341,206.431,-4.165,2.766,175,200.0,,,
2026-09-08T03:56:05.554118,21,5338,FRAME,409.176,209.197,-4.165,2.766,182,200.0,,,
2026-09-08T03:56:05.569322,21,5339,FRAME,405.011,211.964,-4.165,2.766,189,200.0,,,
2026-09-08T03:56:05.586268,21,5340,FRAME,400.846,214.73,-4.165,2.766,196,200.0,,,
2026-09-08T03:56:05.603412,21,5341,FRAME,396.681,217.496,-4.165,2.766,203,200.0,,,
2026-09-08T03:56:05.619261,21,5342,FRAME,392.515,220.262,-4.165,2.766,210,200.0,,,
2026-09-08T03:56:05.635608,21,5343,FRAME,388.35,223.028,-4.165,2.766,210,200.0,,,
2026-09-08T03:56:05.652513,21,5344,FRAME,384.185,225.795,-4.165,2.766,210,200.0,,,
2026-09-08T03:56:05.668464,21,5345,FRAME,380.02,228.561,-4.165,2.766,210,200.0,,,
2026-09-08T03:56:05.685423,21,5346,FRAME,375.855,231.327,-4.165,2.766,210,200.0,,,
2026-09-08T03:56:05.702495,21,5347,FRAME,371.69,234.093,-4.165,2.766,210,200.0,,,
2026-09-08T03:56:05.719374,21,5348,FRAME,367.525,236.86,-4.165,2.766,210,200.0,,,
2026-09-08T03:56:05.736009,21,5349,FRAME,363.36,239.626,-4.165,2.766,210,200.0,,,
2026-09-08T03:56:05.752227,21,5350,FRAME,359.195,242.392,-4.165,2.766,210,200.0,,,
2026-09-08T03:56:05.769031,21,5351,FRAME,355.03,245.158,-4.165,2.766,210,200.0,,,
2026-09-08T03:56:05.785402,21,5352,FRAME,350.864,247.924,-4.165,2.766,210,200.0,,,
2026-09-08T03:56:05.801425,21,5353,FRAME,346.699,250.691,-4.165,2.766,210,200.0,,,
2026-09-08T03:56:05.818650,21,5354,FRAME,342.534,253.457,-4.165,2.766,210,200.0,,,
2026-09-08T03:56:05.834443,21,5355,FRAME,338.369,256.223,-4.165,2.766,210,200.0,,,
2026-09-08T03:56:05.851408,21,5356,FRAME,334.204,258.989,-4.165,2.766,217,200.0,,,
2026-09-08T03:56:05.867704,21,5357,FRAME,330.039,261.756,-4.165,2.766,224,200.0,,,
2026-09-08T03:56:05.884239,21,5358,FRAME,325.874,264.522,-4.165,2.766,231,200.0,,,
2026-09-08T03:56:05.901589,21,5359,FRAME,321.709,267.288,-4.165,2.766,238,200.0,,,
2026-09-08T03:56:05.918108,21,5360,FRAME,317.544,270.054,-4.165,2.766,245,200.0,,,
2026-09-08T03:56:05.934374,21,5361,FRAME,313.379,272.82,-4.165,2.766,252,200.0,,,
2026-09-08T03:56:05.951075,21,5362,FRAME,309.214,275.587,-4.165,2.766,259,200.0,,,
2026-09-08T03:56:05.967334,21,5363,FRAME,305.048,278.353,-4.165,2.766,266,200.0,,,
2026-09-08T03:56:05.984640,21,5364,FRAME,300.883,281.119,-4.165,2.766,273,200.0,,,
2026-09-08T03:56:06.000796,21,5365,FRAME,296.718,283.885,-4.165,2.766,280,200.0,,,
2026-09-08T03:56:06.016572,21,5366,FRAME,292.553,286.652,-4.165,2.766,287,200.0,,,
2026-09-08T03:56:06.033221,21,5367,FRAME,288.388,289.418,-4.165,2.766,294,200.0,,,
2026-09-08T03:56:06.049380,21,5368,FRAME,284.223,292.184,-4.165,2.766,301,200.0,,,
2026-09-08T03:56:06.066083,21,5369,FRAME,280.058,294.95,-4.165,2.766,308,200.0,,,
2026-09-08T03:56:06.082773,21,5370,FRAME,275.893,297.716,-4.165,2.766,315,200.0,,,
2026-09-08T03:56:06.099902,21,5371,FRAME,271.728,300.483,-4.165,2.766,322,200.0,,,
2026-09-08T03:56:06.116673,21,5372,FRAME,267.563,303.249,-4.165,2.766,329,200.0,,,
2026-09-08T03:56:06.134262,21,5373,FRAME,263.398,306.015,-4.165,2.766,336,200.0,,,
2026-09-08T03:56:06.150438,21,5374,FRAME,259.232,308.781,-4.165,2.766,343,200.0,,,
2026-09-08T03:56:06.167183,21,5375,FRAME,255.067,311.548,-4.165,2.766,343,200.0,,,
2026-09-08T03:56:06.184211,21,5376,FRAME,250.902,314.314,-4.165,2.766,343,200.0,,,
2026-09-08T03:56:06.201492,21,5377,FRAME,246.737,317.08,-4.165,2.766,343,200.0,,,
2026-09-08T03:56:06.217382,21,5378,FRAME,242.572,319.846,-4.165,2.766,343,200.0,,,
2026-09-08T03:56:06.234221,21,5379,FRAME,238.407,322.612,-4.165,2.766,343,200.0,,,
2026-09-08T03:56:06.250705,21,5380,FRAME,234.242,325.379,-4.165,2.766,343,200.0,,,
2026-09-08T03:56:06.267533,21,5381,FRAME,230.077,328.145,-4.165,2.766,343,200.0,,,
2026-09-08T03:56:06.283287,21,5382,FRAME,225.912,330.911,-4.165,2.766,343,200.0,,,
2026-09-08T03:56:06.300114,21,5383,FRAME,221.747,333.677,-4.165,2.766,343,200.0,,,
2026-09-08T03:56:06.316050,21,5384,FRAME,217.581,336.444,-4.165,2.766,343,200.0,,,
2026-09-08T03:56:06.332625,21,5385,FRAME,213.416,339.21,-4.165,2.766,343,200.0,,,
2026-09-08T03:56:06.349421,21,5386,FRAME,209.251,341.976,-4.165,2.766,343,200.0,,,
2026-09-08T03:56:06.365448,21,5387,FRAME,205.086,344.742,-4.165,2.766,343,200.0,,,
2026-09-08T03:56:06.382666,21,5388,FRAME,200.921,347.508,-4.165,2.766,343,200.0,,,
2026-09-08T03:56:06.399338,21,5389,FRAME,196.756,350.275,-4.165,2.766,343,200.0,,,
2026-09-08T03:56:06.415670,21,5390,FRAME,192.591,353.041,-4.165,2.766,343,200.0,,,
2026-09-08T03:56:06.432258,21,5391,FRAME,188.426,355.807,-4.165,2.766,343,200.0,,,
2026-09-08T03:56:06.449597,21,5392,FRAME,184.261,358.573,-4.165,2.766,343,200.0,,,
2026-09-08T03:56:06.466275,21,5393,FRAME,180.096,361.34,-4.165,2.766,343,200.0,,,
2026-09-08T03:56:06.484322,21,5394,FRAME,175.931,364.106,-4.165,2.766,343,200.0,,,
2026-09-08T03:56:06.501584,21,5395,FRAME,171.765,366.872,-4.165,2.766,343,200.0,,,
2026-09-08T03:56:06.518290,21,5396,FRAME,167.6,369.638,-4.165,2.766,343,200.0,,,
2026-09-08T03:56:06.535009,21,5397,FRAME,163.435,372.404,-4.165,2.766,343,200.0,,,
2026-09-08T03:56:06.552041,21,5398,FRAME,159.27,375.171,-4.165,2.766,343,200.0,,,
2026-09-08T03:56:06.568315,21,5399,FRAME,155.105,377.937,-4.165,2.766,343,200.0,,,
2026-09-08T03:56:06.584283,21,5400,FRAME,150.94,380.703,-4.165,2.766,343,200.0,,,
2026-09-08T03:56:06.600586,21,5401,FRAME,146.775,383.469,-4.165,2.766,343,200.0,,,
2026-09-08T03:56:06.616890,21,5402,FRAME,142.61,386.236,-4.165,2.766,343,200.0,,,
2026-09-08T03:56:06.633191,21,5403,FRAME,138.445,389.002,-4.165,2.766,350,200.0,,,
2026-09-08T03:56:06.649400,21,5404,FRAME,134.28,391.768,-4.165,2.766,357,200.0,,,
2026-09-08T03:56:06.666492,21,5405,FRAME,130.115,394.534,-4.165,2.766,364,200.0,,,
2026-09-08T03:56:06.682336,21,5406,FRAME,125.949,397.301,-4.165,2.766,371,200.0,,,
2026-09-08T03:56:06.699833,21,5407,FRAME,121.784,400.067,-4.165,2.766,378,200.0,,,
2026-09-08T03:56:06.715978,21,5408,FRAME,117.619,402.833,-4.165,2.766,385,200.0,,,
2026-09-08T03:56:06.732522,21,5409,FRAME,113.454,405.599,-4.165,2.766,392,200.0,,,
2026-09-08T03:56:06.748453,21,5410,FRAME,109.289,408.365,-4.165,2.766,399,200.0,,,
2026-09-08T03:56:06.765335,21,5411,FRAME,105.124,411.132,-4.165,2.766,400,200.0,,,
2026-09-08T03:56:06.781544,21,5412,FRAME,100.959,413.898,-4.165,2.766,400,200.0,,,
2026-09-08T03:56:06.798134,21,5413,FRAME,96.794,416.664,-4.165,2.766,400,200.0,,,
2026-09-08T03:56:06.814186,21,5414,FRAME,92.629,419.43,-4.165,2.766,400,200.0,,,
2026-09-08T03:56:06.830306,21,5415,FRAME,88.464,422.197,-4.165,2.766,400,200.0,,,
2026-09-08T03:56:06.846509,21,5416,FRAME,84.298,424.963,-4.165,2.766,400,200.0,,,
2026-09-08T03:56:06.862759,21,5417,FRAME,80.133,427.729,-4.165,2.766,400,200.0,,,
2026-09-08T03:56:06.879894,21,5418,FRAME,75.968,430.495,-4.165,2.766,400,200.0,,,
2026-09-08T03:56:06.895228,21,5419,FRAME,71.803,433.261,-4.165,2.766,400,200.0,,,
2026-09-08T03:56:06.912856,21,5420,FRAME,67.638,436.028,-4.165,2.766,400,200.0,,,
2026-09-08T03:56:06.928826,21,5421,FRAME,63.473,438.794,-4.165,2.766,400,200.0,,,
2026-09-08T03:56:06.946184,21,5422,FRAME,59.308,441.56,-4.165,2.766,400,200.0,,,
2026-09-08T03:56:06.963389,21,5423,FRAME,55.143,444.326,-4.165,2.766,393,200.0,,,
2026-09-08T03:56:06.980174,21,5424,FRAME,50.978,447.093,-4.165,2.766,386,200.0,,,
2026-09-08T03:56:06.997726,21,5425,FRAME,46.813,449.859,-4.165,2.766,379,200.0,,,
2026-09-08T03:56:07.014345,21,5426,LEFT_HIT,45,452.625,3.6,3.47,372,200.0,0.732,43.95,
2026-09-08T03:56:07.014345,21,5427,FRAME,45,452.625,3.6,3.47,372,200.0,,,
2026-09-08T03:56:07.031606,21,5428,FRAME,48.6,456.095,3.6,3.47,365,200.0,,,
2026-09-08T03:56:07.048649,21,5429,FRAME,52.199,459.565,3.6,3.47,358,200.0,,,
2026-09-08T03:56:07.065919,21,5430,FRAME,55.799,463.035,3.6,3.47,351,200.0,,,
2026-09-08T03:56:07.081493,21,5431,FRAME,59.399,466.506,3.6,3.47,344,200.0,,,
2026-09-08T03:56:07.097966,21,5432,FRAME,62.999,469.976,3.6,3.47,337,200.0,,,
2026-09-08T03:56:07.114332,21,5433,FRAME,66.598,473.446,3.6,3.47,330,200.0,,,
2026-09-08T03:56:07.131094,21,5434,FRAME,70.198,476.916,3.6,3.47,323,200.0,,,
2026-09-08T03:56:07.147505,21,5435,FRAME,73.798,480.386,3.6,3.47,316,200.0,,,
2026-09-08T03:56:07.163991,21,5436,FRAME,77.398,483.856,3.6,3.47,309,200.0,,,
2026-09-08T03:56:07.180413,21,5437,FRAME,80.997,487.326,3.6,3.47,302,200.0,,,
2026-09-08T03:56:07.196887,21,5438,WALL_BOUNCE,84.597,488,3.6,-3.47,295,200.0,,,
2026-09-08T03:56:07.196887,21,5439,FRAME,84.597,488,3.6,-3.47,295,200.0,,,
2026-09-08T03:56:07.213011,21,5440,FRAME,88.197,484.53,3.6,-3.47,288,200.0,,,
2026-09-08T03:56:07.228780,21,5441,FRAME,91.796,481.06,3.6,-3.47,281,200.0,,,
2026-09-08T03:56:07.244826,21,5442,FRAME,95.396,477.59,3.6,-3.47,274,200.0,,,
2026-09-08T03:56:07.261531,21,5443,FRAME,98.996,474.119,3.6,-3.47,267,200.0,,,
2026-09-08T03:56:07.278570,21,5444,FRAME,102.596,470.649,3.6,-3.47,260,200.0,,,
2026-09-08T03:56:07.294336,21,5445,FRAME,106.195,467.179,3.6,-3.47,253,200.0,,,
2026-09-08T03:56:07.311007,21,5446,FRAME,109.795,463.709,3.6,-3.47,246,200.0,,,
2026-09-08T03:56:07.326431,21,5447,FRAME,113.395,460.239,3.6,-3.47,239,200.0,,,
2026-09-08T03:56:07.342607,21,5448,FRAME,116.995,456.769,3.6,-3.47,232,200.0,,,
2026-09-08T03:56:07.359281,21,5449,FRAME,120.594,453.299,3.6,-3.47,225,200.0,,,
2026-09-08T03:56:07.376022,21,5450,FRAME,124.194,449.828,3.6,-3.47,218,200.0,,,
2026-09-08T03:56:07.392392,21,5451,FRAME,127.794,446.358,3.6,-3.47,211,200.0,,,
2026-09-08T03:56:07.409064,21,5452,FRAME,131.394,442.888,3.6,-3.47,204,200.0,,,
2026-09-08T03:56:07.425344,21,5453,FRAME,134.993,439.418,3.6,-3.47,197,200.0,,,
2026-09-08T03:56:07.442187,21,5454,FRAME,138.593,435.948,3.6,-3.47,190,200.0,,,
2026-09-08T03:56:07.459435,21,5455,FRAME,142.193,432.478,3.6,-3.47,183,200.0,,,
2026-09-08T03:56:07.476160,21,5456,FRAME,145.792,429.007,3.6,-3.47,176,200.0,,,
2026-09-08T03:56:07.492978,21,5457,FRAME,149.392,425.537,3.6,-3.47,169,200.0,,,
2026-09-08T03:56:07.509031,21,5458,FRAME,152.992,422.067,3.6,-3.47,162,200.0,,,
2026-09-08T03:56:07.525116,21,5459,FRAME,156.592,418.597,3.6,-3.47,155,200.0,,,
2026-09-08T03:56:07.543109,21,5460,FRAME,160.191,415.127,3.6,-3.47,148,200.0,,,
2026-09-08T03:56:07.558920,21,5461,FRAME,163.791,411.657,3.6,-3.47,141,200.0,,,
2026-09-08T03:56:07.576131,21,5462,FRAME,167.391,408.187,3.6,-3.47,134,200.0,,,
2026-09-08T03:56:07.592095,21,5463,FRAME,170.991,404.716,3.6,-3.47,127,200.0,,,
2026-09-08T03:56:07.609429,21,5464,FRAME,174.59,401.246,3.6,-3.47,120,200.0,,,
2026-09-08T03:56:07.626369,21,5465,FRAME,178.19,397.776,3.6,-3.47,113,200.0,,,
2026-09-08T03:56:07.643366,21,5466,FRAME,181.79,394.306,3.6,-3.47,106,200.0,,,
2026-09-08T03:56:07.660179,21,5467,FRAME,185.389,390.836,3.6,-3.47,99,200.0,,,
2026-09-08T03:56:07.677110,21,5468,FRAME,188.989,387.366,3.6,-3.47,92,200.0,,,
2026-09-08T03:56:07.694101,21,5469,FRAME,192.589,383.896,3.6,-3.47,92,200.0,,,
2026-09-08T03:56:07.710150,21,5470,FRAME,196.189,380.425,3.6,-3.47,92,200.0,,,
2026-09-08T03:56:07.726789,21,5471,FRAME,199.788,376.955,3.6,-3.47,92,200.0,,,
2026-09-08T03:56:07.742966,21,5472,FRAME,203.388,373.485,3.6,-3.47,92,200.0,,,
2026-09-08T03:56:07.758634,21,5473,FRAME,206.988,370.015,3.6,-3.47,92,200.0,,,
2026-09-08T03:56:07.775165,21,5474,FRAME,210.588,366.545,3.6,-3.47,92,200.0,,,
2026-09-08T03:56:07.791342,21,5475,FRAME,214.187,363.075,3.6,-3.47,92,200.0,,,
2026-09-08T03:56:07.808464,21,5476,FRAME,217.787,359.604,3.6,-3.47,92,200.0,,,
2026-09-08T03:56:07.825727,21,5477,FRAME,221.387,356.134,3.6,-3.47,92,200.0,,,
2026-09-08T03:56:07.842328,21,5478,FRAME,224.987,352.664,3.6,-3.47,92,200.0,,,
2026-09-08T03:56:07.859397,21,5479,FRAME,228.586,349.194,3.6,-3.47,92,200.0,,,
2026-09-08T03:56:07.875328,21,5480,FRAME,232.186,345.724,3.6,-3.47,92,200.0,,,
2026-09-08T03:56:07.892884,21,5481,FRAME,235.786,342.254,3.6,-3.47,92,200.0,,,
2026-09-08T03:56:07.909913,21,5482,FRAME,239.385,338.784,3.6,-3.47,92,200.0,,,
2026-09-08T03:56:07.926437,21,5483,FRAME,242.985,335.313,3.6,-3.47,92,200.0,,,
2026-09-08T03:56:07.944287,21,5484,FRAME,246.585,331.843,3.6,-3.47,92,200.0,,,
2026-09-08T03:56:07.961436,21,5485,FRAME,250.185,328.373,3.6,-3.47,92,200.0,,,
2026-09-08T03:56:07.978100,21,5486,FRAME,253.784,324.903,3.6,-3.47,92,200.0,,,
2026-09-08T03:56:07.994145,21,5487,FRAME,257.384,321.433,3.6,-3.47,92,200.0,,,
2026-09-08T03:56:08.010838,21,5488,FRAME,260.984,317.963,3.6,-3.47,92,200.0,,,
2026-09-08T03:56:08.027400,21,5489,FRAME,264.584,314.493,3.6,-3.47,92,200.0,,,
2026-09-08T03:56:08.045161,21,5490,FRAME,268.183,311.022,3.6,-3.47,92,200.0,,,
2026-09-08T03:56:08.062620,21,5491,FRAME,271.783,307.552,3.6,-3.47,92,200.0,,,
2026-09-08T03:56:08.079082,21,5492,FRAME,275.383,304.082,3.6,-3.47,92,200.0,,,
2026-09-08T03:56:08.096520,21,5493,FRAME,278.982,300.612,3.6,-3.47,92,200.0,,,
2026-09-08T03:56:08.114071,21,5494,FRAME,282.582,297.142,3.6,-3.47,92,200.0,,,
2026-09-08T03:56:08.130543,21,5495,FRAME,286.182,293.672,3.6,-3.47,92,200.0,,,
2026-09-08T03:56:08.147427,21,5496,FRAME,289.782,290.201,3.6,-3.47,92,200.0,,,
2026-09-08T03:56:08.164203,21,5497,FRAME,293.381,286.731,3.6,-3.47,92,200.0,,,
2026-09-08T03:56:08.181217,21,5498,FRAME,296.981,283.261,3.6,-3.47,92,200.0,,,
2026-09-08T03:56:08.198951,21,5499,FRAME,300.581,279.791,3.6,-3.47,92,200.0,,,
2026-09-08T03:56:08.215579,21,5500,FRAME,304.181,276.321,3.6,-3.47,92,200.0,,,
2026-09-08T03:56:08.232297,21,5501,FRAME,307.78,272.851,3.6,-3.47,92,200.0,,,
2026-09-08T03:56:08.250107,21,5502,FRAME,311.38,269.381,3.6,-3.47,92,200.0,,,
2026-09-08T03:56:08.265312,21,5503,FRAME,314.98,265.91,3.6,-3.47,92,200.0,,,
2026-09-08T03:56:08.281445,21,5504,FRAME,318.58,262.44,3.6,-3.47,99,200.0,,,
2026-09-08T03:56:08.297986,21,5505,FRAME,322.179,258.97,3.6,-3.47,106,200.0,,,
2026-09-08T03:56:08.313907,21,5506,FRAME,325.779,255.5,3.6,-3.47,113,200.0,,,
2026-09-08T03:56:08.330179,21,5507,FRAME,329.379,252.03,3.6,-3.47,120,200.0,,,
2026-09-08T03:56:08.347392,21,5508,FRAME,332.978,248.56,3.6,-3.47,127,200.0,,,
2026-09-08T03:56:08.364169,21,5509,FRAME,336.578,245.09,3.6,-3.47,134,200.0,,,
2026-09-08T03:56:08.381476,21,5510,FRAME,340.178,241.619,3.6,-3.47,141,200.0,,,
2026-09-08T03:56:08.398530,21,5511,FRAME,343.778,238.149,3.6,-3.47,148,200.0,,,
2026-09-08T03:56:08.415075,21,5512,FRAME,347.377,234.679,3.6,-3.47,155,200.0,,,
2026-09-08T03:56:08.432458,21,5513,FRAME,350.977,231.209,3.6,-3.47,162,200.0,,,
2026-09-08T03:56:08.448627,21,5514,FRAME,354.577,227.739,3.6,-3.47,162,200.0,,,
2026-09-08T03:56:08.465285,21,5515,FRAME,358.177,224.269,3.6,-3.47,162,200.0,,,
2026-09-08T03:56:08.482407,21,5516,FRAME,361.776,220.798,3.6,-3.47,162,200.0,,,
2026-09-08T03:56:08.499141,21,5517,FRAME,365.376,217.328,3.6,-3.47,162,200.0,,,
2026-09-08T03:56:08.516017,21,5518,FRAME,368.976,213.858,3.6,-3.47,162,200.0,,,
2026-09-08T03:56:08.531972,21,5519,FRAME,372.575,210.388,3.6,-3.47,162,200.0,,,
2026-09-08T03:56:08.548870,21,5520,FRAME,376.175,206.918,3.6,-3.47,162,200.0,,,
2026-09-08T03:56:08.565364,21,5521,FRAME,379.775,203.448,3.6,-3.47,162,200.0,,,
2026-09-08T03:56:08.582111,21,5522,FRAME,383.375,199.978,3.6,-3.47,162,200.0,,,
2026-09-08T03:56:08.598450,21,5523,FRAME,386.974,196.507,3.6,-3.47,162,200.0,,,
2026-09-08T03:56:08.615249,21,5524,FRAME,390.574,193.037,3.6,-3.47,162,200.0,,,
2026-09-08T03:56:08.632293,21,5525,FRAME,394.174,189.567,3.6,-3.47,162,200.0,,,
2026-09-08T03:56:08.649023,21,5526,FRAME,397.774,186.097,3.6,-3.47,162,200.0,,,
2026-09-08T03:56:08.666043,21,5527,FRAME,401.373,182.627,3.6,-3.47,162,200.0,,,
2026-09-08T03:56:08.681315,21,5528,FRAME,404.973,179.157,3.6,-3.47,162,200.0,,,
2026-09-08T03:56:08.698417,21,5529,FRAME,408.573,175.687,3.6,-3.47,162,200.0,,,
2026-09-08T03:56:08.715429,21,5530,FRAME,412.173,172.216,3.6,-3.47,162,200.0,,,
2026-09-08T03:56:08.732271,21,5531,FRAME,415.772,168.746,3.6,-3.47,162,200.0,,,
2026-09-08T03:56:08.748526,21,5532,FRAME,419.372,165.276,3.6,-3.47,162,200.0,,,
2026-09-08T03:56:08.765132,21,5533,FRAME,422.972,161.806,3.6,-3.47,162,200.0,,,
2026-09-08T03:56:08.781452,21,5534,FRAME,426.571,158.336,3.6,-3.47,162,200.0,,,
2026-09-08T03:56:08.798898,21,5535,FRAME,430.171,154.866,3.6,-3.47,162,200.0,,,
2026-09-08T03:56:08.815481,21,5536,FRAME,433.771,151.395,3.6,-3.47,162,200.0,,,
2026-09-08T03:56:08.831556,21,5537,FRAME,437.371,147.925,3.6,-3.47,162,200.0,,,
2026-09-08T03:56:08.847628,21,5538,FRAME,440.97,144.455,3.6,-3.47,162,200.0,,,
2026-09-08T03:56:08.864296,21,5539,FRAME,444.57,140.985,3.6,-3.47,162,200.0,,,
2026-09-08T03:56:08.880369,21,5540,FRAME,448.17,137.515,3.6,-3.47,162,200.0,,,
2026-09-08T03:56:08.897126,21,5541,FRAME,451.77,134.045,3.6,-3.47,162,200.0,,,
2026-09-08T03:56:08.915045,21,5542,FRAME,455.369,130.575,3.6,-3.47,162,200.0,,,
2026-09-08T03:56:08.931642,21,5543,FRAME,458.969,127.104,3.6,-3.47,169,200.0,,,
2026-09-08T03:56:08.949139,21,5544,FRAME,462.569,123.634,3.6,-3.47,176,200.0,,,
2026-09-08T03:56:08.965340,21,5545,FRAME,466.168,120.164,3.6,-3.47,183,200.0,,,
2026-09-08T03:56:08.982310,21,5546,FRAME,469.768,116.694,3.6,-3.47,190,200.0,,,
2026-09-08T03:56:08.998740,21,5547,FRAME,473.368,113.224,3.6,-3.47,197,200.0,,,
2026-09-08T03:56:09.015412,21,5548,FRAME,476.968,109.754,3.6,-3.47,204,200.0,,,
2026-09-08T03:56:09.032980,21,5549,FRAME,480.567,106.284,3.6,-3.47,211,200.0,,,
2026-09-08T03:56:09.049024,21,5550,FRAME,484.167,102.813,3.6,-3.47,218,200.0,,,
2026-09-08T03:56:09.064224,21,5551,FRAME,487.767,99.343,3.6,-3.47,225,200.0,,,
2026-09-08T03:56:09.081221,21,5552,FRAME,491.367,95.873,3.6,-3.47,232,200.0,,,
2026-09-08T03:56:09.098235,21,5553,FRAME,494.966,92.403,3.6,-3.47,239,200.0,,,
2026-09-08T03:56:09.115299,21,5554,FRAME,498.566,88.933,3.6,-3.47,246,200.0,,,
2026-09-08T03:56:09.132480,21,5555,FRAME,502.166,85.463,3.6,-3.47,253,200.0,,,
2026-09-08T03:56:09.149336,21,5556,FRAME,505.766,81.992,3.6,-3.47,253,200.0,,,
2026-09-08T03:56:09.166050,21,5557,FRAME,509.365,78.522,3.6,-3.47,253,200.0,,,
2026-09-08T03:56:09.181484,21,5558,FRAME,512.965,75.052,3.6,-3.47,253,200.0,,,
2026-09-08T03:56:09.198375,21,5559,FRAME,516.565,71.582,3.6,-3.47,253,200.0,,,
2026-09-08T03:56:09.214432,21,5560,FRAME,520.164,68.112,3.6,-3.47,253,200.0,,,
2026-09-08T03:56:09.231069,21,5561,FRAME,523.764,64.642,3.6,-3.47,253,200.0,,,
2026-09-08T03:56:09.248171,21,5562,FRAME,527.364,61.172,3.6,-3.47,253,200.0,,,
2026-09-08T03:56:09.265212,21,5563,FRAME,530.964,57.701,3.6,-3.47,253,200.0,,,
2026-09-08T03:56:09.282021,21,5564,FRAME,534.563,54.231,3.6,-3.47,253,200.0,,,
2026-09-08T03:56:09.298552,21,5565,FRAME,538.163,50.761,3.6,-3.47,253,200.0,,,
2026-09-08T03:56:09.315625,21,5566,FRAME,541.763,47.291,3.6,-3.47,246,200.0,,,
2026-09-08T03:56:09.332319,21,5567,FRAME,545.363,43.821,3.6,-3.47,239,200.0,,,
2026-09-08T03:56:09.349101,21,5568,FRAME,548.962,40.351,3.6,-3.47,232,200.0,,,
2026-09-08T03:56:09.366099,21,5569,FRAME,552.562,36.881,3.6,-3.47,225,200.0,,,
2026-09-08T03:56:09.382294,21,5570,FRAME,556.162,33.41,3.6,-3.47,218,200.0,,,
2026-09-08T03:56:09.399990,21,5571,FRAME,559.761,29.94,3.6,-3.47,211,200.0,,,
2026-09-08T03:56:09.415271,21,5572,FRAME,563.361,26.47,3.6,-3.47,204,200.0,,,
2026-09-08T03:56:09.432270,21,5573,FRAME,566.961,23.0,3.6,-3.47,197,200.0,,,
2026-09-08T03:56:09.448247,21,5574,FRAME,570.561,19.53,3.6,-3.47,190,200.0,,,
2026-09-08T03:56:09.465322,21,5575,FRAME,574.16,16.06,3.6,-3.47,183,200.0,,,
2026-09-08T03:56:09.481966,21,5576,FRAME,577.76,12.589,3.6,-3.47,176,200.0,,,
2026-09-08T03:56:09.497836,21,5577,FRAME,581.36,9.119,3.6,-3.47,169,200.0,,,
2026-09-08T03:56:09.514171,21,5578,FRAME,584.96,5.649,3.6,-3.47,162,200.0,,,
2026-09-08T03:56:09.531425,21,5579,FRAME,588.559,2.179,3.6,-3.47,155,200.0,,,
2026-09-08T03:56:09.548426,21,5580,WALL_BOUNCE,592.159,0,3.6,3.47,148,200.0,,,
2026-09-08T03:56:09.548426,21,5581,FRAME,592.159,0,3.6,3.47,148,200.0,,,
2026-09-08T03:56:09.564440,21,5582,FRAME,595.759,3.47,3.6,3.47,148,200.0,,,
2026-09-08T03:56:09.581082,21,5583,FRAME,599.359,6.94,3.6,3.47,148,200.0,,,
2026-09-08T03:56:09.597173,21,5584,FRAME,602.958,10.41,3.6,3.47,148,200.0,,,
2026-09-08T03:56:09.614346,21,5585,FRAME,606.558,13.881,3.6,3.47,148,200.0,,,
2026-09-08T03:56:09.631240,21,5586,FRAME,610.158,17.351,3.6,3.47,148,200.0,,,
2026-09-08T03:56:09.648469,21,5587,FRAME,613.757,20.821,3.6,3.47,148,200.0,,,
2026-09-08T03:56:09.664345,21,5588,FRAME,617.357,24.291,3.6,3.47,148,200.0,,,
2026-09-08T03:56:09.681518,21,5589,FRAME,620.957,27.761,3.6,3.47,148,200.0,,,
2026-09-08T03:56:09.698284,21,5590,FRAME,624.557,31.231,3.6,3.47,148,200.0,,,
2026-09-08T03:56:09.715512,21,5591,FRAME,628.156,34.701,3.6,3.47,148,200.0,,,
2026-09-08T03:56:09.732654,21,5592,FRAME,631.756,38.172,3.6,3.47,148,200.0,,,
2026-09-08T03:56:09.749666,21,5593,FRAME,635.356,41.642,3.6,3.47,148,200.0,,,
2026-09-08T03:56:09.766273,21,5594,FRAME,638.956,45.112,3.6,3.47,148,200.0,,,
2026-09-08T03:56:09.784024,21,5595,FRAME,642.555,48.582,3.6,3.47,148,200.0,,,
2026-09-08T03:56:09.800940,21,5596,FRAME,646.155,52.052,3.6,3.47,148,200.0,,,
2026-09-08T03:56:09.816907,21,5597,FRAME,649.755,55.522,3.6,3.47,148,200.0,,,
2026-09-08T03:56:09.832731,21,5598,FRAME,653.354,58.993,3.6,3.47,155,200.0,,,
2026-09-08T03:56:09.848697,21,5599,FRAME,656.954,62.463,3.6,3.47,162,200.0,,,
2026-09-08T03:56:09.864442,21,5600,FRAME,660.554,65.933,3.6,3.47,169,200.0,,,
2026-09-08T03:56:09.880732,21,5601,FRAME,664.154,69.403,3.6,3.47,176,200.0,,,
2026-09-08T03:56:09.897577,21,5602,FRAME,667.753,72.873,3.6,3.47,183,200.0,,,
2026-09-08T03:56:09.914387,21,5603,FRAME,671.353,76.343,3.6,3.47,190,200.0,,,
2026-09-08T03:56:09.931111,21,5604,FRAME,674.953,79.813,3.6,3.47,197,200.0,,,
2026-09-08T03:56:09.946917,21,5605,FRAME,678.553,83.284,3.6,3.47,204,200.0,,,
2026-09-08T03:56:09.963205,21,5606,FRAME,682.152,86.754,3.6,3.47,211,200.0,,,
2026-09-08T03:56:09.979362,21,5607,FRAME,685.752,90.224,3.6,3.47,218,200.0,,,
2026-09-08T03:56:09.996120,21,5608,FRAME,689.352,93.694,3.6,3.47,225,200.0,,,
2026-09-08T03:56:10.012261,21,5609,FRAME,692.952,97.164,3.6,3.47,232,200.0,,,
2026-09-08T03:56:10.028319,21,5610,FRAME,696.551,100.634,3.6,3.47,232,200.0,,,
2026-09-08T03:56:10.045011,21,5611,FRAME,700.151,104.104,3.6,3.47,232,200.0,,,
2026-09-08T03:56:10.062688,21,5612,FRAME,703.751,107.575,3.6,3.47,232,200.0,,,
2026-09-08T03:56:10.078665,21,5613,FRAME,707.35,111.045,3.6,3.47,232,200.0,,,
2026-09-08T03:56:10.094312,21,5614,FRAME,710.95,114.515,3.6,3.47,232,200.0,,,
2026-09-08T03:56:10.111876,21,5615,FRAME,714.55,117.985,3.6,3.47,232,200.0,,,
2026-09-08T03:56:10.128237,21,5616,FRAME,718.15,121.455,3.6,3.47,232,200.0,,,
2026-09-08T03:56:10.145282,21,5617,FRAME,721.749,124.925,3.6,3.47,232,200.0,,,
2026-09-08T03:56:10.161222,21,5618,FRAME,725.349,128.396,3.6,3.47,232,200.0,,,
2026-09-08T03:56:10.178512,21,5619,FRAME,728.949,131.866,3.6,3.47,232,200.0,,,
2026-09-08T03:56:10.194648,21,5620,FRAME,732.549,135.336,3.6,3.47,232,200.0,,,
2026-09-08T03:56:10.211573,21,5621,FRAME,736.148,138.806,3.6,3.47,232,200.0,,,
2026-09-08T03:56:10.228455,21,5622,FRAME,739.748,142.276,3.6,3.47,232,200.0,,,
2026-09-08T03:56:10.246177,21,5623,FRAME,743.348,145.746,3.6,3.47,232,200.0,,,
2026-09-08T03:56:10.262494,21,5624,FRAME,746.947,149.216,3.6,3.47,232,200.0,,,
2026-09-08T03:56:10.278466,21,5625,FRAME,750.547,152.687,3.6,3.47,232,200.0,,,
2026-09-08T03:56:10.295794,21,5626,FRAME,754.147,156.157,3.6,3.47,232,200.0,,,
2026-09-08T03:56:10.312711,21,5627,FRAME,757.747,159.627,3.6,3.47,232,200.0,,,
2026-09-08T03:56:10.329174,21,5628,FRAME,761.346,163.097,3.6,3.47,232,200.0,,,
2026-09-08T03:56:10.346158,21,5629,FRAME,764.946,166.567,3.6,3.47,232,200.0,,,
2026-09-08T03:56:10.361463,21,5630,FRAME,768.546,170.037,3.6,3.47,232,200.0,,,
2026-09-08T03:56:10.378394,21,5631,FRAME,772.146,173.507,3.6,3.47,232,200.0,,,
2026-09-08T03:56:10.395398,21,5632,FRAME,775.745,176.978,3.6,3.47,232,200.0,,,
2026-09-08T03:56:10.412230,21,5633,FRAME,779.345,180.448,3.6,3.47,232,200.0,,,
2026-09-08T03:56:10.429849,21,5634,FRAME,782.945,183.918,3.6,3.47,232,200.0,,,
2026-09-08T03:56:10.446480,21,5635,FRAME,786.545,187.388,3.6,3.47,232,200.0,,,
2026-09-08T03:56:10.462354,21,5636,FRAME,790.144,190.858,3.6,3.47,232,200.0,,,
2026-09-08T03:56:10.479068,21,5637,FRAME,793.744,194.328,3.6,3.47,232,200.0,,,
2026-09-08T03:56:10.496120,21,5638,FRAME,797.344,197.799,3.6,3.47,232,200.0,,,
2026-09-08T03:56:10.511914,21,5639,FRAME,800.943,201.269,3.6,3.47,232,200.0,,,
2026-09-08T03:56:10.511914,21,5640,MISS_RIGHT,800.943,201.269,3.6,3.47,232,200.0,,,LEFT
2026-09-08T03:56:10.528011,22,5641,FRAME,356.189,271.226,-4.337,-2.488,232,200.0,,,
2026-09-08T03:56:10.544228,22,5642,FRAME,351.852,268.738,-4.337,-2.488,232,200.0,,,
2026-09-08T03:56:10.561322,22,5643,FRAME,347.515,266.25,-4.337,-2.488,232,200.0,,,
2026-09-08T03:56:10.578210,22,5644,FRAME,343.177,263.763,-4.337,-2.488,232,200.0,,,
2026-09-08T03:56:10.595712,22,5645,FRAME,338.84,261.275,-4.337,-2.488,232,200.0,,,
2026-09-08T03:56:10.613199,22,5646,FRAME,334.503,258.787,-4.337,-2.488,232,200.0,,,
2026-09-08T03:56:10.629367,22,5647,FRAME,330.166,256.299,-4.337,-2.488,232,200.0,,,
2026-09-08T03:56:10.646175,22,5648,FRAME,325.829,253.812,-4.337,-2.488,232,200.0,,,
2026-09-08T03:56:10.662925,22,5649,FRAME,321.491,251.324,-4.337,-2.488,232,200.0,,,
2026-09-08T03:56:10.679450,22,5650,FRAME,317.154,248.836,-4.337,-2.488,232,200.0,,,
2026-09-08T03:56:10.695518,22,5651,FRAME,312.817,246.349,-4.337,-2.488,232,200.0,,,
2026-09-08T03:56:10.712111,22,5652,FRAME,308.48,243.861,-4.337,-2.488,232,200.0,,,
2026-09-08T03:56:10.728456,22,5653,FRAME,304.143,241.373,-4.337,-2.488,232,200.0,,,
2026-09-08T03:56:10.745531,22,5654,FRAME,299.805,238.885,-4.337,-2.488,232,200.0,,,
2026-09-08T03:56:10.762400,22,5655,FRAME,295.468,236.398,-4.337,-2.488,232,200.0,,,
2026-09-08T03:56:10.779143,22,5656,FRAME,291.131,233.91,-4.337,-2.488,232,200.0,,,
2026-09-08T03:56:10.795526,22,5657,FRAME,286.794,231.422,-4.337,-2.488,232,200.0,,,
2026-09-08T03:56:10.812042,22,5658,FRAME,282.457,228.935,-4.337,-2.488,232,200.0,,,
2026-09-08T03:56:10.827869,22,5659,FRAME,278.119,226.447,-4.337,-2.488,232,200.0,,,
2026-09-08T03:56:10.844269,22,5660,FRAME,273.782,223.959,-4.337,-2.488,232,200.0,,,
2026-09-08T03:56:10.860438,22,5661,FRAME,269.445,221.471,-4.337,-2.488,232,200.0,,,
2026-09-08T03:56:10.876436,22,5662,FRAME,265.108,218.984,-4.337,-2.488,232,200.0,,,
2026-09-08T03:56:10.892638,22,5663,FRAME,260.771,216.496,-4.337,-2.488,232,200.0,,,
2026-09-08T03:56:10.909311,22,5664,FRAME,256.433,214.008,-4.337,-2.488,232,200.0,,,
2026-09-08T03:56:10.925737,22,5665,FRAME,252.096,211.521,-4.337,-2.488,232,200.0,,,
2026-09-08T03:56:10.942155,22,5666,FRAME,247.759,209.033,-4.337,-2.488,232,200.0,,,
2026-09-08T03:56:10.958563,22,5667,FRAME,243.422,206.545,-4.337,-2.488,232,200.0,,,
2026-09-08T03:56:10.975194,22,5668,FRAME,239.085,204.058,-4.337,-2.488,232,200.0,,,
2026-09-08T03:56:10.991851,22,5669,FRAME,234.747,201.57,-4.337,-2.488,232,200.0,,,
2026-09-08T03:56:11.007672,22,5670,FRAME,230.41,199.082,-4.337,-2.488,232,200.0,,,
2026-09-08T03:56:11.024248,22,5671,FRAME,226.073,196.594,-4.337,-2.488,232,200.0,,,
2026-09-08T03:56:11.041119,22,5672,FRAME,221.736,194.107,-4.337,-2.488,232,200.0,,,
2026-09-08T03:56:11.058074,22,5673,FRAME,217.399,191.619,-4.337,-2.488,232,200.0,,,
2026-09-08T03:56:11.075024,22,5674,FRAME,213.061,189.131,-4.337,-2.488,232,200.0,,,
2026-09-08T03:56:11.090595,22,5675,FRAME,208.724,186.644,-4.337,-2.488,232,200.0,,,
2026-09-08T03:56:11.107302,22,5676,FRAME,204.387,184.156,-4.337,-2.488,232,200.0,,,
2026-09-08T03:56:11.124326,22,5677,FRAME,200.05,181.668,-4.337,-2.488,232,200.0,,,
2026-09-08T03:56:11.141296,22,5678,FRAME,195.713,179.18,-4.337,-2.488,225,200.0,,,
2026-09-08T03:56:11.157763,22,5679,FRAME,191.375,176.693,-4.337,-2.488,218,200.0,,,
2026-09-08T03:56:11.174268,22,5680,FRAME,187.038,174.205,-4.337,-2.488,211,200.0,,,
2026-09-08T03:56:11.191400,22,5681,FRAME,182.701,171.717,-4.337,-2.488,204,200.0,,,
2026-09-08T03:56:11.207914,22,5682,FRAME,178.364,169.23,-4.337,-2.488,197,200.0,,,
2026-09-08T03:56:11.224974,22,5683,FRAME,174.027,166.742,-4.337,-2.488,190,200.0,,,
2026-09-08T03:56:11.240931,22,5684,FRAME,169.689,164.254,-4.337,-2.488,183,200.0,,,
2026-09-08T03:56:11.257326,22,5685,FRAME,165.352,161.766,-4.337,-2.488,176,200.0,,,
2026-09-08T03:56:11.274053,22,5686,FRAME,161.015,159.279,-4.337,-2.488,169,200.0,,,
2026-09-08T03:56:11.290389,22,5687,FRAME,156.678,156.791,-4.337,-2.488,162,200.0,,,
2026-09-08T03:56:11.307403,22,5688,FRAME,152.341,154.303,-4.337,-2.488,155,200.0,,,
2026-09-08T03:56:11.325154,22,5689,FRAME,148.003,151.816,-4.337,-2.488,148,200.0,,,
2026-09-08T03:56:11.342152,22,5690,FRAME,143.666,149.328,-4.337,-2.488,141,200.0,,,
2026-09-08T03:56:11.358891,22,5691,FRAME,139.329,146.84,-4.337,-2.488,134,200.0,,,
2026-09-08T03:56:11.375424,22,5692,FRAME,134.992,144.353,-4.337,-2.488,127,200.0,,,
2026-09-08T03:56:11.392096,22,5693,FRAME,130.655,141.865,-4.337,-2.488,120,200.0,,,
2026-09-08T03:56:11.409204,22,5694,FRAME,126.317,139.377,-4.337,-2.488,113,200.0,,,
2026-09-08T03:56:11.426504,22,5695,FRAME,121.98,136.889,-4.337,-2.488,106,200.0,,,
2026-09-08T03:56:11.442765,22,5696,FRAME,117.643,134.402,-4.337,-2.488,99,200.0,,,
2026-09-08T03:56:11.459082,22,5697,FRAME,113.306,131.914,-4.337,-2.488,92,200.0,,,
2026-09-08T03:56:11.475289,22,5698,FRAME,108.969,129.426,-4.337,-2.488,85,200.0,,,
2026-09-08T03:56:11.492401,22,5699,FRAME,104.631,126.939,-4.337,-2.488,78,200.0,,,
2026-09-08T03:56:11.509017,22,5700,FRAME,100.294,124.451,-4.337,-2.488,71,200.0,,,
2026-09-08T03:56:11.525298,22,5701,FRAME,95.957,121.963,-4.337,-2.488,64,200.0,,,
2026-09-08T03:56:11.541218,22,5702,FRAME,91.62,119.475,-4.337,-2.488,57,200.0,,,
2026-09-08T03:56:11.557275,22,5703,FRAME,87.283,116.988,-4.337,-2.488,50,200.0,,,
2026-09-08T03:56:11.574300,22,5704,FRAME,82.945,114.5,-4.337,-2.488,43,200.0,,,
2026-09-08T03:56:11.590846,22,5705,FRAME,78.608,112.012,-4.337,-2.488,36,200.0,,,
2026-09-08T03:56:11.606917,22,5706,FRAME,74.271,109.525,-4.337,-2.488,36,200.0,,,
2026-09-08T03:56:11.623997,22,5707,FRAME,69.934,107.037,-4.337,-2.488,36,200.0,,,
2026-09-08T03:56:11.640815,22,5708,FRAME,65.597,104.549,-4.337,-2.488,36,200.0,,,
2026-09-08T03:56:11.657227,22,5709,FRAME,61.259,102.061,-4.337,-2.488,36,200.0,,,
2026-09-08T03:56:11.674401,22,5710,FRAME,56.922,99.574,-4.337,-2.488,36,200.0,,,
2026-09-08T03:56:11.691140,22,5711,FRAME,52.585,97.086,-4.337,-2.488,36,200.0,,,
2026-09-08T03:56:11.707428,22,5712,FRAME,48.248,94.598,-4.337,-2.488,43,200.0,,,
2026-09-08T03:56:11.724392,22,5713,LEFT_HIT,45,92.111,4.996,-0.198,50,200.0,-0.038,-2.267,
2026-09-08T03:56:11.724392,22,5714,FRAME,45,92.111,4.996,-0.198,50,200.0,,,
2026-09-08T03:56:11.741510,22,5715,FRAME,49.996,91.913,4.996,-0.198,57,200.0,,,
2026-09-08T03:56:11.758036,22,5716,FRAME,54.992,91.715,4.996,-0.198,64,200.0,,,
2026-09-08T03:56:11.774065,22,5717,FRAME,59.988,91.517,4.996,-0.198,71,200.0,,,
2026-09-08T03:56:11.790311,22,5718,FRAME,64.984,91.319,4.996,-0.198,78,200.0,,,
2026-09-08T03:56:11.807427,22,5719,FRAME,69.98,91.122,4.996,-0.198,85,200.0,,,
2026-09-08T03:56:11.824139,22,5720,FRAME,74.977,90.924,4.996,-0.198,92,200.0,,,
2026-09-08T03:56:11.841173,22,5721,FRAME,79.973,90.726,4.996,-0.198,99,200.0,,,
2026-09-08T03:56:11.857595,22,5722,FRAME,84.969,90.528,4.996,-0.198,106,200.0,,,
2026-09-08T03:56:11.874155,22,5723,FRAME,89.965,90.33,4.996,-0.198,113,200.0,,,
2026-09-08T03:56:11.891147,22,5724,FRAME,94.961,90.133,4.996,-0.198,120,200.0,,,
2026-09-08T03:56:11.909180,22,5725,FRAME,99.957,89.935,4.996,-0.198,127,200.0,,,
2026-09-08T03:56:11.926525,22,5726,FRAME,104.953,89.737,4.996,-0.198,134,200.0,,,
2026-09-08T03:56:11.943077,22,5727,FRAME,109.949,89.539,4.996,-0.198,141,200.0,,,
2026-09-08T03:56:11.959371,22,5728,FRAME,114.945,89.341,4.996,-0.198,148,200.0,,,
2026-09-08T03:56:11.975492,22,5729,FRAME,119.941,89.144,4.996,-0.198,155,200.0,,,
2026-09-08T03:56:11.992072,22,5730,FRAME,124.937,88.946,4.996,-0.198,162,200.0,,,
2026-09-08T03:56:12.009447,22,5731,FRAME,129.933,88.748,4.996,-0.198,169,200.0,,,
2026-09-08T03:56:12.026431,22,5732,FRAME,134.93,88.55,4.996,-0.198,176,200.0,,,
2026-09-08T03:56:12.042750,22,5733,FRAME,139.926,88.352,4.996,-0.198,183,200.0,,,
2026-09-08T03:56:12.059133,22,5734,FRAME,144.922,88.155,4.996,-0.198,190,200.0,,,
2026-09-08T03:56:12.076456,22,5735,FRAME,149.918,87.957,4.996,-0.198,197,200.0,,,
2026-09-08T03:56:12.092496,22,5736,FRAME,154.914,87.759,4.996,-0.198,204,200.0,,,
2026-09-08T03:56:12.109542,22,5737,FRAME,159.91,87.561,4.996,-0.198,211,200.0,,,
2026-09-08T03:56:12.127014,22,5738,FRAME,164.906,87.363,4.996,-0.198,211,200.0,,,
2026-09-08T03:56:12.143265,22,5739,FRAME,169.902,87.165,4.996,-0.198,211,200.0,,,
2026-09-08T03:56:12.160226,22,5740,FRAME,174.898,86.968,4.996,-0.198,211,200.0,,,
2026-09-08T03:56:12.176905,22,5741,FRAME,179.894,86.77,4.996,-0.198,211,200.0,,,
2026-09-08T03:56:12.193429,22,5742,FRAME,184.89,86.572,4.996,-0.198,211,200.0,,,
2026-09-08T03:56:12.210400,22,5743,FRAME,189.886,86.374,4.996,-0.198,211,200.0,,,
2026-09-08T03:56:12.227502,22,5744,FRAME,194.883,86.176,4.996,-0.198,211,200.0,,,
2026-09-08T03:56:12.244004,22,5745,FRAME,199.879,85.979,4.996,-0.198,211,200.0,,,
2026-09-08T03:56:12.260078,22,5746,FRAME,204.875,85.781,4.996,-0.198,211,200.0,,,
2026-09-08T03:56:12.277074,22,5747,FRAME,209.871,85.583,4.996,-0.198,211,200.0,,,
2026-09-08T03:56:12.292328,22,5748,FRAME,214.867,85.385,4.996,-0.198,211,200.0,,,
2026-09-08T03:56:12.309363,22,5749,FRAME,219.863,85.187,4.996,-0.198,211,200.0,,,
2026-09-08T03:56:12.326293,22,5750,FRAME,224.859,84.99,4.996,-0.198,211,200.0,,,
2026-09-08T03:56:12.344108,22,5751,FRAME,229.855,84.792,4.996,-0.198,211,200.0,,,
2026-09-08T03:56:12.360584,22,5752,FRAME,234.851,84.594,4.996,-0.198,211,200.0,,,
2026-09-08T03:56:12.377349,22,5753,FRAME,239.847,84.396,4.996,-0.198,211,200.0,,,
2026-09-08T03:56:12.394189,22,5754,FRAME,244.843,84.198,4.996,-0.198,211,200.0,,,
2026-09-08T03:56:12.410449,22,5755,FRAME,249.84,84.001,4.996,-0.198,211,200.0,,,
2026-09-08T03:56:12.428044,22,5756,FRAME,254.836,83.803,4.996,-0.198,211,200.0,,,
2026-09-08T03:56:12.444173,22,5757,FRAME,259.832,83.605,4.996,-0.198,211,200.0,,,
2026-09-08T03:56:12.461512,22,5758,FRAME,264.828,83.407,4.996,-0.198,211,200.0,,,
2026-09-08T03:56:12.478374,22,5759,FRAME,269.824,83.209,4.996,-0.198,211,200.0,,,
2026-09-08T03:56:12.495186,22,5760,FRAME,274.82,83.012,4.996,-0.198,211,200.0,,,
2026-09-08T03:56:12.512220,22,5761,FRAME,279.816,82.814,4.996,-0.198,211,200.0,,,
2026-09-08T03:56:12.529782,22,5762,FRAME,284.812,82.616,4.996,-0.198,211,200.0,,,
2026-09-08T03:56:12.546525,22,5763,FRAME,289.808,82.418,4.996,-0.198,211,200.0,,,
2026-09-08T03:56:12.563128,22,5764,FRAME,294.804,82.22,4.996,-0.198,211,200.0,,,
2026-09-08T03:56:12.580539,22,5765,FRAME,299.8,82.023,4.996,-0.198,211,200.0,,,
2026-09-08T03:56:12.596550,22,5766,FRAME,304.796,81.825,4.996,-0.198,211,200.0,,,
2026-09-08T03:56:12.613112,22,5767,FRAME,309.793,81.627,4.996,-0.198,211,200.0,,,
2026-09-08T03:56:12.629527,22,5768,FRAME,314.789,81.429,4.996,-0.198,211,200.0,,,
2026-09-08T03:56:12.646584,22,5769,FRAME,319.785,81.231,4.996,-0.198,211,200.0,,,
2026-09-08T03:56:12.662930,22,5770,FRAME,324.781,81.034,4.996,-0.198,211,200.0,,,
2026-09-08T03:56:12.679031,22,5771,FRAME,329.777,80.836,4.996,-0.198,211,200.0,,,
2026-09-08T03:56:12.695236,22,5772,FRAME,334.773,80.638,4.996,-0.198,211,200.0,,,
2026-09-08T03:56:12.712187,22,5773,FRAME,339.769,80.44,4.996,-0.198,211,200.0,,,
2026-09-08T03:56:12.729077,22,5774,FRAME,344.765,80.242,4.996,-0.198,211,200.0,,,
2026-09-08T03:56:12.745827,22,5775,FRAME,349.761,80.045,4.996,-0.198,211,200.0,,,
2026-09-08T03:56:12.762258,22,5776,FRAME,354.757,79.847,4.996,-0.198,211,200.0,,,
2026-09-08T03:56:12.779274,22,5777,FRAME,359.753,79.649,4.996,-0.198,211,200.0,,,
2026-09-08T03:56:12.796994,22,5778,FRAME,364.749,79.451,4.996,-0.198,211,200.0,,,
2026-09-08T03:56:12.813437,22,5779,FRAME,369.746,79.253,4.996,-0.198,211,200.0,,,
2026-09-08T03:56:12.830043,22,5780,FRAME,374.742,79.055,4.996,-0.198,211,200.0,,,
2026-09-08T03:56:12.846015,22,5781,FRAME,379.738,78.858,4.996,-0.198,211,200.0,,,
2026-09-08T03:56:12.862199,22,5782,FRAME,384.734,78.66,4.996,-0.198,211,200.0,,,
2026-09-08T03:56:12.879389,22,5783,FRAME,389.73,78.462,4.996,-0.198,211,200.0,,,
2026-09-08T03:56:12.896310,22,5784,FRAME,394.726,78.264,4.996,-0.198,211,200.0,,,
2026-09-08T03:56:12.912823,22,5785,FRAME,399.722,78.066,4.996,-0.198,211,200.0,,,
2026-09-08T03:56:12.929406,22,5786,FRAME,404.718,77.869,4.996,-0.198,211,200.0,,,
2026-09-08T03:56:12.946537,22,5787,FRAME,409.714,77.671,4.996,-0.198,211,200.0,,,
2026-09-08T03:56:12.963190,22,5788,FRAME,414.71,77.473,4.996,-0.198,211,200.0,,,
2026-09-08T03:56:12.980481,22,5789,FRAME,419.706,77.275,4.996,-0.198,211,200.0,,,
2026-09-08T03:56:12.997162,22,5790,FRAME,424.703,77.077,4.996,-0.198,211,200.0,,,
2026-09-08T03:56:13.014219,22,5791,FRAME,429.699,76.88,4.996,-0.198,211,200.0,,,
2026-09-08T03:56:13.031350,22,5792,FRAME,434.695,76.682,4.996,-0.198,211,200.0,,,
2026-09-08T03:56:13.047979,22,5793,FRAME,439.691,76.484,4.996,-0.198,211,200.0,,,
2026-09-08T03:56:13.064053,22,5794,FRAME,444.687,76.286,4.996,-0.198,211,200.0,,,
2026-09-08T03:56:13.081309,22,5795,FRAME,449.683,76.088,4.996,-0.198,211,200.0,,,
2026-09-08T03:56:13.098374,22,5796,FRAME,454.679,75.891,4.996,-0.198,211,200.0,,,
2026-09-08T03:56:13.115451,22,5797,FRAME,459.675,75.693,4.996,-0.198,211,200.0,,,
2026-09-08T03:56:13.132122,22,5798,FRAME,464.671,75.495,4.996,-0.198,211,200.0,,,
2026-09-08T03:56:13.148387,22,5799,FRAME,469.667,75.297,4.996,-0.198,211,200.0,,,
2026-09-08T03:56:13.165114,22,5800,FRAME,474.663,75.099,4.996,-0.198,211,200.0,,,
2026-09-08T03:56:13.181165,22,5801,FRAME,479.659,74.902,4.996,-0.198,211,200.0,,,
2026-09-08T03:56:13.198108,22,5802,FRAME,484.656,74.704,4.996,-0.198,211,200.0,,,
2026-09-08T03:56:13.214149,22,5803,FRAME,489.652,74.506,4.996,-0.198,211,200.0,,,
2026-09-08T03:56:13.230618,22,5804,FRAME,494.648,74.308,4.996,-0.198,211,200.0,,,
2026-09-08T03:56:13.246212,22,5805,FRAME,499.644,74.11,4.996,-0.198,211,200.0,,,
2026-09-08T03:56:13.263156,22,5806,FRAME,504.64,73.913,4.996,-0.198,211,200.0,,,
2026-09-08T03:56:13.279306,22,5807,FRAME,509.636,73.715,4.996,-0.198,211,200.0,,,
2026-09-08T03:56:13.295431,22,5808,FRAME,514.632,73.517,4.996,-0.198,211,200.0,,,
2026-09-08T03:56:13.312266,22,5809,FRAME,519.628,73.319,4.996,-0.198,211,200.0,,,
2026-09-08T03:56:13.329273,22,5810,FRAME,524.624,73.121,4.996,-0.198,211,200.0,,,
2026-09-08T03:56:13.346288,22,5811,FRAME,529.62,72.924,4.996,-0.198,211,200.0,,,
2026-09-08T03:56:13.364206,22,5812,FRAME,534.616,72.726,4.996,-0.198,211,200.0,,,
2026-09-08T03:56:13.381921,22,5813,FRAME,539.612,72.528,4.996,-0.198,211,200.0,,,
2026-09-08T03:56:13.398255,22,5814,FRAME,544.609,72.33,4.996,-0.198,211,200.0,,,
2026-09-08T03:56:13.414326,22,5815,FRAME,549.605,72.132,4.996,-0.198,211,200.0,,,
2026-09-08T03:56:13.431271,22,5816,FRAME,554.601,71.935,4.996,-0.198,211,200.0,,,
2026-09-08T03:56:13.447871,22,5817,FRAME,559.597,71.737,4.996,-0.198,211,200.0,,,
2026-09-08T03:56:13.464389,22,5818,FRAME,564.593,71.539,4.996,-0.198,211,200.0,,,
2026-09-08T03:56:13.480791,22,5819,FRAME,569.589,71.341,4.996,-0.198,211,200.0,,,
2026-09-08T03:56:13.497177,22,5820,FRAME,574.585,71.143,4.996,-0.198,211,200.0,,,
2026-09-08T03:56:13.514558,22,5821,FRAME,579.581,70.946,4.996,-0.198,211,200.0,,,
2026-09-08T03:56:13.530673,22,5822,FRAME,584.577,70.748,4.996,-0.198,211,200.0,,,
2026-09-08T03:56:13.547448,22,5823,FRAME,589.573,70.55,4.996,-0.198,211,200.0,,,
2026-09-08T03:56:13.564207,22,5824,FRAME,594.569,70.352,4.996,-0.198,211,200.0,,,
2026-09-08T03:56:13.581386,22,5825,FRAME,599.566,70.154,4.996,-0.198,211,200.0,,,
2026-09-08T03:56:13.597948,22,5826,FRAME,604.562,69.956,4.996,-0.198,211,200.0,,,
2026-09-08T03:56:13.614494,22,5827,FRAME,609.558,69.759,4.996,-0.198,211,200.0,,,
2026-09-08T03:56:13.631503,22,5828,FRAME,614.554,69.561,4.996,-0.198,211,200.0,,,
2026-09-08T03:56:13.647983,22,5829,FRAME,619.55,69.363,4.996,-0.198,211,200.0,,,
2026-09-08T03:56:13.664014,22,5830,FRAME,624.546,69.165,4.996,-0.198,211,200.0,,,
2026-09-08T03:56:13.679323,22,5831,FRAME,629.542,68.967,4.996,-0.198,211,200.0,,,
2026-09-08T03:56:13.696063,22,5832,FRAME,634.538,68.77,4.996,-0.198,211,200.0,,,
2026-09-08T03:56:13.712675,22,5833,FRAME,639.534,68.572,4.996,-0.198,211,200.0,,,
2026-09-08T03:56:13.729309,22,5834,FRAME,644.53,68.374,4.996,-0.198,211,200.0,,,
2026-09-08T03:56:13.745593,22,5835,FRAME,649.526,68.176,4.996,-0.198,211,200.0,,,
2026-09-08T03:56:13.762565,22,5836,FRAME,654.522,67.978,4.996,-0.198,211,200.0,,,
2026-09-08T03:56:13.779172,22,5837,FRAME,659.519,67.781,4.996,-0.198,211,200.0,,,
2026-09-08T03:56:13.795356,22,5838,FRAME,664.515,67.583,4.996,-0.198,211,200.0,,,
2026-09-08T03:56:13.811958,22,5839,FRAME,669.511,67.385,4.996,-0.198,211,200.0,,,
2026-09-08T03:56:13.828203,22,5840,FRAME,674.507,67.187,4.996,-0.198,211,200.0,,,
2026-09-08T03:56:13.845395,22,5841,FRAME,679.503,66.989,4.996,-0.198,211,200.0,,,
2026-09-08T03:56:13.861727,22,5842,FRAME,684.499,66.792,4.996,-0.198,211,200.0,,,
2026-09-08T03:56:13.877828,22,5843,FRAME,689.495,66.594,4.996,-0.198,211,200.0,,,
2026-09-08T03:56:13.894392,22,5844,FRAME,694.491,66.396,4.996,-0.198,211,200.0,,,
2026-09-08T03:56:13.911084,22,5845,FRAME,699.487,66.198,4.996,-0.198,211,200.0,,,
2026-09-08T03:56:13.927291,22,5846,FRAME,704.483,66.0,4.996,-0.198,211,200.0,,,
2026-09-08T03:56:13.944326,22,5847,FRAME,709.479,65.803,4.996,-0.198,211,200.0,,,
2026-09-08T03:56:13.961481,22,5848,FRAME,714.475,65.605,4.996,-0.198,211,200.0,,,
2026-09-08T03:56:13.978133,22,5849,FRAME,719.472,65.407,4.996,-0.198,211,200.0,,,
2026-09-08T03:56:13.995349,22,5850,FRAME,724.468,65.209,4.996,-0.198,211,200.0,,,
2026-09-08T03:56:14.011300,22,5851,FRAME,729.464,65.011,4.996,-0.198,211,200.0,,,
2026-09-08T03:56:14.027355,22,5852,FRAME,734.46,64.814,4.996,-0.198,211,200.0,,,
2026-09-08T03:56:14.044123,22,5853,FRAME,739.456,64.616,4.996,-0.198,211,200.0,,,
2026-09-08T03:56:14.060356,22,5854,FRAME,744.452,64.418,4.996,-0.198,211,200.0,,,
2026-09-08T03:56:14.077022,22,5855,FRAME,749.448,64.22,4.996,-0.198,211,200.0,,,
2026-09-08T03:56:14.094001,22,5856,FRAME,754.444,64.022,4.996,-0.198,211,200.0,,,
2026-09-08T03:56:14.110202,22,5857,FRAME,759.44,63.825,4.996,-0.198,211,200.0,,,
2026-09-08T03:56:14.127500,22,5858,FRAME,764.436,63.627,4.996,-0.198,211,200.0,,,
2026-09-08T03:56:14.144119,22,5859,FRAME,769.432,63.429,4.996,-0.198,211,200.0,,,
2026-09-08T03:56:14.160251,22,5860,FRAME,774.429,63.231,4.996,-0.198,211,200.0,,,
2026-09-08T03:56:14.177180,22,5861,FRAME,779.425,63.033,4.996,-0.198,211,200.0,,,
2026-09-08T03:56:14.194016,22,5862,FRAME,784.421,62.836,4.996,-0.198,211,200.0,,,
2026-09-08T03:56:14.210164,22,5863,FRAME,789.417,62.638,4.996,-0.198,211,200.0,,,
2026-09-08T03:56:14.227841,22,5864,FRAME,794.413,62.44,4.996,-0.198,211,200.0,,,
2026-09-08T03:56:14.243980,22,5865,FRAME,799.409,62.242,4.996,-0.198,211,200.0,,,
2026-09-08T03:56:14.259918,22,5866,FRAME,804.405,62.044,4.996,-0.198,211,200.0,,,
2026-09-08T03:56:14.259918,22,5867,MISS_RIGHT,804.405,62.044,4.996,-0.198,211,200.0,,,LEFT
2026-09-08T03:56:14.275918,23,5868,FRAME,450.817,146.627,-3.852,-3.188,211,200.0,,,
2026-09-08T03:56:14.292244,23,5869,FRAME,446.965,143.439,-3.852,-3.188,211,200.0,,,
2026-09-08T03:56:14.309252,23,5870,FRAME,443.113,140.251,-3.852,-3.188,211,200.0,,,
2026-09-08T03:56:14.326466,23,5871,FRAME,439.261,137.063,-3.852,-3.188,211,200.0,,,
2026-09-08T03:56:14.343219,23,5872,FRAME,435.409,133.875,-3.852,-3.188,211,200.0,,,
2026-09-08T03:56:14.359558,23,5873,FRAME,431.558,130.687,-3.852,-3.188,211,200.0,,,
2026-09-08T03:56:14.376510,23,5874,FRAME,427.706,127.499,-3.852,-3.188,211,200.0,,,
2026-09-08T03:56:14.394274,23,5875,FRAME,423.854,124.311,-3.852,-3.188,211,200.0,,,
2026-09-08T03:56:14.411486,23,5876,FRAME,420.002,121.123,-3.852,-3.188,211,200.0,,,
2026-09-08T03:56:14.427422,23,5877,FRAME,416.15,117.935,-3.852,-3.188,211,200.0,,,
2026-09-08T03:56:14.444183,23,5878,FRAME,412.298,114.747,-3.852,-3.188,211,200.0,,,
2026-09-08T03:56:14.460922,23,5879,FRAME,408.447,111.559,-3.852,-3.188,211,200.0,,,
2026-09-08T03:56:14.477458,23,5880,FRAME,404.595,108.371,-3.852,-3.188,211,200.0,,,
2026-09-08T03:56:14.494132,23,5881,FRAME,400.743,105.183,-3.852,-3.188,211,200.0,,,
2026-09-08T03:56:14.511668,23,5882,FRAME,396.891,101.995,-3.852,-3.188,211,200.0,,,
2026-09-08T03:56:14.528104,23,5883,FRAME,393.039,98.807,-3.852,-3.188,211,200.0,,,
2026-09-08T03:56:14.544238,23,5884,FRAME,389.187,95.619,-3.852,-3.188,211,200.0,,,
2026-09-08T03:56:14.560780,23,5885,FRAME,385.336,92.431,-3.852,-3.188,211,200.0,,,
2026-09-08T03:56:14.576712,23,5886,FRAME,381.484,89.243,-3.852,-3.188,211,200.0,,,
2026-09-08T03:56:14.593149,23,5887,FRAME,377.632,86.055,-3.852,-3.188,211,200.0,,,
2026-09-08T03:56:14.610354,23,5888,FRAME,373.78,82.867,-3.852,-3.188,211,200.0,,,
2026-09-08T03:56:14.626532,23,5889,FRAME,369.928,79.679,-3.852,-3.188,211,200.0,,,
2026-09-08T03:56:14.644067,23,5890,FRAME,366.076,76.491,-3.852,-3.188,211,200.0,,,
2026-09-08T03:56:14.659581,23,5891,FRAME,362.225,73.303,-3.852,-3.188,211,200.0,,,
2026-09-08T03:56:14.675443,23,5892,FRAME,358.373,70.115,-3.852,-3.188,211,200.0,,,
2026-09-08T03:56:14.691524,23,5893,FRAME,354.521,66.927,-3.852,-3.188,211,200.0,,,
2026-09-08T03:56:14.708554,23,5894,FRAME,350.669,63.739,-3.852,-3.188,211,200.0,,,
2026-09-08T03:56:14.724256,23,5895,FRAME,346.817,60.551,-3.852,-3.188,211,200.0,,,
2026-09-08T03:56:14.741421,23,5896,FRAME,342.966,57.363,-3.852,-3.188,211,200.0,,,
2026-09-08T03:56:14.758302,23,5897,FRAME,339.114,54.175,-3.852,-3.188,211,200.0,,,
2026-09-08T03:56:14.774699,23,5898,FRAME,335.262,50.987,-3.852,-3.188,211,200.0,,,
2026-09-08T03:56:14.791020,23,5899,FRAME,331.41,47.799,-3.852,-3.188,211,200.0,,,
2026-09-08T03:56:14.808082,23,5900,FRAME,327.558,44.611,-3.852,-3.188,211,200.0,,,
2026-09-08T03:56:14.824370,23,5901,FRAME,323.706,41.423,-3.852,-3.188,211,200.0,,,
2026-09-08T03:56:14.841178,23,5902,FRAME,319.855,38.235,-3.852,-3.188,211,200.0,,,
2026-09-08T03:56:14.858167,23,5903,FRAME,316.003,35.047,-3.852,-3.188,211,200.0,,,
2026-09-08T03:56:14.873972,23,5904,FRAME,312.151,31.859,-3.852,-3.188,211,200.0,,,
2026-09-08T03:56:14.889789,23,5905,FRAME,308.299,28.671,-3.852,-3.188,211,200.0,,,
2026-09-08T03:56:14.906422,23,5906,FRAME,304.447,25.483,-3.852,-3.188,204,200.0,,,
2026-09-08T03:56:14.922734,23,5907,FRAME,300.595,22.295,-3.852,-3.188,197,200.0,,,
2026-09-08T03:56:14.939523,23,5908,FRAME,296.744,19.107,-3.852,-3.188,190,200.0,,,
2026-09-08T03:56:14.956275,23,5909,FRAME,292.892,15.919,-3.852,-3.188,183,200.0,,,
2026-09-08T03:56:14.972719,23,5910,FRAME,289.04,12.731,-3.852,-3.188,176,200.0,,,
2026-09-08T03:56:14.989365,23,5911,FRAME,285.188,9.543,-3.852,-3.188,169,200.0,,,
2026-09-08T03:56:15.005582,23,5912,FRAME,281.336,6.355,-3.852,-3.188,162,200.0,,,
2026-09-08T03:56:15.021917,23,5913,FRAME,277.484,3.167,-3.852,-3.188,155,200.0,,,
2026-09-08T03:56:15.038573,23,5914,WALL_BOUNCE,273.633,0,-3.852,3.188,148,200.0,,,
2026-09-08T03:56:15.038573,23,5915,FRAME,273.633,0,-3.852,3.188,148,200.0,,,
2026-09-08T03:56:15.054650,23,5916,FRAME,269.781,3.188,-3.852,3.188,141,200.0,,,
2026-09-08T03:56:15.070565,23,5917,FRAME,265.929,6.376,-3.852,3.188,134,200.0,,,
2026-09-08T03:56:15.087189,23,5918,FRAME,262.077,9.564,-3.852,3.188,127,200.0,,,
2026-09-08T03:56:15.104306,23,5919,FRAME,258.225,12.752,-3.852,3.188,120,200.0,,,
2026-09-08T03:56:15.120912,23,5920,FRAME,254.373,15.94,-3.852,3.188,113,200.0,,,
2026-09-08T03:56:15.137170,23,5921,FRAME,250.522,19.128,-3.852,3.188,106,200.0,,,
2026-09-08T03:56:15.154172,23,5922,FRAME,246.67,22.316,-3.852,3.188,99,200.0,,,
2026-09-08T03:56:15.170238,23,5923,FRAME,242.818,25.504,-3.852,3.188,92,200.0,,,
2026-09-08T03:56:15.187676,23,5924,FRAME,238.966,28.692,-3.852,3.188,85,200.0,,,
2026-09-08T03:56:15.204184,23,5925,FRAME,235.114,31.88,-3.852,3.188,78,200.0,,,
2026-09-08T03:56:15.221524,23,5926,FRAME,231.263,35.068,-3.852,3.188,71,200.0,,,
2026-09-08T03:56:15.237739,23,5927,FRAME,227.411,38.256,-3.852,3.188,64,200.0,,,
2026-09-08T03:56:15.253990,23,5928,FRAME,223.559,41.444,-3.852,3.188,64,200.0,,,
2026-09-08T03:56:15.271151,23,5929,FRAME,219.707,44.632,-3.852,3.188,64,200.0,,,
2026-09-08T03:56:15.287435,23,5930,FRAME,215.855,47.82,-3.852,3.188,64,200.0,,,
2026-09-08T03:56:15.304334,23,5931,FRAME,212.003,51.008,-3.852,3.188,64,200.0,,,
2026-09-08T03:56:15.322080,23,5932,FRAME,208.152,54.196,-3.852,3.188,64,200.0,,,
2026-09-08T03:56:15.337750,23,5933,FRAME,204.3,57.384,-3.852,3.188,64,200.0,,,
2026-09-08T03:56:15.354390,23,5934,FRAME,200.448,60.572,-3.852,3.188,64,200.0,,,
2026-09-08T03:56:15.370863,23,5935,FRAME,196.596,63.76,-3.852,3.188,64,200.0,,,
2026-09-08T03:56:15.387153,23,5936,FRAME,192.744,66.948,-3.852,3.188,64,200.0,,,
2026-09-08T03:56:15.404355,23,5937,FRAME,188.892,70.136,-3.852,3.188,64,200.0,,,
2026-09-08T03:56:15.420477,23,5938,FRAME,185.041,73.324,-3.852,3.188,64,200.0,,,
2026-09-08T03:56:15.437262,23,5939,FRAME,181.189,76.512,-3.852,3.188,64,200.0,,,
2026-09-08T03:56:15.454425,23,5940,FRAME,177.337,79.7,-3.852,3.188,64,200.0,,,
2026-09-08T03:56:15.471037,23,5941,FRAME,173.485,82.888,-3.852,3.188,64,200.0,,,
2026-09-08T03:56:15.487388,23,5942,FRAME,169.633,86.076,-3.852,3.188,71,200.0,,,
2026-09-08T03:56:15.504473,23,5943,FRAME,165.781,89.264,-3.852,3.188,78,200.0,,,
2026-09-08T03:56:15.521555,23,5944,FRAME,161.93,92.452,-3.852,3.188,85,200.0,,,
2026-09-08T03:56:15.538583,23,5945,FRAME,158.078,95.64,-3.852,3.188,92,200.0,,,
2026-09-08T03:56:15.555613,23,5946,FRAME,154.226,98.828,-3.852,3.188,99,200.0,,,
2026-09-08T03:56:15.572151,23,5947,FRAME,150.374,102.016,-3.852,3.188,106,200.0,,,
2026-09-08T03:56:15.589217,23,5948,FRAME,146.522,105.204,-3.852,3.188,113,200.0,,,
2026-09-08T03:56:15.606084,23,5949,FRAME,142.671,108.392,-3.852,3.188,120,200.0,,,
2026-09-08T03:56:15.623967,23,5950,FRAME,138.819,111.58,-3.852,3.188,127,200.0,,,
2026-09-08T03:56:15.640436,23,5951,FRAME,134.967,114.768,-3.852,3.188,134,200.0,,,
2026-09-08T03:56:15.657450,23,5952,FRAME,131.115,117.956,-3.852,3.188,134,200.0,,,
2026-09-08T03:56:15.674391,23,5953,FRAME,127.263,121.144,-3.852,3.188,134,200.0,,,
2026-09-08T03:56:15.691116,23,5954,FRAME,123.411,124.333,-3.852,3.188,134,200.0,,,
2026-09-08T03:56:15.707449,23,5955,FRAME,119.56,127.521,-3.852,3.188,134,200.0,,,
2026-09-08T03:56:15.724216,23,5956,FRAME,115.708,130.709,-3.852,3.188,134,200.0,,,
2026-09-08T03:56:15.740300,23,5957,FRAME,111.856,133.897,-3.852,3.188,134,200.0,,,
2026-09-08T03:56:15.757052,23,5958,FRAME,108.004,137.085,-3.852,3.188,134,200.0,,,
2026-09-08T03:56:15.773180,23,5959,FRAME,104.152,140.273,-3.852,3.188,134,200.0,,,
2026-09-08T03:56:15.789914,23,5960,FRAME,100.3,143.461,-3.852,3.188,134,200.0,,,
2026-09-08T03:56:15.806201,23,5961,FRAME,96.449,146.649,-3.852,3.188,134,200.0,,,
2026-09-08T03:56:15.822891,23,5962,FRAME,92.597,149.837,-3.852,3.188,141,200.0,,,
2026-09-08T03:56:15.839413,23,5963,FRAME,88.745,153.025,-3.852,3.188,148,200.0,,,
2026-09-08T03:56:15.855620,23,5964,FRAME,84.893,156.213,-3.852,3.188,155,200.0,,,
2026-09-08T03:56:15.873003,23,5965,FRAME,81.041,159.401,-3.852,3.188,162,200.0,,,
2026-09-08T03:56:15.889440,23,5966,FRAME,77.189,162.589,-3.852,3.188,169,200.0,,,
2026-09-08T03:56:15.906049,23,5967,FRAME,73.338,165.777,-3.852,3.188,176,200.0,,,
2026-09-08T03:56:15.921859,23,5968,FRAME,69.486,168.965,-3.852,3.188,176,200.0,,,
2026-09-08T03:56:15.938510,23,5969,FRAME,65.634,172.153,-3.852,3.188,176,200.0,,,
2026-09-08T03:56:15.955325,23,5970,FRAME,61.782,175.341,-3.852,3.188,176,200.0,,,
2026-09-08T03:56:15.971965,23,5971,FRAME,57.93,178.529,-3.852,3.188,176,200.0,,,
2026-09-08T03:56:15.988283,23,5972,FRAME,54.078,181.717,-3.852,3.188,176,200.0,,,
2026-09-08T03:56:16.005281,23,5973,FRAME,50.227,184.905,-3.852,3.188,176,200.0,,,
2026-09-08T03:56:16.022487,23,5974,FRAME,46.375,188.093,-3.852,3.188,183,200.0,,,
2026-09-08T03:56:16.039269,23,5975,LEFT_HIT,45,191.281,3.129,-3.9,190,200.0,-0.854,-51.263,
2026-09-08T03:56:16.039269,23,5976,FRAME,45,191.281,3.129,-3.9,190,200.0,,,
2026-09-08T03:56:16.056294,23,5977,FRAME,48.129,187.381,3.129,-3.9,197,200.0,,,
2026-09-08T03:56:16.074328,23,5978,FRAME,51.257,183.481,3.129,-3.9,204,200.0,,,
2026-09-08T03:56:16.090634,23,5979,FRAME,54.386,179.58,3.129,-3.9,211,200.0,,,
2026-09-08T03:56:16.106617,23,5980,FRAME,57.515,175.68,3.129,-3.9,218,200.0,,,
2026-09-08T03:56:16.124140,23,5981,FRAME,60.644,171.78,3.129,-3.9,225,200.0,,,
2026-09-08T03:56:16.140299,23,5982,FRAME,63.772,167.88,3.129,-3.9,232,200.0,,,
2026-09-08T03:56:16.157557,23,5983,FRAME,66.901,163.98,3.129,-3.9,239,200.0,,,
2026-09-08T03:56:16.174168,23,5984,FRAME,70.03,160.08,3.129,-3.9,246,200.0,,,
2026-09-08T03:56:16.191212,23,5985,FRAME,73.159,156.18,3.129,-3.9,246,200.0,,,
2026-09-08T03:56:16.208586,23,5986,FRAME,76.287,152.279,3.129,-3.9,246,200.0,,,
2026-09-08T03:56:16.224408,23,5987,FRAME,79.416,148.379,3.129,-3.9,246,200.0,,,
2026-09-08T03:56:16.241484,23,5988,FRAME,82.545,144.479,3.129,-3.9,246,200.0,,,
2026-09-08T03:56:16.258160,23,5989,FRAME,85.673,140.579,3.129,-3.9,246,200.0,,,
2026-09-08T03:56:16.274909,23,5990,FRAME,88.802,136.679,3.129,-3.9,246,200.0,,,
2026-09-08T03:56:16.291452,23,5991,FRAME,91.931,132.779,3.129,-3.9,246,200.0,,,
2026-09-08T03:56:16.308196,23,5992,FRAME,95.06,128.879,3.129,-3.9,246,200.0,,,
2026-09-08T03:56:16.326119,23,5993,FRAME,98.188,124.978,3.129,-3.9,246,200.0,,,
2026-09-08T03:56:16.342837,23,5994,FRAME,101.317,121.078,3.129,-3.9,246,200.0,,,
2026-09-08T03:56:16.359359,23,5995,FRAME,104.446,117.178,3.129,-3.9,246,200.0,,,
2026-09-08T03:56:16.377020,23,5996,FRAME,107.575,113.278,3.129,-3.9,246,200.0,,,
2026-09-08T03:56:16.393469,23,5997,FRAME,110.703,109.378,3.129,-3.9,246,200.0,,,
2026-09-08T03:56:16.411142,23,5998,FRAME,113.832,105.478,3.129,-3.9,246,200.0,,,
2026-09-08T03:56:16.428171,23,5999,FRAME,116.961,101.578,3.129,-3.9,246,200.0,,,
2026-09-08T03:56:16.444153,23,6000,FRAME,120.089,97.678,3.129,-3.9,246,200.0,,,
2026-09-08T03:56:16.461840,23,6001,FRAME,123.218,93.777,3.129,-3.9,246,200.0,,,
2026-09-08T03:56:16.477902,23,6002,FRAME,126.347,89.877,3.129,-3.9,246,200.0,,,
2026-09-08T03:56:16.494140,23,6003,FRAME,129.476,85.977,3.129,-3.9,246,200.0,,,
2026-09-08T03:56:16.511425,23,6004,FRAME,132.604,82.077,3.129,-3.9,246,200.0,,,
2026-09-08T03:56:16.528532,23,6005,FRAME,135.733,78.177,3.129,-3.9,246,200.0,,,
2026-09-08T03:56:16.545145,23,6006,FRAME,138.862,74.277,3.129,-3.9,246,200.0,,,
2026-09-08T03:56:16.560670,23,6007,FRAME,141.991,70.377,3.129,-3.9,239,200.0,,,
2026-09-08T03:56:16.577265,23,6008,FRAME,145.119,66.476,3.129,-3.9,232,200.0,,,
2026-09-08T03:56:16.594315,23,6009,FRAME,148.248,62.576,3.129,-3.9,225,200.0,,,
2026-09-08T03:56:16.611860,23,6010,FRAME,151.377,58.676,3.129,-3.9,218,200.0,,,
2026-09-08T03:56:16.628056,23,6011,FRAME,154.505,54.776,3.129,-3.9,211,200.0,,,
2026-09-08T03:56:16.644251,23,6012,FRAME,157.634,50.876,3.129,-3.9,204,200.0,,,
2026-09-08T03:56:16.661788,23,6013,FRAME,160.763,46.976,3.129,-3.9,197,200.0,,,
2026-09-08T03:56:16.677842,23,6014,FRAME,163.892,43.076,3.129,-3.9,190,200.0,,,
2026-09-08T03:56:16.694379,23,6015,FRAME,167.02,39.175,3.129,-3.9,183,200.0,,,
2026-09-08T03:56:16.710423,23,6016,FRAME,170.149,35.275,3.129,-3.9,176,200.0,,,
2026-09-08T03:56:16.727428,23,6017,FRAME,173.278,31.375,3.129,-3.9,169,200.0,,,
2026-09-08T03:56:16.744079,23,6018,FRAME,176.407,27.475,3.129,-3.9,162,200.0,,,
2026-09-08T03:56:16.760127,23,6019,FRAME,179.535,23.575,3.129,-3.9,155,200.0,,,
2026-09-08T03:56:16.776172,23,6020,FRAME,182.664,19.675,3.129,-3.9,148,200.0,,,
2026-09-08T03:56:16.793320,23,6021,FRAME,185.793,15.775,3.129,-3.9,141,200.0,,,
2026-09-08T03:56:16.810894,23,6022,FRAME,188.922,11.875,3.129,-3.9,141,200.0,,,
2026-09-08T03:56:16.827666,23,6023,FRAME,192.05,7.974,3.129,-3.9,141,200.0,,,
2026-09-08T03:56:16.844244,23,6024,FRAME,195.179,4.074,3.129,-3.9,141,200.0,,,
2026-09-08T03:56:16.861369,23,6025,FRAME,198.308,0.174,3.129,-3.9,141,200.0,,,
2026-09-08T03:56:16.877997,23,6026,WALL_BOUNCE,201.436,0,3.129,3.9,141,200.0,,,
2026-09-08T03:56:16.877997,23,6027,FRAME,201.436,0,3.129,3.9,141,200.0,,,
2026-09-08T03:56:16.894073,23,6028,FRAME,204.565,3.9,3.129,3.9,141,200.0,,,
2026-09-08T03:56:16.910610,23,6029,FRAME,207.694,7.8,3.129,3.9,141,200.0,,,
2026-09-08T03:56:16.927239,23,6030,FRAME,210.823,11.7,3.129,3.9,141,200.0,,,
2026-09-08T03:56:16.944289,23,6031,FRAME,213.951,15.601,3.129,3.9,141,200.0,,,
2026-09-08T03:56:16.961256,23,6032,FRAME,217.08,19.501,3.129,3.9,141,200.0,,,
2026-09-08T03:56:16.978332,23,6033,FRAME,220.209,23.401,3.129,3.9,141,200.0,,,
2026-09-08T03:56:16.995639,23,6034,FRAME,223.338,27.301,3.129,3.9,141,200.0,,,
2026-09-08T03:56:17.012178,23,6035,FRAME,226.466,31.201,3.129,3.9,141,200.0,,,
2026-09-08T03:56:17.029749,23,6036,FRAME,229.595,35.101,3.129,3.9,141,200.0,,,
2026-09-08T03:56:17.046463,23,6037,FRAME,232.724,39.001,3.129,3.9,141,200.0,,,
2026-09-08T03:56:17.062619,23,6038,FRAME,235.852,42.901,3.129,3.9,141,200.0,,,
2026-09-08T03:56:17.078609,23,6039,FRAME,238.981,46.802,3.129,3.9,141,200.0,,,
2026-09-08T03:56:17.094639,23,6040,FRAME,242.11,50.702,3.129,3.9,141,200.0,,,
2026-09-08T03:56:17.111167,23,6041,FRAME,245.239,54.602,3.129,3.9,141,200.0,,,
2026-09-08T03:56:17.128751,23,6042,FRAME,248.367,58.502,3.129,3.9,141,200.0,,,
2026-09-08T03:56:17.145203,23,6043,FRAME,251.496,62.402,3.129,3.9,141,200.0,,,
2026-09-08T03:56:17.161727,23,6044,FRAME,254.625,66.302,3.129,3.9,141,200.0,,,
2026-09-08T03:56:17.177741,23,6045,FRAME,257.754,70.202,3.129,3.9,141,200.0,,,
2026-09-08T03:56:17.194256,23,6046,FRAME,260.882,74.103,3.129,3.9,141,200.0,,,
2026-09-08T03:56:17.210825,23,6047,FRAME,264.011,78.003,3.129,3.9,141,200.0,,,
2026-09-08T03:56:17.226726,23,6048,FRAME,267.14,81.903,3.129,3.9,141,200.0,,,
2026-09-08T03:56:17.242895,23,6049,FRAME,270.268,85.803,3.129,3.9,141,200.0,,,
2026-09-08T03:56:17.259072,23,6050,FRAME,273.397,89.703,3.129,3.9,141,200.0,,,
2026-09-08T03:56:17.275993,23,6051,FRAME,276.526,93.603,3.129,3.9,141,200.0,,,
2026-09-08T03:56:17.292431,23,6052,FRAME,279.655,97.503,3.129,3.9,141,200.0,,,
2026-09-08T03:56:17.308399,23,6053,FRAME,282.783,101.404,3.129,3.9,141,200.0,,,
2026-09-08T03:56:17.324418,23,6054,FRAME,285.912,105.304,3.129,3.9,141,200.0,,,
2026-09-08T03:56:17.340821,23,6055,FRAME,289.041,109.204,3.129,3.9,141,200.0,,,
2026-09-08T03:56:17.357768,23,6056,FRAME,292.17,113.104,3.129,3.9,141,200.0,,,
2026-09-08T03:56:17.374165,23,6057,FRAME,295.298,117.004,3.129,3.9,141,200.0,,,
2026-09-08T03:56:17.391267,23,6058,FRAME,298.427,120.904,3.129,3.9,141,200.0,,,
2026-09-08T03:56:17.407835,23,6059,FRAME,301.556,124.804,3.129,3.9,141,200.0,,,
2026-09-08T03:56:17.424606,23,6060,FRAME,304.684,128.704,3.129,3.9,141,200.0,,,
2026-09-08T03:56:17.441771,23,6061,FRAME,307.813,132.605,3.129,3.9,141,200.0,,,
2026-09-08T03:56:17.457470,23,6062,FRAME,310.942,136.505,3.129,3.9,141,200.0,,,
2026-09-08T03:56:17.474121,23,6063,FRAME,314.071,140.405,3.129,3.9,141,200.0,,,
2026-09-08T03:56:17.489941,23,6064,FRAME,317.199,144.305,3.129,3.9,134,200.0,,,
2026-09-08T03:56:17.506103,23,6065,FRAME,320.328,148.205,3.129,3.9,134,200.0,,,
2026-09-08T03:56:17.522045,23,6066,FRAME,323.457,152.105,3.129,3.9,134,200.0,,,
2026-09-08T03:56:17.538432,23,6067,FRAME,326.586,156.005,3.129,3.9,134,200.0,,,
2026-09-08T03:56:17.555472,23,6068,FRAME,329.714,159.906,3.129,3.9,134,200.0,,,
2026-09-08T03:56:17.571281,23,6069,FRAME,332.843,163.806,3.129,3.9,134,200.0,,,
2026-09-08T03:56:17.587438,23,6070,FRAME,335.972,167.706,3.129,3.9,141,200.0,,,
2026-09-08T03:56:17.604804,23,6071,FRAME,339.1,171.606,3.129,3.9,148,200.0,,,
2026-09-08T03:56:17.620853,23,6072,FRAME,342.229,175.506,3.129,3.9,155,200.0,,,
2026-09-08T03:56:17.637656,23,6073,FRAME,345.358,179.406,3.129,3.9,162,200.0,,,
2026-09-08T03:56:17.654431,23,6074,FRAME,348.487,183.306,3.129,3.9,162,200.0,,,
2026-09-08T03:56:17.670942,23,6075,FRAME,351.615,187.207,3.129,3.9,162,200.0,,,
2026-09-08T03:56:17.686792,23,6076,FRAME,354.744,191.107,3.129,3.9,162,200.0,,,
2026-09-08T03:56:17.703114,23,6077,FRAME,357.873,195.007,3.129,3.9,162,200.0,,,
2026-09-08T03:56:17.719391,23,6078,FRAME,361.002,198.907,3.129,3.9,162,200.0,,,
2026-09-08T03:56:17.736173,23,6079,FRAME,364.13,202.807,3.129,3.9,162,200.0,,,
2026-09-08T03:56:17.754199,23,6080,FRAME,367.259,206.707,3.129,3.9,155,200.0,,,
2026-09-08T03:56:17.770829,23,6081,FRAME,370.388,210.607,3.129,3.9,148,200.0,,,
2026-09-08T03:56:17.786914,23,6082,FRAME,373.516,214.507,3.129,3.9,141,200.0,,,
2026-09-08T03:56:17.803966,23,6083,FRAME,376.645,218.408,3.129,3.9,134,200.0,,,
2026-09-08T03:56:17.820793,23,6084,FRAME,379.774,222.308,3.129,3.9,127,200.0,,,
2026-09-08T03:56:17.837004,23,6085,FRAME,382.903,226.208,3.129,3.9,120,200.0,,,
2026-09-08T03:56:17.854096,23,6086,FRAME,386.031,230.108,3.129,3.9,113,200.0,,,
2026-09-08T03:56:17.870119,23,6087,FRAME,389.16,234.008,3.129,3.9,106,200.0,,,
2026-09-08T03:56:17.886935,23,6088,FRAME,392.289,237.908,3.129,3.9,99,200.0,,,
2026-09-08T03:56:17.903285,23,6089,FRAME,395.418,241.808,3.129,3.9,92,200.0,,,
2026-09-08T03:56:17.920004,23,6090,FRAME,398.546,245.709,3.129,3.9,85,200.0,,,
2026-09-08T03:56:17.936064,23,6091,FRAME,401.675,249.609,3.129,3.9,78,200.0,,,
2026-09-08T03:56:17.952202,23,6092,FRAME,404.804,253.509,3.129,3.9,78,200.0,,,
2026-09-08T03:56:17.969083,23,6093,FRAME,407.932,257.409,3.129,3.9,78,200.0,,,
2026-09-08T03:56:17.985449,23,6094,FRAME,411.061,261.309,3.129,3.9,78,200.0,,,
2026-09-08T03:56:18.002265,23,6095,FRAME,414.19,265.209,3.129,3.9,78,200.0,,,
2026-09-08T03:56:18.018974,23,6096,FRAME,417.319,269.109,3.129,3.9,78,200.0,,,
2026-09-08T03:56:18.035317,23,6097,FRAME,420.447,273.01,3.129,3.9,78,200.0,,,
2026-09-08T03:56:18.052504,23,6098,FRAME,423.576,276.91,3.129,3.9,78,200.0,,,
2026-09-08T03:56:18.069603,23,6099,FRAME,426.705,280.81,3.129,3.9,78,200.0,,,
2026-09-08T03:56:18.086190,23,6100,FRAME,429.834,284.71,3.129,3.9,78,200.0,,,
2026-09-08T03:56:18.103107,23,6101,FRAME,432.962,288.61,3.129,3.9,78,200.0,,,
2026-09-08T03:56:18.119063,23,6102,FRAME,436.091,292.51,3.129,3.9,78,200.0,,,
2026-09-08T03:56:18.135361,23,6103,FRAME,439.22,296.41,3.129,3.9,78,200.0,,,
2026-09-08T03:56:18.152131,23,6104,FRAME,442.349,300.31,3.129,3.9,78,200.0,,,
2026-09-08T03:56:18.168250,23,6105,FRAME,445.477,304.211,3.129,3.9,78,200.0,,,
2026-09-08T03:56:18.185250,23,6106,FRAME,448.606,308.111,3.129,3.9,78,200.0,,,
2026-09-08T03:56:18.201424,23,6107,FRAME,451.735,312.011,3.129,3.9,85,200.0,,,
2026-09-08T03:56:18.218009,23,6108,FRAME,454.863,315.911,3.129,3.9,92,200.0,,,
2026-09-08T03:56:18.234078,23,6109,FRAME,457.992,319.811,3.129,3.9,99,200.0,,,
2026-09-08T03:56:18.250133,23,6110,FRAME,461.121,323.711,3.129,3.9,106,200.0,,,
2026-09-08T03:56:18.267093,23,6111,FRAME,464.25,327.611,3.129,3.9,113,200.0,,,
2026-09-08T03:56:18.284130,23,6112,FRAME,467.378,331.512,3.129,3.9,120,200.0,,,
2026-09-08T03:56:18.300004,23,6113,FRAME,470.507,335.412,3.129,3.9,127,200.0,,,
2026-09-08T03:56:18.316051,23,6114,FRAME,473.636,339.312,3.129,3.9,134,200.0,,,
2026-09-08T03:56:18.331521,23,6115,FRAME,476.765,343.212,3.129,3.9,141,200.0,,,
2026-09-08T03:56:18.348207,23,6116,FRAME,479.893,347.112,3.129,3.9,148,200.0,,,
2026-09-08T03:56:18.365372,23,6117,FRAME,483.022,351.012,3.129,3.9,155,200.0,,,
2026-09-08T03:56:18.382161,23,6118,FRAME,486.151,354.912,3.129,3.9,162,200.0,,,
2026-09-08T03:56:18.399021,23,6119,FRAME,489.279,358.812,3.129,3.9,162,200.0,,,
2026-09-08T03:56:18.414788,23,6120,FRAME,492.408,362.713,3.129,3.9,162,200.0,,,
2026-09-08T03:56:18.430824,23,6121,FRAME,495.537,366.613,3.129,3.9,162,200.0,,,
2026-09-08T03:56:18.447440,23,6122,FRAME,498.666,370.513,3.129,3.9,162,200.0,,,
2026-09-08T03:56:18.464092,23,6123,FRAME,501.794,374.413,3.129,3.9,162,200.0,,,
2026-09-08T03:56:18.480258,23,6124,FRAME,504.923,378.313,3.129,3.9,162,200.0,,,
2026-09-08T03:56:18.497336,23,6125,FRAME,508.052,382.213,3.129,3.9,162,200.0,,,
2026-09-08T03:56:18.514991,23,6126,FRAME,511.181,386.113,3.129,3.9,162,200.0,,,
2026-09-08T03:56:18.531485,23,6127,FRAME,514.309,390.014,3.129,3.9,162,200.0,,,
2026-09-08T03:56:18.547640,23,6128,FRAME,517.438,393.914,3.129,3.9,162,200.0,,,
2026-09-08T03:56:18.564339,23,6129,FRAME,520.567,397.814,3.129,3.9,162,200.0,,,
2026-09-08T03:56:18.581263,23,6130,FRAME,523.695,401.714,3.129,3.9,162,200.0,,,
2026-09-08T03:56:18.597467,23,6131,FRAME,526.824,405.614,3.129,3.9,162,200.0,,,
2026-09-08T03:56:18.614336,23,6132,FRAME,529.953,409.514,3.129,3.9,162,200.0,,,
2026-09-08T03:56:18.631349,23,6133,FRAME,533.082,413.414,3.129,3.9,162,200.0,,,
2026-09-08T03:56:18.647985,23,6134,FRAME,536.21,417.315,3.129,3.9,162,200.0,,,
2026-09-08T03:56:18.664220,23,6135,FRAME,539.339,421.215,3.129,3.9,162,200.0,,,
2026-09-08T03:56:18.680373,23,6136,FRAME,542.468,425.115,3.129,3.9,162,200.0,,,
2026-09-08T03:56:18.697448,23,6137,FRAME,545.597,429.015,3.129,3.9,162,200.0,,,
2026-09-08T03:56:18.713980,23,6138,FRAME,548.725,432.915,3.129,3.9,162,200.0,,,
2026-09-08T03:56:18.730102,23,6139,FRAME,551.854,436.815,3.129,3.9,162,200.0,,,
2026-09-08T03:56:18.746240,23,6140,FRAME,554.983,440.715,3.129,3.9,155,200.0,,,
2026-09-08T03:56:18.762785,23,6141,FRAME,558.111,444.615,3.129,3.9,148,200.0,,,
2026-09-08T03:56:18.779073,23,6142,FRAME,561.24,448.516,3.129,3.9,141,200.0,,,
2026-09-08T03:56:18.795300,23,6143,FRAME,564.369,452.416,3.129,3.9,134,200.0,,,
2026-09-08T03:56:18.812173,23,6144,FRAME,567.498,456.316,3.129,3.9,127,200.0,,,
2026-09-08T03:56:18.829221,23,6145,FRAME,570.626,460.216,3.129,3.9,120,200.0,,,
2026-09-08T03:56:18.846489,23,6146,FRAME,573.755,464.116,3.129,3.9,113,200.0,,,
2026-09-08T03:56:18.863991,23,6147,FRAME,576.884,468.016,3.129,3.9,106,200.0,,,
2026-09-08T03:56:18.879794,23,6148,FRAME,580.013,471.916,3.129,3.9,99,200.0,,,
2026-09-08T03:56:18.895612,23,6149,FRAME,583.141,475.817,3.129,3.9,92,200.0,,,
2026-09-08T03:56:18.912135,23,6150,FRAME,586.27,479.717,3.129,3.9,85,200.0,,,
2026-09-08T03:56:18.929174,23,6151,FRAME,589.399,483.617,3.129,3.9,78,200.0,,,
2026-09-08T03:56:18.946214,23,6152,FRAME,592.527,487.517,3.129,3.9,71,200.0,,,
2026-09-08T03:56:18.962534,23,6153,WALL_BOUNCE,595.656,488,3.129,-3.9,71,200.0,,,
2026-09-08T03:56:18.962534,23,6154,FRAME,595.656,488,3.129,-3.9,71,200.0,,,
2026-09-08T03:56:18.978593,23,6155,FRAME,598.785,484.1,3.129,-3.9,71,200.0,,,
2026-09-08T03:56:18.994635,23,6156,FRAME,601.914,480.2,3.129,-3.9,71,200.0,,,
2026-09-08T03:56:19.011164,23,6157,FRAME,605.042,476.3,3.129,-3.9,71,200.0,,,
2026-09-08T03:56:19.028597,23,6158,FRAME,608.171,472.399,3.129,-3.9,71,200.0,,,
2026-09-08T03:56:19.045233,23,6159,FRAME,611.3,468.499,3.129,-3.9,71,200.0,,,
2026-09-08T03:56:19.061648,23,6160,FRAME,614.429,464.599,3.129,-3.9,71,200.0,,,
2026-09-08T03:56:19.078099,23,6161,FRAME,617.557,460.699,3.129,-3.9,71,200.0,,,
2026-09-08T03:56:19.095208,23,6162,FRAME,620.686,456.799,3.129,-3.9,78,200.0,,,
2026-09-08T03:56:19.112726,23,6163,FRAME,623.815,452.899,3.129,-3.9,85,200.0,,,
2026-09-08T03:56:19.129566,23,6164,FRAME,626.943,448.999,3.129,-3.9,92,200.0,,,
2026-09-08T03:56:19.146130,23,6165,FRAME,630.072,445.099,3.129,-3.9,99,200.0,,,
2026-09-08T03:56:19.162646,23,6166,FRAME,633.201,441.198,3.129,-3.9,106,200.0,,,
2026-09-08T03:56:19.179523,23,6167,FRAME,636.33,437.298,3.129,-3.9,113,200.0,,,
2026-09-08T03:56:19.196559,23,6168,FRAME,639.458,433.398,3.129,-3.9,120,200.0,,,
2026-09-08T03:56:19.214080,23,6169,FRAME,642.587,429.498,3.129,-3.9,127,200.0,,,
2026-09-08T03:56:19.230666,23,6170,FRAME,645.716,425.598,3.129,-3.9,134,200.0,,,
2026-09-08T03:56:19.247314,23,6171,FRAME,648.845,421.698,3.129,-3.9,141,200.0,,,
2026-09-08T03:56:19.264345,23,6172,FRAME,651.973,417.798,3.129,-3.9,148,200.0,,,
2026-09-08T03:56:19.281394,23,6173,FRAME,655.102,413.897,3.129,-3.9,155,200.0,,,
2026-09-08T03:56:19.298463,23,6174,FRAME,658.231,409.997,3.129,-3.9,162,200.0,,,
2026-09-08T03:56:19.314505,23,6175,FRAME,661.359,406.097,3.129,-3.9,169,200.0,,,
2026-09-08T03:56:19.331395,23,6176,FRAME,664.488,402.197,3.129,-3.9,176,200.0,,,
2026-09-08T03:56:19.347426,23,6177,FRAME,667.617,398.297,3.129,-3.9,183,200.0,,,
2026-09-08T03:56:19.363956,23,6178,FRAME,670.746,394.397,3.129,-3.9,190,200.0,,,
2026-09-08T03:56:19.380003,23,6179,FRAME,673.874,390.497,3.129,-3.9,197,200.0,,,
2026-09-08T03:56:19.396243,23,6180,FRAME,677.003,386.596,3.129,-3.9,204,200.0,,,
2026-09-08T03:56:19.415276,23,6181,FRAME,680.132,382.696,3.129,-3.9,204,200.0,,,
2026-09-08T03:56:19.431337,23,6182,FRAME,683.261,378.796,3.129,-3.9,204,200.0,,,
2026-09-08T03:56:19.448612,23,6183,FRAME,686.389,374.896,3.129,-3.9,204,200.0,,,
2026-09-08T03:56:19.464989,23,6184,FRAME,689.518,370.996,3.129,-3.9,204,200.0,,,
2026-09-08T03:56:19.481509,23,6185,FRAME,692.647,367.096,3.129,-3.9,204,200.0,,,
2026-09-08T03:56:19.498185,23,6186,FRAME,695.776,363.196,3.129,-3.9,204,200.0,,,
2026-09-08T03:56:19.514838,23,6187,FRAME,698.904,359.296,3.129,-3.9,204,200.0,,,
2026-09-08T03:56:19.531106,23,6188,FRAME,702.033,355.395,3.129,-3.9,204,200.0,,,
2026-09-08T03:56:19.547200,23,6189,FRAME,705.162,351.495,3.129,-3.9,204,200.0,,,
2026-09-08T03:56:19.564251,23,6190,FRAME,708.29,347.595,3.129,-3.9,204,200.0,,,
2026-09-08T03:56:19.580788,23,6191,FRAME,711.419,343.695,3.129,-3.9,204,200.0,,,
2026-09-08T03:56:19.596846,23,6192,FRAME,714.548,339.795,3.129,-3.9,204,200.0,,,
2026-09-08T03:56:19.613376,23,6193,FRAME,717.677,335.895,3.129,-3.9,204,200.0,,,
2026-09-08T03:56:19.630490,23,6194,FRAME,720.805,331.995,3.129,-3.9,204,200.0,,,
2026-09-08T03:56:19.646532,23,6195,FRAME,723.934,328.094,3.129,-3.9,204,200.0,,,
2026-09-08T03:56:19.663061,23,6196,FRAME,727.063,324.194,3.129,-3.9,204,200.0,,,
2026-09-08T03:56:19.678794,23,6197,FRAME,730.192,320.294,3.129,-3.9,204,200.0,,,
2026-09-08T03:56:19.694831,23,6198,FRAME,733.32,316.394,3.129,-3.9,204,200.0,,,
2026-09-08T03:56:19.711359,23,6199,FRAME,736.449,312.494,3.129,-3.9,204,200.0,,,
2026-09-08T03:56:19.728474,23,6200,FRAME,739.578,308.594,3.129,-3.9,204,200.0,,,
2026-09-08T03:56:19.745260,23,6201,FRAME,742.706,304.694,3.129,-3.9,204,200.0,,,
2026-09-08T03:56:19.762791,23,6202,FRAME,745.835,300.793,3.129,-3.9,204,200.0,,,
2026-09-08T03:56:19.779433,23,6203,RIGHT_HIT,743,296.893,-2.5,4.33,204,200.0,1,60.0,
2026-09-08T03:56:19.779433,23,6204,FRAME,743,296.893,-2.5,4.33,204,200.0,,,
2026-09-08T03:56:19.796173,23,6205,FRAME,740.5,301.223,-2.5,4.33,211,200.0,,,
2026-09-08T03:56:19.812694,23,6206,FRAME,738.0,305.554,-2.5,4.33,218,200.0,,,
2026-09-08T03:56:19.829239,23,6207,FRAME,735.5,309.884,-2.5,4.33,225,200.0,,,
2026-09-08T03:56:19.845811,23,6208,FRAME,733.0,314.214,-2.5,4.33,232,200.0,,,
2026-09-08T03:56:19.862343,23,6209,FRAME,730.5,318.544,-2.5,4.33,239,200.0,,,
2026-09-08T03:56:19.878981,23,6210,FRAME,728.0,322.874,-2.5,4.33,246,200.0,,,
2026-09-08T03:56:19.894688,23,6211,FRAME,725.5,327.204,-2.5,4.33,253,200.0,,,
2026-09-08T03:56:19.911203,23,6212,FRAME,723.0,331.534,-2.5,4.33,260,200.0,,,
2026-09-08T03:56:19.927591,23,6213,FRAME,720.5,335.864,-2.5,4.33,267,200.0,,,
2026-09-08T03:56:19.944108,23,6214,FRAME,718.0,340.195,-2.5,4.33,274,200.0,,,
2026-09-08T03:56:19.959936,23,6215,FRAME,715.5,344.525,-2.5,4.33,281,200.0,,,
2026-09-08T03:56:19.975698,23,6216,FRAME,713.0,348.855,-2.5,4.33,288,200.0,,,
2026-09-08T03:56:19.992451,23,6217,FRAME,710.5,353.185,-2.5,4.33,295,200.0,,,
2026-09-08T03:56:20.009240,23,6218,FRAME,708.0,357.515,-2.5,4.33,295,200.0,,,
2026-09-08T03:56:20.026228,23,6219,FRAME,705.5,361.845,-2.5,4.33,295,200.0,,,
2026-09-08T03:56:20.042925,23,6220,FRAME,703.0,366.175,-2.5,4.33,295,200.0,,,
2026-09-08T03:56:20.059245,23,6221,FRAME,700.5,370.506,-2.5,4.33,295,200.0,,,
2026-09-08T03:56:20.076464,23,6222,FRAME,698.0,374.836,-2.5,4.33,295,200.0,,,
2026-09-08T03:56:20.094169,23,6223,FRAME,695.5,379.166,-2.5,4.33,295,200.0,,,
2026-09-08T03:56:20.110978,23,6224,FRAME,693.0,383.496,-2.5,4.33,295,200.0,,,
2026-09-08T03:56:20.127979,23,6225,FRAME,690.5,387.826,-2.5,4.33,295,200.0,,,
2026-09-08T03:56:20.144053,23,6226,FRAME,688.0,392.156,-2.5,4.33,295,200.0,,,
2026-09-08T03:56:20.159889,23,6227,FRAME,685.5,396.486,-2.5,4.33,295,200.0,,,
2026-09-08T03:56:20.176282,23,6228,FRAME,683.0,400.816,-2.5,4.33,295,200.0,,,
2026-09-08T03:56:20.192759,23,6229,FRAME,680.5,405.147,-2.5,4.33,295,200.0,,,
2026-09-08T03:56:20.209002,23,6230,FRAME,678.0,409.477,-2.5,4.33,295,200.0,,,
2026-09-08T03:56:20.225413,23,6231,FRAME,675.5,413.807,-2.5,4.33,295,200.0,,,
2026-09-08T03:56:20.242195,23,6232,FRAME,673.0,418.137,-2.5,4.33,295,200.0,,,
2026-09-08T03:56:20.259546,23,6233,FRAME,670.5,422.467,-2.5,4.33,295,200.0,,,
2026-09-08T03:56:20.275920,23,6234,FRAME,668.0,426.797,-2.5,4.33,295,200.0,,,
2026-09-08T03:56:20.292235,23,6235,FRAME,665.5,431.127,-2.5,4.33,295,200.0,,,
2026-09-08T03:56:20.310002,23,6236,FRAME,663.0,435.457,-2.5,4.33,295,200.0,,,
2026-09-08T03:56:20.326316,23,6237,FRAME,660.5,439.788,-2.5,4.33,295,200.0,,,
2026-09-08T03:56:20.343982,23,6238,FRAME,658.0,444.118,-2.5,4.33,295,200.0,,,
2026-09-08T03:56:20.360637,23,6239,FRAME,655.5,448.448,-2.5,4.33,295,200.0,,,
2026-09-08T03:56:20.376775,23,6240,FRAME,653.0,452.778,-2.5,4.33,295,200.0,,,
2026-09-08T03:56:20.393007,23,6241,FRAME,650.5,457.108,-2.5,4.33,295,200.0,,,
2026-09-08T03:56:20.409710,23,6242,FRAME,648.0,461.438,-2.5,4.33,295,200.0,,,
2026-09-08T03:56:20.426140,23,6243,FRAME,645.5,465.768,-2.5,4.33,295,200.0,,,
2026-09-08T03:56:20.442412,23,6244,FRAME,643.0,470.098,-2.5,4.33,295,200.0,,,
2026-09-08T03:56:20.458929,23,6245,FRAME,640.5,474.429,-2.5,4.33,295,200.0,,,
2026-09-08T03:56:20.475328,23,6246,FRAME,638.0,478.759,-2.5,4.33,295,200.0,,,
2026-09-08T03:56:20.492926,23,6247,FRAME,635.5,483.089,-2.5,4.33,295,200.0,,,
2026-09-08T03:56:20.509322,23,6248,FRAME,633.0,487.419,-2.5,4.33,295,200.0,,,
2026-09-08T03:56:20.525378,23,6249,WALL_BOUNCE,630.5,488,-2.5,-4.33,295,200.0,,,
2026-09-08T03:56:20.525378,23,6250,FRAME,630.5,488,-2.5,-4.33,295,200.0,,,
2026-09-08T03:56:20.541423,23,6251,FRAME,628.0,483.67,-2.5,-4.33,295,200.0,,,
2026-09-08T03:56:20.557352,23,6252,FRAME,625.5,479.34,-2.5,-4.33,295,200.0,,,
2026-09-08T03:56:20.574338,23,6253,FRAME,623.0,475.01,-2.5,-4.33,295,200.0,,,
2026-09-08T03:56:20.591346,23,6254,FRAME,620.5,470.679,-2.5,-4.33,295,200.0,,,
2026-09-08T03:56:20.608280,23,6255,FRAME,618.0,466.349,-2.5,-4.33,295,200.0,,,
2026-09-08T03:56:20.624986,23,6256,FRAME,615.5,462.019,-2.5,-4.33,295,200.0,,,
2026-09-08T03:56:20.641045,23,6257,FRAME,613.0,457.689,-2.5,-4.33,295,200.0,,,
2026-09-08T03:56:20.657625,23,6258,FRAME,610.5,453.359,-2.5,-4.33,295,200.0,,,
2026-09-08T03:56:20.674316,23,6259,FRAME,608.0,449.029,-2.5,-4.33,295,200.0,,,
2026-09-08T03:56:20.690990,23,6260,FRAME,605.5,444.699,-2.5,-4.33,295,200.0,,,
2026-09-08T03:56:20.706833,23,6261,FRAME,603.0,440.369,-2.5,-4.33,295,200.0,,,
2026-09-08T03:56:20.722777,23,6262,FRAME,600.5,436.038,-2.5,-4.33,295,200.0,,,
2026-09-08T03:56:20.739173,23,6263,FRAME,598.0,431.708,-2.5,-4.33,288,200.0,,,
2026-09-08T03:56:20.756225,23,6264,FRAME,595.5,427.378,-2.5,-4.33,281,200.0,,,
2026-09-08T03:56:20.774135,23,6265,FRAME,593.0,423.048,-2.5,-4.33,274,200.0,,,
2026-09-08T03:56:20.791723,23,6266,FRAME,590.5,418.718,-2.5,-4.33,267,200.0,,,
2026-09-08T03:56:20.808149,23,6267,FRAME,588.0,414.388,-2.5,-4.33,260,200.0,,,
2026-09-08T03:56:20.824491,23,6268,FRAME,585.5,410.058,-2.5,-4.33,253,200.0,,,
2026-09-08T03:56:20.841693,23,6269,FRAME,583.0,405.728,-2.5,-4.33,246,200.0,,,
2026-09-08T03:56:20.858234,23,6270,FRAME,580.5,401.397,-2.5,-4.33,239,200.0,,,
2026-09-08T03:56:20.874857,23,6271,FRAME,578.0,397.067,-2.5,-4.33,232,200.0,,,
2026-09-08T03:56:20.891526,23,6272,FRAME,575.5,392.737,-2.5,-4.33,225,200.0,,,
2026-09-08T03:56:20.907647,23,6273,FRAME,573.0,388.407,-2.5,-4.33,218,200.0,,,
2026-09-08T03:56:20.924201,23,6274,FRAME,570.5,384.077,-2.5,-4.33,211,200.0,,,
2026-09-08T03:56:20.941392,23,6275,FRAME,568.0,379.747,-2.5,-4.33,211,200.0,,,
2026-09-08T03:56:20.958256,23,6276,FRAME,565.5,375.417,-2.5,-4.33,211,200.0,,,
2026-09-08T03:56:20.974247,23,6277,FRAME,563.0,371.087,-2.5,-4.33,211,200.0,,,
2026-09-08T03:56:20.991023,23,6278,FRAME,560.5,366.756,-2.5,-4.33,211,200.0,,,
2026-09-08T03:56:21.006949,23,6279,FRAME,558.0,362.426,-2.5,-4.33,211,200.0,,,
2026-09-08T03:56:21.023220,23,6280,FRAME,555.5,358.096,-2.5,-4.33,211,200.0,,,
2026-09-08T03:56:21.040116,23,6281,FRAME,553.0,353.766,-2.5,-4.33,211,200.0,,,
2026-09-08T03:56:21.055988,23,6282,FRAME,550.5,349.436,-2.5,-4.33,211,200.0,,,
2026-09-08T03:56:21.073023,23,6283,FRAME,548.0,345.106,-2.5,-4.33,211,200.0,,,
2026-09-08T03:56:21.088875,23,6284,FRAME,545.5,340.776,-2.5,-4.33,211,200.0,,,
2026-09-08T03:56:21.105019,23,6285,FRAME,543.0,336.446,-2.5,-4.33,211,200.0,,,
2026-09-08T03:56:21.122297,23,6286,FRAME,540.5,332.115,-2.5,-4.33,211,200.0,,,
2026-09-08T03:56:21.139253,23,6287,FRAME,538.0,327.785,-2.5,-4.33,204,200.0,,,
2026-09-08T03:56:21.156472,23,6288,FRAME,535.5,323.455,-2.5,-4.33,197,200.0,,,
2026-09-08T03:56:21.172331,23,6289,FRAME,533.0,319.125,-2.5,-4.33,190,200.0,,,
2026-09-08T03:56:21.188319,23,6290,FRAME,530.5,314.795,-2.5,-4.33,183,200.0,,,
2026-09-08T03:56:21.204440,23,6291,FRAME,528.0,310.465,-2.5,-4.33,176,200.0,,,
2026-09-08T03:56:21.222270,23,6292,FRAME,525.5,306.135,-2.5,-4.33,169,200.0,,,
2026-09-08T03:56:21.239149,23,6293,FRAME,523.0,301.805,-2.5,-4.33,162,200.0,,,
2026-09-08T03:56:21.256476,23,6294,FRAME,520.5,297.474,-2.5,-4.33,155,200.0,,,
2026-09-08T03:56:21.273210,23,6295,FRAME,518.0,293.144,-2.5,-4.33,148,200.0,,,
2026-09-08T03:56:21.290112,23,6296,FRAME,515.5,288.814,-2.5,-4.33,141,200.0,,,
2026-09-08T03:56:21.306367,23,6297,FRAME,513.0,284.484,-2.5,-4.33,134,200.0,,,
2026-09-08T03:56:21.322425,23,6298,FRAME,510.5,280.154,-2.5,-4.33,127,200.0,,,
2026-09-08T03:56:21.338949,23,6299,FRAME,508.0,275.824,-2.5,-4.33,120,200.0,,,
2026-09-08T03:56:21.354881,23,6300,FRAME,505.5,271.494,-2.5,-4.33,113,200.0,,,
2026-09-08T03:56:21.371159,23,6301,FRAME,503.0,267.164,-2.5,-4.33,106,200.0,,,
2026-09-08T03:56:21.387912,23,6302,FRAME,500.5,262.833,-2.5,-4.33,99,200.0,,,
2026-09-08T03:56:21.403985,23,6303,FRAME,498.0,258.503,-2.5,-4.33,92,200.0,,,
2026-09-08T03:56:21.420460,23,6304,FRAME,495.5,254.173,-2.5,-4.33,85,200.0,,,
2026-09-08T03:56:21.437437,23,6305,FRAME,493.0,249.843,-2.5,-4.33,78,200.0,,,
2026-09-08T03:56:21.454373,23,6306,FRAME,490.5,245.513,-2.5,-4.33,71,200.0,,,
2026-09-08T03:56:21.471335,23,6307,FRAME,488.0,241.183,-2.5,-4.33,64,200.0,,,
2026-09-08T03:56:21.488088,23,6308,FRAME,485.5,236.853,-2.5,-4.33,57,200.0,,,
2026-09-08T03:56:21.503277,23,6309,FRAME,483.0,232.523,-2.5,-4.33,50,200.0,,,
2026-09-08T03:56:21.519422,23,6310,FRAME,480.5,228.192,-2.5,-4.33,43,200.0,,,
2026-09-08T03:56:21.536195,23,6311,FRAME,478.0,223.862,-2.5,-4.33,36,200.0,,,
2026-09-08T03:56:21.552413,23,6312,FRAME,475.5,219.532,-2.5,-4.33,29,200.0,,,
2026-09-08T03:56:21.568685,23,6313,FRAME,473.0,215.202,-2.5,-4.33,22,200.0,,,
2026-09-08T03:56:21.585452,23,6314,FRAME,470.5,210.872,-2.5,-4.33,15,200.0,,,
2026-09-08T03:56:21.602469,23,6315,FRAME,468.0,206.542,-2.5,-4.33,8,200.0,,,
2026-09-08T03:56:21.619912,23,6316,FRAME,465.5,202.212,-2.5,-4.33,1,200.0,,,
2026-09-08T03:56:21.636099,23,6317,FRAME,463.0,197.881,-2.5,-4.33,0,200.0,,,
2026-09-08T03:56:21.651915,23,6318,FRAME,460.5,193.551,-2.5,-4.33,0,200.0,,,
2026-09-08T03:56:21.669480,23,6319,FRAME,458.0,189.221,-2.5,-4.33,0,200.0,,,
2026-09-08T03:56:21.685491,23,6320,FRAME,455.5,184.891,-2.5,-4.33,0,200.0,,,
2026-09-08T03:56:21.702064,23,6321,FRAME,453.0,180.561,-2.5,-4.33,0,200.0,,,
2026-09-08T03:56:21.718247,23,6322,FRAME,450.5,176.231,-2.5,-4.33,0,200.0,,,
2026-09-08T03:56:21.735158,23,6323,FRAME,448.0,171.901,-2.5,-4.33,0,200.0,,,
2026-09-08T03:56:21.751968,23,6324,FRAME,445.5,167.571,-2.5,-4.33,0,200.0,,,
2026-09-08T03:56:21.768217,23,6325,FRAME,443.0,163.24,-2.5,-4.33,0,200.0,,,
2026-09-08T03:56:21.785400,23,6326,FRAME,440.5,158.91,-2.5,-4.33,0,200.0,,,
2026-09-08T03:56:21.802197,23,6327,FRAME,438.0,154.58,-2.5,-4.33,0,200.0,,,
2026-09-08T03:56:21.818450,23,6328,FRAME,435.5,150.25,-2.5,-4.33,0,200.0,,,
2026-09-08T03:56:21.835212,23,6329,FRAME,433.0,145.92,-2.5,-4.33,0,200.0,,,
2026-09-08T03:56:21.851683,23,6330,FRAME,430.5,141.59,-2.5,-4.33,0,200.0,,,
2026-09-08T03:56:21.867824,23,6331,FRAME,428.0,137.26,-2.5,-4.33,0,200.0,,,
2026-09-08T03:56:21.884388,23,6332,FRAME,425.5,132.93,-2.5,-4.33,0,200.0,,,
2026-09-08T03:56:21.901165,23,6333,FRAME,423.0,128.599,-2.5,-4.33,0,200.0,,,
2026-09-08T03:56:21.919744,23,6334,FRAME,420.5,124.269,-2.5,-4.33,0,200.0,,,
2026-09-08T03:56:21.935189,23,6335,FRAME,418.0,119.939,-2.5,-4.33,0,200.0,,,
2026-09-08T03:56:21.952407,23,6336,FRAME,415.5,115.609,-2.5,-4.33,0,200.0,,,
2026-09-08T03:56:21.969094,23,6337,FRAME,413.0,111.279,-2.5,-4.33,0,200.0,,,
2026-09-08T03:56:21.985328,23,6338,FRAME,410.5,106.949,-2.5,-4.33,0,200.0,,,
2026-09-08T03:56:22.002084,23,6339,FRAME,408.0,102.619,-2.5,-4.33,0,200.0,,,
2026-09-08T03:56:22.017231,23,6340,FRAME,405.5,98.289,-2.5,-4.33,0,200.0,,,
2026-09-08T03:56:22.034199,23,6341,FRAME,403.0,93.958,-2.5,-4.33,0,200.0,,,
2026-09-08T03:56:22.050403,23,6342,FRAME,400.5,89.628,-2.5,-4.33,0,200.0,,,
2026-09-08T03:56:22.067014,23,6343,FRAME,398.0,85.298,-2.5,-4.33,0,200.0,,,
2026-09-08T03:56:22.084067,23,6344,FRAME,395.5,80.968,-2.5,-4.33,0,200.0,,,
2026-09-08T03:56:22.100016,23,6345,FRAME,393.0,76.638,-2.5,-4.33,0,200.0,,,
2026-09-08T03:56:22.116288,23,6346,FRAME,390.5,72.308,-2.5,-4.33,0,200.0,,,
2026-09-08T03:56:22.132606,23,6347,FRAME,388.0,67.978,-2.5,-4.33,0,200.0,,,
2026-09-08T03:56:22.149550,23,6348,FRAME,385.5,63.648,-2.5,-4.33,0,200.0,,,
2026-09-08T03:56:22.165456,23,6349,FRAME,383.0,59.317,-2.5,-4.33,0,200.0,,,
2026-09-08T03:56:22.181479,23,6350,FRAME,380.5,54.987,-2.5,-4.33,0,200.0,,,
2026-09-08T03:56:22.197736,23,6351,FRAME,378.0,50.657,-2.5,-4.33,0,200.0,,,
2026-09-08T03:56:22.214306,23,6352,FRAME,375.5,46.327,-2.5,-4.33,0,200.0,,,
2026-09-08T03:56:22.230471,23,6353,FRAME,373.0,41.997,-2.5,-4.33,0,200.0,,,
2026-09-08T03:56:22.247287,23,6354,FRAME,370.5,37.667,-2.5,-4.33,0,200.0,,,
2026-09-08T03:56:22.264168,23,6355,FRAME,368.0,33.337,-2.5,-4.33,0,200.0,,,
2026-09-08T03:56:22.281303,23,6356,FRAME,365.5,29.007,-2.5,-4.33,0,200.0,,,
2026-09-08T03:56:22.298697,23,6357,FRAME,363.0,24.676,-2.5,-4.33,0,200.0,,,
2026-09-08T03:56:22.315526,23,6358,FRAME,360.5,20.346,-2.5,-4.33,0,200.0,,,
2026-09-08T03:56:22.332221,23,6359,FRAME,358.0,16.016,-2.5,-4.33,0,200.0,,,
2026-09-08T03:56:22.349193,23,6360,FRAME,355.5,11.686,-2.5,-4.33,0,200.0,,,
2026-09-08T03:56:22.366444,23,6361,FRAME,353.0,7.356,-2.5,-4.33,0,200.0,,,
2026-09-08T03:56:22.383134,23,6362,FRAME,350.5,3.026,-2.5,-4.33,0,200.0,,,
2026-09-08T03:56:22.399137,23,6363,WALL_BOUNCE,348.0,0,-2.5,4.33,0,200.0,,,
2026-09-08T03:56:22.399137,23,6364,FRAME,348.0,0,-2.5,4.33,0,200.0,,,
2026-09-08T03:56:22.416427,23,6365,FRAME,345.5,4.33,-2.5,4.33,0,200.0,,,
2026-09-08T03:56:22.432748,23,6366,FRAME,343.0,8.66,-2.5,4.33,0,200.0,,,
2026-09-08T03:56:22.449109,23,6367,FRAME,340.5,12.99,-2.5,4.33,0,200.0,,,
2026-09-08T03:56:22.465407,23,6368,FRAME,338.0,17.321,-2.5,4.33,0,200.0,,,
2026-09-08T03:56:22.482515,23,6369,FRAME,335.5,21.651,-2.5,4.33,7,200.0,,,
2026-09-08T03:56:22.498788,23,6370,FRAME,333.0,25.981,-2.5,4.33,14,200.0,,,
2026-09-08T03:56:22.515231,23,6371,FRAME,330.5,30.311,-2.5,4.33,21,200.0,,,
2026-09-08T03:56:22.532398,23,6372,FRAME,328.0,34.641,-2.5,4.33,28,200.0,,,
2026-09-08T03:56:22.549443,23,6373,FRAME,325.5,38.971,-2.5,4.33,35,200.0,,,
2026-09-08T03:56:22.566436,23,6374,FRAME,323.0,43.301,-2.5,4.33,42,200.0,,,
2026-09-08T03:56:22.583157,23,6375,FRAME,320.5,47.631,-2.5,4.33,49,200.0,,,
2026-09-08T03:56:22.600213,23,6376,FRAME,318.0,51.962,-2.5,4.33,56,200.0,,,
2026-09-08T03:56:22.617534,23,6377,FRAME,315.5,56.292,-2.5,4.33,63,200.0,,,
2026-09-08T03:56:22.633985,23,6378,FRAME,313.0,60.622,-2.5,4.33,70,200.0,,,
2026-09-08T03:56:22.652817,23,6379,FRAME,310.5,64.952,-2.5,4.33,70,200.0,,,
2026-09-08T03:56:22.668720,23,6380,FRAME,308.0,69.282,-2.5,4.33,70,200.0,,,
2026-09-08T03:56:22.685271,23,6381,FRAME,305.5,73.612,-2.5,4.33,70,200.0,,,
2026-09-08T03:56:22.702361,23,6382,FRAME,303.0,77.942,-2.5,4.33,70,200.0,,,
2026-09-08T03:56:22.719227,23,6383,FRAME,300.5,82.272,-2.5,4.33,70,200.0,,,
2026-09-08T03:56:22.735307,23,6384,FRAME,298.0,86.603,-2.5,4.33,70,200.0,,,
2026-09-08T03:56:22.751532,23,6385,FRAME,295.5,90.933,-2.5,4.33,70,200.0,,,
2026-09-08T03:56:22.768615,23,6386,FRAME,293.0,95.263,-2.5,4.33,70,200.0,,,
2026-09-08T03:56:22.785601,23,6387,FRAME,290.5,99.593,-2.5,4.33,70,200.0,,,
2026-09-08T03:56:22.802376,23,6388,FRAME,288.0,103.923,-2.5,4.33,70,200.0,,,
2026-09-08T03:56:22.819178,23,6389,FRAME,285.5,108.253,-2.5,4.33,70,200.0,,,
2026-09-08T03:56:22.836669,23,6390,FRAME,283.0,112.583,-2.5,4.33,70,200.0,,,
2026-09-08T03:56:22.853394,23,6391,FRAME,280.5,116.913,-2.5,4.33,70,200.0,,,
2026-09-08T03:56:22.870239,23,6392,FRAME,278.0,121.244,-2.5,4.33,70,200.0,,,
2026-09-08T03:56:22.886294,23,6393,FRAME,275.5,125.574,-2.5,4.33,70,200.0,,,
2026-09-08T03:56:22.904398,23,6394,FRAME,273.0,129.904,-2.5,4.33,70,200.0,,,
2026-09-08T03:56:22.921927,23,6395,FRAME,270.5,134.234,-2.5,4.33,77,200.0,,,
2026-09-08T03:56:22.938506,23,6396,FRAME,268.0,138.564,-2.5,4.33,84,200.0,,,
2026-09-08T03:56:22.954457,23,6397,FRAME,265.5,142.894,-2.5,4.33,91,200.0,,,
2026-09-08T03:56:22.970808,23,6398,FRAME,263.0,147.224,-2.5,4.33,98,200.0,,,
2026-09-08T03:56:22.987988,23,6399,FRAME,260.5,151.554,-2.5,4.33,105,200.0,,,
2026-09-08T03:56:23.004235,23,6400,FRAME,258.0,155.885,-2.5,4.33,112,200.0,,,
2026-09-08T03:56:23.020557,23,6401,FRAME,255.5,160.215,-2.5,4.33,119,200.0,,,
2026-09-08T03:56:23.037461,23,6402,FRAME,253.0,164.545,-2.5,4.33,126,200.0,,,
2026-09-08T03:56:23.053422,23,6403,FRAME,250.5,168.875,-2.5,4.33,133,200.0,,,
2026-09-08T03:56:23.069701,23,6404,FRAME,248.0,173.205,-2.5,4.33,140,200.0,,,
2026-09-08T03:56:23.086420,23,6405,FRAME,245.5,177.535,-2.5,4.33,147,200.0,,,
2026-09-08T03:56:23.103479,23,6406,FRAME,243.0,181.865,-2.5,4.33,154,200.0,,,
2026-09-08T03:56:23.120166,23,6407,FRAME,240.5,186.195,-2.5,4.33,161,200.0,,,
2026-09-08T03:56:23.137451,23,6408,FRAME,238.0,190.526,-2.5,4.33,168,200.0,,,
2026-09-08T03:56:23.154264,23,6409,FRAME,235.5,194.856,-2.5,4.33,175,200.0,,,
2026-09-08T03:56:23.171226,23,6410,FRAME,233.0,199.186,-2.5,4.33,175,200.0,,,
2026-09-08T03:56:23.189141,23,6411,FRAME,230.5,203.516,-2.5,4.33,175,200.0,,,
2026-09-08T03:56:23.205056,23,6412,FRAME,228.0,207.846,-2.5,4.33,175,200.0,,,
2026-09-08T03:56:23.222395,23,6413,FRAME,225.5,212.176,-2.5,4.33,175,200.0,,,
2026-09-08T03:56:23.239136,23,6414,FRAME,223.0,216.506,-2.5,4.33,175,200.0,,,
2026-09-08T03:56:23.256105,23,6415,FRAME,220.5,220.836,-2.5,4.33,175,200.0,,,
2026-09-08T03:56:23.272460,23,6416,FRAME,218.0,225.167,-2.5,4.33,175,200.0,,,
2026-09-08T03:56:23.289582,23,6417,FRAME,215.5,229.497,-2.5,4.33,175,200.0,,,
2026-09-08T03:56:23.305424,23,6418,FRAME,213.0,233.827,-2.5,4.33,175,200.0,,,
2026-09-08T03:56:23.321610,23,6419,FRAME,210.5,238.157,-2.5,4.33,175,200.0,,,
2026-09-08T03:56:23.338888,23,6420,FRAME,208.0,242.487,-2.5,4.33,182,200.0,,,
2026-09-08T03:56:23.355312,23,6421,FRAME,205.5,246.817,-2.5,4.33,189,200.0,,,
2026-09-08T03:56:23.372489,23,6422,FRAME,203.0,251.147,-2.5,4.33,196,200.0,,,
2026-09-08T03:56:23.388341,23,6423,FRAME,200.5,255.477,-2.5,4.33,203,200.0,,,
2026-09-08T03:56:23.405208,23,6424,FRAME,198.0,259.808,-2.5,4.33,210,200.0,,,
2026-09-08T03:56:23.421876,23,6425,FRAME,195.5,264.138,-2.5,4.33,217,200.0,,,
2026-09-08T03:56:23.438340,23,6426,FRAME,193.0,268.468,-2.5,4.33,224,200.0,,,
2026-09-08T03:56:23.455555,23,6427,FRAME,190.5,272.798,-2.5,4.33,231,200.0,,,
2026-09-08T03:56:23.471707,23,6428,FRAME,188.0,277.128,-2.5,4.33,238,200.0,,,
2026-09-08T03:56:23.488337,23,6429,FRAME,185.5,281.458,-2.5,4.33,245,200.0,,,
2026-09-08T03:56:23.504504,23,6430,FRAME,183.0,285.788,-2.5,4.33,245,200.0,,,
2026-09-08T03:56:23.521216,23,6431,FRAME,180.5,290.119,-2.5,4.33,245,200.0,,,
2026-09-08T03:56:23.538419,23,6432,FRAME,178.0,294.449,-2.5,4.33,245,200.0,,,
2026-09-08T03:56:23.555216,23,6433,FRAME,175.5,298.779,-2.5,4.33,245,200.0,,,
2026-09-08T03:56:23.572082,23,6434,FRAME,173.0,303.109,-2.5,4.33,245,200.0,,,
2026-09-08T03:56:23.588915,23,6435,FRAME,170.5,307.439,-2.5,4.33,245,200.0,,,
2026-09-08T03:56:23.604984,23,6436,FRAME,168.0,311.769,-2.5,4.33,245,200.0,,,
2026-09-08T03:56:23.621524,23,6437,FRAME,165.5,316.099,-2.5,4.33,245,200.0,,,
2026-09-08T03:56:23.638496,23,6438,FRAME,163.0,320.429,-2.5,4.33,245,200.0,,,
2026-09-08T03:56:23.655939,23,6439,FRAME,160.5,324.76,-2.5,4.33,245,200.0,,,
2026-09-08T03:56:23.672084,23,6440,FRAME,158.0,329.09,-2.5,4.33,245,200.0,,,
2026-09-08T03:56:23.688269,23,6441,FRAME,155.5,333.42,-2.5,4.33,245,200.0,,,
2026-09-08T03:56:23.704342,23,6442,FRAME,153.0,337.75,-2.5,4.33,252,200.0,,,
2026-09-08T03:56:23.721449,23,6443,FRAME,150.5,342.08,-2.5,4.33,259,200.0,,,
2026-09-08T03:56:23.738444,23,6444,FRAME,148.0,346.41,-2.5,4.33,266,200.0,,,
2026-09-08T03:56:23.754392,23,6445,FRAME,145.5,350.74,-2.5,4.33,273,200.0,,,
2026-09-08T03:56:23.771225,23,6446,FRAME,143.0,355.07,-2.5,4.33,280,200.0,,,
2026-09-08T03:56:23.788088,23,6447,FRAME,140.5,359.401,-2.5,4.33,287,200.0,,,
2026-09-08T03:56:23.804090,23,6448,FRAME,138.0,363.731,-2.5,4.33,294,200.0,,,
2026-09-08T03:56:23.820159,23,6449,FRAME,135.5,368.061,-2.5,4.33,301,200.0,,,
2026-09-08T03:56:23.837455,23,6450,FRAME,133.0,372.391,-2.5,4.33,308,200.0,,,
2026-09-08T03:56:23.854313,23,6451,FRAME,130.5,376.721,-2.5,4.33,315,200.0,,,
2026-09-08T03:56:23.871023,23,6452,FRAME,128.0,381.051,-2.5,4.33,322,200.0,,,
2026-09-08T03:56:23.887240,23,6453,FRAME,125.5,385.381,-2.5,4.33,329,200.0,,,
2026-09-08T03:56:23.904364,23,6454,FRAME,123.0,389.711,-2.5,4.33,336,200.0,,,
2026-09-08T03:56:23.921038,23,6455,FRAME,120.5,394.042,-2.5,4.33,343,200.0,,,
2026-09-08T03:56:23.937098,23,6456,FRAME,118.0,398.372,-2.5,4.33,350,200.0,,,
2026-09-08T03:56:23.953338,23,6457,FRAME,115.5,402.702,-2.5,4.33,357,200.0,,,
2026-09-08T03:56:23.970229,23,6458,FRAME,113.0,407.032,-2.5,4.33,364,200.0,,,
2026-09-08T03:56:23.987687,23,6459,FRAME,110.5,411.362,-2.5,4.33,371,200.0,,,
2026-09-08T03:56:24.004266,23,6460,FRAME,108.0,415.692,-2.5,4.33,378,200.0,,,
2026-09-08T03:56:24.020474,23,6461,FRAME,105.5,420.022,-2.5,4.33,385,200.0,,,
2026-09-08T03:56:24.037553,23,6462,FRAME,103.0,424.352,-2.5,4.33,392,200.0,,,
2026-09-08T03:56:24.054053,23,6463,FRAME,100.5,428.683,-2.5,4.33,399,200.0,,,
2026-09-08T03:56:24.070413,23,6464,FRAME,98.0,433.013,-2.5,4.33,400,200.0,,,
2026-09-08T03:56:24.087982,23,6465,FRAME,95.5,437.343,-2.5,4.33,400,200.0,,,
2026-09-08T03:56:24.104420,23,6466,FRAME,93.0,441.673,-2.5,4.33,400,200.0,,,
2026-09-08T03:56:24.121074,23,6467,FRAME,90.5,446.003,-2.5,4.33,400,200.0,,,
2026-09-08T03:56:24.138972,23,6468,FRAME,88.0,450.333,-2.5,4.33,400,200.0,,,
2026-09-08T03:56:24.155046,23,6469,FRAME,85.5,454.663,-2.5,4.33,400,200.0,,,
2026-09-08T03:56:24.171577,23,6470,FRAME,83.0,458.993,-2.5,4.33,400,200.0,,,
2026-09-08T03:56:24.188180,23,6471,FRAME,80.5,463.324,-2.5,4.33,400,200.0,,,
2026-09-08T03:56:24.205097,23,6472,FRAME,78.0,467.654,-2.5,4.33,400,200.0,,,
2026-09-08T03:56:24.220866,23,6473,FRAME,75.5,471.984,-2.5,4.33,400,200.0,,,
2026-09-08T03:56:24.237289,23,6474,FRAME,73.0,476.314,-2.5,4.33,400,200.0,,,
2026-09-08T03:56:24.253592,23,6475,FRAME,70.5,480.644,-2.5,4.33,400,200.0,,,
2026-09-08T03:56:24.270010,23,6476,FRAME,68.0,484.974,-2.5,4.33,400,200.0,,,
2026-09-08T03:56:24.286257,23,6477,WALL_BOUNCE,65.5,488,-2.5,-4.33,400,200.0,,,
2026-09-08T03:56:24.286257,23,6478,FRAME,65.5,488,-2.5,-4.33,400,200.0,,,
2026-09-08T03:56:24.303169,23,6479,FRAME,63.0,483.67,-2.5,-4.33,400,200.0,,,
2026-09-08T03:56:24.320409,23,6480,FRAME,60.5,479.34,-2.5,-4.33,400,200.0,,,
2026-09-08T03:56:24.337234,23,6481,FRAME,58.0,475.01,-2.5,-4.33,400,200.0,,,
2026-09-08T03:56:24.355141,23,6482,FRAME,55.5,470.679,-2.5,-4.33,400,200.0,,,
2026-09-08T03:56:24.371801,23,6483,FRAME,53.0,466.349,-2.5,-4.33,393,200.0,,,
2026-09-08T03:56:24.388309,23,6484,FRAME,50.5,462.019,-2.5,-4.33,386,200.0,,,
2026-09-08T03:56:24.405244,23,6485,FRAME,48.0,457.689,-2.5,-4.33,379,200.0,,,
2026-09-08T03:56:24.422210,23,6486,FRAME,45.5,453.359,-2.5,-4.33,372,200.0,,,
2026-09-08T03:56:24.439057,23,6487,LEFT_HIT,45,449.029,3.343,3.718,365,200.0,0.801,48.035,
2026-09-08T03:56:24.439057,23,6488,FRAME,45,449.029,3.343,3.718,365,200.0,,,
2026-09-08T03:56:24.456345,23,6489,FRAME,48.343,452.747,3.343,3.718,358,200.0,,,
2026-09-08T03:56:24.473169,23,6490,FRAME,51.687,456.464,3.343,3.718,351,200.0,,,
2026-09-08T03:56:24.490373,23,6491,FRAME,55.03,460.182,3.343,3.718,344,200.0,,,
2026-09-08T03:56:24.506507,23,6492,FRAME,58.374,463.9,3.343,3.718,337,200.0,,,
2026-09-08T03:56:24.522695,23,6493,FRAME,61.717,467.618,3.343,3.718,330,200.0,,,
2026-09-08T03:56:24.539659,23,6494,FRAME,65.06,471.335,3.343,3.718,323,200.0,,,
2026-09-08T03:56:24.555978,23,6495,FRAME,68.404,475.053,3.343,3.718,316,200.0,,,
2026-09-08T03:56:24.573023,23,6496,FRAME,71.747,478.771,3.343,3.718,309,200.0,,,
2026-09-08T03:56:24.588453,23,6497,FRAME,75.091,482.489,3.343,3.718,302,200.0,,,
2026-09-08T03:56:24.606052,23,6498,FRAME,78.434,486.206,3.343,3.718,295,200.0,,,
2026-09-08T03:56:24.622811,23,6499,WALL_BOUNCE,81.777,488,3.343,-3.718,288,200.0,,,
2026-09-08T03:56:24.622811,23,6500,FRAME,81.777,488,3.343,-3.718,288,200.0,,,
2026-09-08T03:56:24.639724,23,6501,FRAME,85.121,484.282,3.343,-3.718,281,200.0,,,
2026-09-08T03:56:24.656337,23,6502,FRAME,88.464,480.565,3.343,-3.718,274,200.0,,,
2026-09-08T03:56:24.673209,23,6503,FRAME,91.808,476.847,3.343,-3.718,267,200.0,,,
2026-09-08T03:56:24.689434,23,6504,FRAME,95.151,473.129,3.343,-3.718,260,200.0,,,
2026-09-08T03:56:24.706472,23,6505,FRAME,98.495,469.411,3.343,-3.718,253,200.0,,,
2026-09-08T03:56:24.722995,23,6506,FRAME,101.838,465.694,3.343,-3.718,246,200.0,,,
2026-09-08T03:56:24.739156,23,6507,FRAME,105.181,461.976,3.343,-3.718,239,200.0,,,
2026-09-08T03:56:24.755314,23,6508,FRAME,108.525,458.258,3.343,-3.718,232,200.0,,,
2026-09-08T03:56:24.771893,23,6509,FRAME,111.868,454.54,3.343,-3.718,225,200.0,,,
2026-09-08T03:56:24.787645,23,6510,FRAME,115.212,450.823,3.343,-3.718,218,200.0,,,
2026-09-08T03:56:24.804033,23,6511,FRAME,118.555,447.105,3.343,-3.718,211,200.0,,,
2026-09-08T03:56:24.820611,23,6512,FRAME,121.898,443.387,3.343,-3.718,204,200.0,,,
2026-09-08T03:56:24.837556,23,6513,FRAME,125.242,439.669,3.343,-3.718,197,200.0,,,
2026-09-08T03:56:24.854124,23,6514,FRAME,128.585,435.952,3.343,-3.718,197,200.0,,,
2026-09-08T03:56:24.869910,23,6515,FRAME,131.929,432.234,3.343,-3.718,197,200.0,,,
2026-09-08T03:56:24.885401,23,6516,FRAME,135.272,428.516,3.343,-3.718,197,200.0,,,
2026-09-08T03:56:24.902598,23,6517,FRAME,138.615,424.798,3.343,-3.718,197,200.0,,,
2026-09-08T03:56:24.919154,23,6518,FRAME,141.959,421.081,3.343,-3.718,197,200.0,,,
2026-09-08T03:56:24.936420,23,6519,FRAME,145.302,417.363,3.343,-3.718,197,200.0,,,
2026-09-08T03:56:24.953120,23,6520,FRAME,148.646,413.645,3.343,-3.718,197,200.0,,,
2026-09-08T03:56:24.969224,23,6521,FRAME,151.989,409.927,3.343,-3.718,197,200.0,,,
2026-09-08T03:56:24.986950,23,6522,FRAME,155.332,406.21,3.343,-3.718,197,200.0,,,
2026-09-08T03:56:25.003107,23,6523,FRAME,158.676,402.492,3.343,-3.718,197,200.0,,,
2026-09-08T03:56:25.020410,23,6524,FRAME,162.019,398.774,3.343,-3.718,197,200.0,,,
2026-09-08T03:56:25.036546,23,6525,FRAME,165.363,395.056,3.343,-3.718,197,200.0,,,
2026-09-08T03:56:25.053090,23,6526,FRAME,168.706,391.339,3.343,-3.718,197,200.0,,,
2026-09-08T03:56:25.068948,23,6527,FRAME,172.049,387.621,3.343,-3.718,197,200.0,,,
2026-09-08T03:56:25.085021,23,6528,FRAME,175.393,383.903,3.343,-3.718,197,200.0,,,
2026-09-08T03:56:25.103027,23,6529,FRAME,178.736,380.185,3.343,-3.718,197,200.0,,,
2026-09-08T03:56:25.119979,23,6530,FRAME,182.08,376.468,3.343,-3.718,197,200.0,,,
2026-09-08T03:56:25.137335,23,6531,FRAME,185.423,372.75,3.343,-3.718,197,200.0,,,
2026-09-08T03:56:25.154159,23,6532,FRAME,188.766,369.032,3.343,-3.718,197,200.0,,,
2026-09-08T03:56:25.170444,23,6533,FRAME,192.11,365.314,3.343,-3.718,197,200.0,,,
2026-09-08T03:56:25.187216,23,6534,FRAME,195.453,361.597,3.343,-3.718,197,200.0,,,
2026-09-08T03:56:25.204250,23,6535,FRAME,198.797,357.879,3.343,-3.718,197,200.0,,,
2026-09-08T03:56:25.221556,23,6536,FRAME,202.14,354.161,3.343,-3.718,197,200.0,,,
2026-09-08T03:56:25.238424,23,6537,FRAME,205.484,350.443,3.343,-3.718,197,200.0,,,
2026-09-08T03:56:25.255131,23,6538,FRAME,208.827,346.726,3.343,-3.718,197,200.0,,,
2026-09-08T03:56:25.271558,23,6539,FRAME,212.17,343.008,3.343,-3.718,197,200.0,,,
2026-09-08T03:56:25.287635,23,6540,FRAME,215.514,339.29,3.343,-3.718,197,200.0,,,
2026-09-08T03:56:25.303492,23,6541,FRAME,218.857,335.572,3.343,-3.718,197,200.0,,,
2026-09-08T03:56:25.321099,23,6542,FRAME,222.201,331.855,3.343,-3.718,197,200.0,,,
2026-09-08T03:56:25.337251,23,6543,FRAME,225.544,328.137,3.343,-3.718,197,200.0,,,
2026-09-08T03:56:25.354363,23,6544,FRAME,228.887,324.419,3.343,-3.718,197,200.0,,,
2026-09-08T03:56:25.371397,23,6545,FRAME,232.231,320.701,3.343,-3.718,197,200.0,,,
2026-09-08T03:56:25.387415,23,6546,FRAME,235.574,316.984,3.343,-3.718,197,200.0,,,
2026-09-08T03:56:25.404168,23,6547,FRAME,238.918,313.266,3.343,-3.718,197,200.0,,,
2026-09-08T03:56:25.421164,23,6548,FRAME,242.261,309.548,3.343,-3.718,197,200.0,,,
2026-09-08T03:56:25.437944,23,6549,FRAME,245.604,305.83,3.343,-3.718,190,200.0,,,
2026-09-08T03:56:25.454257,23,6550,FRAME,248.948,302.113,3.343,-3.718,183,200.0,,,
2026-09-08T03:56:25.471250,23,6551,FRAME,252.291,298.395,3.343,-3.718,176,200.0,,,
2026-09-08T03:56:25.487317,23,6552,FRAME,255.635,294.677,3.343,-3.718,169,200.0,,,
2026-09-08T03:56:25.504168,23,6553,FRAME,258.978,290.959,3.343,-3.718,162,200.0,,,
2026-09-08T03:56:25.520662,23,6554,FRAME,262.321,287.242,3.343,-3.718,155,200.0,,,
2026-09-08T03:56:25.536503,23,6555,FRAME,265.665,283.524,3.343,-3.718,148,200.0,,,
2026-09-08T03:56:25.553069,23,6556,FRAME,269.008,279.806,3.343,-3.718,141,200.0,,,
2026-09-08T03:56:25.569442,23,6557,FRAME,272.352,276.089,3.343,-3.718,134,200.0,,,
2026-09-08T03:56:25.585985,23,6558,FRAME,275.695,272.371,3.343,-3.718,127,200.0,,,
2026-09-08T03:56:25.602650,23,6559,FRAME,279.038,268.653,3.343,-3.718,120,200.0,,,
2026-09-08T03:56:25.618533,23,6560,FRAME,282.382,264.935,3.343,-3.718,113,200.0,,,
2026-09-08T03:56:25.634532,23,6561,FRAME,285.725,261.218,3.343,-3.718,106,200.0,,,
2026-09-08T03:56:25.650831,23,6562,FRAME,289.069,257.5,3.343,-3.718,99,200.0,,,
2026-09-08T03:56:25.666425,23,6563,FRAME,292.412,253.782,3.343,-3.718,92,200.0,,,
2026-09-08T03:56:25.683417,23,6564,FRAME,295.756,250.064,3.343,-3.718,85,200.0,,,
2026-09-08T03:56:25.699756,23,6565,FRAME,299.099,246.347,3.343,-3.718,78,200.0,,,
2026-09-08T03:56:25.716236,23,6566,FRAME,302.442,242.629,3.343,-3.718,71,200.0,,,
2026-09-08T03:56:25.732966,23,6567,FRAME,305.786,238.911,3.343,-3.718,64,200.0,,,
2026-09-08T03:56:25.750044,23,6568,FRAME,309.129,235.193,3.343,-3.718,57,200.0,,,
2026-09-08T03:56:25.766369,23,6569,FRAME,312.473,231.476,3.343,-3.718,50,200.0,,,
2026-09-08T03:56:25.782752,23,6570,FRAME,315.816,227.758,3.343,-3.718,43,200.0,,,
2026-09-08T03:56:25.799515,23,6571,FRAME,319.159,224.04,3.343,-3.718,36,200.0,,,
2026-09-08T03:56:25.816118,23,6572,FRAME,322.503,220.322,3.343,-3.718,36,200.0,,,
2026-09-08T03:56:25.832876,23,6573,FRAME,325.846,216.605,3.343,-3.718,36,200.0,,,
2026-09-08T03:56:25.849385,23,6574,FRAME,329.19,212.887,3.343,-3.718,36,200.0,,,
2026-09-08T03:56:25.866416,23,6575,FRAME,332.533,209.169,3.343,-3.718,36,200.0,,,
2026-09-08T03:56:25.883014,23,6576,FRAME,335.876,205.451,3.343,-3.718,36,200.0,,,
2026-09-08T03:56:25.898723,23,6577,FRAME,339.22,201.734,3.343,-3.718,36,200.0,,,
2026-09-08T03:56:25.915559,23,6578,FRAME,342.563,198.016,3.343,-3.718,36,200.0,,,
2026-09-08T03:56:25.931514,23,6579,FRAME,345.907,194.298,3.343,-3.718,36,200.0,,,
2026-09-08T03:56:25.948200,23,6580,FRAME,349.25,190.58,3.343,-3.718,36,200.0,,,
2026-09-08T03:56:25.965277,23,6581,FRAME,352.593,186.863,3.343,-3.718,36,200.0,,,
2026-09-08T03:56:25.982469,23,6582,FRAME,355.937,183.145,3.343,-3.718,36,200.0,,,
2026-09-08T03:56:25.999233,23,6583,FRAME,359.28,179.427,3.343,-3.718,36,200.0,,,
2026-09-08T03:56:26.016262,23,6584,FRAME,362.624,175.709,3.343,-3.718,36,200.0,,,
2026-09-08T03:56:26.033252,23,6585,FRAME,365.967,171.992,3.343,-3.718,36,200.0,,,
2026-09-08T03:56:26.049881,23,6586,FRAME,369.31,168.274,3.343,-3.718,36,200.0,,,
2026-09-08T03:56:26.066171,23,6587,FRAME,372.654,164.556,3.343,-3.718,36,200.0,,,
2026-09-08T03:56:26.082868,23,6588,FRAME,375.997,160.838,3.343,-3.718,43,200.0,,,
2026-09-08T03:56:26.099435,23,6589,FRAME,379.341,157.121,3.343,-3.718,50,200.0,,,
2026-09-08T03:56:26.116199,23,6590,FRAME,382.684,153.403,3.343,-3.718,57,200.0,,,
2026-09-08T03:56:26.132338,23,6591,FRAME,386.027,149.685,3.343,-3.718,64,200.0,,,
2026-09-08T03:56:26.148746,23,6592,FRAME,389.371,145.967,3.343,-3.718,71,200.0,,,
2026-09-08T03:56:26.165267,23,6593,FRAME,392.714,142.25,3.343,-3.718,78,200.0,,,
2026-09-08T03:56:26.182231,23,6594,FRAME,396.058,138.532,3.343,-3.718,85,200.0,,,
2026-09-08T03:56:26.199628,23,6595,FRAME,399.401,134.814,3.343,-3.718,92,200.0,,,
2026-09-08T03:56:26.216807,23,6596,FRAME,402.745,131.096,3.343,-3.718,99,200.0,,,
2026-09-08T03:56:26.233152,23,6597,FRAME,406.088,127.379,3.343,-3.718,106,200.0,,,
2026-09-08T03:56:26.249090,23,6598,FRAME,409.431,123.661,3.343,-3.718,113,200.0,,,
2026-09-08T03:56:26.265129,23,6599,FRAME,412.775,119.943,3.343,-3.718,120,200.0,,,
2026-09-08T03:56:26.281653,23,6600,FRAME,416.118,116.225,3.343,-3.718,120,200.0,,,
2026-09-08T03:56:26.298314,23,6601,FRAME,419.462,112.508,3.343,-3.718,120,200.0,,,
2026-09-08T03:56:26.315919,23,6602,FRAME,422.805,108.79,3.343,-3.718,120,200.0,,,
2026-09-08T03:56:26.332357,23,6603,FRAME,426.148,105.072,3.343,-3.718,120,200.0,,,
2026-09-08T03:56:26.348944,23,6604,FRAME,429.492,101.354,3.343,-3.718,120,200.0,,,
2026-09-08T03:56:26.365643,23,6605,FRAME,432.835,97.637,3.343,-3.718,120,200.0,,,
2026-09-08T03:56:26.381927,23,6606,FRAME,436.179,93.919,3.343,-3.718,120,200.0,,,
2026-09-08T03:56:26.398833,23,6607,FRAME,439.522,90.201,3.343,-3.718,120,200.0,,,
2026-09-08T03:56:26.414318,23,6608,FRAME,442.865,86.483,3.343,-3.718,120,200.0,,,
2026-09-08T03:56:26.431378,23,6609,FRAME,446.209,82.766,3.343,-3.718,120,200.0,,,
2026-09-08T03:56:26.448401,23,6610,FRAME,449.552,79.048,3.343,-3.718,120,200.0,,,
2026-09-08T03:56:26.465117,23,6611,FRAME,452.896,75.33,3.343,-3.718,113,200.0,,,
2026-09-08T03:56:26.480962,23,6612,FRAME,456.239,71.613,3.343,-3.718,106,200.0,,,
2026-09-08T03:56:26.497139,23,6613,FRAME,459.582,67.895,3.343,-3.718,99,200.0,,,
2026-09-08T03:56:26.514240,23,6614,FRAME,462.926,64.177,3.343,-3.718,92,200.0,,,
2026-09-08T03:56:26.530732,23,6615,FRAME,466.269,60.459,3.343,-3.718,85,200.0,,,
2026-09-08T03:56:26.547214,23,6616,FRAME,469.613,56.742,3.343,-3.718,78,200.0,,,
2026-09-08T03:56:26.564160,23,6617,FRAME,472.956,53.024,3.343,-3.718,71,200.0,,,
2026-09-08T03:56:26.581410,23,6618,FRAME,476.299,49.306,3.343,-3.718,64,200.0,,,
2026-09-08T03:56:26.598075,23,6619,FRAME,479.643,45.588,3.343,-3.718,57,200.0,,,
2026-09-08T03:56:26.615339,23,6620,FRAME,482.986,41.871,3.343,-3.718,50,200.0,,,
2026-09-08T03:56:26.631413,23,6621,FRAME,486.33,38.153,3.343,-3.718,43,200.0,,,
2026-09-08T03:56:26.648224,23,6622,FRAME,489.673,34.435,3.343,-3.718,36,200.0,,,
2026-09-08T03:56:26.664362,23,6623,FRAME,493.017,30.717,3.343,-3.718,29,200.0,,,
2026-09-08T03:56:26.680525,23,6624,FRAME,496.36,27.0,3.343,-3.718,29,200.0,,,
2026-09-08T03:56:26.697842,23,6625,FRAME,499.703,23.282,3.343,-3.718,36,200.0,,,
2026-09-08T03:56:26.714028,23,6626,FRAME,503.047,19.564,3.343,-3.718,43,200.0,,,
2026-09-08T03:56:26.730392,23,6627,FRAME,506.39,15.846,3.343,-3.718,50,200.0,,,
2026-09-08T03:56:26.747271,23,6628,FRAME,509.734,12.129,3.343,-3.718,57,200.0,,,
2026-09-08T03:56:26.764047,23,6629,FRAME,513.077,8.411,3.343,-3.718,64,200.0,,,
2026-09-08T03:56:26.781045,23,6630,FRAME,516.42,4.693,3.343,-3.718,71,200.0,,,
2026-09-08T03:56:26.796458,23,6631,FRAME,519.764,0.975,3.343,-3.718,78,200.0,,,
2026-09-08T03:56:26.812452,23,6632,WALL_BOUNCE,523.107,0,3.343,3.718,85,200.0,,,
2026-09-08T03:56:26.812452,23,6633,FRAME,523.107,0,3.343,3.718,85,200.0,,,
2026-09-08T03:56:26.829594,23,6634,FRAME,526.451,3.718,3.343,3.718,92,200.0,,,
2026-09-08T03:56:26.845906,23,6635,FRAME,529.794,7.435,3.343,3.718,99,200.0,,,
2026-09-08T03:56:26.861981,23,6636,FRAME,533.137,11.153,3.343,3.718,106,200.0,,,
2026-09-08T03:56:26.878066,23,6637,FRAME,536.481,14.871,3.343,3.718,113,200.0,,,
2026-09-08T03:56:26.894152,23,6638,FRAME,539.824,18.589,3.343,3.718,120,200.0,,,
2026-09-08T03:56:26.911134,23,6639,FRAME,543.168,22.306,3.343,3.718,127,200.0,,,
2026-09-08T03:56:26.927482,23,6640,FRAME,546.511,26.024,3.343,3.718,134,200.0,,,
2026-09-08T03:56:26.944193,23,6641,FRAME,549.854,29.742,3.343,3.718,141,200.0,,,
2026-09-08T03:56:26.961302,23,6642,FRAME,553.198,33.46,3.343,3.718,148,200.0,,,
2026-09-08T03:56:26.979434,23,6643,FRAME,556.541,37.177,3.343,3.718,148,200.0,,,
2026-09-08T03:56:26.995530,23,6644,FRAME,559.885,40.895,3.343,3.718,148,200.0,,,
2026-09-08T03:56:27.011420,23,6645,FRAME,563.228,44.613,3.343,3.718,148,200.0,,,
2026-09-08T03:56:27.028034,23,6646,FRAME,566.571,48.331,3.343,3.718,148,200.0,,,
2026-09-08T03:56:27.044222,23,6647,FRAME,569.915,52.048,3.343,3.718,148,200.0,,,
2026-09-08T03:56:27.061241,23,6648,FRAME,573.258,55.766,3.343,3.718,148,200.0,,,
2026-09-08T03:56:27.077437,23,6649,FRAME,576.602,59.484,3.343,3.718,141,200.0,,,
2026-09-08T03:56:27.094116,23,6650,FRAME,579.945,63.202,3.343,3.718,134,200.0,,,
2026-09-08T03:56:27.110247,23,6651,FRAME,583.288,66.919,3.343,3.718,127,200.0,,,
2026-09-08T03:56:27.127073,23,6652,FRAME,586.632,70.637,3.343,3.718,120,200.0,,,
2026-09-08T03:56:27.142903,23,6653,FRAME,589.975,74.355,3.343,3.718,113,200.0,,,
2026-09-08T03:56:27.159133,23,6654,FRAME,593.319,78.073,3.343,3.718,106,200.0,,,
2026-09-08T03:56:27.176332,23,6655,FRAME,596.662,81.79,3.343,3.718,99,200.0,,,
2026-09-08T03:56:27.192763,23,6656,FRAME,600.006,85.508,3.343,3.718,92,200.0,,,
2026-09-08T03:56:27.208525,23,6657,FRAME,603.349,89.226,3.343,3.718,85,200.0,,,
2026-09-08T03:56:27.225142,23,6658,FRAME,606.692,92.944,3.343,3.718,78,200.0,,,
2026-09-08T03:56:27.241420,23,6659,FRAME,610.036,96.661,3.343,3.718,71,200.0,,,
2026-09-08T03:56:27.257470,23,6660,FRAME,613.379,100.379,3.343,3.718,64,200.0,,,
2026-09-08T03:56:27.274375,23,6661,FRAME,616.723,104.097,3.343,3.718,57,200.0,,,
2026-09-08T03:56:27.291547,23,6662,FRAME,620.066,107.815,3.343,3.718,50,200.0,,,
2026-09-08T03:56:27.308365,23,6663,FRAME,623.409,111.532,3.343,3.718,43,200.0,,,
2026-09-08T03:56:27.325020,23,6664,FRAME,626.753,115.25,3.343,3.718,36,200.0,,,
2026-09-08T03:56:27.340518,23,6665,FRAME,630.096,118.968,3.343,3.718,29,200.0,,,
2026-09-08T03:56:27.357079,23,6666,FRAME,633.44,122.686,3.343,3.718,22,200.0,,,
2026-09-08T03:56:27.374424,23,6667,FRAME,636.783,126.403,3.343,3.718,15,200.0,,,
2026-09-08T03:56:27.391639,23,6668,FRAME,640.126,130.121,3.343,3.718,8,200.0,,,
2026-09-08T03:56:27.408290,23,6669,FRAME,643.47,133.839,3.343,3.718,1,200.0,,,
2026-09-08T03:56:27.425531,23,6670,FRAME,646.813,137.557,3.343,3.718,1,200.0,,,
2026-09-08T03:56:27.441942,23,6671,FRAME,650.157,141.274,3.343,3.718,1,200.0,,,
2026-09-08T03:56:27.457917,23,6672,FRAME,653.5,144.992,3.343,3.718,1,200.0,,,
2026-09-08T03:56:27.474449,23,6673,FRAME,656.843,148.71,3.343,3.718,8,200.0,,,
2026-09-08T03:56:27.491305,23,6674,FRAME,660.187,152.428,3.343,3.718,15,200.0,,,
2026-09-08T03:56:27.507666,23,6675,FRAME,663.53,156.145,3.343,3.718,22,200.0,,,
2026-09-08T03:56:27.523659,23,6676,FRAME,666.874,159.863,3.343,3.718,29,200.0,,,
2026-09-08T03:56:27.539760,23,6677,FRAME,670.217,163.581,3.343,3.718,36,200.0,,,
2026-09-08T03:56:27.556372,23,6678,FRAME,673.56,167.299,3.343,3.718,43,200.0,,,
2026-09-08T03:56:27.573984,23,6679,FRAME,676.904,171.016,3.343,3.718,50,200.0,,,
2026-09-08T03:56:27.590181,23,6680,FRAME,680.247,174.734,3.343,3.718,57,200.0,,,
2026-09-08T03:56:27.606550,23,6681,FRAME,683.591,178.452,3.343,3.718,64,200.0,,,
2026-09-08T03:56:27.622983,23,6682,FRAME,686.934,182.17,3.343,3.718,71,200.0,,,
2026-09-08T03:56:27.639426,23,6683,FRAME,690.277,185.887,3.343,3.718,78,200.0,,,
2026-09-08T03:56:27.655720,23,6684,FRAME,693.621,189.605,3.343,3.718,85,200.0,,,
2026-09-08T03:56:27.672596,23,6685,FRAME,696.964,193.323,3.343,3.718,92,200.0,,,
2026-09-08T03:56:27.689395,23,6686,FRAME,700.308,197.041,3.343,3.718,99,200.0,,,
2026-09-08T03:56:27.705616,23,6687,FRAME,703.651,200.758,3.343,3.718,106,200.0,,,
2026-09-08T03:56:27.721561,23,6688,FRAME,706.995,204.476,3.343,3.718,113,200.0,,,
2026-09-08T03:56:27.738354,23,6689,FRAME,710.338,208.194,3.343,3.718,120,200.0,,,
2026-09-08T03:56:27.754417,23,6690,FRAME,713.681,211.911,3.343,3.718,127,200.0,,,
2026-09-08T03:56:27.772049,23,6691,FRAME,717.025,215.629,3.343,3.718,134,200.0,,,
2026-09-08T03:56:27.788877,23,6692,FRAME,720.368,219.347,3.343,3.718,141,200.0,,,
2026-09-08T03:56:27.804411,23,6693,FRAME,723.712,223.065,3.343,3.718,148,200.0,,,
2026-09-08T03:56:27.821222,23,6694,FRAME,727.055,226.782,3.343,3.718,155,200.0,,,
2026-09-08T03:56:27.837469,23,6695,FRAME,730.398,230.5,3.343,3.718,162,200.0,,,
2026-09-08T03:56:27.853411,23,6696,FRAME,733.742,234.218,3.343,3.718,169,200.0,,,
2026-09-08T03:56:27.870125,23,6697,FRAME,737.085,237.936,3.343,3.718,176,200.0,,,
2026-09-08T03:56:27.886073,23,6698,FRAME,740.429,241.653,3.343,3.718,183,200.0,,,
2026-09-08T03:56:27.901781,23,6699,FRAME,743.772,245.371,3.343,3.718,183,200.0,,,
2026-09-08T03:56:27.917678,23,6700,RIGHT_HIT,743,249.089,-4.972,0.532,183,200.0,0.102,6.107,
2026-09-08T03:56:27.917678,23,6701,FRAME,743,249.089,-4.972,0.532,183,200.0,,,
2026-09-08T03:56:27.934543,23,6702,FRAME,738.028,249.621,-4.972,0.532,183,200.0,,,
2026-09-08T03:56:27.952036,23,6703,FRAME,733.057,250.153,-4.972,0.532,183,200.0,,,
2026-09-08T03:56:27.967748,23,6704,FRAME,728.085,250.685,-4.972,0.532,183,200.0,,,
2026-09-08T03:56:27.984163,23,6705,FRAME,723.113,251.217,-4.972,0.532,183,200.0,,,
2026-09-08T03:56:28.000836,23,6706,FRAME,718.142,251.748,-4.972,0.532,183,200.0,,,
2026-09-08T03:56:28.017993,23,6707,FRAME,713.17,252.28,-4.972,0.532,183,200.0,,,
2026-09-08T03:56:28.034364,23,6708,FRAME,708.199,252.812,-4.972,0.532,183,200.0,,,
2026-09-08T03:56:28.050784,23,6709,FRAME,703.227,253.344,-4.972,0.532,176,200.0,,,
2026-09-08T03:56:28.066880,23,6710,FRAME,698.255,253.876,-4.972,0.532,169,200.0,,,
2026-09-08T03:56:28.083431,23,6711,FRAME,693.284,254.408,-4.972,0.532,162,200.0,,,
2026-09-08T03:56:28.099473,23,6712,FRAME,688.312,254.94,-4.972,0.532,155,200.0,,,
2026-09-08T03:56:28.115409,23,6713,FRAME,683.34,255.472,-4.972,0.532,148,200.0,,,
2026-09-08T03:56:28.131559,23,6714,FRAME,678.369,256.004,-4.972,0.532,141,200.0,,,
2026-09-08T03:56:28.148490,23,6715,FRAME,673.397,256.536,-4.972,0.532,134,200.0,,,
2026-09-08T03:56:28.165419,23,6716,FRAME,668.426,257.068,-4.972,0.532,127,200.0,,,
2026-09-08T03:56:28.182394,23,6717,FRAME,663.454,257.599,-4.972,0.532,120,200.0,,,
2026-09-08T03:56:28.199195,23,6718,FRAME,658.482,258.131,-4.972,0.532,113,200.0,,,
2026-09-08T03:56:28.216596,23,6719,FRAME,653.511,258.663,-4.972,0.532,106,200.0,,,
2026-09-08T03:56:28.232343,23,6720,FRAME,648.539,259.195,-4.972,0.532,99,200.0,,,
2026-09-08T03:56:28.249670,23,6721,FRAME,643.567,259.727,-4.972,0.532,92,200.0,,,
2026-09-08T03:56:28.266440,23,6722,FRAME,638.596,260.259,-4.972,0.532,92,200.0,,,
2026-09-08T03:56:28.282683,23,6723,FRAME,633.624,260.791,-4.972,0.532,92,200.0,,,
2026-09-08T03:56:28.299323,23,6724,FRAME,628.653,261.323,-4.972,0.532,92,200.0,,,
2026-09-08T03:56:28.316999,23,6725,FRAME,623.681,261.855,-4.972,0.532,92,200.0,,,
2026-09-08T03:56:28.334224,23,6726,FRAME,618.709,262.387,-4.972,0.532,92,200.0,,,
2026-09-08T03:56:28.351151,23,6727,FRAME,613.738,262.918,-4.972,0.532,92,200.0,,,
2026-09-08T03:56:28.367718,23,6728,FRAME,608.766,263.45,-4.972,0.532,92,200.0,,,
2026-09-08T03:56:28.384272,23,6729,FRAME,603.794,263.982,-4.972,0.532,92,200.0,,,
2026-09-08T03:56:28.401312,23,6730,FRAME,598.823,264.514,-4.972,0.532,92,200.0,,,
2026-09-08T03:56:28.418006,23,6731,FRAME,593.851,265.046,-4.972,0.532,92,200.0,,,
2026-09-08T03:56:28.434748,23,6732,FRAME,588.88,265.578,-4.972,0.532,99,200.0,,,
2026-09-08T03:56:28.451211,23,6733,FRAME,583.908,266.11,-4.972,0.532,106,200.0,,,
2026-09-08T03:56:28.468550,23,6734,FRAME,578.936,266.642,-4.972,0.532,113,200.0,,,
2026-09-08T03:56:28.485446,23,6735,FRAME,573.965,267.174,-4.972,0.532,120,200.0,,,
2026-09-08T03:56:28.501607,23,6736,FRAME,568.993,267.706,-4.972,0.532,127,200.0,,,
2026-09-08T03:56:28.518170,23,6737,FRAME,564.021,268.238,-4.972,0.532,134,200.0,,,
2026-09-08T03:56:28.535540,23,6738,FRAME,559.05,268.769,-4.972,0.532,141,200.0,,,
2026-09-08T03:56:28.552374,23,6739,FRAME,554.078,269.301,-4.972,0.532,148,200.0,,,
2026-09-08T03:56:28.568810,23,6740,FRAME,549.107,269.833,-4.972,0.532,155,200.0,,,
2026-09-08T03:56:28.585366,23,6741,FRAME,544.135,270.365,-4.972,0.532,162,200.0,,,
2026-09-08T03:56:28.602029,23,6742,FRAME,539.163,270.897,-4.972,0.532,169,200.0,,,
2026-09-08T03:56:28.618111,23,6743,FRAME,534.192,271.429,-4.972,0.532,176,200.0,,,
2026-09-08T03:56:28.635451,23,6744,FRAME,529.22,271.961,-4.972,0.532,183,200.0,,,
2026-09-08T03:56:28.650997,23,6745,FRAME,524.248,272.493,-4.972,0.532,183,200.0,,,
2026-09-08T03:56:28.667442,23,6746,FRAME,519.277,273.025,-4.972,0.532,183,200.0,,,
2026-09-08T03:56:28.684191,23,6747,FRAME,514.305,273.557,-4.972,0.532,183,200.0,,,
2026-09-08T03:56:28.701515,23,6748,FRAME,509.334,274.088,-4.972,0.532,183,200.0,,,
2026-09-08T03:56:28.718314,23,6749,FRAME,504.362,274.62,-4.972,0.532,183,200.0,,,
2026-09-08T03:56:28.735087,23,6750,FRAME,499.39,275.152,-4.972,0.532,183,200.0,,,
2026-09-08T03:56:28.751340,23,6751,FRAME,494.419,275.684,-4.972,0.532,183,200.0,,,
2026-09-08T03:56:28.767683,23,6752,FRAME,489.447,276.216,-4.972,0.532,183,200.0,,,
2026-09-08T03:56:28.784163,23,6753,FRAME,484.475,276.748,-4.972,0.532,183,200.0,,,
2026-09-08T03:56:28.802050,23,6754,FRAME,479.504,277.28,-4.972,0.532,176,200.0,,,
2026-09-08T03:56:28.817916,23,6755,FRAME,474.532,277.812,-4.972,0.532,169,200.0,,,
2026-09-08T03:56:28.834321,23,6756,FRAME,469.561,278.344,-4.972,0.532,162,200.0,,,
2026-09-08T03:56:28.851222,23,6757,FRAME,464.589,278.876,-4.972,0.532,155,200.0,,,
2026-09-08T03:56:28.868478,23,6758,FRAME,459.617,279.408,-4.972,0.532,148,200.0,,,
2026-09-08T03:56:28.887451,23,6759,FRAME,454.646,279.939,-4.972,0.532,141,200.0,,,
2026-09-08T03:56:28.904413,23,6760,FRAME,449.674,280.471,-4.972,0.532,134,200.0,,,
2026-09-08T03:56:28.921514,23,6761,FRAME,444.702,281.003,-4.972,0.532,127,200.0,,,
2026-09-08T03:56:28.938152,23,6762,FRAME,439.731,281.535,-4.972,0.532,120,200.0,,,
2026-09-08T03:56:28.953996,23,6763,FRAME,434.759,282.067,-4.972,0.532,113,200.0,,,
2026-09-08T03:56:28.969908,23,6764,FRAME,429.787,282.599,-4.972,0.532,106,200.0,,,
2026-09-08T03:56:28.986362,23,6765,FRAME,424.816,283.131,-4.972,0.532,106,200.0,,,
2026-09-08T03:56:29.002687,23,6766,FRAME,419.844,283.663,-4.972,0.532,106,200.0,,,
2026-09-08T03:56:29.019363,23,6767,FRAME,414.873,284.195,-4.972,0.532,106,200.0,,,
2026-09-08T03:56:29.036388,23,6768,FRAME,409.901,284.727,-4.972,0.532,106,200.0,,,
2026-09-08T03:56:29.052631,23,6769,FRAME,404.929,285.258,-4.972,0.532,106,200.0,,,
2026-09-08T03:56:29.069461,23,6770,FRAME,399.958,285.79,-4.972,0.532,106,200.0,,,
2026-09-08T03:56:29.086163,23,6771,FRAME,394.986,286.322,-4.972,0.532,106,200.0,,,
2026-09-08T03:56:29.104038,23,6772,FRAME,390.014,286.854,-4.972,0.532,113,200.0,,,
2026-09-08T03:56:29.120706,23,6773,FRAME,385.043,287.386,-4.972,0.532,120,200.0,,,
2026-09-08T03:56:29.136902,23,6774,FRAME,380.071,287.918,-4.972,0.532,127,200.0,,,
2026-09-08T03:56:29.153222,23,6775,FRAME,375.1,288.45,-4.972,0.532,134,200.0,,,
2026-09-08T03:56:29.170268,23,6776,FRAME,370.128,288.982,-4.972,0.532,141,200.0,,,
2026-09-08T03:56:29.187198,23,6777,FRAME,365.156,289.514,-4.972,0.532,148,200.0,,,
2026-09-08T03:56:29.204108,23,6778,FRAME,360.185,290.046,-4.972,0.532,155,200.0,,,
2026-09-08T03:56:29.219907,23,6779,FRAME,355.213,290.578,-4.972,0.532,162,200.0,,,
2026-09-08T03:56:29.236295,23,6780,FRAME,350.241,291.109,-4.972,0.532,169,200.0,,,
2026-09-08T03:56:29.254267,23,6781,FRAME,345.27,291.641,-4.972,0.532,176,200.0,,,
2026-09-08T03:56:29.270558,23,6782,FRAME,340.298,292.173,-4.972,0.532,183,200.0,,,
2026-09-08T03:56:29.287362,23,6783,FRAME,335.327,292.705,-4.972,0.532,183,200.0,,,
2026-09-08T03:56:29.303700,23,6784,FRAME,330.355,293.237,-4.972,0.532,183,200.0,,,
2026-09-08T03:56:29.319890,23,6785,FRAME,325.383,293.769,-4.972,0.532,183,200.0,,,
2026-09-08T03:56:29.336158,23,6786,FRAME,320.412,294.301,-4.972,0.532,183,200.0,,,
2026-09-08T03:56:29.352188,23,6787,FRAME,315.44,294.833,-4.972,0.532,183,200.0,,,
2026-09-08T03:56:29.369417,23,6788,FRAME,310.468,295.365,-4.972,0.532,183,200.0,,,
2026-09-08T03:56:29.385675,23,6789,FRAME,305.497,295.897,-4.972,0.532,183,200.0,,,
2026-09-08T03:56:29.402146,23,6790,FRAME,300.525,296.428,-4.972,0.532,183,200.0,,,
2026-09-08T03:56:29.418440,23,6791,FRAME,295.554,296.96,-4.972,0.532,183,200.0,,,
2026-09-08T03:56:29.435174,23,6792,FRAME,290.582,297.492,-4.972,0.532,190,200.0,,,
2026-09-08T03:56:29.452176,23,6793,FRAME,285.61,298.024,-4.972,0.532,197,200.0,,,
2026-09-08T03:56:29.469207,23,6794,FRAME,280.639,298.556,-4.972,0.532,204,200.0,,,
2026-09-08T03:56:29.486282,23,6795,FRAME,275.667,299.088,-4.972,0.532,211,200.0,,,
2026-09-08T03:56:29.502350,23,6796,FRAME,270.695,299.62,-4.972,0.532,218,200.0,,,
2026-09-08T03:56:29.519453,23,6797,FRAME,265.724,300.152,-4.972,0.532,225,200.0,,,
2026-09-08T03:56:29.536254,23,6798,FRAME,260.752,300.684,-4.972,0.532,232,200.0,,,
2026-09-08T03:56:29.554079,23,6799,FRAME,255.781,301.216,-4.972,0.532,239,200.0,,,
2026-09-08T03:56:29.570759,23,6800,FRAME,250.809,301.748,-4.972,0.532,239,200.0,,,
2026-09-08T03:56:29.586490,23,6801,FRAME,245.837,302.279,-4.972,0.532,239,200.0,,,
2026-09-08T03:56:29.602921,23,6802,FRAME,240.866,302.811,-4.972,0.532,239,200.0,,,
2026-09-08T03:56:29.620312,23,6803,FRAME,235.894,303.343,-4.972,0.532,239,200.0,,,
2026-09-08T03:56:29.637363,23,6804,FRAME,230.922,303.875,-4.972,0.532,239,200.0,,,
2026-09-08T03:56:29.654221,23,6805,FRAME,225.951,304.407,-4.972,0.532,239,200.0,,,
2026-09-08T03:56:29.671663,23,6806,FRAME,220.979,304.939,-4.972,0.532,239,200.0,,,
2026-09-08T03:56:29.688194,23,6807,FRAME,216.008,305.471,-4.972,0.532,239,200.0,,,
2026-09-08T03:56:29.705309,23,6808,FRAME,211.036,306.003,-4.972,0.532,239,200.0,,,
2026-09-08T03:56:29.722032,23,6809,FRAME,206.064,306.535,-4.972,0.532,239,200.0,,,
2026-09-08T03:56:29.738557,23,6810,FRAME,201.093,307.067,-4.972,0.532,246,200.0,,,
2026-09-08T03:56:29.754722,23,6811,FRAME,196.121,307.598,-4.972,0.532,253,200.0,,,
2026-09-08T03:56:29.771187,23,6812,FRAME,191.149,308.13,-4.972,0.532,260,200.0,,,
2026-09-08T03:56:29.787904,23,6813,FRAME,186.178,308.662,-4.972,0.532,267,200.0,,,
2026-09-08T03:56:29.803344,23,6814,FRAME,181.206,309.194,-4.972,0.532,274,200.0,,,
2026-09-08T03:56:29.820274,23,6815,FRAME,176.234,309.726,-4.972,0.532,281,200.0,,,
2026-09-08T03:56:29.836436,23,6816,FRAME,171.263,310.258,-4.972,0.532,288,200.0,,,
2026-09-08T03:56:29.852988,23,6817,FRAME,166.291,310.79,-4.972,0.532,295,200.0,,,
2026-09-08T03:56:29.869486,23,6818,FRAME,161.32,311.322,-4.972,0.532,302,200.0,,,
2026-09-08T03:56:29.885576,23,6819,FRAME,156.348,311.854,-4.972,0.532,309,200.0,,,
2026-09-08T03:56:29.901582,23,6820,FRAME,151.376,312.386,-4.972,0.532,316,200.0,,,
2026-09-08T03:56:29.918233,23,6821,FRAME,146.405,312.918,-4.972,0.532,316,200.0,,,
2026-09-08T03:56:29.935374,23,6822,FRAME,141.433,313.449,-4.972,0.532,316,200.0,,,
2026-09-08T03:56:29.951916,23,6823,FRAME,136.461,313.981,-4.972,0.532,316,200.0,,,
2026-09-08T03:56:29.968371,23,6824,FRAME,131.49,314.513,-4.972,0.532,316,200.0,,,
2026-09-08T03:56:29.985108,23,6825,FRAME,126.518,315.045,-4.972,0.532,316,200.0,,,
2026-09-08T03:56:30.001147,23,6826,FRAME,121.547,315.577,-4.972,0.532,316,200.0,,,
2026-09-08T03:56:30.017268,23,6827,FRAME,116.575,316.109,-4.972,0.532,316,200.0,,,
2026-09-08T03:56:30.034059,23,6828,FRAME,111.603,316.641,-4.972,0.532,316,200.0,,,
2026-09-08T03:56:30.050240,23,6829,FRAME,106.632,317.173,-4.972,0.532,316,200.0,,,
2026-09-08T03:56:30.067069,23,6830,FRAME,101.66,317.705,-4.972,0.532,316,200.0,,,
2026-09-08T03:56:30.083158,23,6831,FRAME,96.688,318.237,-4.972,0.532,316,200.0,,,
2026-09-08T03:56:30.099107,23,6832,FRAME,91.717,318.768,-4.972,0.532,316,200.0,,,
2026-09-08T03:56:30.115175,23,6833,FRAME,86.745,319.3,-4.972,0.532,316,200.0,,,
2026-09-08T03:56:30.132315,23,6834,FRAME,81.774,319.832,-4.972,0.532,316,200.0,,,
2026-09-08T03:56:30.148517,23,6835,FRAME,76.802,320.364,-4.972,0.532,316,200.0,,,
2026-09-08T03:56:30.165357,23,6836,FRAME,71.83,320.896,-4.972,0.532,316,200.0,,,
2026-09-08T03:56:30.181400,23,6837,FRAME,66.859,321.428,-4.972,0.532,316,200.0,,,
2026-09-08T03:56:30.197331,23,6838,FRAME,61.887,321.96,-4.972,0.532,316,200.0,,,
2026-09-08T03:56:30.214429,23,6839,FRAME,56.915,322.492,-4.972,0.532,316,200.0,,,
2026-09-08T03:56:30.230474,23,6840,FRAME,51.944,323.024,-4.972,0.532,316,200.0,,,
2026-09-08T03:56:30.246795,23,6841,FRAME,46.972,323.556,-4.972,0.532,316,200.0,,,
2026-09-08T03:56:30.263403,23,6842,LEFT_HIT,45,324.088,3.651,-3.416,316,200.0,-0.718,-43.095,
2026-09-08T03:56:30.263403,23,6843,FRAME,45,324.088,3.651,-3.416,316,200.0,,,
2026-09-08T03:56:30.279475,23,6844,FRAME,48.651,320.671,3.651,-3.416,316,200.0,,,
2026-09-08T03:56:30.296141,23,6845,FRAME,52.302,317.255,3.651,-3.416,316,200.0,,,
2026-09-08T03:56:30.312643,23,6846,FRAME,55.953,313.839,3.651,-3.416,316,200.0,,,
2026-09-08T03:56:30.329778,23,6847,FRAME,59.604,310.423,3.651,-3.416,316,200.0,,,
2026-09-08T03:56:30.346516,23,6848,FRAME,63.256,307.007,3.651,-3.416,316,200.0,,,
2026-09-08T03:56:30.362883,23,6849,FRAME,66.907,303.591,3.651,-3.416,309,200.0,,,
2026-09-08T03:56:30.379056,23,6850,FRAME,70.558,300.175,3.651,-3.416,302,200.0,,,
2026-09-08T03:56:30.395568,23,6851,FRAME,74.209,296.759,3.651,-3.416,295,200.0,,,
2026-09-08T03:56:30.411457,23,6852,FRAME,77.86,293.343,3.651,-3.416,288,200.0,,,
2026-09-08T03:56:30.428427,23,6853,FRAME,81.511,289.927,3.651,-3.416,281,200.0,,,
2026-09-08T03:56:30.446295,23,6854,FRAME,85.162,286.511,3.651,-3.416,274,200.0,,,
2026-09-08T03:56:30.463339,23,6855,FRAME,88.813,283.095,3.651,-3.416,267,200.0,,,
2026-09-08T03:56:30.480511,23,6856,FRAME,92.464,279.679,3.651,-3.416,260,200.0,,,
2026-09-08T03:56:30.497401,23,6857,FRAME,96.116,276.263,3.651,-3.416,253,200.0,,,
2026-09-08T03:56:30.515002,23,6858,FRAME,99.767,272.847,3.651,-3.416,246,200.0,,,
2026-09-08T03:56:30.531392,23,6859,FRAME,103.418,269.431,3.651,-3.416,239,200.0,,,
2026-09-08T03:56:30.547379,23,6860,FRAME,107.069,266.015,3.651,-3.416,232,200.0,,,
2026-09-08T03:56:30.564339,23,6861,FRAME,110.72,262.599,3.651,-3.416,225,200.0,,,
2026-09-08T03:56:30.581234,23,6862,FRAME,114.371,259.183,3.651,-3.416,218,200.0,,,
2026-09-08T03:56:30.597234,23,6863,FRAME,118.022,255.767,3.651,-3.416,211,200.0,,,
2026-09-08T03:56:30.613366,23,6864,FRAME,121.673,252.351,3.651,-3.416,204,200.0,,,
2026-09-08T03:56:30.630223,23,6865,FRAME,125.324,248.935,3.651,-3.416,197,200.0,,,
2026-09-08T03:56:30.647478,23,6866,FRAME,128.976,245.518,3.651,-3.416,197,200.0,,,
2026-09-08T03:56:30.664328,23,6867,FRAME,132.627,242.102,3.651,-3.416,197,200.0,,,
2026-09-08T03:56:30.681084,23,6868,FRAME,136.278,238.686,3.651,-3.416,197,200.0,,,
2026-09-08T03:56:30.698255,23,6869,FRAME,139.929,235.27,3.651,-3.416,197,200.0,,,
2026-09-08T03:56:30.715122,23,6870,FRAME,143.58,231.854,3.651,-3.416,197,200.0,,,
2026-09-08T03:56:30.731740,23,6871,FRAME,147.231,228.438,3.651,-3.416,197,200.0,,,
2026-09-08T03:56:30.747513,23,6872,FRAME,150.882,225.022,3.651,-3.416,197,200.0,,,
2026-09-08T03:56:30.763300,23,6873,FRAME,154.533,221.606,3.651,-3.416,197,200.0,,,
2026-09-08T03:56:30.780424,23,6874,FRAME,158.184,218.19,3.651,-3.416,197,200.0,,,
2026-09-08T03:56:30.796414,23,6875,FRAME,161.836,214.774,3.651,-3.416,197,200.0,,,
2026-09-08T03:56:30.813330,23,6876,FRAME,165.487,211.358,3.651,-3.416,197,200.0,,,
2026-09-08T03:56:30.830559,23,6877,FRAME,169.138,207.942,3.651,-3.416,197,200.0,,,
2026-09-08T03:56:30.847221,23,6878,FRAME,172.789,204.526,3.651,-3.416,197,200.0,,,
2026-09-08T03:56:30.864522,23,6879,FRAME,176.44,201.11,3.651,-3.416,197,200.0,,,
2026-09-08T03:56:30.881259,23,6880,FRAME,180.091,197.694,3.651,-3.416,197,200.0,,,
2026-09-08T03:56:30.898082,23,6881,FRAME,183.742,194.278,3.651,-3.416,197,200.0,,,
2026-09-08T03:56:30.913991,23,6882,FRAME,187.393,190.862,3.651,-3.416,197,200.0,,,
2026-09-08T03:56:30.930506,23,6883,FRAME,191.044,187.446,3.651,-3.416,197,200.0,,,
2026-09-08T03:56:30.947378,23,6884,FRAME,194.696,184.03,3.651,-3.416,197,200.0,,,
2026-09-08T03:56:30.965082,23,6885,FRAME,198.347,180.614,3.651,-3.416,197,200.0,,,
2026-09-08T03:56:30.982065,23,6886,FRAME,201.998,177.198,3.651,-3.416,197,200.0,,,
2026-09-08T03:56:30.997993,23,6887,FRAME,205.649,173.781,3.651,-3.416,197,200.0,,,
2026-09-08T03:56:31.015065,23,6888,FRAME,209.3,170.365,3.651,-3.416,197,200.0,,,
2026-09-08T03:56:31.032080,23,6889,FRAME,212.951,166.949,3.651,-3.416,197,200.0,,,
2026-09-08T03:56:31.048926,23,6890,FRAME,216.602,163.533,3.651,-3.416,197,200.0,,,
2026-09-08T03:56:31.064982,23,6891,FRAME,220.253,160.117,3.651,-3.416,197,200.0,,,
2026-09-08T03:56:31.081016,23,6892,FRAME,223.905,156.701,3.651,-3.416,197,200.0,,,
2026-09-08T03:56:31.098273,23,6893,FRAME,227.556,153.285,3.651,-3.416,190,200.0,,,
2026-09-08T03:56:31.115541,23,6894,FRAME,231.207,149.869,3.651,-3.416,183,200.0,,,
2026-09-08T03:56:31.132064,23,6895,FRAME,234.858,146.453,3.651,-3.416,176,200.0,,,
2026-09-08T03:56:31.148931,23,6896,FRAME,238.509,143.037,3.651,-3.416,169,200.0,,,
2026-09-08T03:56:31.165243,23,6897,FRAME,242.16,139.621,3.651,-3.416,162,200.0,,,
2026-09-08T03:56:31.182346,23,6898,FRAME,245.811,136.205,3.651,-3.416,155,200.0,,,
2026-09-08T03:56:31.198898,23,6899,FRAME,249.462,132.789,3.651,-3.416,148,200.0,,,
2026-09-08T03:56:31.215317,23,6900,FRAME,253.113,129.373,3.651,-3.416,141,200.0,,,
2026-09-08T03:56:31.232386,23,6901,FRAME,256.765,125.957,3.651,-3.416,134,200.0,,,
2026-09-08T03:56:31.249915,23,6902,FRAME,260.416,122.541,3.651,-3.416,127,200.0,,,
2026-09-08T03:56:31.266296,23,6903,FRAME,264.067,119.125,3.651,-3.416,120,200.0,,,
2026-09-08T03:56:31.284171,23,6904,FRAME,267.718,115.709,3.651,-3.416,113,200.0,,,
2026-09-08T03:56:31.301445,23,6905,FRAME,271.369,112.293,3.651,-3.416,106,200.0,,,
2026-09-08T03:56:31.317445,23,6906,FRAME,275.02,108.877,3.651,-3.416,106,200.0,,,
2026-09-08T03:56:31.333685,23,6907,FRAME,278.671,105.461,3.651,-3.416,106,200.0,,,
2026-09-08T03:56:31.349824,23,6908,FRAME,282.322,102.044,3.651,-3.416,106,200.0,,,
2026-09-08T03:56:31.365533,23,6909,FRAME,285.973,98.628,3.651,-3.416,106,200.0,,,
2026-09-08T03:56:31.381917,23,6910,FRAME,289.625,95.212,3.651,-3.416,106,200.0,,,
2026-09-08T03:56:31.397757,23,6911,FRAME,293.276,91.796,3.651,-3.416,106,200.0,,,
2026-09-08T03:56:31.414300,23,6912,FRAME,296.927,88.38,3.651,-3.416,106,200.0,,,
2026-09-08T03:56:31.431482,23,6913,FRAME,300.578,84.964,3.651,-3.416,106,200.0,,,
2026-09-08T03:56:31.447338,23,6914,FRAME,304.229,81.548,3.651,-3.416,106,200.0,,,
2026-09-08T03:56:31.464394,23,6915,FRAME,307.88,78.132,3.651,-3.416,106,200.0,,,
2026-09-08T03:56:31.480384,23,6916,FRAME,311.531,74.716,3.651,-3.416,106,200.0,,,
2026-09-08T03:56:31.497110,23,6917,FRAME,315.182,71.3,3.651,-3.416,106,200.0,,,
2026-09-08T03:56:31.514154,23,6918,FRAME,318.833,67.884,3.651,-3.416,106,200.0,,,
2026-09-08T03:56:31.529989,23,6919,FRAME,322.485,64.468,3.651,-3.416,106,200.0,,,
2026-09-08T03:56:31.545856,23,6920,FRAME,326.136,61.052,3.651,-3.416,106,200.0,,,
2026-09-08T03:56:31.561595,23,6921,FRAME,329.787,57.636,3.651,-3.416,106,200.0,,,
2026-09-08T03:56:31.578304,23,6922,FRAME,333.438,54.22,3.651,-3.416,106,200.0,,,
2026-09-08T03:56:31.595269,23,6923,FRAME,337.089,50.804,3.651,-3.416,106,200.0,,,
2026-09-08T03:56:31.611474,23,6924,FRAME,340.74,47.388,3.651,-3.416,106,200.0,,,
2026-09-08T03:56:31.628312,23,6925,FRAME,344.391,43.972,3.651,-3.416,106,200.0,,,
2026-09-08T03:56:31.644643,23,6926,FRAME,348.042,40.556,3.651,-3.416,106,200.0,,,
2026-09-08T03:56:31.661091,23,6927,FRAME,351.693,37.14,3.651,-3.416,106,200.0,,,
2026-09-08T03:56:31.678094,23,6928,FRAME,355.345,33.724,3.651,-3.416,106,200.0,,,
2026-09-08T03:56:31.694277,23,6929,FRAME,358.996,30.307,3.651,-3.416,106,200.0,,,
2026-09-08T03:56:31.711024,23,6930,FRAME,362.647,26.891,3.651,-3.416,106,200.0,,,
2026-09-08T03:56:31.726906,23,6931,FRAME,366.298,23.475,3.651,-3.416,106,200.0,,,
2026-09-08T03:56:31.743269,23,6932,FRAME,369.949,20.059,3.651,-3.416,106,200.0,,,
2026-09-08T03:56:31.760701,23,6933,FRAME,373.6,16.643,3.651,-3.416,106,200.0,,,
2026-09-08T03:56:31.777422,23,6934,FRAME,377.251,13.227,3.651,-3.416,106,200.0,,,
2026-09-08T03:56:31.794346,23,6935,FRAME,380.902,9.811,3.651,-3.416,106,200.0,,,
2026-09-08T03:56:31.810802,23,6936,FRAME,384.553,6.395,3.651,-3.416,106,200.0,,,
2026-09-08T03:56:31.827404,23,6937,FRAME,388.205,2.979,3.651,-3.416,106,200.0,,,
2026-09-08T03:56:31.845012,23,6938,WALL_BOUNCE,391.856,0,3.651,3.416,106,200.0,,,
2026-09-08T03:56:31.845012,23,6939,FRAME,391.856,0,3.651,3.416,106,200.0,,,
2026-09-08T03:56:31.861411,23,6940,FRAME,395.507,3.416,3.651,3.416,106,200.0,,,
2026-09-08T03:56:31.878372,23,6941,FRAME,399.158,6.832,3.651,3.416,106,200.0,,,
2026-09-08T03:56:31.895263,23,6942,FRAME,402.809,10.248,3.651,3.416,106,200.0,,,
2026-09-08T03:56:31.911892,23,6943,FRAME,406.46,13.664,3.651,3.416,106,200.0,,,
2026-09-08T03:56:31.928077,23,6944,FRAME,410.111,17.08,3.651,3.416,106,200.0,,,
2026-09-08T03:56:31.944101,23,6945,FRAME,413.762,20.496,3.651,3.416,106,200.0,,,
2026-09-08T03:56:31.960221,23,6946,FRAME,417.413,23.912,3.651,3.416,106,200.0,,,
2026-09-08T03:56:31.978116,23,6947,FRAME,421.065,27.328,3.651,3.416,106,200.0,,,
2026-09-08T03:56:31.994105,23,6948,FRAME,424.716,30.744,3.651,3.416,106,200.0,,,
2026-09-08T03:56:32.010191,23,6949,FRAME,428.367,34.16,3.651,3.416,106,200.0,,,
2026-09-08T03:56:32.027359,23,6950,FRAME,432.018,37.577,3.651,3.416,106,200.0,,,
2026-09-08T03:56:32.044134,23,6951,FRAME,435.669,40.993,3.651,3.416,106,200.0,,,
2026-09-08T03:56:32.061317,23,6952,FRAME,439.32,44.409,3.651,3.416,106,200.0,,,
2026-09-08T03:56:32.078212,23,6953,FRAME,442.971,47.825,3.651,3.416,106,200.0,,,
2026-09-08T03:56:32.094976,23,6954,FRAME,446.622,51.241,3.651,3.416,106,200.0,,,
2026-09-08T03:56:32.111183,23,6955,FRAME,450.273,54.657,3.651,3.416,106,200.0,,,
2026-09-08T03:56:32.127887,23,6956,FRAME,453.925,58.073,3.651,3.416,106,200.0,,,
2026-09-08T03:56:32.144455,23,6957,FRAME,457.576,61.489,3.651,3.416,106,200.0,,,
2026-09-08T03:56:32.161209,23,6958,FRAME,461.227,64.905,3.651,3.416,106,200.0,,,
2026-09-08T03:56:32.178547,23,6959,FRAME,464.878,68.321,3.651,3.416,106,200.0,,,
2026-09-08T03:56:32.194484,23,6960,FRAME,468.529,71.737,3.651,3.416,106,200.0,,,
2026-09-08T03:56:32.211392,23,6961,FRAME,472.18,75.153,3.651,3.416,106,200.0,,,
2026-09-08T03:56:32.228182,23,6962,FRAME,475.831,78.569,3.651,3.416,106,200.0,,,
2026-09-08T03:56:32.245349,23,6963,FRAME,479.482,81.985,3.651,3.416,106,200.0,,,
2026-09-08T03:56:32.261865,23,6964,FRAME,483.133,85.401,3.651,3.416,106,200.0,,,
2026-09-08T03:56:32.278239,23,6965,FRAME,486.785,88.817,3.651,3.416,106,200.0,,,
2026-09-08T03:56:32.295785,23,6966,FRAME,490.436,92.233,3.651,3.416,106,200.0,,,
2026-09-08T03:56:32.312317,23,6967,FRAME,494.087,95.649,3.651,3.416,106,200.0,,,
2026-09-08T03:56:32.329359,23,6968,FRAME,497.738,99.065,3.651,3.416,106,200.0,,,
2026-09-08T03:56:32.345920,23,6969,FRAME,501.389,102.481,3.651,3.416,106,200.0,,,
2026-09-08T03:56:32.362343,23,6970,FRAME,505.04,105.897,3.651,3.416,106,200.0,,,
2026-09-08T03:56:32.379292,23,6971,FRAME,508.691,109.314,3.651,3.416,106,200.0,,,
2026-09-08T03:56:32.396011,23,6972,FRAME,512.342,112.73,3.651,3.416,106,200.0,,,
2026-09-08T03:56:32.412531,23,6973,FRAME,515.993,116.146,3.651,3.416,106,200.0,,,
2026-09-08T03:56:32.428679,23,6974,FRAME,519.645,119.562,3.651,3.416,106,200.0,,,
2026-09-08T03:56:32.445308,23,6975,FRAME,523.296,122.978,3.651,3.416,106,200.0,,,
2026-09-08T03:56:32.462246,23,6976,FRAME,526.947,126.394,3.651,3.416,106,200.0,,,
2026-09-08T03:56:32.479048,23,6977,FRAME,530.598,129.81,3.651,3.416,106,200.0,,,
2026-09-08T03:56:32.495044,23,6978,FRAME,534.249,133.226,3.651,3.416,106,200.0,,,
2026-09-08T03:56:32.511574,23,6979,FRAME,537.9,136.642,3.651,3.416,106,200.0,,,
2026-09-08T03:56:32.528024,23,6980,FRAME,541.551,140.058,3.651,3.416,106,200.0,,,
2026-09-08T03:56:32.544112,23,6981,FRAME,545.202,143.474,3.651,3.416,106,200.0,,,
2026-09-08T03:56:32.562082,23,6982,FRAME,548.854,146.89,3.651,3.416,106,200.0,,,
2026-09-08T03:56:32.579238,23,6983,FRAME,552.505,150.306,3.651,3.416,106,200.0,,,
2026-09-08T03:56:32.596468,23,6984,FRAME,556.156,153.722,3.651,3.416,106,200.0,,,
2026-09-08T03:56:32.612352,23,6985,FRAME,559.807,157.138,3.651,3.416,106,200.0,,,
2026-09-08T03:56:32.629307,23,6986,FRAME,563.458,160.554,3.651,3.416,106,200.0,,,
2026-09-08T03:56:32.647082,23,6987,FRAME,567.109,163.97,3.651,3.416,106,200.0,,,
2026-09-08T03:56:32.663186,23,6988,FRAME,570.76,167.386,3.651,3.416,106,200.0,,,
2026-09-08T03:56:32.680516,23,6989,FRAME,574.411,170.802,3.651,3.416,106,200.0,,,
2026-09-08T03:56:32.697261,23,6990,FRAME,578.062,174.218,3.651,3.416,106,200.0,,,
2026-09-08T03:56:32.714363,23,6991,FRAME,581.714,177.634,3.651,3.416,106,200.0,,,
2026-09-08T03:56:32.731880,23,6992,FRAME,585.365,181.051,3.651,3.416,106,200.0,,,
2026-09-08T03:56:32.747307,23,6993,FRAME,589.016,184.467,3.651,3.416,106,200.0,,,
2026-09-08T03:56:32.764205,23,6994,FRAME,592.667,187.883,3.651,3.416,106,200.0,,,
2026-09-08T03:56:32.781202,23,6995,FRAME,596.318,191.299,3.651,3.416,106,200.0,,,
2026-09-08T03:56:32.798772,23,6996,FRAME,599.969,194.715,3.651,3.416,106,200.0,,,
2026-09-08T03:56:32.815427,23,6997,FRAME,603.62,198.131,3.651,3.416,106,200.0,,,
2026-09-08T03:56:32.831963,23,6998,FRAME,607.271,201.547,3.651,3.416,106,200.0,,,
2026-09-08T03:56:32.848020,23,6999,FRAME,610.922,204.963,3.651,3.416,106,200.0,,,
2026-09-08T03:56:32.864346,23,7000,FRAME,614.574,208.379,3.651,3.416,106,200.0,,,
2026-09-08T03:56:32.880573,23,7001,FRAME,618.225,211.795,3.651,3.416,106,200.0,,,
2026-09-08T03:56:32.896986,23,7002,FRAME,621.876,215.211,3.651,3.416,106,200.0,,,
2026-09-08T03:56:32.912809,23,7003,FRAME,625.527,218.627,3.651,3.416,106,200.0,,,
2026-09-08T03:56:32.929136,23,7004,FRAME,629.178,222.043,3.651,3.416,106,200.0,,,
2026-09-08T03:56:32.945945,23,7005,FRAME,632.829,225.459,3.651,3.416,106,200.0,,,
2026-09-08T03:56:32.961970,23,7006,FRAME,636.48,228.875,3.651,3.416,106,200.0,,,
2026-09-08T03:56:32.978078,23,7007,FRAME,640.131,232.291,3.651,3.416,106,200.0,,,
2026-09-08T03:56:32.994272,23,7008,FRAME,643.782,235.707,3.651,3.416,106,200.0,,,
2026-09-08T03:56:33.010734,23,7009,FRAME,647.434,239.123,3.651,3.416,106,200.0,,,
2026-09-08T03:56:33.027095,23,7010,FRAME,651.085,242.539,3.651,3.416,106,200.0,,,
2026-09-08T03:56:33.044363,23,7011,FRAME,654.736,245.955,3.651,3.416,106,200.0,,,
2026-09-08T03:56:33.061293,23,7012,FRAME,658.387,249.371,3.651,3.416,106,200.0,,,
2026-09-08T03:56:33.077363,23,7013,FRAME,662.038,252.787,3.651,3.416,106,200.0,,,
2026-09-08T03:56:33.094404,23,7014,FRAME,665.689,256.204,3.651,3.416,106,200.0,,,
2026-09-08T03:56:33.111229,23,7015,FRAME,669.34,259.62,3.651,3.416,106,200.0,,,
2026-09-08T03:56:33.127369,23,7016,FRAME,672.991,263.036,3.651,3.416,106,200.0,,,
2026-09-08T03:56:33.144076,23,7017,FRAME,676.642,266.452,3.651,3.416,106,200.0,,,
2026-09-08T03:56:33.160078,23,7018,FRAME,680.294,269.868,3.651,3.416,106,200.0,,,
2026-09-08T03:56:33.175805,23,7019,FRAME,683.945,273.284,3.651,3.416,106,200.0,,,
2026-09-08T03:56:33.191728,23,7020,FRAME,687.596,276.7,3.651,3.416,106,200.0,,,
2026-09-08T03:56:33.208139,23,7021,FRAME,691.247,280.116,3.651,3.416,106,200.0,,,
2026-09-08T03:56:33.224127,23,7022,FRAME,694.898,283.532,3.651,3.416,106,200.0,,,
2026-09-08T03:56:33.240057,23,7023,FRAME,698.549,286.948,3.651,3.416,106,200.0,,,
2026-09-08T03:56:33.256505,23,7024,FRAME,702.2,290.364,3.651,3.416,106,200.0,,,
2026-09-08T03:56:33.274099,23,7025,FRAME,705.851,293.78,3.651,3.416,106,200.0,,,
2026-09-08T03:56:33.290542,23,7026,FRAME,709.502,297.196,3.651,3.416,106,200.0,,,
2026-09-08T03:56:33.307588,23,7027,FRAME,713.154,300.612,3.651,3.416,106,200.0,,,
2026-09-08T03:56:33.324108,23,7028,FRAME,716.805,304.028,3.651,3.416,106,200.0,,,
2026-09-08T03:56:33.340655,23,7029,FRAME,720.456,307.444,3.651,3.416,106,200.0,,,
2026-09-08T03:56:33.356719,23,7030,FRAME,724.107,310.86,3.651,3.416,106,200.0,,,
2026-09-08T03:56:33.372406,23,7031,FRAME,727.758,314.276,3.651,3.416,106,200.0,,,
2026-09-08T03:56:33.389152,23,7032,FRAME,731.409,317.692,3.651,3.416,106,200.0,,,
2026-09-08T03:56:33.405000,23,7033,FRAME,735.06,321.108,3.651,3.416,106,200.0,,,
2026-09-08T03:56:33.421026,23,7034,FRAME,738.711,324.524,3.651,3.416,106,200.0,,,
2026-09-08T03:56:33.437111,23,7035,FRAME,742.362,327.941,3.651,3.416,106,200.0,,,
2026-09-08T03:56:33.454144,23,7036,FRAME,746.014,331.357,3.651,3.416,106,200.0,,,
2026-09-08T03:56:33.471216,23,7037,FRAME,749.665,334.773,3.651,3.416,106,200.0,,,
2026-09-08T03:56:33.488213,23,7038,FRAME,753.316,338.189,3.651,3.416,106,200.0,,,
2026-09-08T03:56:33.505301,23,7039,FRAME,756.967,341.605,3.651,3.416,106,200.0,,,
2026-09-08T03:56:33.522167,23,7040,FRAME,760.618,345.021,3.651,3.416,106,200.0,,,
2026-09-08T03:56:33.539485,23,7041,FRAME,764.269,348.437,3.651,3.416,106,200.0,,,
2026-09-08T03:56:33.556250,23,7042,FRAME,767.92,351.853,3.651,3.416,106,200.0,,,
2026-09-08T03:56:33.572677,23,7043,FRAME,771.571,355.269,3.651,3.416,106,200.0,,,
2026-09-08T03:56:33.588656,23,7044,FRAME,775.222,358.685,3.651,3.416,106,200.0,,,
2026-09-08T03:56:33.604604,23,7045,FRAME,778.874,362.101,3.651,3.416,106,200.0,,,
2026-09-08T03:56:33.621107,23,7046,FRAME,782.525,365.517,3.651,3.416,106,200.0,,,
2026-09-08T03:56:33.636829,23,7047,FRAME,786.176,368.933,3.651,3.416,106,200.0,,,
2026-09-08T03:56:33.652623,23,7048,FRAME,789.827,372.349,3.651,3.416,106,200.0,,,
2026-09-08T03:56:33.668539,23,7049,FRAME,793.478,375.765,3.651,3.416,106,200.0,,,
2026-09-08T03:56:33.685196,23,7050,FRAME,797.129,379.181,3.651,3.416,106,200.0,,,
2026-09-08T03:56:33.702117,23,7051,FRAME,800.78,382.597,3.651,3.416,106,200.0,,,
2026-09-08T03:56:33.702117,23,7052,MISS_RIGHT,800.78,382.597,3.651,3.416,106,200.0,,,LEFT
2026-09-08T03:56:33.718310,24,7053,FRAME,414.145,383.107,-3.714,3.348,106,200.0,,,
2026-09-08T03:56:33.735484,24,7054,FRAME,410.432,386.455,-3.714,3.348,106,200.0,,,
2026-09-08T03:56:33.752378,24,7055,FRAME,406.718,389.804,-3.714,3.348,106,200.0,,,
2026-09-08T03:56:33.768986,24,7056,FRAME,403.005,393.152,-3.714,3.348,106,200.0,,,
2026-09-08T03:56:33.785366,24,7057,FRAME,399.291,396.5,-3.714,3.348,106,200.0,,,
2026-09-08T03:56:33.801385,24,7058,FRAME,395.578,399.848,-3.714,3.348,106,200.0,,,
2026-09-08T03:56:33.817406,24,7059,FRAME,391.864,403.196,-3.714,3.348,106,200.0,,,
2026-09-08T03:56:33.834331,24,7060,FRAME,388.15,406.544,-3.714,3.348,106,200.0,,,
2026-09-08T03:56:33.851513,24,7061,FRAME,384.437,409.892,-3.714,3.348,106,200.0,,,
2026-09-08T03:56:33.868804,24,7062,FRAME,380.723,413.24,-3.714,3.348,106,200.0,,,
2026-09-08T03:56:33.885724,24,7063,FRAME,377.01,416.588,-3.714,3.348,106,200.0,,,
2026-09-08T03:56:33.901459,24,7064,FRAME,373.296,419.936,-3.714,3.348,106,200.0,,,
2026-09-08T03:56:33.918043,24,7065,FRAME,369.583,423.284,-3.714,3.348,106,200.0,,,
2026-09-08T03:56:33.934342,24,7066,FRAME,365.869,426.632,-3.714,3.348,106,200.0,,,
2026-09-08T03:56:33.951452,24,7067,FRAME,362.156,429.98,-3.714,3.348,106,200.0,,,
2026-09-08T03:56:33.968166,24,7068,FRAME,358.442,433.328,-3.714,3.348,106,200.0,,,
2026-09-08T03:56:33.984129,24,7069,FRAME,354.729,436.677,-3.714,3.348,106,200.0,,,
2026-09-08T03:56:34.000204,24,7070,FRAME,351.015,440.025,-3.714,3.348,106,200.0,,,
2026-09-08T03:56:34.017285,24,7071,FRAME,347.301,443.373,-3.714,3.348,106,200.0,,,
2026-09-08T03:56:34.035093,24,7072,FRAME,343.588,446.721,-3.714,3.348,106,200.0,,,
2026-09-08T03:56:34.050354,24,7073,FRAME,339.874,450.069,-3.714,3.348,106,200.0,,,
2026-09-08T03:56:34.066350,24,7074,FRAME,336.161,453.417,-3.714,3.348,106,200.0,,,
2026-09-08T03:56:34.082231,24,7075,FRAME,332.447,456.765,-3.714,3.348,106,200.0,,,
2026-09-08T03:56:34.099206,24,7076,FRAME,328.734,460.113,-3.714,3.348,106,200.0,,,
2026-09-08T03:56:34.116423,24,7077,FRAME,325.02,463.461,-3.714,3.348,106,200.0,,,
2026-09-08T03:56:34.133334,24,7078,FRAME,321.307,466.809,-3.714,3.348,106,200.0,,,
2026-09-08T03:56:34.150526,24,7079,FRAME,317.593,470.157,-3.714,3.348,106,200.0,,,
2026-09-08T03:56:34.167518,24,7080,FRAME,313.88,473.505,-3.714,3.348,99,200.0,,,
2026-09-08T03:56:34.184154,24,7081,FRAME,310.166,476.853,-3.714,3.348,92,200.0,,,
2026-09-08T03:56:34.201486,24,7082,FRAME,306.452,480.201,-3.714,3.348,85,200.0,,,
2026-09-08T03:56:34.217449,24,7083,FRAME,302.739,483.55,-3.714,3.348,78,200.0,,,
2026-09-08T03:56:34.233996,24,7084,FRAME,299.025,486.898,-3.714,3.348,71,200.0,,,
2026-09-08T03:56:34.249474,24,7085,WALL_BOUNCE,295.312,488,-3.714,-3.348,64,200.0,,,
2026-09-08T03:56:34.249474,24,7086,FRAME,295.312,488,-3.714,-3.348,64,200.0,,,
2026-09-08T03:56:34.265991,24,7087,FRAME,291.598,484.652,-3.714,-3.348,57,200.0,,,
2026-09-08T03:56:34.282720,24,7088,FRAME,287.885,481.304,-3.714,-3.348,50,200.0,,,
2026-09-08T03:56:34.298781,24,7089,FRAME,284.171,477.956,-3.714,-3.348,43,200.0,,,
2026-09-08T03:56:34.314959,24,7090,FRAME,280.458,474.608,-3.714,-3.348,36,200.0,,,
2026-09-08T03:56:34.331203,24,7091,FRAME,276.744,471.26,-3.714,-3.348,29,200.0,,,
2026-09-08T03:56:34.348202,24,7092,FRAME,273.031,467.912,-3.714,-3.348,29,200.0,,,
2026-09-08T03:56:34.364335,24,7093,FRAME,269.317,464.563,-3.714,-3.348,29,200.0,,,
2026-09-08T03:56:34.381184,24,7094,FRAME,265.603,461.215,-3.714,-3.348,29,200.0,,,
2026-09-08T03:56:34.397549,24,7095,FRAME,261.89,457.867,-3.714,-3.348,29,200.0,,,
2026-09-08T03:56:34.414138,24,7096,FRAME,258.176,454.519,-3.714,-3.348,29,200.0,,,
2026-09-08T03:56:34.431353,24,7097,FRAME,254.463,451.171,-3.714,-3.348,29,200.0,,,
2026-09-08T03:56:34.447277,24,7098,FRAME,250.749,447.823,-3.714,-3.348,29,200.0,,,
2026-09-08T03:56:34.464335,24,7099,FRAME,247.036,444.475,-3.714,-3.348,29,200.0,,,
2026-09-08T03:56:34.480447,24,7100,FRAME,243.322,441.127,-3.714,-3.348,29,200.0,,,
2026-09-08T03:56:34.497422,24,7101,FRAME,239.609,437.779,-3.714,-3.348,29,200.0,,,
2026-09-08T03:56:34.514260,24,7102,FRAME,235.895,434.431,-3.714,-3.348,29,200.0,,,
2026-09-08T03:56:34.531274,24,7103,FRAME,232.182,431.083,-3.714,-3.348,29,200.0,,,
2026-09-08T03:56:34.548566,24,7104,FRAME,228.468,427.735,-3.714,-3.348,29,200.0,,,
2026-09-08T03:56:34.565232,24,7105,FRAME,224.754,424.387,-3.714,-3.348,29,200.0,,,
2026-09-08T03:56:34.581740,24,7106,FRAME,221.041,421.039,-3.714,-3.348,36,200.0,,,
2026-09-08T03:56:34.598989,24,7107,FRAME,217.327,417.69,-3.714,-3.348,43,200.0,,,
2026-09-08T03:56:34.615416,24,7108,FRAME,213.614,414.342,-3.714,-3.348,50,200.0,,,
2026-09-08T03:56:34.632094,24,7109,FRAME,209.9,410.994,-3.714,-3.348,57,200.0,,,
2026-09-08T03:56:34.648409,24,7110,FRAME,206.187,407.646,-3.714,-3.348,64,200.0,,,
2026-09-08T03:56:34.664396,24,7111,FRAME,202.473,404.298,-3.714,-3.348,71,200.0,,,
2026-09-08T03:56:34.681086,24,7112,FRAME,198.76,400.95,-3.714,-3.348,78,200.0,,,
2026-09-08T03:56:34.697408,24,7113,FRAME,195.046,397.602,-3.714,-3.348,85,200.0,,,
2026-09-08T03:56:34.714220,24,7114,FRAME,191.333,394.254,-3.714,-3.348,92,200.0,,,
2026-09-08T03:56:34.731061,24,7115,FRAME,187.619,390.906,-3.714,-3.348,92,200.0,,,
2026-09-08T03:56:34.747272,24,7116,FRAME,183.905,387.558,-3.714,-3.348,92,200.0,,,
2026-09-08T03:56:34.764081,24,7117,FRAME,180.192,384.21,-3.714,-3.348,92,200.0,,,
2026-09-08T03:56:34.780625,24,7118,FRAME,176.478,380.862,-3.714,-3.348,92,200.0,,,
2026-09-08T03:56:34.797146,24,7119,FRAME,172.765,377.514,-3.714,-3.348,92,200.0,,,
2026-09-08T03:56:34.813218,24,7120,FRAME,169.051,374.166,-3.714,-3.348,92,200.0,,,
2026-09-08T03:56:34.830156,24,7121,FRAME,165.338,370.817,-3.714,-3.348,92,200.0,,,
2026-09-08T03:56:34.846924,24,7122,FRAME,161.624,367.469,-3.714,-3.348,92,200.0,,,
2026-09-08T03:56:34.864370,24,7123,FRAME,157.911,364.121,-3.714,-3.348,92,200.0,,,
2026-09-08T03:56:34.881464,24,7124,FRAME,154.197,360.773,-3.714,-3.348,92,200.0,,,
2026-09-08T03:56:34.897269,24,7125,FRAME,150.484,357.425,-3.714,-3.348,99,200.0,,,
2026-09-08T03:56:34.913794,24,7126,FRAME,146.77,354.077,-3.714,-3.348,106,200.0,,,
2026-09-08T03:56:34.930131,24,7127,FRAME,143.056,350.729,-3.714,-3.348,113,200.0,,,
2026-09-08T03:56:34.945465,24,7128,FRAME,139.343,347.381,-3.714,-3.348,120,200.0,,,
2026-09-08T03:56:34.961741,24,7129,FRAME,135.629,344.033,-3.714,-3.348,127,200.0,,,
2026-09-08T03:56:34.977712,24,7130,FRAME,131.916,340.685,-3.714,-3.348,134,200.0,,,
2026-09-08T03:56:34.994093,24,7131,FRAME,128.202,337.337,-3.714,-3.348,141,200.0,,,
2026-09-08T03:56:35.010010,24,7132,FRAME,124.489,333.989,-3.714,-3.348,141,200.0,,,
2026-09-08T03:56:35.026274,24,7133,FRAME,120.775,330.641,-3.714,-3.348,141,200.0,,,
2026-09-08T03:56:35.042316,24,7134,FRAME,117.062,327.293,-3.714,-3.348,141,200.0,,,
2026-09-08T03:56:35.058602,24,7135,FRAME,113.348,323.944,-3.714,-3.348,141,200.0,,,
2026-09-08T03:56:35.075020,24,7136,FRAME,109.635,320.596,-3.714,-3.348,141,200.0,,,
2026-09-08T03:56:35.091361,24,7137,FRAME,105.921,317.248,-3.714,-3.348,141,200.0,,,
2026-09-08T03:56:35.108301,24,7138,FRAME,102.207,313.9,-3.714,-3.348,141,200.0,,,
2026-09-08T03:56:35.125404,24,7139,FRAME,98.494,310.552,-3.714,-3.348,141,200.0,,,
2026-09-08T03:56:35.141871,24,7140,FRAME,94.78,307.204,-3.714,-3.348,141,200.0,,,
2026-09-08T03:56:35.158135,24,7141,FRAME,91.067,303.856,-3.714,-3.348,141,200.0,,,
2026-09-08T03:56:35.174417,24,7142,FRAME,87.353,300.508,-3.714,-3.348,141,200.0,,,
2026-09-08T03:56:35.191128,24,7143,FRAME,83.64,297.16,-3.714,-3.348,148,200.0,,,
2026-09-08T03:56:35.206663,24,7144,FRAME,79.926,293.812,-3.714,-3.348,155,200.0,,,
2026-09-08T03:56:35.223015,24,7145,FRAME,76.213,290.464,-3.714,-3.348,162,200.0,,,
2026-09-08T03:56:35.238722,24,7146,FRAME,72.499,287.116,-3.714,-3.348,169,200.0,,,
2026-09-08T03:56:35.255241,24,7147,FRAME,68.786,283.768,-3.714,-3.348,176,200.0,,,
2026-09-08T03:56:35.272279,24,7148,FRAME,65.072,280.42,-3.714,-3.348,183,200.0,,,
2026-09-08T03:56:35.289040,24,7149,FRAME,61.359,277.071,-3.714,-3.348,190,200.0,,,
2026-09-08T03:56:35.305306,24,7150,FRAME,57.645,273.723,-3.714,-3.348,197,200.0,,,
2026-09-08T03:56:35.322187,24,7151,FRAME,53.931,270.375,-3.714,-3.348,204,200.0,,,
2026-09-08T03:56:35.339958,24,7152,FRAME,50.218,267.027,-3.714,-3.348,211,200.0,,,
2026-09-08T03:56:35.356292,24,7153,FRAME,46.504,263.679,-3.714,-3.348,211,200.0,,,
2026-09-08T03:56:35.373383,24,7154,LEFT_HIT,45,260.331,4.969,0.557,211,200.0,0.107,6.397,
2026-09-08T03:56:35.373383,24,7155,FRAME,45,260.331,4.969,0.557,211,200.0,,,
2026-09-08T03:56:35.389750,24,7156,FRAME,49.969,260.888,4.969,0.557,211,200.0,,,
2026-09-08T03:56:35.406350,24,7157,FRAME,54.938,261.445,4.969,0.557,211,200.0,,,
2026-09-08T03:56:35.423105,24,7158,FRAME,59.907,262.002,4.969,0.557,211,200.0,,,
2026-09-08T03:56:35.439325,24,7159,FRAME,64.875,262.56,4.969,0.557,211,200.0,,,
2026-09-08T03:56:35.455499,24,7160,FRAME,69.844,263.117,4.969,0.557,211,200.0,,,
2026-09-08T03:56:35.472282,24,7161,FRAME,74.813,263.674,4.969,0.557,211,200.0,,,
2026-09-08T03:56:35.489479,24,7162,FRAME,79.782,264.231,4.969,0.557,211,200.0,,,
2026-09-08T03:56:35.506545,24,7163,FRAME,84.751,264.788,4.969,0.557,211,200.0,,,
2026-09-08T03:56:35.524203,24,7164,FRAME,89.72,265.345,4.969,0.557,211,200.0,,,
2026-09-08T03:56:35.541806,24,7165,FRAME,94.689,265.902,4.969,0.557,211,200.0,,,
2026-09-08T03:56:35.558352,24,7166,FRAME,99.658,266.459,4.969,0.557,211,200.0,,,
2026-09-08T03:56:35.575723,24,7167,FRAME,104.626,267.017,4.969,0.557,211,200.0,,,
2026-09-08T03:56:35.592291,24,7168,FRAME,109.595,267.574,4.969,0.557,211,200.0,,,
2026-09-08T03:56:35.609095,24,7169,FRAME,114.564,268.131,4.969,0.557,211,200.0,,,
2026-09-08T03:56:35.625390,24,7170,FRAME,119.533,268.688,4.969,0.557,211,200.0,,,
2026-09-08T03:56:35.641700,24,7171,FRAME,124.502,269.245,4.969,0.557,211,200.0,,,
2026-09-08T03:56:35.658239,24,7172,FRAME,129.471,269.802,4.969,0.557,211,200.0,,,
2026-09-08T03:56:35.675207,24,7173,FRAME,134.44,270.359,4.969,0.557,211,200.0,,,
2026-09-08T03:56:35.692165,24,7174,FRAME,139.408,270.916,4.969,0.557,211,200.0,,,
2026-09-08T03:56:35.708540,24,7175,FRAME,144.377,271.473,4.969,0.557,211,200.0,,,
2026-09-08T03:56:35.724985,24,7176,FRAME,149.346,272.031,4.969,0.557,211,200.0,,,
2026-09-08T03:56:35.742363,24,7177,FRAME,154.315,272.588,4.969,0.557,211,200.0,,,
2026-09-08T03:56:35.758490,24,7178,FRAME,159.284,273.145,4.969,0.557,211,200.0,,,
2026-09-08T03:56:35.774513,24,7179,FRAME,164.253,273.702,4.969,0.557,211,200.0,,,
2026-09-08T03:56:35.791386,24,7180,FRAME,169.222,274.259,4.969,0.557,211,200.0,,,
2026-09-08T03:56:35.808064,24,7181,FRAME,174.19,274.816,4.969,0.557,211,200.0,,,
2026-09-08T03:56:35.824424,24,7182,FRAME,179.159,275.373,4.969,0.557,211,200.0,,,
2026-09-08T03:56:35.841297,24,7183,FRAME,184.128,275.93,4.969,0.557,211,200.0,,,
2026-09-08T03:56:35.857924,24,7184,FRAME,189.097,276.487,4.969,0.557,211,200.0,,,
2026-09-08T03:56:35.874177,24,7185,FRAME,194.066,277.045,4.969,0.557,211,200.0,,,
2026-09-08T03:56:35.891041,24,7186,FRAME,199.035,277.602,4.969,0.557,211,200.0,,,
2026-09-08T03:56:35.906649,24,7187,FRAME,204.004,278.159,4.969,0.557,218,200.0,,,
2026-09-08T03:56:35.923187,24,7188,FRAME,208.973,278.716,4.969,0.557,225,200.0,,,
2026-09-08T03:56:35.940620,24,7189,FRAME,213.941,279.273,4.969,0.557,232,200.0,,,
2026-09-08T03:56:35.957450,24,7190,FRAME,218.91,279.83,4.969,0.557,239,200.0,,,
2026-09-08T03:56:35.974364,24,7191,FRAME,223.879,280.387,4.969,0.557,246,200.0,,,
2026-09-08T03:56:35.990747,24,7192,FRAME,228.848,280.944,4.969,0.557,253,200.0,,,
2026-09-08T03:56:36.007664,24,7193,FRAME,233.817,281.501,4.969,0.557,260,200.0,,,
2026-09-08T03:56:36.024414,24,7194,FRAME,238.786,282.059,4.969,0.557,267,200.0,,,
2026-09-08T03:56:36.041185,24,7195,FRAME,243.755,282.616,4.969,0.557,274,200.0,,,
2026-09-08T03:56:36.057470,24,7196,FRAME,248.723,283.173,4.969,0.557,281,200.0,,,
2026-09-08T03:56:36.074441,24,7197,FRAME,253.692,283.73,4.969,0.557,288,200.0,,,
2026-09-08T03:56:36.090800,24,7198,FRAME,258.661,284.287,4.969,0.557,295,200.0,,,
2026-09-08T03:56:36.107458,24,7199,FRAME,263.63,284.844,4.969,0.557,302,200.0,,,
2026-09-08T03:56:36.124237,24,7200,FRAME,268.599,285.401,4.969,0.557,309,200.0,,,
2026-09-08T03:56:36.141639,24,7201,FRAME,273.568,285.958,4.969,0.557,316,200.0,,,
2026-09-08T03:56:36.158346,24,7202,FRAME,278.537,286.516,4.969,0.557,323,200.0,,,
2026-09-08T03:56:36.175317,24,7203,FRAME,283.506,287.073,4.969,0.557,330,200.0,,,
2026-09-08T03:56:36.193012,24,7204,FRAME,288.474,287.63,4.969,0.557,337,200.0,,,
2026-09-08T03:56:36.209250,24,7205,FRAME,293.443,288.187,4.969,0.557,344,200.0,,,
2026-09-08T03:56:36.225945,24,7206,FRAME,298.412,288.744,4.969,0.557,351,200.0,,,
2026-09-08T03:56:36.242545,24,7207,FRAME,303.381,289.301,4.969,0.557,351,200.0,,,
2026-09-08T03:56:36.259067,24,7208,FRAME,308.35,289.858,4.969,0.557,351,200.0,,,
2026-09-08T03:56:36.275300,24,7209,FRAME,313.319,290.415,4.969,0.557,351,200.0,,,
2026-09-08T03:56:36.291380,24,7210,FRAME,318.288,290.972,4.969,0.557,351,200.0,,,
2026-09-08T03:56:36.307808,24,7211,FRAME,323.256,291.53,4.969,0.557,351,200.0,,,
2026-09-08T03:56:36.324367,24,7212,FRAME,328.225,292.087,4.969,0.557,351,200.0,,,
2026-09-08T03:56:36.340932,24,7213,FRAME,333.194,292.644,4.969,0.557,351,200.0,,,
2026-09-08T03:56:36.358009,24,7214,FRAME,338.163,293.201,4.969,0.557,351,200.0,,,
2026-09-08T03:56:36.374122,24,7215,FRAME,343.132,293.758,4.969,0.557,351,200.0,,,
2026-09-08T03:56:36.390131,24,7216,FRAME,348.101,294.315,4.969,0.557,351,200.0,,,
2026-09-08T03:56:36.406592,24,7217,FRAME,353.07,294.872,4.969,0.557,351,200.0,,,
2026-09-08T03:56:36.423377,24,7218,FRAME,358.039,295.429,4.969,0.557,351,200.0,,,
2026-09-08T03:56:36.439735,24,7219,FRAME,363.007,295.986,4.969,0.557,351,200.0,,,
2026-09-08T03:56:36.456461,24,7220,FRAME,367.976,296.544,4.969,0.557,351,200.0,,,
2026-09-08T03:56:36.472882,24,7221,FRAME,372.945,297.101,4.969,0.557,344,200.0,,,
2026-09-08T03:56:36.488927,24,7222,FRAME,377.914,297.658,4.969,0.557,337,200.0,,,
2026-09-08T03:56:36.505294,24,7223,FRAME,382.883,298.215,4.969,0.557,330,200.0,,,
2026-09-08T03:56:36.522428,24,7224,FRAME,387.852,298.772,4.969,0.557,323,200.0,,,
2026-09-08T03:56:36.539835,24,7225,FRAME,392.821,299.329,4.969,0.557,316,200.0,,,
2026-09-08T03:56:36.556346,24,7226,FRAME,397.789,299.886,4.969,0.557,309,200.0,,,
2026-09-08T03:56:36.573014,24,7227,FRAME,402.758,300.443,4.969,0.557,302,200.0,,,
2026-09-08T03:56:36.589125,24,7228,FRAME,407.727,301.001,4.969,0.557,295,200.0,,,
2026-09-08T03:56:36.605803,24,7229,FRAME,412.696,301.558,4.969,0.557,288,200.0,,,
2026-09-08T03:56:36.622598,24,7230,FRAME,417.665,302.115,4.969,0.557,281,200.0,,,
2026-09-08T03:56:36.640121,24,7231,FRAME,422.634,302.672,4.969,0.557,274,200.0,,,
2026-09-08T03:56:36.656388,24,7232,FRAME,427.603,303.229,4.969,0.557,267,200.0,,,
2026-09-08T03:56:36.674252,24,7233,FRAME,432.571,303.786,4.969,0.557,260,200.0,,,
2026-09-08T03:56:36.691614,24,7234,FRAME,437.54,304.343,4.969,0.557,260,200.0,,,
2026-09-08T03:56:36.706533,24,7235,FRAME,442.509,304.9,4.969,0.557,260,200.0,,,
2026-09-08T03:56:36.724103,24,7236,FRAME,447.478,305.457,4.969,0.557,260,200.0,,,
2026-09-08T03:56:36.740372,24,7237,FRAME,452.447,306.015,4.969,0.557,260,200.0,,,
2026-09-08T03:56:36.757132,24,7238,FRAME,457.416,306.572,4.969,0.557,260,200.0,,,
2026-09-08T03:56:36.774361,24,7239,FRAME,462.385,307.129,4.969,0.557,260,200.0,,,
2026-09-08T03:56:36.791342,24,7240,FRAME,467.354,307.686,4.969,0.557,260,200.0,,,
2026-09-08T03:56:36.808873,24,7241,FRAME,472.322,308.243,4.969,0.557,260,200.0,,,
2026-09-08T03:56:36.825368,24,7242,FRAME,477.291,308.8,4.969,0.557,260,200.0,,,
2026-09-08T03:56:36.842387,24,7243,FRAME,482.26,309.357,4.969,0.557,260,200.0,,,
2026-09-08T03:56:36.860104,24,7244,FRAME,487.229,309.914,4.969,0.557,260,200.0,,,
2026-09-08T03:56:36.876194,24,7245,FRAME,492.198,310.471,4.969,0.557,260,200.0,,,
2026-09-08T03:56:36.893146,24,7246,FRAME,497.167,311.029,4.969,0.557,253,200.0,,,
2026-09-08T03:56:36.909792,24,7247,FRAME,502.136,311.586,4.969,0.557,246,200.0,,,
2026-09-08T03:56:36.926595,24,7248,FRAME,507.104,312.143,4.969,0.557,239,200.0,,,
2026-09-08T03:56:36.943302,24,7249,FRAME,512.073,312.7,4.969,0.557,232,200.0,,,
2026-09-08T03:56:36.959576,24,7250,FRAME,517.042,313.257,4.969,0.557,225,200.0,,,
2026-09-08T03:56:36.976338,24,7251,FRAME,522.011,313.814,4.969,0.557,218,200.0,,,
2026-09-08T03:56:36.992608,24,7252,FRAME,526.98,314.371,4.969,0.557,211,200.0,,,
2026-09-08T03:56:37.009123,24,7253,FRAME,531.949,314.928,4.969,0.557,204,200.0,,,
2026-09-08T03:56:37.026786,24,7254,FRAME,536.918,315.485,4.969,0.557,197,200.0,,,
2026-09-08T03:56:37.043320,24,7255,FRAME,541.887,316.043,4.969,0.557,190,200.0,,,
2026-09-08T03:56:37.060403,24,7256,FRAME,546.855,316.6,4.969,0.557,183,200.0,,,
2026-09-08T03:56:37.076468,24,7257,FRAME,551.824,317.157,4.969,0.557,176,200.0,,,
2026-09-08T03:56:37.093255,24,7258,FRAME,556.793,317.714,4.969,0.557,176,200.0,,,
2026-09-08T03:56:37.110612,24,7259,FRAME,561.762,318.271,4.969,0.557,176,200.0,,,
2026-09-08T03:56:37.127203,24,7260,FRAME,566.731,318.828,4.969,0.557,176,200.0,,,
2026-09-08T03:56:37.144238,24,7261,FRAME,571.7,319.385,4.969,0.557,176,200.0,,,
2026-09-08T03:56:37.161354,24,7262,FRAME,576.669,319.942,4.969,0.557,176,200.0,,,
2026-09-08T03:56:37.178329,24,7263,FRAME,581.637,320.5,4.969,0.557,176,200.0,,,
2026-09-08T03:56:37.195254,24,7264,FRAME,586.606,321.057,4.969,0.557,176,200.0,,,
2026-09-08T03:56:37.211466,24,7265,FRAME,591.575,321.614,4.969,0.557,176,200.0,,,
2026-09-08T03:56:37.227333,24,7266,FRAME,596.544,322.171,4.969,0.557,176,200.0,,,
2026-09-08T03:56:37.244396,24,7267,FRAME,601.513,322.728,4.969,0.557,176,200.0,,,
2026-09-08T03:56:37.260653,24,7268,FRAME,606.482,323.285,4.969,0.557,176,200.0,,,
2026-09-08T03:56:37.277383,24,7269,FRAME,611.451,323.842,4.969,0.557,176,200.0,,,
2026-09-08T03:56:37.294338,24,7270,FRAME,616.42,324.399,4.969,0.557,176,200.0,,,
2026-09-08T03:56:37.311503,24,7271,FRAME,621.388,324.956,4.969,0.557,176,200.0,,,
2026-09-08T03:56:37.328270,24,7272,FRAME,626.357,325.514,4.969,0.557,176,200.0,,,
2026-09-08T03:56:37.345500,24,7273,FRAME,631.326,326.071,4.969,0.557,176,200.0,,,
2026-09-08T03:56:37.361787,24,7274,FRAME,636.295,326.628,4.969,0.557,176,200.0,,,
2026-09-08T03:56:37.377369,24,7275,FRAME,641.264,327.185,4.969,0.557,176,200.0,,,
2026-09-08T03:56:37.394158,24,7276,FRAME,646.233,327.742,4.969,0.557,169,200.0,,,
2026-09-08T03:56:37.410206,24,7277,FRAME,651.202,328.299,4.969,0.557,162,200.0,,,
2026-09-08T03:56:37.427257,24,7278,FRAME,656.17,328.856,4.969,0.557,155,200.0,,,
2026-09-08T03:56:37.443968,24,7279,FRAME,661.139,329.413,4.969,0.557,148,200.0,,,
2026-09-08T03:56:37.459766,24,7280,FRAME,666.108,329.97,4.969,0.557,141,200.0,,,
2026-09-08T03:56:37.475375,24,7281,FRAME,671.077,330.528,4.969,0.557,134,200.0,,,
2026-09-08T03:56:37.492026,24,7282,FRAME,676.046,331.085,4.969,0.557,127,200.0,,,
2026-09-08T03:56:37.508344,24,7283,FRAME,681.015,331.642,4.969,0.557,120,200.0,,,
2026-09-08T03:56:37.525051,24,7284,FRAME,685.984,332.199,4.969,0.557,113,200.0,,,
2026-09-08T03:56:37.541050,24,7285,FRAME,690.952,332.756,4.969,0.557,106,200.0,,,
2026-09-08T03:56:37.557330,24,7286,FRAME,695.921,333.313,4.969,0.557,99,200.0,,,
2026-09-08T03:56:37.574126,24,7287,FRAME,700.89,333.87,4.969,0.557,92,200.0,,,
2026-09-08T03:56:37.590250,24,7288,FRAME,705.859,334.427,4.969,0.557,92,200.0,,,
2026-09-08T03:56:37.606823,24,7289,FRAME,710.828,334.985,4.969,0.557,92,200.0,,,
2026-09-08T03:56:37.623218,24,7290,FRAME,715.797,335.542,4.969,0.557,92,200.0,,,
2026-09-08T03:56:37.640117,24,7291,FRAME,720.766,336.099,4.969,0.557,92,200.0,,,
2026-09-08T03:56:37.656973,24,7292,FRAME,725.735,336.656,4.969,0.557,92,200.0,,,
2026-09-08T03:56:37.672909,24,7293,FRAME,730.703,337.213,4.969,0.557,92,200.0,,,
2026-09-08T03:56:37.690119,24,7294,FRAME,735.672,337.77,4.969,0.557,99,200.0,,,
2026-09-08T03:56:37.706667,24,7295,FRAME,740.641,338.327,4.969,0.557,106,200.0,,,
2026-09-08T03:56:37.724030,24,7296,FRAME,745.61,338.884,4.969,0.557,113,200.0,,,
2026-09-08T03:56:37.741267,24,7297,FRAME,750.579,339.441,4.969,0.557,120,200.0,,,
2026-09-08T03:56:37.758495,24,7298,FRAME,755.548,339.999,4.969,0.557,127,200.0,,,
2026-09-08T03:56:37.775444,24,7299,FRAME,760.517,340.556,4.969,0.557,134,200.0,,,
2026-09-08T03:56:37.792350,24,7300,FRAME,765.485,341.113,4.969,0.557,141,200.0,,,
2026-09-08T03:56:37.808732,24,7301,FRAME,770.454,341.67,4.969,0.557,148,200.0,,,
2026-09-08T03:56:37.825146,24,7302,FRAME,775.423,342.227,4.969,0.557,155,200.0,,,
2026-09-08T03:56:37.841535,24,7303,FRAME,780.392,342.784,4.969,0.557,162,200.0,,,
2026-09-08T03:56:37.857317,24,7304,FRAME,785.361,343.341,4.969,0.557,169,200.0,,,
2026-09-08T03:56:37.874195,24,7305,FRAME,790.33,343.898,4.969,0.557,176,200.0,,,
2026-09-08T03:56:37.892248,24,7306,FRAME,795.299,344.455,4.969,0.557,176,200.0,,,
2026-09-08T03:56:37.909470,24,7307,FRAME,800.268,345.013,4.969,0.557,176,200.0,,,
2026-09-08T03:56:37.909470,24,7308,MISS_RIGHT,800.268,345.013,4.969,0.557,176,200.0,,,LEFT
2026-09-08T03:56:37.926347,25,7309,FRAME,290.83,322.809,-3.988,3.016,176,200.0,,,
2026-09-08T03:56:37.942328,25,7310,FRAME,286.842,325.825,-3.988,3.016,176,200.0,,,
2026-09-08T03:56:37.959245,25,7311,FRAME,282.853,328.84,-3.988,3.016,176,200.0,,,
2026-09-08T03:56:37.976421,25,7312,FRAME,278.865,331.856,-3.988,3.016,176,200.0,,,
2026-09-08T03:56:37.993245,25,7313,FRAME,274.877,334.872,-3.988,3.016,176,200.0,,,
2026-09-08T03:56:38.010722,25,7314,FRAME,270.889,337.887,-3.988,3.016,176,200.0,,,
2026-09-08T03:56:38.027430,25,7315,FRAME,266.901,340.903,-3.988,3.016,176,200.0,,,
2026-09-08T03:56:38.044188,25,7316,FRAME,262.912,343.918,-3.988,3.016,176,200.0,,,
2026-09-08T03:56:38.061289,25,7317,FRAME,258.924,346.934,-3.988,3.016,176,200.0,,,
2026-09-08T03:56:38.077571,25,7318,FRAME,254.936,349.95,-3.988,3.016,176,200.0,,,
2026-09-08T03:56:38.094185,25,7319,FRAME,250.948,352.965,-3.988,3.016,176,200.0,,,
2026-09-08T03:56:38.110637,25,7320,FRAME,246.959,355.981,-3.988,3.016,176,200.0,,,
2026-09-08T03:56:38.127056,25,7321,FRAME,242.971,358.997,-3.988,3.016,176,200.0,,,
2026-09-08T03:56:38.143002,25,7322,FRAME,238.983,362.012,-3.988,3.016,176,200.0,,,
2026-09-08T03:56:38.159458,25,7323,FRAME,234.995,365.028,-3.988,3.016,176,200.0,,,
2026-09-08T03:56:38.177102,25,7324,FRAME,231.006,368.043,-3.988,3.016,176,200.0,,,
2026-09-08T03:56:38.193373,25,7325,FRAME,227.018,371.059,-3.988,3.016,176,200.0,,,
2026-09-08T03:56:38.209540,25,7326,FRAME,223.03,374.075,-3.988,3.016,169,200.0,,,
2026-09-08T03:56:38.225798,25,7327,FRAME,219.042,377.09,-3.988,3.016,162,200.0,,,
2026-09-08T03:56:38.242108,25,7328,FRAME,215.054,380.106,-3.988,3.016,155,200.0,,,
2026-09-08T03:56:38.258664,25,7329,FRAME,211.065,383.122,-3.988,3.016,148,200.0,,,
2026-09-08T03:56:38.275490,25,7330,FRAME,207.077,386.137,-3.988,3.016,141,200.0,,,
2026-09-08T03:56:38.291399,25,7331,FRAME,203.089,389.153,-3.988,3.016,134,200.0,,,
2026-09-08T03:56:38.308922,25,7332,FRAME,199.101,392.168,-3.988,3.016,127,200.0,,,
2026-09-08T03:56:38.325261,25,7333,FRAME,195.112,395.184,-3.988,3.016,120,200.0,,,
2026-09-08T03:56:38.342969,25,7334,FRAME,191.124,398.2,-3.988,3.016,113,200.0,,,
2026-09-08T03:56:38.359181,25,7335,FRAME,187.136,401.215,-3.988,3.016,106,200.0,,,
2026-09-08T03:56:38.376450,25,7336,FRAME,183.148,404.231,-3.988,3.016,99,200.0,,,
2026-09-08T03:56:38.393107,25,7337,FRAME,179.159,407.247,-3.988,3.016,92,200.0,,,
2026-09-08T03:56:38.409596,25,7338,FRAME,175.171,410.262,-3.988,3.016,92,200.0,,,
2026-09-08T03:56:38.425638,25,7339,FRAME,171.183,413.278,-3.988,3.016,99,200.0,,,
2026-09-08T03:56:38.442039,25,7340,FRAME,167.195,416.294,-3.988,3.016,106,200.0,,,
2026-09-08T03:56:38.457989,25,7341,FRAME,163.207,419.309,-3.988,3.016,113,200.0,,,
2026-09-08T03:56:38.474183,25,7342,FRAME,159.218,422.325,-3.988,3.016,120,200.0,,,
2026-09-08T03:56:38.491261,25,7343,FRAME,155.23,425.34,-3.988,3.016,127,200.0,,,
2026-09-08T03:56:38.508472,25,7344,FRAME,151.242,428.356,-3.988,3.016,134,200.0,,,
2026-09-08T03:56:38.524431,25,7345,FRAME,147.254,431.372,-3.988,3.016,141,200.0,,,
2026-09-08T03:56:38.541204,25,7346,FRAME,143.265,434.387,-3.988,3.016,148,200.0,,,
2026-09-08T03:56:38.558537,25,7347,FRAME,139.277,437.403,-3.988,3.016,155,200.0,,,
2026-09-08T03:56:38.575312,25,7348,FRAME,135.289,440.419,-3.988,3.016,162,200.0,,,
2026-09-08T03:56:38.592066,25,7349,FRAME,131.301,443.434,-3.988,3.016,162,200.0,,,
2026-09-08T03:56:38.607291,25,7350,FRAME,127.312,446.45,-3.988,3.016,162,200.0,,,
2026-09-08T03:56:38.624271,25,7351,FRAME,123.324,449.465,-3.988,3.016,162,200.0,,,
2026-09-08T03:56:38.641300,25,7352,FRAME,119.336,452.481,-3.988,3.016,162,200.0,,,
2026-09-08T03:56:38.658340,25,7353,FRAME,115.348,455.497,-3.988,3.016,162,200.0,,,
2026-09-08T03:56:38.675407,25,7354,FRAME,111.36,458.512,-3.988,3.016,162,200.0,,,
2026-09-08T03:56:38.692063,25,7355,FRAME,107.371,461.528,-3.988,3.016,162,200.0,,,
2026-09-08T03:56:38.708306,25,7356,FRAME,103.383,464.544,-3.988,3.016,162,200.0,,,
2026-09-08T03:56:38.725705,25,7357,FRAME,99.395,467.559,-3.988,3.016,162,200.0,,,
2026-09-08T03:56:38.741991,25,7358,FRAME,95.407,470.575,-3.988,3.016,162,200.0,,,
2026-09-08T03:56:38.758046,25,7359,FRAME,91.418,473.59,-3.988,3.016,162,200.0,,,
2026-09-08T03:56:38.774117,25,7360,FRAME,87.43,476.606,-3.988,3.016,162,200.0,,,
2026-09-08T03:56:38.789471,25,7361,FRAME,83.442,479.622,-3.988,3.016,162,200.0,,,
2026-09-08T03:56:38.806115,25,7362,FRAME,79.454,482.637,-3.988,3.016,162,200.0,,,
2026-09-08T03:56:38.822586,25,7363,FRAME,75.466,485.653,-3.988,3.016,169,200.0,,,
2026-09-08T03:56:38.838531,25,7364,WALL_BOUNCE,71.477,488,-3.988,-3.016,176,200.0,,,
2026-09-08T03:56:38.838531,25,7365,FRAME,71.477,488,-3.988,-3.016,176,200.0,,,
2026-09-08T03:56:38.855202,25,7366,FRAME,67.489,484.984,-3.988,-3.016,183,200.0,,,
2026-09-08T03:56:38.872292,25,7367,FRAME,63.501,481.969,-3.988,-3.016,190,200.0,,,
2026-09-08T03:56:38.889883,25,7368,FRAME,59.513,478.953,-3.988,-3.016,197,200.0,,,
2026-09-08T03:56:38.906228,25,7369,FRAME,55.524,475.937,-3.988,-3.016,204,200.0,,,
2026-09-08T03:56:38.922802,25,7370,FRAME,51.536,472.922,-3.988,-3.016,211,200.0,,,
2026-09-08T03:56:38.939312,25,7371,FRAME,47.548,469.906,-3.988,-3.016,218,200.0,,,
2026-09-08T03:56:38.955320,25,7372,FRAME,43.56,466.891,-3.988,-3.016,225,200.0,,,
2026-09-08T03:56:38.972051,25,7373,FRAME,39.571,463.875,-3.988,-3.016,232,200.0,,,
2026-09-08T03:56:38.987807,25,7374,FRAME,35.583,460.859,-3.988,-3.016,239,200.0,,,
2026-09-08T03:56:39.003514,25,7375,FRAME,31.595,457.844,-3.988,-3.016,246,200.0,,,
2026-09-08T03:56:39.020188,25,7376,FRAME,27.607,454.828,-3.988,-3.016,253,200.0,,,
2026-09-08T03:56:39.036484,25,7377,FRAME,23.619,451.812,-3.988,-3.016,260,200.0,,,
2026-09-08T03:56:39.052568,25,7378,FRAME,19.63,448.797,-3.988,-3.016,267,200.0,,,
2026-09-08T03:56:39.068708,25,7379,FRAME,15.642,445.781,-3.988,-3.016,274,200.0,,,
2026-09-08T03:56:39.085333,25,7380,FRAME,11.654,442.766,-3.988,-3.016,281,200.0,,,
2026-09-08T03:56:39.103132,25,7381,FRAME,7.666,439.75,-3.988,-3.016,288,200.0,,,
2026-09-08T03:56:39.120409,25,7382,FRAME,3.677,436.734,-3.988,-3.016,295,200.0,,,
2026-09-08T03:56:39.137118,25,7383,FRAME,-0.311,433.719,-3.988,-3.016,302,200.0,,,
2026-09-08T03:56:39.154208,25,7384,FRAME,-4.299,430.703,-3.988,-3.016,309,200.0,,,
2026-09-08T03:56:39.171184,25,7385,FRAME,-8.287,427.687,-3.988,-3.016,316,200.0,,,
2026-09-08T03:56:39.188248,25,7386,FRAME,-12.276,424.672,-3.988,-3.016,323,200.0,,,
2026-09-08T03:56:39.188248,25,7387,MISS_LEFT,-12.276,424.672,-3.988,-3.016,323,200.0,,,RIGHT
2026-09-08T03:56:39.205305,26,7388,FRAME,442.606,173.782,3.714,3.347,330,200.0,,,
2026-09-08T03:56:39.222315,26,7389,FRAME,446.32,177.129,3.714,3.347,330,200.0,,,
2026-09-08T03:56:39.239147,26,7390,FRAME,450.034,180.476,3.714,3.347,330,200.0,,,
2026-09-08T03:56:39.255119,26,7391,FRAME,453.748,183.823,3.714,3.347,330,200.0,,,
2026-09-08T03:56:39.271338,26,7392,FRAME,457.463,187.171,3.714,3.347,330,200.0,,,
2026-09-08T03:56:39.288374,26,7393,FRAME,461.177,190.518,3.714,3.347,330,200.0,,,
2026-09-08T03:56:39.305319,26,7394,FRAME,464.891,193.865,3.714,3.347,330,200.0,,,
2026-09-08T03:56:39.322491,26,7395,FRAME,468.606,197.212,3.714,3.347,330,200.0,,,
2026-09-08T03:56:39.339413,26,7396,FRAME,472.32,200.56,3.714,3.347,330,200.0,,,
2026-09-08T03:56:39.356622,26,7397,FRAME,476.034,203.907,3.714,3.347,323,200.0,,,
2026-09-08T03:56:39.372492,26,7398,FRAME,479.749,207.254,3.714,3.347,316,200.0,,,
2026-09-08T03:56:39.389238,26,7399,FRAME,483.463,210.601,3.714,3.347,309,200.0,,,
2026-09-08T03:56:39.406123,26,7400,FRAME,487.177,213.948,3.714,3.347,302,200.0,,,
2026-09-08T03:56:39.423083,26,7401,FRAME,490.892,217.296,3.714,3.347,295,200.0,,,
2026-09-08T03:56:39.439199,26,7402,FRAME,494.606,220.643,3.714,3.347,288,200.0,,,
2026-09-08T03:56:39.456274,26,7403,FRAME,498.32,223.99,3.714,3.347,281,200.0,,,
2026-09-08T03:56:39.473209,26,7404,FRAME,502.035,227.337,3.714,3.347,274,200.0,,,
2026-09-08T03:56:39.490734,26,7405,FRAME,505.749,230.685,3.714,3.347,267,200.0,,,
2026-09-08T03:56:39.507298,26,7406,FRAME,509.463,234.032,3.714,3.347,260,200.0,,,
2026-09-08T03:56:39.524054,26,7407,FRAME,513.177,237.379,3.714,3.347,253,200.0,,,
2026-09-08T03:56:39.540113,26,7408,FRAME,516.892,240.726,3.714,3.347,246,200.0,,,
2026-09-08T03:56:39.556397,26,7409,FRAME,520.606,244.073,3.714,3.347,239,200.0,,,
2026-09-08T03:56:39.574175,26,7410,FRAME,524.32,247.421,3.714,3.347,232,200.0,,,
2026-09-08T03:56:39.591198,26,7411,FRAME,528.035,250.768,3.714,3.347,225,200.0,,,
2026-09-08T03:56:39.608065,26,7412,FRAME,531.749,254.115,3.714,3.347,218,200.0,,,
2026-09-08T03:56:39.624286,26,7413,FRAME,535.463,257.462,3.714,3.347,211,200.0,,,
2026-09-08T03:56:39.640989,26,7414,FRAME,539.178,260.81,3.714,3.347,204,200.0,,,
2026-09-08T03:56:39.658009,26,7415,FRAME,542.892,264.157,3.714,3.347,197,200.0,,,
2026-09-08T03:56:39.675185,26,7416,FRAME,546.606,267.504,3.714,3.347,197,200.0,,,
2026-09-08T03:56:39.692773,26,7417,FRAME,550.321,270.851,3.714,3.347,197,200.0,,,
2026-09-08T03:56:39.708917,26,7418,FRAME,554.035,274.198,3.714,3.347,197,200.0,,,
2026-09-08T03:56:39.725435,26,7419,FRAME,557.749,277.546,3.714,3.347,197,200.0,,,
2026-09-08T03:56:39.742364,26,7420,FRAME,561.463,280.893,3.714,3.347,197,200.0,,,
2026-09-08T03:56:39.759202,26,7421,FRAME,565.178,284.24,3.714,3.347,197,200.0,,,
2026-09-08T03:56:39.776130,26,7422,FRAME,568.892,287.587,3.714,3.347,197,200.0,,,
2026-09-08T03:56:39.791585,26,7423,FRAME,572.606,290.935,3.714,3.347,197,200.0,,,
2026-09-08T03:56:39.807834,26,7424,FRAME,576.321,294.282,3.714,3.347,197,200.0,,,
2026-09-08T03:56:39.824319,26,7425,FRAME,580.035,297.629,3.714,3.347,197,200.0,,,
2026-09-08T03:56:39.841121,26,7426,FRAME,583.749,300.976,3.714,3.347,197,200.0,,,
2026-09-08T03:56:39.858129,26,7427,FRAME,587.464,304.323,3.714,3.347,197,200.0,,,
2026-09-08T03:56:39.875482,26,7428,FRAME,591.178,307.671,3.714,3.347,197,200.0,,,
2026-09-08T03:56:39.892185,26,7429,FRAME,594.892,311.018,3.714,3.347,197,200.0,,,
2026-09-08T03:56:39.909318,26,7430,FRAME,598.607,314.365,3.714,3.347,204,200.0,,,
2026-09-08T03:56:39.926048,26,7431,FRAME,602.321,317.712,3.714,3.347,211,200.0,,,
2026-09-08T03:56:39.942477,26,7432,FRAME,606.035,321.06,3.714,3.347,218,200.0,,,
2026-09-08T03:56:39.959137,26,7433,FRAME,609.75,324.407,3.714,3.347,225,200.0,,,
2026-09-08T03:56:39.975173,26,7434,FRAME,613.464,327.754,3.714,3.347,232,200.0,,,
2026-09-08T03:56:39.993043,26,7435,FRAME,617.178,331.101,3.714,3.347,239,200.0,,,
2026-09-08T03:56:40.009356,26,7436,FRAME,620.892,334.448,3.714,3.347,246,200.0,,,
2026-09-08T03:56:40.026209,26,7437,FRAME,624.607,337.796,3.714,3.347,253,200.0,,,
2026-09-08T03:56:40.043340,26,7438,FRAME,628.321,341.143,3.714,3.347,260,200.0,,,
2026-09-08T03:56:40.060613,26,7439,FRAME,632.035,344.49,3.714,3.347,267,200.0,,,
2026-09-08T03:56:40.076392,26,7440,FRAME,635.75,347.837,3.714,3.347,274,200.0,,,
2026-09-08T03:56:40.094315,26,7441,FRAME,639.464,351.185,3.714,3.347,281,200.0,,,
2026-09-08T03:56:40.111196,26,7442,FRAME,643.178,354.532,3.714,3.347,288,200.0,,,
2026-09-08T03:56:40.128275,26,7443,FRAME,646.893,357.879,3.714,3.347,295,200.0,,,
2026-09-08T03:56:40.145440,26,7444,FRAME,650.607,361.226,3.714,3.347,295,200.0,,,
2026-09-08T03:56:40.162754,26,7445,FRAME,654.321,364.573,3.714,3.347,295,200.0,,,
2026-09-08T03:56:40.179975,26,7446,FRAME,658.036,367.921,3.714,3.347,295,200.0,,,
2026-09-08T03:56:40.196071,26,7447,FRAME,661.75,371.268,3.714,3.347,295,200.0,,,
2026-09-08T03:56:40.212674,26,7448,FRAME,665.464,374.615,3.714,3.347,295,200.0,,,
2026-09-08T03:56:40.229867,26,7449,FRAME,669.179,377.962,3.714,3.347,295,200.0,,,
2026-09-08T03:56:40.245279,26,7450,FRAME,672.893,381.31,3.714,3.347,295,200.0,,,
2026-09-08T03:56:40.261654,26,7451,FRAME,676.607,384.657,3.714,3.347,295,200.0,,,
2026-09-08T03:56:40.278509,26,7452,FRAME,680.321,388.004,3.714,3.347,295,200.0,,,
2026-09-08T03:56:40.294334,26,7453,FRAME,684.036,391.351,3.714,3.347,295,200.0,,,
2026-09-08T03:56:40.311259,26,7454,FRAME,687.75,394.698,3.714,3.347,295,200.0,,,
2026-09-08T03:56:40.328447,26,7455,FRAME,691.464,398.046,3.714,3.347,288,200.0,,,
2026-09-08T03:56:40.345435,26,7456,FRAME,695.179,401.393,3.714,3.347,281,200.0,,,
2026-09-08T03:56:40.361666,26,7457,FRAME,698.893,404.74,3.714,3.347,274,200.0,,,
2026-09-08T03:56:40.377657,26,7458,FRAME,702.607,408.087,3.714,3.347,267,200.0,,,
2026-09-08T03:56:40.394389,26,7459,FRAME,706.322,411.435,3.714,3.347,260,200.0,,,
2026-09-08T03:56:40.411850,26,7460,FRAME,710.036,414.782,3.714,3.347,253,200.0,,,
2026-09-08T03:56:40.428054,26,7461,FRAME,713.75,418.129,3.714,3.347,246,200.0,,,
2026-09-08T03:56:40.445559,26,7462,FRAME,717.465,421.476,3.714,3.347,239,200.0,,,
2026-09-08T03:56:40.461574,26,7463,FRAME,721.179,424.823,3.714,3.347,232,200.0,,,
2026-09-08T03:56:40.478284,26,7464,FRAME,724.893,428.171,3.714,3.347,225,200.0,,,
2026-09-08T03:56:40.495289,26,7465,FRAME,728.607,431.518,3.714,3.347,225,200.0,,,
2026-09-08T03:56:40.512119,26,7466,FRAME,732.322,434.865,3.714,3.347,225,200.0,,,
2026-09-08T03:56:40.528082,26,7467,FRAME,736.036,438.212,3.714,3.347,225,200.0,,,
2026-09-08T03:56:40.544361,26,7468,FRAME,739.75,441.56,3.714,3.347,225,200.0,,,
2026-09-08T03:56:40.561163,26,7469,FRAME,743.465,444.907,3.714,3.347,225,200.0,,,
2026-09-08T03:56:40.578778,26,7470,FRAME,747.179,448.254,3.714,3.347,225,200.0,,,
2026-09-08T03:56:40.595158,26,7471,FRAME,750.893,451.601,3.714,3.347,225,200.0,,,
2026-09-08T03:56:40.611905,26,7472,FRAME,754.608,454.948,3.714,3.347,225,200.0,,,
2026-09-08T03:56:40.628098,26,7473,FRAME,758.322,458.296,3.714,3.347,225,200.0,,,
2026-09-08T03:56:40.644551,26,7474,FRAME,762.036,461.643,3.714,3.347,225,200.0,,,
2026-09-08T03:56:40.660584,26,7475,FRAME,765.751,464.99,3.714,3.347,225,200.0,,,
2026-09-08T03:56:40.676392,26,7476,FRAME,769.465,468.337,3.714,3.347,225,200.0,,,
2026-09-08T03:56:40.692624,26,7477,FRAME,773.179,471.685,3.714,3.347,225,200.0,,,
2026-09-08T03:56:40.709743,26,7478,FRAME,776.894,475.032,3.714,3.347,225,200.0,,,
2026-09-08T03:56:40.726321,26,7479,FRAME,780.608,478.379,3.714,3.347,232,200.0,,,
2026-09-08T03:56:40.743857,26,7480,FRAME,784.322,481.726,3.714,3.347,239,200.0,,,
2026-09-08T03:56:40.760572,26,7481,FRAME,788.036,485.073,3.714,3.347,246,200.0,,,
2026-09-08T03:56:40.777384,26,7482,WALL_BOUNCE,791.751,488,3.714,-3.347,253,200.0,,,
2026-09-08T03:56:40.777384,26,7483,FRAME,791.751,488,3.714,-3.347,253,200.0,,,
2026-09-08T03:56:40.794272,26,7484,FRAME,795.465,484.653,3.714,-3.347,260,200.0,,,
2026-09-08T03:56:40.811106,26,7485,FRAME,799.179,481.306,3.714,-3.347,267,200.0,,,
2026-09-08T03:56:40.828615,26,7486,FRAME,802.894,477.958,3.714,-3.347,274,200.0,,,
2026-09-08T03:56:40.828615,26,7487,MISS_RIGHT,802.894,477.958,3.714,-3.347,274,200.0,,,LEFT
2026-09-08T03:56:40.845243,27,7488,FRAME,412.036,156.075,-3.728,3.332,281,200.0,,,
2026-09-08T03:56:40.862482,27,7489,FRAME,408.308,159.407,-3.728,3.332,288,200.0,,,
2026-09-08T03:56:40.879055,27,7490,FRAME,404.58,162.739,-3.728,3.332,295,200.0,,,
2026-09-08T03:56:40.895213,27,7491,FRAME,400.852,166.071,-3.728,3.332,302,200.0,,,
2026-09-08T03:56:40.912536,27,7492,FRAME,397.124,169.403,-3.728,3.332,309,200.0,,,
2026-09-08T03:56:40.928971,27,7493,FRAME,393.396,172.736,-3.728,3.332,309,200.0,,,
2026-09-08T03:56:40.945395,27,7494,FRAME,389.669,176.068,-3.728,3.332,309,200.0,,,
2026-09-08T03:56:40.962214,27,7495,FRAME,385.941,179.4,-3.728,3.332,309,200.0,,,
2026-09-08T03:56:40.979786,27,7496,FRAME,382.213,182.732,-3.728,3.332,309,200.0,,,
2026-09-08T03:56:40.995996,27,7497,FRAME,378.485,186.064,-3.728,3.332,309,200.0,,,
2026-09-08T03:56:41.012511,27,7498,FRAME,374.757,189.396,-3.728,3.332,309,200.0,,,
2026-09-08T03:56:41.029386,27,7499,FRAME,371.029,192.728,-3.728,3.332,309,200.0,,,
2026-09-08T03:56:41.046134,27,7500,FRAME,367.302,196.061,-3.728,3.332,309,200.0,,,
2026-09-08T03:56:41.063333,27,7501,FRAME,363.574,199.393,-3.728,3.332,309,200.0,,,
2026-09-08T03:56:41.080369,27,7502,FRAME,359.846,202.725,-3.728,3.332,309,200.0,,,
2026-09-08T03:56:41.097823,27,7503,FRAME,356.118,206.057,-3.728,3.332,309,200.0,,,
2026-09-08T03:56:41.114322,27,7504,FRAME,352.39,209.389,-3.728,3.332,309,200.0,,,
2026-09-08T03:56:41.130587,27,7505,FRAME,348.662,212.721,-3.728,3.332,309,200.0,,,
2026-09-08T03:56:41.147150,27,7506,FRAME,344.935,216.054,-3.728,3.332,309,200.0,,,
2026-09-08T03:56:41.165216,27,7507,FRAME,341.207,219.386,-3.728,3.332,309,200.0,,,
2026-09-08T03:56:41.182291,27,7508,FRAME,337.479,222.718,-3.728,3.332,309,200.0,,,
2026-09-08T03:56:41.199666,27,7509,FRAME,333.751,226.05,-3.728,3.332,309,200.0,,,
2026-09-08T03:56:41.216410,27,7510,FRAME,330.023,229.382,-3.728,3.332,309,200.0,,,
2026-09-08T03:56:41.233974,27,7511,FRAME,326.295,232.714,-3.728,3.332,309,200.0,,,
2026-09-08T03:56:41.250917,27,7512,FRAME,322.568,236.047,-3.728,3.332,309,200.0,,,
2026-09-08T03:56:41.267161,27,7513,FRAME,318.84,239.379,-3.728,3.332,309,200.0,,,
2026-09-08T03:56:41.284326,27,7514,FRAME,315.112,242.711,-3.728,3.332,309,200.0,,,
2026-09-08T03:56:41.300979,27,7515,FRAME,311.384,246.043,-3.728,3.332,309,200.0,,,
2026-09-08T03:56:41.317188,27,7516,FRAME,307.656,249.375,-3.728,3.332,309,200.0,,,
2026-09-08T03:56:41.334163,27,7517,FRAME,303.928,252.707,-3.728,3.332,309,200.0,,,
2026-09-08T03:56:41.350823,27,7518,FRAME,300.201,256.039,-3.728,3.332,309,200.0,,,
2026-09-08T03:56:41.367429,27,7519,FRAME,296.473,259.372,-3.728,3.332,309,200.0,,,
2026-09-08T03:56:41.383443,27,7520,FRAME,292.745,262.704,-3.728,3.332,309,200.0,,,
2026-09-08T03:56:41.400121,27,7521,FRAME,289.017,266.036,-3.728,3.332,309,200.0,,,
2026-09-08T03:56:41.417213,27,7522,FRAME,285.289,269.368,-3.728,3.332,309,200.0,,,
2026-09-08T03:56:41.434217,27,7523,FRAME,281.561,272.7,-3.728,3.332,309,200.0,,,
2026-09-08T03:56:41.450303,27,7524,FRAME,277.834,276.032,-3.728,3.332,309,200.0,,,
2026-09-08T03:56:41.466846,27,7525,FRAME,274.106,279.365,-3.728,3.332,309,200.0,,,
2026-09-08T03:56:41.482772,27,7526,FRAME,270.378,282.697,-3.728,3.332,309,200.0,,,
2026-09-08T03:56:41.499349,27,7527,FRAME,266.65,286.029,-3.728,3.332,316,200.0,,,
2026-09-08T03:56:41.516072,27,7528,FRAME,262.922,289.361,-3.728,3.332,323,200.0,,,
2026-09-08T03:56:41.532645,27,7529,FRAME,259.194,292.693,-3.728,3.332,330,200.0,,,
2026-09-08T03:56:41.549279,27,7530,FRAME,255.467,296.025,-3.728,3.332,337,200.0,,,
2026-09-08T03:56:41.566271,27,7531,FRAME,251.739,299.357,-3.728,3.332,344,200.0,,,
2026-09-08T03:56:41.583178,27,7532,FRAME,248.011,302.69,-3.728,3.332,351,200.0,,,
2026-09-08T03:56:41.599347,27,7533,FRAME,244.283,306.022,-3.728,3.332,358,200.0,,,
2026-09-08T03:56:41.615694,27,7534,FRAME,240.555,309.354,-3.728,3.332,365,200.0,,,
2026-09-08T03:56:41.632597,27,7535,FRAME,236.827,312.686,-3.728,3.332,372,200.0,,,
2026-09-08T03:56:41.649452,27,7536,FRAME,233.1,316.018,-3.728,3.332,379,200.0,,,
2026-09-08T03:56:41.666550,27,7537,FRAME,229.372,319.35,-3.728,3.332,386,200.0,,,
2026-09-08T03:56:41.684024,27,7538,FRAME,225.644,322.683,-3.728,3.332,393,200.0,,,
2026-09-08T03:56:41.699905,27,7539,FRAME,221.916,326.015,-3.728,3.332,400,200.0,,,
2026-09-08T03:56:41.715434,27,7540,FRAME,218.188,329.347,-3.728,3.332,400,200.0,,,
2026-09-08T03:56:41.732032,27,7541,FRAME,214.46,332.679,-3.728,3.332,400,200.0,,,
2026-09-08T03:56:41.747861,27,7542,FRAME,210.733,336.011,-3.728,3.332,400,200.0,,,
2026-09-08T03:56:41.764103,27,7543,FRAME,207.005,339.343,-3.728,3.332,400,200.0,,,
2026-09-08T03:56:41.779620,27,7544,FRAME,203.277,342.676,-3.728,3.332,400,200.0,,,
2026-09-08T03:56:41.796107,27,7545,FRAME,199.549,346.008,-3.728,3.332,400,200.0,,,
2026-09-08T03:56:41.812749,27,7546,FRAME,195.821,349.34,-3.728,3.332,400,200.0,,,
2026-09-08T03:56:41.829311,27,7547,FRAME,192.093,352.672,-3.728,3.332,400,200.0,,,
2026-09-08T03:56:41.846000,27,7548,FRAME,188.366,356.004,-3.728,3.332,400,200.0,,,
2026-09-08T03:56:41.862707,27,7549,FRAME,184.638,359.336,-3.728,3.332,400,200.0,,,
2026-09-08T03:56:41.879604,27,7550,FRAME,180.91,362.668,-3.728,3.332,400,200.0,,,
2026-09-08T03:56:41.895820,27,7551,FRAME,177.182,366.001,-3.728,3.332,400,200.0,,,
2026-09-08T03:56:41.912147,27,7552,FRAME,173.454,369.333,-3.728,3.332,400,200.0,,,
2026-09-08T03:56:41.928107,27,7553,FRAME,169.726,372.665,-3.728,3.332,400,200.0,,,
2026-09-08T03:56:41.945049,27,7554,FRAME,165.999,375.997,-3.728,3.332,400,200.0,,,
2026-09-08T03:56:41.961046,27,7555,FRAME,162.271,379.329,-3.728,3.332,400,200.0,,,
2026-09-08T03:56:41.977263,27,7556,FRAME,158.543,382.661,-3.728,3.332,400,200.0,,,
2026-09-08T03:56:41.993428,27,7557,FRAME,154.815,385.994,-3.728,3.332,400,200.0,,,
2026-09-08T03:56:42.009823,27,7558,FRAME,151.087,389.326,-3.728,3.332,400,200.0,,,
2026-09-08T03:56:42.026409,27,7559,FRAME,147.359,392.658,-3.728,3.332,400,200.0,,,
2026-09-08T03:56:42.044230,27,7560,FRAME,143.632,395.99,-3.728,3.332,400,200.0,,,
2026-09-08T03:56:42.061285,27,7561,FRAME,139.904,399.322,-3.728,3.332,400,200.0,,,
2026-09-08T03:56:42.078921,27,7562,FRAME,136.176,402.654,-3.728,3.332,400,200.0,,,
2026-09-08T03:56:42.095380,27,7563,FRAME,132.448,405.986,-3.728,3.332,400,200.0,,,
2026-09-08T03:56:42.111676,27,7564,FRAME,128.72,409.319,-3.728,3.332,393,200.0,,,
2026-09-08T03:56:42.128655,27,7565,FRAME,124.992,412.651,-3.728,3.332,386,200.0,,,
2026-09-08T03:56:42.144923,27,7566,FRAME,121.265,415.983,-3.728,3.332,379,200.0,,,
2026-09-08T03:56:42.161321,27,7567,FRAME,117.537,419.315,-3.728,3.332,372,200.0,,,
2026-09-08T03:56:42.178098,27,7568,FRAME,113.809,422.647,-3.728,3.332,365,200.0,,,
2026-09-08T03:56:42.194098,27,7569,FRAME,110.081,425.979,-3.728,3.332,358,200.0,,,
2026-09-08T03:56:42.210781,27,7570,FRAME,106.353,429.312,-3.728,3.332,351,200.0,,,
2026-09-08T03:56:42.227483,27,7571,FRAME,102.625,432.644,-3.728,3.332,344,200.0,,,
2026-09-08T03:56:42.244055,27,7572,FRAME,98.898,435.976,-3.728,3.332,337,200.0,,,
2026-09-08T03:56:42.260196,27,7573,FRAME,95.17,439.308,-3.728,3.332,330,200.0,,,
2026-09-08T03:56:42.277251,27,7574,FRAME,91.442,442.64,-3.728,3.332,323,200.0,,,
2026-09-08T03:56:42.294246,27,7575,FRAME,87.714,445.972,-3.728,3.332,316,200.0,,,
2026-09-08T03:56:42.311258,27,7576,FRAME,83.986,449.305,-3.728,3.332,309,200.0,,,
2026-09-08T03:56:42.328228,27,7577,FRAME,80.258,452.637,-3.728,3.332,302,200.0,,,
2026-09-08T03:56:42.345741,27,7578,FRAME,76.531,455.969,-3.728,3.332,295,200.0,,,
2026-09-08T03:56:42.362371,27,7579,FRAME,72.803,459.301,-3.728,3.332,288,200.0,,,
2026-09-08T03:56:42.379099,27,7580,FRAME,69.075,462.633,-3.728,3.332,281,200.0,,,
2026-09-08T03:56:42.395381,27,7581,FRAME,65.347,465.965,-3.728,3.332,274,200.0,,,
2026-09-08T03:56:42.412345,27,7582,FRAME,61.619,469.297,-3.728,3.332,267,200.0,,,
2026-09-08T03:56:42.428604,27,7583,FRAME,57.891,472.63,-3.728,3.332,260,200.0,,,
2026-09-08T03:56:42.445831,27,7584,FRAME,54.164,475.962,-3.728,3.332,253,200.0,,,
2026-09-08T03:56:42.462399,27,7585,FRAME,50.436,479.294,-3.728,3.332,246,200.0,,,
2026-09-08T03:56:42.478383,27,7586,FRAME,46.708,482.626,-3.728,3.332,239,200.0,,,
2026-09-08T03:56:42.495453,27,7587,FRAME,42.98,485.958,-3.728,3.332,232,200.0,,,
2026-09-08T03:56:42.512275,27,7588,WALL_BOUNCE,39.252,488,-3.728,-3.332,225,200.0,,,
2026-09-08T03:56:42.512275,27,7589,FRAME,39.252,488,-3.728,-3.332,225,200.0,,,
2026-09-08T03:56:42.529427,27,7590,FRAME,35.524,484.668,-3.728,-3.332,218,200.0,,,
2026-09-08T03:56:42.545890,27,7591,FRAME,31.797,481.336,-3.728,-3.332,211,200.0,,,
2026-09-08T03:56:42.562304,27,7592,FRAME,28.069,478.004,-3.728,-3.332,204,200.0,,,
2026-09-08T03:56:42.578855,27,7593,FRAME,24.341,474.671,-3.728,-3.332,204,200.0,,,
2026-09-08T03:56:42.595024,27,7594,FRAME,20.613,471.339,-3.728,-3.332,211,200.0,,,
2026-09-08T03:56:42.612081,27,7595,FRAME,16.885,468.007,-3.728,-3.332,218,200.0,,,
2026-09-08T03:56:42.628724,27,7596,FRAME,13.157,464.675,-3.728,-3.332,225,200.0,,,
2026-09-08T03:56:42.645238,27,7597,FRAME,9.43,461.343,-3.728,-3.332,232,200.0,,,
2026-09-08T03:56:42.662495,27,7598,FRAME,5.702,458.011,-3.728,-3.332,239,200.0,,,
2026-09-08T03:56:42.678436,27,7599,FRAME,1.974,454.678,-3.728,-3.332,246,200.0,,,
2026-09-08T03:56:42.696047,27,7600,FRAME,-1.754,451.346,-3.728,-3.332,253,200.0,,,
2026-09-08T03:56:42.711854,27,7601,FRAME,-5.482,448.014,-3.728,-3.332,260,200.0,,,
2026-09-08T03:56:42.728349,27,7602,FRAME,-9.21,444.682,-3.728,-3.332,267,200.0,,,
2026-09-08T03:56:42.746094,27,7603,FRAME,-12.937,441.35,-3.728,-3.332,274,200.0,,,
2026-09-08T03:56:42.746094,27,7604,MISS_LEFT,-12.937,441.35,-3.728,-3.332,274,200.0,,,RIGHT
2026-09-08T03:56:42.762447,28,7605,FRAME,308.461,330.114,4.48,-2.22,281,200.0,,,
2026-09-08T03:56:42.779228,28,7606,FRAME,312.941,327.894,4.48,-2.22,288,200.0,,,
2026-09-08T03:56:42.796359,28,7607,FRAME,317.421,325.674,4.48,-2.22,295,200.0,,,
2026-09-08T03:56:42.812928,28,7608,FRAME,321.901,323.453,4.48,-2.22,302,200.0,,,
2026-09-08T03:56:42.829419,28,7609,FRAME,326.381,321.233,4.48,-2.22,309,200.0,,,
2026-09-08T03:56:42.846466,28,7610,FRAME,330.861,319.013,4.48,-2.22,316,200.0,,,
2026-09-08T03:56:42.863323,28,7611,FRAME,335.341,316.793,4.48,-2.22,323,200.0,,,
2026-09-08T03:56:42.880098,28,7612,FRAME,339.821,314.572,4.48,-2.22,330,200.0,,,
2026-09-08T03:56:42.896548,28,7613,FRAME,344.301,312.352,4.48,-2.22,337,200.0,,,
2026-09-08T03:56:42.912761,28,7614,FRAME,348.781,310.132,4.48,-2.22,344,200.0,,,
2026-09-08T03:56:42.929461,28,7615,FRAME,353.261,307.912,4.48,-2.22,351,200.0,,,
2026-09-08T03:56:42.945587,28,7616,FRAME,357.741,305.692,4.48,-2.22,358,200.0,,,
2026-09-08T03:56:42.962377,28,7617,FRAME,362.221,303.471,4.48,-2.22,365,200.0,,,
2026-09-08T03:56:42.979074,28,7618,FRAME,366.701,301.251,4.48,-2.22,372,200.0,,,
2026-09-08T03:56:42.996114,28,7619,FRAME,371.181,299.031,4.48,-2.22,372,200.0,,,
2026-09-08T03:56:43.013275,28,7620,FRAME,375.661,296.811,4.48,-2.22,372,200.0,,,
2026-09-08T03:56:43.029645,28,7621,FRAME,380.141,294.591,4.48,-2.22,372,200.0,,,
2026-09-08T03:56:43.046740,28,7622,FRAME,384.621,292.37,4.48,-2.22,372,200.0,,,
2026-09-08T03:56:43.063974,28,7623,FRAME,389.101,290.15,4.48,-2.22,372,200.0,,,
2026-09-08T03:56:43.080742,28,7624,FRAME,393.581,287.93,4.48,-2.22,372,200.0,,,
2026-09-08T03:56:43.097050,28,7625,FRAME,398.061,285.71,4.48,-2.22,372,200.0,,,
2026-09-08T03:56:43.114032,28,7626,FRAME,402.541,283.489,4.48,-2.22,372,200.0,,,
2026-09-08T03:56:43.130325,28,7627,FRAME,407.021,281.269,4.48,-2.22,372,200.0,,,
2026-09-08T03:56:43.147034,28,7628,FRAME,411.501,279.049,4.48,-2.22,372,200.0,,,
2026-09-08T03:56:43.164355,28,7629,FRAME,415.981,276.829,4.48,-2.22,372,200.0,,,
2026-09-08T03:56:43.180771,28,7630,FRAME,420.461,274.609,4.48,-2.22,372,200.0,,,
2026-09-08T03:56:43.196426,28,7631,FRAME,424.941,272.388,4.48,-2.22,372,200.0,,,
2026-09-08T03:56:43.212927,28,7632,FRAME,429.421,270.168,4.48,-2.22,372,200.0,,,
2026-09-08T03:56:43.229659,28,7633,FRAME,433.901,267.948,4.48,-2.22,372,200.0,,,
2026-09-08T03:56:43.246379,28,7634,FRAME,438.381,265.728,4.48,-2.22,372,200.0,,,
2026-09-08T03:56:43.264430,28,7635,FRAME,442.861,263.507,4.48,-2.22,372,200.0,,,
2026-09-08T03:56:43.281395,28,7636,FRAME,447.341,261.287,4.48,-2.22,372,200.0,,,
2026-09-08T03:56:43.298193,28,7637,FRAME,451.821,259.067,4.48,-2.22,372,200.0,,,
2026-09-08T03:56:43.315639,28,7638,FRAME,456.301,256.847,4.48,-2.22,372,200.0,,,
2026-09-08T03:56:43.331412,28,7639,FRAME,460.781,254.627,4.48,-2.22,372,200.0,,,
2026-09-08T03:56:43.347486,28,7640,FRAME,465.262,252.406,4.48,-2.22,372,200.0,,,
2026-09-08T03:56:43.364048,28,7641,FRAME,469.742,250.186,4.48,-2.22,372,200.0,,,
2026-09-08T03:56:43.380365,28,7642,FRAME,474.222,247.966,4.48,-2.22,372,200.0,,,
2026-09-08T03:56:43.396433,28,7643,FRAME,478.702,245.746,4.48,-2.22,372,200.0,,,
2026-09-08T03:56:43.412760,28,7644,FRAME,483.182,243.526,4.48,-2.22,372,200.0,,,
2026-09-08T03:56:43.429299,28,7645,FRAME,487.662,241.305,4.48,-2.22,372,200.0,,,
2026-09-08T03:56:43.445632,28,7646,FRAME,492.142,239.085,4.48,-2.22,372,200.0,,,
2026-09-08T03:56:43.461556,28,7647,FRAME,496.622,236.865,4.48,-2.22,372,200.0,,,
2026-09-08T03:56:43.478504,28,7648,FRAME,501.102,234.645,4.48,-2.22,372,200.0,,,
2026-09-08T03:56:43.495019,28,7649,FRAME,505.582,232.424,4.48,-2.22,372,200.0,,,
2026-09-08T03:56:43.511217,28,7650,FRAME,510.062,230.204,4.48,-2.22,372,200.0,,,
2026-09-08T03:56:43.528714,28,7651,FRAME,514.542,227.984,4.48,-2.22,372,200.0,,,
2026-09-08T03:56:43.545267,28,7652,FRAME,519.022,225.764,4.48,-2.22,372,200.0,,,
2026-09-08T03:56:43.562061,28,7653,FRAME,523.502,223.544,4.48,-2.22,372,200.0,,,
2026-09-08T03:56:43.579705,28,7654,FRAME,527.982,221.323,4.48,-2.22,372,200.0,,,
2026-09-08T03:56:43.596006,28,7655,FRAME,532.462,219.103,4.48,-2.22,372,200.0,,,
2026-09-08T03:56:43.612709,28,7656,FRAME,536.942,216.883,4.48,-2.22,372,200.0,,,
2026-09-08T03:56:43.629315,28,7657,FRAME,541.422,214.663,4.48,-2.22,372,200.0,,,
2026-09-08T03:56:43.645413,28,7658,FRAME,545.902,212.443,4.48,-2.22,372,200.0,,,
2026-09-08T03:56:43.661530,28,7659,FRAME,550.382,210.222,4.48,-2.22,372,200.0,,,
2026-09-08T03:56:43.678256,28,7660,FRAME,554.862,208.002,4.48,-2.22,372,200.0,,,
2026-09-08T03:56:43.695189,28,7661,FRAME,559.342,205.782,4.48,-2.22,372,200.0,,,
2026-09-08T03:56:43.712476,28,7662,FRAME,563.822,203.562,4.48,-2.22,372,200.0,,,
2026-09-08T03:56:43.729075,28,7663,FRAME,568.302,201.341,4.48,-2.22,372,200.0,,,
2026-09-08T03:56:43.746297,28,7664,FRAME,572.782,199.121,4.48,-2.22,372,200.0,,,
2026-09-08T03:56:43.763156,28,7665,FRAME,577.262,196.901,4.48,-2.22,372,200.0,,,
2026-09-08T03:56:43.779932,28,7666,FRAME,581.742,194.681,4.48,-2.22,372,200.0,,,
2026-09-08T03:56:43.796872,28,7667,FRAME,586.222,192.461,4.48,-2.22,372,200.0,,,
2026-09-08T03:56:43.814202,28,7668,FRAME,590.702,190.24,4.48,-2.22,372,200.0,,,
2026-09-08T03:56:43.831461,28,7669,FRAME,595.182,188.02,4.48,-2.22,372,200.0,,,
2026-09-08T03:56:43.848132,28,7670,FRAME,599.662,185.8,4.48,-2.22,372,200.0,,,
2026-09-08T03:56:43.864320,28,7671,FRAME,604.142,183.58,4.48,-2.22,372,200.0,,,
2026-09-08T03:56:43.881239,28,7672,FRAME,608.622,181.36,4.48,-2.22,372,200.0,,,
2026-09-08T03:56:43.898105,28,7673,FRAME,613.102,179.139,4.48,-2.22,372,200.0,,,
2026-09-08T03:56:43.914468,28,7674,FRAME,617.582,176.919,4.48,-2.22,372,200.0,,,
2026-09-08T03:56:43.931694,28,7675,FRAME,622.062,174.699,4.48,-2.22,372,200.0,,,
2026-09-08T03:56:43.948030,28,7676,FRAME,626.542,172.479,4.48,-2.22,372,200.0,,,
2026-09-08T03:56:43.963763,28,7677,FRAME,631.023,170.258,4.48,-2.22,372,200.0,,,
2026-09-08T03:56:43.980641,28,7678,FRAME,635.503,168.038,4.48,-2.22,372,200.0,,,
2026-09-08T03:56:43.996645,28,7679,FRAME,639.983,165.818,4.48,-2.22,372,200.0,,,
2026-09-08T03:56:44.012960,28,7680,FRAME,644.463,163.598,4.48,-2.22,372,200.0,,,
2026-09-08T03:56:44.029411,28,7681,FRAME,648.943,161.378,4.48,-2.22,372,200.0,,,
2026-09-08T03:56:44.046450,28,7682,FRAME,653.423,159.157,4.48,-2.22,372,200.0,,,
2026-09-08T03:56:44.062573,28,7683,FRAME,657.903,156.937,4.48,-2.22,372,200.0,,,
2026-09-08T03:56:44.079193,28,7684,FRAME,662.383,154.717,4.48,-2.22,372,200.0,,,
2026-09-08T03:56:44.096300,28,7685,FRAME,666.863,152.497,4.48,-2.22,372,200.0,,,
2026-09-08T03:56:44.114413,28,7686,FRAME,671.343,150.277,4.48,-2.22,372,200.0,,,
2026-09-08T03:56:44.130601,28,7687,FRAME,675.823,148.056,4.48,-2.22,372,200.0,,,
2026-09-08T03:56:44.146258,28,7688,FRAME,680.303,145.836,4.48,-2.22,372,200.0,,,
2026-09-08T03:56:44.164095,28,7689,FRAME,684.783,143.616,4.48,-2.22,372,200.0,,,
2026-09-08T03:56:44.179676,28,7690,FRAME,689.263,141.396,4.48,-2.22,372,200.0,,,
2026-09-08T03:56:44.196165,28,7691,FRAME,693.743,139.175,4.48,-2.22,372,200.0,,,
2026-09-08T03:56:44.213147,28,7692,FRAME,698.223,136.955,4.48,-2.22,372,200.0,,,
2026-09-08T03:56:44.230088,28,7693,FRAME,702.703,134.735,4.48,-2.22,372,200.0,,,
2026-09-08T03:56:44.246245,28,7694,FRAME,707.183,132.515,4.48,-2.22,372,200.0,,,
2026-09-08T03:56:44.263049,28,7695,FRAME,711.663,130.295,4.48,-2.22,372,200.0,,,
2026-09-08T03:56:44.280006,28,7696,FRAME,716.143,128.074,4.48,-2.22,372,200.0,,,
2026-09-08T03:56:44.296369,28,7697,FRAME,720.623,125.854,4.48,-2.22,372,200.0,,,
2026-09-08T03:56:44.313221,28,7698,FRAME,725.103,123.634,4.48,-2.22,372,200.0,,,
2026-09-08T03:56:44.330261,28,7699,FRAME,729.583,121.414,4.48,-2.22,372,200.0,,,
2026-09-08T03:56:44.348382,28,7700,FRAME,734.063,119.193,4.48,-2.22,372,200.0,,,
2026-09-08T03:56:44.365169,28,7701,FRAME,738.543,116.973,4.48,-2.22,372,200.0,,,
2026-09-08T03:56:44.382670,28,7702,FRAME,743.023,114.753,4.48,-2.22,372,200.0,,,
2026-09-08T03:56:44.399329,28,7703,FRAME,747.503,112.533,4.48,-2.22,372,200.0,,,
2026-09-08T03:56:44.417071,28,7704,FRAME,751.983,110.313,4.48,-2.22,372,200.0,,,
2026-09-08T03:56:44.432833,28,7705,FRAME,756.463,108.092,4.48,-2.22,372,200.0,,,
2026-09-08T03:56:44.448669,28,7706,FRAME,760.943,105.872,4.48,-2.22,372,200.0,,,
2026-09-08T03:56:44.465287,28,7707,FRAME,765.423,103.652,4.48,-2.22,372,200.0,,,
2026-09-08T03:56:44.482669,28,7708,FRAME,769.903,101.432,4.48,-2.22,372,200.0,,,
2026-09-08T03:56:44.498609,28,7709,FRAME,774.383,99.212,4.48,-2.22,372,200.0,,,
2026-09-08T03:56:44.515703,28,7710,FRAME,778.863,96.991,4.48,-2.22,372,200.0,,,
2026-09-08T03:56:44.532309,28,7711,FRAME,783.343,94.771,4.48,-2.22,372,200.0,,,
2026-09-08T03:56:44.549794,28,7712,FRAME,787.823,92.551,4.48,-2.22,372,200.0,,,
2026-09-08T03:56:44.566206,28,7713,FRAME,792.303,90.331,4.48,-2.22,372,200.0,,,
2026-09-08T03:56:44.582457,28,7714,FRAME,796.784,88.11,4.48,-2.22,372,200.0,,,
2026-09-08T03:56:44.599163,28,7715,FRAME,801.264,85.89,4.48,-2.22,372,200.0,,,
2026-09-08T03:56:44.599163,28,7716,MISS_RIGHT,801.264,85.89,4.48,-2.22,372,200.0,,,LEFT
2026-09-08T03:56:44.616131,29,7717,FRAME,285.631,307.762,-4.826,-1.309,372,200.0,,,
2026-09-08T03:56:44.632117,29,7718,FRAME,280.805,306.453,-4.826,-1.309,372,200.0,,,
2026-09-08T03:56:44.647759,29,7719,FRAME,275.98,305.144,-4.826,-1.309,372,200.0,,,
2026-09-08T03:56:44.664206,29,7720,FRAME,271.154,303.834,-4.826,-1.309,372,200.0,,,
2026-09-08T03:56:44.681231,29,7721,FRAME,266.329,302.525,-4.826,-1.309,372,200.0,,,
2026-09-08T03:56:44.698305,29,7722,FRAME,261.503,301.216,-4.826,-1.309,372,200.0,,,
2026-09-08T03:56:44.715112,29,7723,FRAME,256.678,299.906,-4.826,-1.309,372,200.0,,,
2026-09-08T03:56:44.731495,29,7724,FRAME,251.852,298.597,-4.826,-1.309,372,200.0,,,
2026-09-08T03:56:44.749089,29,7725,FRAME,247.027,297.288,-4.826,-1.309,372,200.0,,,
2026-09-08T03:56:44.764955,29,7726,FRAME,242.201,295.979,-4.826,-1.309,372,200.0,,,
2026-09-08T03:56:44.781044,29,7727,FRAME,237.375,294.669,-4.826,-1.309,372,200.0,,,
2026-09-08T03:56:44.797491,29,7728,FRAME,232.55,293.36,-4.826,-1.309,372,200.0,,,
2026-09-08T03:56:44.814169,29,7729,FRAME,227.724,292.051,-4.826,-1.309,372,200.0,,,
2026-09-08T03:56:44.831111,29,7730,FRAME,222.899,290.741,-4.826,-1.309,372,200.0,,,
2026-09-08T03:56:44.847195,29,7731,FRAME,218.073,289.432,-4.826,-1.309,372,200.0,,,
2026-09-08T03:56:44.864194,29,7732,FRAME,213.248,288.123,-4.826,-1.309,372,200.0,,,
2026-09-08T03:56:44.881574,29,7733,FRAME,208.422,286.813,-4.826,-1.309,372,200.0,,,
2026-09-08T03:56:44.897998,29,7734,FRAME,203.597,285.504,-4.826,-1.309,372,200.0,,,
2026-09-08T03:56:44.914399,29,7735,FRAME,198.771,284.195,-4.826,-1.309,372,200.0,,,
2026-09-08T03:56:44.931994,29,7736,FRAME,193.946,282.885,-4.826,-1.309,372,200.0,,,
2026-09-08T03:56:44.948409,29,7737,FRAME,189.12,281.576,-4.826,-1.309,365,200.0,,,
2026-09-08T03:56:44.965542,29,7738,FRAME,184.295,280.267,-4.826,-1.309,358,200.0,,,
2026-09-08T03:56:44.982372,29,7739,FRAME,179.469,278.957,-4.826,-1.309,351,200.0,,,
2026-09-08T03:56:44.999245,29,7740,FRAME,174.644,277.648,-4.826,-1.309,344,200.0,,,
2026-09-08T03:56:45.016099,29,7741,FRAME,169.818,276.339,-4.826,-1.309,337,200.0,,,
2026-09-08T03:56:45.032803,29,7742,FRAME,164.993,275.029,-4.826,-1.309,330,200.0,,,
2026-09-08T03:56:45.048741,29,7743,FRAME,160.167,273.72,-4.826,-1.309,323,200.0,,,
2026-09-08T03:56:45.065486,29,7744,FRAME,155.342,272.411,-4.826,-1.309,316,200.0,,,
2026-09-08T03:56:45.082364,29,7745,FRAME,150.516,271.101,-4.826,-1.309,309,200.0,,,
2026-09-08T03:56:45.098957,29,7746,FRAME,145.691,269.792,-4.826,-1.309,302,200.0,,,
2026-09-08T03:56:45.115080,29,7747,FRAME,140.865,268.483,-4.826,-1.309,295,200.0,,,
2026-09-08T03:56:45.131074,29,7748,FRAME,136.04,267.173,-4.826,-1.309,288,200.0,,,
2026-09-08T03:56:45.147155,29,7749,FRAME,131.214,265.864,-4.826,-1.309,281,200.0,,,
2026-09-08T03:56:45.164065,29,7750,FRAME,126.388,264.555,-4.826,-1.309,274,200.0,,,
2026-09-08T03:56:45.180451,29,7751,FRAME,121.563,263.245,-4.826,-1.309,267,200.0,,,
2026-09-08T03:56:45.197890,29,7752,FRAME,116.737,261.936,-4.826,-1.309,260,200.0,,,
2026-09-08T03:56:45.214258,29,7753,FRAME,111.912,260.627,-4.826,-1.309,253,200.0,,,
2026-09-08T03:56:45.231291,29,7754,FRAME,107.086,259.317,-4.826,-1.309,246,200.0,,,
2026-09-08T03:56:45.249117,29,7755,FRAME,102.261,258.008,-4.826,-1.309,239,200.0,,,
2026-09-08T03:56:45.265431,29,7756,FRAME,97.435,256.699,-4.826,-1.309,232,200.0,,,
2026-09-08T03:56:45.281550,29,7757,FRAME,92.61,255.389,-4.826,-1.309,225,200.0,,,
2026-09-08T03:56:45.297912,29,7758,FRAME,87.784,254.08,-4.826,-1.309,218,200.0,,,
2026-09-08T03:56:45.314117,29,7759,FRAME,82.959,252.771,-4.826,-1.309,211,200.0,,,
2026-09-08T03:56:45.329967,29,7760,FRAME,78.133,251.461,-4.826,-1.309,204,200.0,,,
2026-09-08T03:56:45.346464,29,7761,FRAME,73.308,250.152,-4.826,-1.309,197,200.0,,,
2026-09-08T03:56:45.362745,29,7762,FRAME,68.482,248.843,-4.826,-1.309,190,200.0,,,
2026-09-08T03:56:45.379766,29,7763,FRAME,63.657,247.533,-4.826,-1.309,190,200.0,,,
2026-09-08T03:56:45.396070,29,7764,FRAME,58.831,246.224,-4.826,-1.309,190,200.0,,,
2026-09-08T03:56:45.413399,29,7765,FRAME,54.006,244.915,-4.826,-1.309,197,200.0,,,
2026-09-08T03:56:45.430112,29,7766,FRAME,49.18,243.605,-4.826,-1.309,204,200.0,,,
2026-09-08T03:56:45.446956,29,7767,LEFT_HIT,45,242.296,4.824,-1.315,211,200.0,-0.254,-15.245,
2026-09-08T03:56:45.446956,29,7768,FRAME,45,242.296,4.824,-1.315,211,200.0,,,
2026-09-08T03:56:45.463229,29,7769,FRAME,49.824,240.981,4.824,-1.315,218,200.0,,,
2026-09-08T03:56:45.479645,29,7770,FRAME,54.648,239.667,4.824,-1.315,225,200.0,,,
2026-09-08T03:56:45.496717,29,7771,FRAME,59.472,238.352,4.824,-1.315,232,200.0,,,
2026-09-08T03:56:45.513460,29,7772,FRAME,64.296,237.037,4.824,-1.315,239,200.0,,,
2026-09-08T03:56:45.530058,29,7773,FRAME,69.12,235.723,4.824,-1.315,246,200.0,,,
2026-09-08T03:56:45.545644,29,7774,FRAME,73.944,234.408,4.824,-1.315,253,200.0,,,
2026-09-08T03:56:45.562638,29,7775,FRAME,78.768,233.093,4.824,-1.315,260,200.0,,,
2026-09-08T03:56:45.579681,29,7776,FRAME,83.592,231.779,4.824,-1.315,267,200.0,,,
2026-09-08T03:56:45.596440,29,7777,FRAME,88.417,230.464,4.824,-1.315,274,200.0,,,
2026-09-08T03:56:45.613181,29,7778,FRAME,93.241,229.149,4.824,-1.315,281,200.0,,,
2026-09-08T03:56:45.630047,29,7779,FRAME,98.065,227.834,4.824,-1.315,288,200.0,,,
2026-09-08T03:56:45.646086,29,7780,FRAME,102.889,226.52,4.824,-1.315,295,200.0,,,
2026-09-08T03:56:45.662134,29,7781,FRAME,107.713,225.205,4.824,-1.315,302,200.0,,,
2026-09-08T03:56:45.678178,29,7782,FRAME,112.537,223.89,4.824,-1.315,309,200.0,,,
2026-09-08T03:56:45.695227,29,7783,FRAME,117.361,222.576,4.824,-1.315,316,200.0,,,
2026-09-08T03:56:45.711756,29,7784,FRAME,122.185,221.261,4.824,-1.315,323,200.0,,,
2026-09-08T03:56:45.727812,29,7785,FRAME,127.009,219.946,4.824,-1.315,330,200.0,,,
2026-09-08T03:56:45.743995,29,7786,FRAME,131.833,218.631,4.824,-1.315,337,200.0,,,
2026-09-08T03:56:45.760348,29,7787,FRAME,136.657,217.317,4.824,-1.315,344,200.0,,,
2026-09-08T03:56:45.777676,29,7788,FRAME,141.481,216.002,4.824,-1.315,351,200.0,,,
2026-09-08T03:56:45.793218,29,7789,FRAME,146.305,214.687,4.824,-1.315,358,200.0,,,
2026-09-08T03:56:45.810221,29,7790,FRAME,151.129,213.373,4.824,-1.315,365,200.0,,,
2026-09-08T03:56:45.826836,29,7791,FRAME,155.953,212.058,4.824,-1.315,372,200.0,,,
2026-09-08T03:56:45.843357,29,7792,FRAME,160.777,210.743,4.824,-1.315,379,200.0,,,
2026-09-08T03:56:45.860894,29,7793,FRAME,165.601,209.429,4.824,-1.315,386,200.0,,,
2026-09-08T03:56:45.876951,29,7794,FRAME,170.426,208.114,4.824,-1.315,393,200.0,,,
2026-09-08T03:56:45.893293,29,7795,FRAME,175.25,206.799,4.824,-1.315,400,200.0,,,
2026-09-08T03:56:45.910102,29,7796,FRAME,180.074,205.484,4.824,-1.315,400,200.0,,,
2026-09-08T03:56:45.926125,29,7797,FRAME,184.898,204.17,4.824,-1.315,400,200.0,,,
2026-09-08T03:56:45.942657,29,7798,FRAME,189.722,202.855,4.824,-1.315,400,200.0,,,
2026-09-08T03:56:45.959252,29,7799,FRAME,194.546,201.54,4.824,-1.315,400,200.0,,,
2026-09-08T03:56:45.976308,29,7800,FRAME,199.37,200.226,4.824,-1.315,400,200.0,,,
2026-09-08T03:56:45.992740,29,7801,FRAME,204.194,198.911,4.824,-1.315,400,200.0,,,
2026-09-08T03:56:46.009798,29,7802,FRAME,209.018,197.596,4.824,-1.315,400,200.0,,,
2026-09-08T03:56:46.025847,29,7803,FRAME,213.842,196.282,4.824,-1.315,400,200.0,,,
2026-09-08T03:56:46.041899,29,7804,FRAME,218.666,194.967,4.824,-1.315,400,200.0,,,
2026-09-08T03:56:46.058234,29,7805,FRAME,223.49,193.652,4.824,-1.315,400,200.0,,,
2026-09-08T03:56:46.075255,29,7806,FRAME,228.314,192.337,4.824,-1.315,400,200.0,,,
2026-09-08T03:56:46.091772,29,7807,FRAME,233.138,191.023,4.824,-1.315,400,200.0,,,
2026-09-08T03:56:46.107813,29,7808,FRAME,237.962,189.708,4.824,-1.315,400,200.0,,,
2026-09-08T03:56:46.124095,29,7809,FRAME,242.786,188.393,4.824,-1.315,400,200.0,,,
2026-09-08T03:56:46.139988,29,7810,FRAME,247.611,187.079,4.824,-1.315,400,200.0,,,
2026-09-08T03:56:46.155910,29,7811,FRAME,252.435,185.764,4.824,-1.315,400,200.0,,,
2026-09-08T03:56:46.172080,29,7812,FRAME,257.259,184.449,4.824,-1.315,400,200.0,,,
2026-09-08T03:56:46.188265,29,7813,FRAME,262.083,183.134,4.824,-1.315,400,200.0,,,
2026-09-08T03:56:46.205172,29,7814,FRAME,266.907,181.82,4.824,-1.315,400,200.0,,,
2026-09-08T03:56:46.222334,29,7815,FRAME,271.731,180.505,4.824,-1.315,400,200.0,,,
2026-09-08T03:56:46.239493,29,7816,FRAME,276.555,179.19,4.824,-1.315,400,200.0,,,
2026-09-08T03:56:46.256096,29,7817,FRAME,281.379,177.876,4.824,-1.315,400,200.0,,,
2026-09-08T03:56:46.271951,29,7818,FRAME,286.203,176.561,4.824,-1.315,400,200.0,,,
2026-09-08T03:56:46.288157,29,7819,FRAME,291.027,175.246,4.824,-1.315,400,200.0,,,
2026-09-08T03:56:46.305708,29,7820,FRAME,295.851,173.932,4.824,-1.315,400,200.0,,,
2026-09-08T03:56:46.321749,29,7821,FRAME,300.675,172.617,4.824,-1.315,400,200.0,,,
2026-09-08T03:56:46.338324,29,7822,FRAME,305.499,171.302,4.824,-1.315,400,200.0,,,
2026-09-08T03:56:46.355793,29,7823,FRAME,310.323,169.987,4.824,-1.315,400,200.0,,,
2026-09-08T03:56:46.371750,29,7824,FRAME,315.147,168.673,4.824,-1.315,400,200.0,,,
2026-09-08T03:56:46.388246,29,7825,FRAME,319.971,167.358,4.824,-1.315,400,200.0,,,
2026-09-08T03:56:46.405522,29,7826,FRAME,324.795,166.043,4.824,-1.315,400,200.0,,,
2026-09-08T03:56:46.422172,29,7827,FRAME,329.62,164.729,4.824,-1.315,400,200.0,,,
2026-09-08T03:56:46.439494,29,7828,FRAME,334.444,163.414,4.824,-1.315,400,200.0,,,
2026-09-08T03:56:46.455586,29,7829,FRAME,339.268,162.099,4.824,-1.315,400,200.0,,,
2026-09-08T03:56:46.473097,29,7830,FRAME,344.092,160.785,4.824,-1.315,400,200.0,,,
2026-09-08T03:56:46.489075,29,7831,FRAME,348.916,159.47,4.824,-1.315,400,200.0,,,
2026-09-08T03:56:46.505066,29,7832,FRAME,353.74,158.155,4.824,-1.315,400,200.0,,,
2026-09-08T03:56:46.520581,29,7833,FRAME,358.564,156.84,4.824,-1.315,400,200.0,,,
2026-09-08T03:56:46.537529,29,7834,FRAME,363.388,155.526,4.824,-1.315,400,200.0,,,
2026-09-08T03:56:46.554090,29,7835,FRAME,368.212,154.211,4.824,-1.315,400,200.0,,,
2026-09-08T03:56:46.570638,29,7836,FRAME,373.036,152.896,4.824,-1.315,400,200.0,,,
2026-09-08T03:56:46.586681,29,7837,FRAME,377.86,151.582,4.824,-1.315,400,200.0,,,
2026-09-08T03:56:46.603215,29,7838,FRAME,382.684,150.267,4.824,-1.315,400,200.0,,,
2026-09-08T03:56:46.620518,29,7839,FRAME,387.508,148.952,4.824,-1.315,400,200.0,,,
2026-09-08T03:56:46.637473,29,7840,FRAME,392.332,147.637,4.824,-1.315,400,200.0,,,
2026-09-08T03:56:46.654368,29,7841,FRAME,397.156,146.323,4.824,-1.315,400,200.0,,,
2026-09-08T03:56:46.671329,29,7842,FRAME,401.98,145.008,4.824,-1.315,400,200.0,,,
2026-09-08T03:56:46.688013,29,7843,FRAME,406.804,143.693,4.824,-1.315,400,200.0,,,
2026-09-08T03:56:46.703912,29,7844,FRAME,411.629,142.379,4.824,-1.315,400,200.0,,,
2026-09-08T03:56:46.719881,29,7845,FRAME,416.453,141.064,4.824,-1.315,400,200.0,,,
2026-09-08T03:56:46.735922,29,7846,FRAME,421.277,139.749,4.824,-1.315,400,200.0,,,
2026-09-08T03:56:46.751444,29,7847,FRAME,426.101,138.435,4.824,-1.315,400,200.0,,,
2026-09-08T03:56:46.768704,29,7848,FRAME,430.925,137.12,4.824,-1.315,400,200.0,,,
2026-09-08T03:56:46.784792,29,7849,FRAME,435.749,135.805,4.824,-1.315,400,200.0,,,
2026-09-08T03:56:46.800322,29,7850,FRAME,440.573,134.49,4.824,-1.315,400,200.0,,,
2026-09-08T03:56:46.816904,29,7851,FRAME,445.397,133.176,4.824,-1.315,400,200.0,,,
2026-09-08T03:56:46.833188,29,7852,FRAME,450.221,131.861,4.824,-1.315,400,200.0,,,
2026-09-08T03:56:46.850449,29,7853,FRAME,455.045,130.546,4.824,-1.315,400,200.0,,,
2026-09-08T03:56:46.867720,29,7854,FRAME,459.869,129.232,4.824,-1.315,400,200.0,,,
2026-09-08T03:56:46.884211,29,7855,FRAME,464.693,127.917,4.824,-1.315,400,200.0,,,
2026-09-08T03:56:46.901501,29,7856,FRAME,469.517,126.602,4.824,-1.315,400,200.0,,,
2026-09-08T03:56:46.918631,29,7857,FRAME,474.341,125.288,4.824,-1.315,400,200.0,,,
2026-09-08T03:56:46.935636,29,7858,FRAME,479.165,123.973,4.824,-1.315,400,200.0,,,
2026-09-08T03:56:46.951690,29,7859,FRAME,483.989,122.658,4.824,-1.315,400,200.0,,,
2026-09-08T03:56:46.967652,29,7860,FRAME,488.814,121.343,4.824,-1.315,400,200.0,,,
2026-09-08T03:56:46.984192,29,7861,FRAME,493.638,120.029,4.824,-1.315,400,200.0,,,
2026-09-08T03:56:47.001240,29,7862,FRAME,498.462,118.714,4.824,-1.315,400,200.0,,,
2026-09-08T03:56:47.019061,29,7863,FRAME,503.286,117.399,4.824,-1.315,400,200.0,,,
2026-09-08T03:56:47.036260,29,7864,FRAME,508.11,116.085,4.824,-1.315,400,200.0,,,
2026-09-08T03:56:47.053178,29,7865,FRAME,512.934,114.77,4.824,-1.315,400,200.0,,,
2026-09-08T03:56:47.069877,29,7866,FRAME,517.758,113.455,4.824,-1.315,400,200.0,,,
2026-09-08T03:56:47.085993,29,7867,FRAME,522.582,112.14,4.824,-1.315,400,200.0,,,
2026-09-08T03:56:47.102257,29,7868,FRAME,527.406,110.826,4.824,-1.315,400,200.0,,,
2026-09-08T03:56:47.118750,29,7869,FRAME,532.23,109.511,4.824,-1.315,400,200.0,,,
2026-09-08T03:56:47.135307,29,7870,FRAME,537.054,108.196,4.824,-1.315,400,200.0,,,
2026-09-08T03:56:47.152148,29,7871,FRAME,541.878,106.882,4.824,-1.315,400,200.0,,,
2026-09-08T03:56:47.167682,29,7872,FRAME,546.702,105.567,4.824,-1.315,400,200.0,,,
2026-09-08T03:56:47.184482,29,7873,FRAME,551.526,104.252,4.824,-1.315,400,200.0,,,
2026-09-08T03:56:47.201192,29,7874,FRAME,556.35,102.938,4.824,-1.315,400,200.0,,,
2026-09-08T03:56:47.218697,29,7875,FRAME,561.174,101.623,4.824,-1.315,400,200.0,,,
2026-09-08T03:56:47.235205,29,7876,FRAME,565.998,100.308,4.824,-1.315,400,200.0,,,
2026-09-08T03:56:47.252406,29,7877,FRAME,570.823,98.993,4.824,-1.315,400,200.0,,,
2026-09-08T03:56:47.268891,29,7878,FRAME,575.647,97.679,4.824,-1.315,400,200.0,,,
2026-09-08T03:56:47.285751,29,7879,FRAME,580.471,96.364,4.824,-1.315,400,200.0,,,
2026-09-08T03:56:47.301670,29,7880,FRAME,585.295,95.049,4.824,-1.315,400,200.0,,,
2026-09-08T03:56:47.318376,29,7881,FRAME,590.119,93.735,4.824,-1.315,400,200.0,,,
2026-09-08T03:56:47.335555,29,7882,FRAME,594.943,92.42,4.824,-1.315,400,200.0,,,
2026-09-08T03:56:47.351309,29,7883,FRAME,599.767,91.105,4.824,-1.315,400,200.0,,,
2026-09-08T03:56:47.368328,29,7884,FRAME,604.591,89.791,4.824,-1.315,400,200.0,,,
2026-09-08T03:56:47.385400,29,7885,FRAME,609.415,88.476,4.824,-1.315,400,200.0,,,
2026-09-08T03:56:47.402873,29,7886,FRAME,614.239,87.161,4.824,-1.315,400,200.0,,,
2026-09-08T03:56:47.419566,29,7887,FRAME,619.063,85.846,4.824,-1.315,400,200.0,,,
2026-09-08T03:56:47.435447,29,7888,FRAME,623.887,84.532,4.824,-1.315,400,200.0,,,
2026-09-08T03:56:47.452316,29,7889,FRAME,628.711,83.217,4.824,-1.315,400,200.0,,,
2026-09-08T03:56:47.469244,29,7890,FRAME,633.535,81.902,4.824,-1.315,400,200.0,,,
2026-09-08T03:56:47.485317,29,7891,FRAME,638.359,80.588,4.824,-1.315,400,200.0,,,
2026-09-08T03:56:47.502409,29,7892,FRAME,643.183,79.273,4.824,-1.315,400,200.0,,,
2026-09-08T03:56:47.519268,29,7893,FRAME,648.007,77.958,4.824,-1.315,400,200.0,,,
2026-09-08T03:56:47.535416,29,7894,FRAME,652.832,76.644,4.824,-1.315,400,200.0,,,
2026-09-08T03:56:47.552273,29,7895,FRAME,657.656,75.329,4.824,-1.315,400,200.0,,,
2026-09-08T03:56:47.568443,29,7896,FRAME,662.48,74.014,4.824,-1.315,400,200.0,,,
2026-09-08T03:56:47.584662,29,7897,FRAME,667.304,72.699,4.824,-1.315,400,200.0,,,
2026-09-08T03:56:47.601152,29,7898,FRAME,672.128,71.385,4.824,-1.315,400,200.0,,,
2026-09-08T03:56:47.617010,29,7899,FRAME,676.952,70.07,4.824,-1.315,400,200.0,,,
2026-09-08T03:56:47.632809,29,7900,FRAME,681.776,68.755,4.824,-1.315,400,200.0,,,
2026-09-08T03:56:47.648762,29,7901,FRAME,686.6,67.441,4.824,-1.315,400,200.0,,,
2026-09-08T03:56:47.665295,29,7902,FRAME,691.424,66.126,4.824,-1.315,400,200.0,,,
2026-09-08T03:56:47.681696,29,7903,FRAME,696.248,64.811,4.824,-1.315,400,200.0,,,
2026-09-08T03:56:47.697793,29,7904,FRAME,701.072,63.496,4.824,-1.315,400,200.0,,,
2026-09-08T03:56:47.714187,29,7905,FRAME,705.896,62.182,4.824,-1.315,400,200.0,,,
2026-09-08T03:56:47.731517,29,7906,FRAME,710.72,60.867,4.824,-1.315,400,200.0,,,
2026-09-08T03:56:47.748101,29,7907,FRAME,715.544,59.552,4.824,-1.315,400,200.0,,,
2026-09-08T03:56:47.764013,29,7908,FRAME,720.368,58.238,4.824,-1.315,400,200.0,,,
2026-09-08T03:56:47.780119,29,7909,FRAME,725.192,56.923,4.824,-1.315,400,200.0,,,
2026-09-08T03:56:47.796019,29,7910,FRAME,730.017,55.608,4.824,-1.315,400,200.0,,,
2026-09-08T03:56:47.812261,29,7911,FRAME,734.841,54.294,4.824,-1.315,400,200.0,,,
2026-09-08T03:56:47.829441,29,7912,FRAME,739.665,52.979,4.824,-1.315,400,200.0,,,
2026-09-08T03:56:47.846968,29,7913,FRAME,744.489,51.664,4.824,-1.315,400,200.0,,,
2026-09-08T03:56:47.864136,29,7914,FRAME,749.313,50.349,4.824,-1.315,400,200.0,,,
2026-09-08T03:56:47.881683,29,7915,FRAME,754.137,49.035,4.824,-1.315,400,200.0,,,
2026-09-08T03:56:47.898086,29,7916,FRAME,758.961,47.72,4.824,-1.315,400,200.0,,,
2026-09-08T03:56:47.914046,29,7917,FRAME,763.785,46.405,4.824,-1.315,400,200.0,,,
2026-09-08T03:56:47.930024,29,7918,FRAME,768.609,45.091,4.824,-1.315,400,200.0,,,
2026-09-08T03:56:47.946399,29,7919,FRAME,773.433,43.776,4.824,-1.315,400,200.0,,,
2026-09-08T03:56:47.963269,29,7920,FRAME,778.257,42.461,4.824,-1.315,400,200.0,,,
2026-09-08T03:56:47.980404,29,7921,FRAME,783.081,41.147,4.824,-1.315,400,200.0,,,
2026-09-08T03:56:47.997180,29,7922,FRAME,787.905,39.832,4.824,-1.315,400,200.0,,,
2026-09-08T03:56:48.014193,29,7923,FRAME,792.729,38.517,4.824,-1.315,400,200.0,,,
2026-09-08T03:56:48.030778,29,7924,FRAME,797.553,37.202,4.824,-1.315,400,200.0,,,
2026-09-08T03:56:48.047252,29,7925,FRAME,802.377,35.888,4.824,-1.315,393,200.0,,,
2026-09-08T03:56:48.047252,29,7926,MISS_RIGHT,802.377,35.888,4.824,-1.315,393,200.0,,,LEFT
2026-09-08T03:56:48.064228,30,7927,FRAME,397.444,390.222,-4.608,-1.942,386,200.0,,,
2026-09-08T03:56:48.081538,30,7928,FRAME,392.836,388.28,-4.608,-1.942,379,200.0,,,
2026-09-08T03:56:48.098042,30,7929,FRAME,388.229,386.339,-4.608,-1.942,372,200.0,,,
2026-09-08T03:56:48.113740,30,7930,FRAME,383.621,384.397,-4.608,-1.942,365,200.0,,,
2026-09-08T03:56:48.129443,30,7931,FRAME,379.013,382.456,-4.608,-1.942,358,200.0,,,
2026-09-08T03:56:48.146044,30,7932,FRAME,374.406,380.514,-4.608,-1.942,351,200.0,,,
2026-09-08T03:56:48.161949,30,7933,FRAME,369.798,378.573,-4.608,-1.942,344,200.0,,,
2026-09-08T03:56:48.178168,30,7934,FRAME,365.19,376.631,-4.608,-1.942,337,200.0,,,
2026-09-08T03:56:48.195287,30,7935,FRAME,360.583,374.69,-4.608,-1.942,330,200.0,,,
2026-09-08T03:56:48.212716,30,7936,FRAME,355.975,372.748,-4.608,-1.942,323,200.0,,,
2026-09-08T03:56:48.229087,30,7937,FRAME,351.367,370.807,-4.608,-1.942,316,200.0,,,
2026-09-08T03:56:48.245453,30,7938,FRAME,346.76,368.865,-4.608,-1.942,309,200.0,,,
2026-09-08T03:56:48.262291,30,7939,FRAME,342.152,366.924,-4.608,-1.942,309,200.0,,,
2026-09-08T03:56:48.279358,30,7940,FRAME,337.544,364.982,-4.608,-1.942,309,200.0,,,
2026-09-08T03:56:48.296203,30,7941,FRAME,332.937,363.041,-4.608,-1.942,309,200.0,,,
2026-09-08T03:56:48.313263,30,7942,FRAME,328.329,361.099,-4.608,-1.942,309,200.0,,,
2026-09-08T03:56:48.329788,30,7943,FRAME,323.721,359.158,-4.608,-1.942,309,200.0,,,
2026-09-08T03:56:48.346175,30,7944,FRAME,319.114,357.216,-4.608,-1.942,309,200.0,,,
2026-09-08T03:56:48.363213,30,7945,FRAME,314.506,355.274,-4.608,-1.942,309,200.0,,,
2026-09-08T03:56:48.380074,30,7946,FRAME,309.899,353.333,-4.608,-1.942,309,200.0,,,
2026-09-08T03:56:48.395984,30,7947,FRAME,305.291,351.391,-4.608,-1.942,309,200.0,,,
2026-09-08T03:56:48.412534,30,7948,FRAME,300.683,349.45,-4.608,-1.942,309,200.0,,,
2026-09-08T03:56:48.428595,30,7949,FRAME,296.076,347.508,-4.608,-1.942,309,200.0,,,
2026-09-08T03:56:48.445156,30,7950,FRAME,291.468,345.567,-4.608,-1.942,309,200.0,,,
2026-09-08T03:56:48.461419,30,7951,FRAME,286.86,343.625,-4.608,-1.942,309,200.0,,,
2026-09-08T03:56:48.478137,30,7952,FRAME,282.253,341.684,-4.608,-1.942,309,200.0,,,
2026-09-08T03:56:48.494502,30,7953,FRAME,277.645,339.742,-4.608,-1.942,309,200.0,,,
2026-09-08T03:56:48.511163,30,7954,FRAME,273.037,337.801,-4.608,-1.942,309,200.0,,,
2026-09-08T03:56:48.527254,30,7955,FRAME,268.43,335.859,-4.608,-1.942,309,200.0,,,
2026-09-08T03:56:48.544428,30,7956,FRAME,263.822,333.918,-4.608,-1.942,309,200.0,,,
2026-09-08T03:56:48.560831,30,7957,FRAME,259.214,331.976,-4.608,-1.942,309,200.0,,,
2026-09-08T03:56:48.577522,30,7958,FRAME,254.607,330.035,-4.608,-1.942,309,200.0,,,
2026-09-08T03:56:48.593428,30,7959,FRAME,249.999,328.093,-4.608,-1.942,309,200.0,,,
2026-09-08T03:56:48.610039,30,7960,FRAME,245.391,326.152,-4.608,-1.942,309,200.0,,,
2026-09-08T03:56:48.626295,30,7961,FRAME,240.784,324.21,-4.608,-1.942,309,200.0,,,
2026-09-08T03:56:48.644239,30,7962,FRAME,236.176,322.268,-4.608,-1.942,309,200.0,,,
2026-09-08T03:56:48.660921,30,7963,FRAME,231.568,320.327,-4.608,-1.942,309,200.0,,,
2026-09-08T03:56:48.676698,30,7964,FRAME,226.961,318.385,-4.608,-1.942,309,200.0,,,
2026-09-08T03:56:48.692967,30,7965,FRAME,222.353,316.444,-4.608,-1.942,309,200.0,,,
2026-09-08T03:56:48.709228,30,7966,FRAME,217.745,314.502,-4.608,-1.942,309,200.0,,,
2026-09-08T03:56:48.726340,30,7967,FRAME,213.138,312.561,-4.608,-1.942,302,200.0,,,
2026-09-08T03:56:48.743982,30,7968,FRAME,208.53,310.619,-4.608,-1.942,295,200.0,,,
2026-09-08T03:56:48.760289,30,7969,FRAME,203.923,308.678,-4.608,-1.942,288,200.0,,,
2026-09-08T03:56:48.777418,30,7970,FRAME,199.315,306.736,-4.608,-1.942,281,200.0,,,
2026-09-08T03:56:48.794108,30,7971,FRAME,194.707,304.795,-4.608,-1.942,274,200.0,,,
2026-09-08T03:56:48.811187,30,7972,FRAME,190.1,302.853,-4.608,-1.942,267,200.0,,,
2026-09-08T03:56:48.827518,30,7973,FRAME,185.492,300.912,-4.608,-1.942,260,200.0,,,
2026-09-08T03:56:48.844426,30,7974,FRAME,180.884,298.97,-4.608,-1.942,253,200.0,,,
2026-09-08T03:56:48.861460,30,7975,FRAME,176.277,297.029,-4.608,-1.942,246,200.0,,,
2026-09-08T03:56:48.878040,30,7976,FRAME,171.669,295.087,-4.608,-1.942,239,200.0,,,
2026-09-08T03:56:48.894068,30,7977,FRAME,167.061,293.145,-4.608,-1.942,232,200.0,,,
2026-09-08T03:56:48.909471,30,7978,FRAME,162.454,291.204,-4.608,-1.942,225,200.0,,,
2026-09-08T03:56:48.926089,30,7979,FRAME,157.846,289.262,-4.608,-1.942,218,200.0,,,
2026-09-08T03:56:48.942271,30,7980,FRAME,153.238,287.321,-4.608,-1.942,211,200.0,,,
2026-09-08T03:56:48.959436,30,7981,FRAME,148.631,285.379,-4.608,-1.942,204,200.0,,,
2026-09-08T03:56:48.976455,30,7982,FRAME,144.023,283.438,-4.608,-1.942,197,200.0,,,
2026-09-08T03:56:48.994080,30,7983,FRAME,139.415,281.496,-4.608,-1.942,190,200.0,,,
2026-09-08T03:56:49.010162,30,7984,FRAME,134.808,279.555,-4.608,-1.942,183,200.0,,,
2026-09-08T03:56:49.027471,30,7985,FRAME,130.2,277.613,-4.608,-1.942,176,200.0,,,
2026-09-08T03:56:49.044776,30,7986,FRAME,125.592,275.672,-4.608,-1.942,176,200.0,,,
2026-09-08T03:56:49.061297,30,7987,FRAME,120.985,273.73,-4.608,-1.942,176,200.0,,,
2026-09-08T03:56:49.077408,30,7988,FRAME,116.377,271.789,-4.608,-1.942,176,200.0,,,
2026-09-08T03:56:49.094100,30,7989,FRAME,111.769,269.847,-4.608,-1.942,176,200.0,,,
2026-09-08T03:56:49.110243,30,7990,FRAME,107.162,267.906,-4.608,-1.942,183,200.0,,,
2026-09-08T03:56:49.126858,30,7991,FRAME,102.554,265.964,-4.608,-1.942,190,200.0,,,
2026-09-08T03:56:49.143318,30,7992,FRAME,97.947,264.023,-4.608,-1.942,197,200.0,,,
2026-09-08T03:56:49.160224,30,7993,FRAME,93.339,262.081,-4.608,-1.942,204,200.0,,,
2026-09-08T03:56:49.177128,30,7994,FRAME,88.731,260.139,-4.608,-1.942,211,200.0,,,
2026-09-08T03:56:49.192890,30,7995,FRAME,84.124,258.198,-4.608,-1.942,218,200.0,,,
2026-09-08T03:56:49.209680,30,7996,FRAME,79.516,256.256,-4.608,-1.942,225,200.0,,,
2026-09-08T03:56:49.225980,30,7997,FRAME,74.908,254.315,-4.608,-1.942,232,200.0,,,
2026-09-08T03:56:49.242109,30,7998,FRAME,70.301,252.373,-4.608,-1.942,239,200.0,,,
2026-09-08T03:56:49.258184,30,7999,FRAME,65.693,250.432,-4.608,-1.942,246,200.0,,,
2026-09-08T03:56:49.275098,30,8000,FRAME,61.085,248.49,-4.608,-1.942,253,200.0,,,
2026-09-08T03:56:49.291010,30,8001,FRAME,56.478,246.549,-4.608,-1.942,260,200.0,,,
2026-09-08T03:56:49.307183,30,8002,FRAME,51.87,244.607,-4.608,-1.942,267,200.0,,,
2026-09-08T03:56:49.324031,30,8003,FRAME,47.262,242.666,-4.608,-1.942,274,200.0,,,
2026-09-08T03:56:49.340564,30,8004,FRAME,42.655,240.724,-4.608,-1.942,281,200.0,,,
2026-09-08T03:56:49.356791,30,8005,FRAME,38.047,238.783,-4.608,-1.942,288,200.0,,,
2026-09-08T03:56:49.373264,30,8006,FRAME,33.439,236.841,-4.608,-1.942,295,200.0,,,
2026-09-08T03:56:49.390353,30,8007,FRAME,28.832,234.9,-4.608,-1.942,302,200.0,,,
2026-09-08T03:56:49.407037,30,8008,FRAME,24.224,232.958,-4.608,-1.942,309,200.0,,,
2026-09-08T03:56:49.423082,30,8009,FRAME,19.616,231.016,-4.608,-1.942,316,200.0,,,
2026-09-08T03:56:49.439373,30,8010,FRAME,15.009,229.075,-4.608,-1.942,316,200.0,,,
2026-09-08T03:56:49.456188,30,8011,FRAME,10.401,227.133,-4.608,-1.942,316,200.0,,,
2026-09-08T03:56:49.474295,30,8012,FRAME,5.793,225.192,-4.608,-1.942,309,200.0,,,
2026-09-08T03:56:49.491309,30,8013,FRAME,1.186,223.25,-4.608,-1.942,302,200.0,,,
2026-09-08T03:56:49.507333,30,8014,FRAME,-3.422,221.309,-4.608,-1.942,295,200.0,,,
2026-09-08T03:56:49.524173,30,8015,FRAME,-8.029,219.367,-4.608,-1.942,288,200.0,,,
2026-09-08T03:56:49.541549,30,8016,FRAME,-12.637,217.426,-4.608,-1.942,281,200.0,,,
2026-09-08T03:56:49.541549,30,8017,MISS_LEFT,-12.637,217.426,-4.608,-1.942,281,200.0,,,RIGHT
2026-09-08T03:56:49.558481,31,8018,FRAME,519.115,290.563,4.288,-2.571,274,200.0,,,
2026-09-08T03:56:49.574402,31,8019,FRAME,523.403,287.992,4.288,-2.571,267,200.0,,,
2026-09-08T03:56:49.591531,31,8020,FRAME,527.691,285.421,4.288,-2.571,260,200.0,,,
2026-09-08T03:56:49.608368,31,8021,FRAME,531.979,282.85,4.288,-2.571,253,200.0,,,
2026-09-08T03:56:49.625274,31,8022,FRAME,536.267,280.278,4.288,-2.571,246,200.0,,,
2026-09-08T03:56:49.642555,31,8023,FRAME,540.556,277.707,4.288,-2.571,239,200.0,,,
2026-09-08T03:56:49.658465,31,8024,FRAME,544.844,275.136,4.288,-2.571,232,200.0,,,
2026-09-08T03:56:49.674968,31,8025,FRAME,549.132,272.564,4.288,-2.571,225,200.0,,,
2026-09-08T03:56:49.691313,31,8026,FRAME,553.42,269.993,4.288,-2.571,218,200.0,,,
2026-09-08T03:56:49.708277,31,8027,FRAME,557.708,267.422,4.288,-2.571,211,200.0,,,
2026-09-08T03:56:49.724408,31,8028,FRAME,561.997,264.851,4.288,-2.571,204,200.0,,,
2026-09-08T03:56:49.741455,31,8029,FRAME,566.285,262.279,4.288,-2.571,197,200.0,,,
2026-09-08T03:56:49.758192,31,8030,FRAME,570.573,259.708,4.288,-2.571,190,200.0,,,
2026-09-08T03:56:49.775888,31,8031,FRAME,574.861,257.137,4.288,-2.571,183,200.0,,,
2026-09-08T03:56:49.792252,31,8032,FRAME,579.149,254.566,4.288,-2.571,176,200.0,,,
2026-09-08T03:56:49.809498,31,8033,FRAME,583.437,251.994,4.288,-2.571,169,200.0,,,
2026-09-08T03:56:49.826149,31,8034,FRAME,587.726,249.423,4.288,-2.571,162,200.0,,,
2026-09-08T03:56:49.842811,31,8035,FRAME,592.014,246.852,4.288,-2.571,162,200.0,,,
2026-09-08T03:56:49.859341,31,8036,FRAME,596.302,244.28,4.288,-2.571,162,200.0,,,
2026-09-08T03:56:49.875984,31,8037,FRAME,600.59,241.709,4.288,-2.571,162,200.0,,,
2026-09-08T03:56:49.892008,31,8038,FRAME,604.878,239.138,4.288,-2.571,162,200.0,,,
2026-09-08T03:56:49.908632,31,8039,FRAME,609.167,236.567,4.288,-2.571,162,200.0,,,
2026-09-08T03:56:49.925436,31,8040,FRAME,613.455,233.995,4.288,-2.571,162,200.0,,,
2026-09-08T03:56:49.942242,31,8041,FRAME,617.743,231.424,4.288,-2.571,162,200.0,,,
2026-09-08T03:56:49.959495,31,8042,FRAME,622.031,228.853,4.288,-2.571,162,200.0,,,
2026-09-08T03:56:49.977077,31,8043,FRAME,626.319,226.281,4.288,-2.571,162,200.0,,,
2026-09-08T03:56:49.993959,31,8044,FRAME,630.608,223.71,4.288,-2.571,162,200.0,,,
2026-09-08T03:56:50.010243,31,8045,FRAME,634.896,221.139,4.288,-2.571,162,200.0,,,
2026-09-08T03:56:50.026449,31,8046,FRAME,639.184,218.568,4.288,-2.571,162,200.0,,,
2026-09-08T03:56:50.043075,31,8047,FRAME,643.472,215.996,4.288,-2.571,162,200.0,,,
2026-09-08T03:56:50.059707,31,8048,FRAME,647.76,213.425,4.288,-2.571,162,200.0,,,
2026-09-08T03:56:50.076493,31,8049,FRAME,652.048,210.854,4.288,-2.571,162,200.0,,,
2026-09-08T03:56:50.093367,31,8050,FRAME,656.337,208.283,4.288,-2.571,162,200.0,,,
2026-09-08T03:56:50.109586,31,8051,FRAME,660.625,205.711,4.288,-2.571,162,200.0,,,
2026-09-08T03:56:50.126422,31,8052,FRAME,664.913,203.14,4.288,-2.571,162,200.0,,,
2026-09-08T03:56:50.142453,31,8053,FRAME,669.201,200.569,4.288,-2.571,162,200.0,,,
2026-09-08T03:56:50.159305,31,8054,FRAME,673.489,197.997,4.288,-2.571,162,200.0,,,
2026-09-08T03:56:50.176063,31,8055,FRAME,677.778,195.426,4.288,-2.571,162,200.0,,,
2026-09-08T03:56:50.192977,31,8056,FRAME,682.066,192.855,4.288,-2.571,162,200.0,,,
2026-09-08T03:56:50.208481,31,8057,FRAME,686.354,190.284,4.288,-2.571,162,200.0,,,
2026-09-08T03:56:50.225470,31,8058,FRAME,690.642,187.712,4.288,-2.571,162,200.0,,,
2026-09-08T03:56:50.242506,31,8059,FRAME,694.93,185.141,4.288,-2.571,162,200.0,,,
2026-09-08T03:56:50.259066,31,8060,FRAME,699.218,182.57,4.288,-2.571,162,200.0,,,
2026-09-08T03:56:50.275126,31,8061,FRAME,703.507,179.999,4.288,-2.571,162,200.0,,,
2026-09-08T03:56:50.290730,31,8062,FRAME,707.795,177.427,4.288,-2.571,162,200.0,,,
2026-09-08T03:56:50.307308,31,8063,FRAME,712.083,174.856,4.288,-2.571,162,200.0,,,
2026-09-08T03:56:50.324385,31,8064,FRAME,716.371,172.285,4.288,-2.571,162,200.0,,,
2026-09-08T03:56:50.341280,31,8065,FRAME,720.659,169.713,4.288,-2.571,162,200.0,,,
2026-09-08T03:56:50.358389,31,8066,FRAME,724.948,167.142,4.288,-2.571,162,200.0,,,
2026-09-08T03:56:50.375199,31,8067,FRAME,729.236,164.571,4.288,-2.571,162,200.0,,,
2026-09-08T03:56:50.392271,31,8068,FRAME,733.524,162.0,4.288,-2.571,162,200.0,,,
2026-09-08T03:56:50.409432,31,8069,FRAME,737.812,159.428,4.288,-2.571,162,200.0,,,
2026-09-08T03:56:50.426063,31,8070,FRAME,742.1,156.857,4.288,-2.571,162,200.0,,,
2026-09-08T03:56:50.442151,31,8071,FRAME,746.389,154.286,4.288,-2.571,162,200.0,,,
2026-09-08T03:56:50.458190,31,8072,FRAME,750.677,151.715,4.288,-2.571,162,200.0,,,
2026-09-08T03:56:50.475442,31,8073,FRAME,754.965,149.143,4.288,-2.571,162,200.0,,,
2026-09-08T03:56:50.492485,31,8074,FRAME,759.253,146.572,4.288,-2.571,162,200.0,,,
2026-09-08T03:56:50.508837,31,8075,FRAME,763.541,144.001,4.288,-2.571,162,200.0,,,
2026-09-08T03:56:50.525319,31,8076,FRAME,767.829,141.429,4.288,-2.571,162,200.0,,,
2026-09-08T03:56:50.542394,31,8077,FRAME,772.118,138.858,4.288,-2.571,162,200.0,,,
2026-09-08T03:56:50.559687,31,8078,FRAME,776.406,136.287,4.288,-2.571,162,200.0,,,
2026-09-08T03:56:50.576424,31,8079,FRAME,780.694,133.716,4.288,-2.571,162,200.0,,,
2026-09-08T03:56:50.592804,31,8080,FRAME,784.982,131.144,4.288,-2.571,162,200.0,,,
2026-09-08T03:56:50.609144,31,8081,FRAME,789.27,128.573,4.288,-2.571,162,200.0,,,
2026-09-08T03:56:50.625481,31,8082,FRAME,793.559,126.002,4.288,-2.571,162,200.0,,,
2026-09-08T03:56:50.643119,31,8083,FRAME,797.847,123.431,4.288,-2.571,162,200.0,,,
2026-09-08T03:56:50.659830,31,8084,FRAME,802.135,120.859,4.288,-2.571,162,200.0,,,
2026-09-08T03:56:50.659830,31,8085,MISS_RIGHT,802.135,120.859,4.288,-2.571,162,200.0,,,LEFT
2026-09-08T03:56:50.676305,32,8086,FRAME,306.459,293.301,-4.265,-2.609,162,200.0,,,
2026-09-08T03:56:50.692643,32,8087,FRAME,302.194,290.692,-4.265,-2.609,162,200.0,,,
2026-09-08T03:56:50.709439,32,8088,FRAME,297.929,288.082,-4.265,-2.609,162,200.0,,,
2026-09-08T03:56:50.725622,32,8089,FRAME,293.664,285.473,-4.265,-2.609,162,200.0,,,
2026-09-08T03:56:50.742179,32,8090,FRAME,289.399,282.863,-4.265,-2.609,162,200.0,,,
2026-09-08T03:56:50.759352,32,8091,FRAME,285.134,280.254,-4.265,-2.609,162,200.0,,,
2026-09-08T03:56:50.776410,32,8092,FRAME,280.869,277.644,-4.265,-2.609,162,200.0,,,
2026-09-08T03:56:50.792690,32,8093,FRAME,276.604,275.035,-4.265,-2.609,162,200.0,,,
2026-09-08T03:56:50.808442,32,8094,FRAME,272.339,272.425,-4.265,-2.609,162,200.0,,,
2026-09-08T03:56:50.825424,32,8095,FRAME,268.074,269.816,-4.265,-2.609,162,200.0,,,
2026-09-08T03:56:50.842208,32,8096,FRAME,263.809,267.207,-4.265,-2.609,162,200.0,,,
2026-09-08T03:56:50.859324,32,8097,FRAME,259.544,264.597,-4.265,-2.609,162,200.0,,,
2026-09-08T03:56:50.876225,32,8098,FRAME,255.279,261.988,-4.265,-2.609,162,200.0,,,
2026-09-08T03:56:50.894152,32,8099,FRAME,251.014,259.378,-4.265,-2.609,162,200.0,,,
2026-09-08T03:56:50.910848,32,8100,FRAME,246.749,256.769,-4.265,-2.609,162,200.0,,,
2026-09-08T03:56:50.927444,32,8101,FRAME,242.484,254.159,-4.265,-2.609,162,200.0,,,
2026-09-08T03:56:50.944219,32,8102,FRAME,238.219,251.55,-4.265,-2.609,162,200.0,,,
2026-09-08T03:56:50.961721,32,8103,FRAME,233.954,248.94,-4.265,-2.609,162,200.0,,,
2026-09-08T03:56:50.978125,32,8104,FRAME,229.688,246.331,-4.265,-2.609,162,200.0,,,
2026-09-08T03:56:50.995032,32,8105,FRAME,225.423,243.721,-4.265,-2.609,162,200.0,,,
2026-09-08T03:56:51.011361,32,8106,FRAME,221.158,241.112,-4.265,-2.609,162,200.0,,,
2026-09-08T03:56:51.028663,32,8107,FRAME,216.893,238.502,-4.265,-2.609,162,200.0,,,
2026-09-08T03:56:51.045236,32,8108,FRAME,212.628,235.893,-4.265,-2.609,162,200.0,,,
2026-09-08T03:56:51.062506,32,8109,FRAME,208.363,233.283,-4.265,-2.609,162,200.0,,,
2026-09-08T03:56:51.078398,32,8110,FRAME,204.098,230.674,-4.265,-2.609,162,200.0,,,
2026-09-08T03:56:51.095198,32,8111,FRAME,199.833,228.064,-4.265,-2.609,162,200.0,,,
2026-09-08T03:56:51.113114,32,8112,FRAME,195.568,225.455,-4.265,-2.609,162,200.0,,,
2026-09-08T03:56:51.129304,32,8113,FRAME,191.303,222.845,-4.265,-2.609,162,200.0,,,
2026-09-08T03:56:51.146047,32,8114,FRAME,187.038,220.236,-4.265,-2.609,162,200.0,,,
2026-09-08T03:56:51.162638,32,8115,FRAME,182.773,217.627,-4.265,-2.609,162,200.0,,,
2026-09-08T03:56:51.178295,32,8116,FRAME,178.508,215.017,-4.265,-2.609,162,200.0,,,
2026-09-08T03:56:51.194333,32,8117,FRAME,174.243,212.408,-4.265,-2.609,162,200.0,,,
2026-09-08T03:56:51.211021,32,8118,FRAME,169.978,209.798,-4.265,-2.609,162,200.0,,,
2026-09-08T03:56:51.227044,32,8119,FRAME,165.713,207.189,-4.265,-2.609,155,200.0,,,
2026-09-08T03:56:51.243342,32,8120,FRAME,161.448,204.579,-4.265,-2.609,148,200.0,,,
2026-09-08T03:56:51.260693,32,8121,FRAME,157.183,201.97,-4.265,-2.609,141,200.0,,,
2026-09-08T03:56:51.277141,32,8122,FRAME,152.918,199.36,-4.265,-2.609,134,200.0,,,
2026-09-08T03:56:51.294310,32,8123,FRAME,148.653,196.751,-4.265,-2.609,127,200.0,,,
2026-09-08T03:56:51.311013,32,8124,FRAME,144.387,194.141,-4.265,-2.609,120,200.0,,,
2026-09-08T03:56:51.326676,32,8125,FRAME,140.122,191.532,-4.265,-2.609,113,200.0,,,
2026-09-08T03:56:51.342890,32,8126,FRAME,135.857,188.922,-4.265,-2.609,106,200.0,,,
2026-09-08T03:56:51.359142,32,8127,FRAME,131.592,186.313,-4.265,-2.609,99,200.0,,,
2026-09-08T03:56:51.376457,32,8128,FRAME,127.327,183.703,-4.265,-2.609,92,200.0,,,
2026-09-08T03:56:51.392639,32,8129,FRAME,123.062,181.094,-4.265,-2.609,92,200.0,,,
2026-09-08T03:56:51.409198,32,8130,FRAME,118.797,178.484,-4.265,-2.609,92,200.0,,,
2026-09-08T03:56:51.426131,32,8131,FRAME,114.532,175.875,-4.265,-2.609,92,200.0,,,
2026-09-08T03:56:51.441815,32,8132,FRAME,110.267,173.266,-4.265,-2.609,92,200.0,,,
2026-09-08T03:56:51.458376,32,8133,FRAME,106.002,170.656,-4.265,-2.609,92,200.0,,,
2026-09-08T03:56:51.475343,32,8134,FRAME,101.737,168.047,-4.265,-2.609,92,200.0,,,
2026-09-08T03:56:51.491828,32,8135,FRAME,97.472,165.437,-4.265,-2.609,92,200.0,,,
2026-09-08T03:56:51.507480,32,8136,FRAME,93.207,162.828,-4.265,-2.609,92,200.0,,,
2026-09-08T03:56:51.524039,32,8137,FRAME,88.942,160.218,-4.265,-2.609,92,200.0,,,
2026-09-08T03:56:51.540409,32,8138,FRAME,84.677,157.609,-4.265,-2.609,92,200.0,,,
2026-09-08T03:56:51.556840,32,8139,FRAME,80.412,154.999,-4.265,-2.609,92,200.0,,,
2026-09-08T03:56:51.572985,32,8140,FRAME,76.147,152.39,-4.265,-2.609,92,200.0,,,
2026-09-08T03:56:51.589447,32,8141,FRAME,71.882,149.78,-4.265,-2.609,92,200.0,,,
2026-09-08T03:56:51.606012,32,8142,FRAME,67.617,147.171,-4.265,-2.609,92,200.0,,,
2026-09-08T03:56:51.621884,32,8143,FRAME,63.352,144.561,-4.265,-2.609,92,200.0,,,
2026-09-08T03:56:51.637992,32,8144,FRAME,59.086,141.952,-4.265,-2.609,92,200.0,,,
2026-09-08T03:56:51.654065,32,8145,FRAME,54.821,139.342,-4.265,-2.609,99,200.0,,,
2026-09-08T03:56:51.671465,32,8146,FRAME,50.556,136.733,-4.265,-2.609,106,200.0,,,
2026-09-08T03:56:51.687825,32,8147,FRAME,46.291,134.123,-4.265,-2.609,113,200.0,,,
2026-09-08T03:56:51.704364,32,8148,LEFT_HIT,45,131.514,3.887,-3.145,120,200.0,-0.65,-38.983,
2026-09-08T03:56:51.704364,32,8149,FRAME,45,131.514,3.887,-3.145,120,200.0,,,
2026-09-08T03:56:51.720992,32,8150,FRAME,48.887,128.368,3.887,-3.145,127,200.0,,,
2026-09-08T03:56:51.737630,32,8151,FRAME,52.773,125.223,3.887,-3.145,134,200.0,,,
2026-09-08T03:56:51.754071,32,8152,FRAME,56.66,122.078,3.887,-3.145,141,200.0,,,
2026-09-08T03:56:51.771204,32,8153,FRAME,60.547,118.932,3.887,-3.145,148,200.0,,,
2026-09-08T03:56:51.788908,32,8154,FRAME,64.433,115.787,3.887,-3.145,155,200.0,,,
2026-09-08T03:56:51.805649,32,8155,FRAME,68.32,112.641,3.887,-3.145,162,200.0,,,
2026-09-08T03:56:51.821746,32,8156,FRAME,72.207,109.496,3.887,-3.145,169,200.0,,,
2026-09-08T03:56:51.838303,32,8157,FRAME,76.093,106.35,3.887,-3.145,176,200.0,,,
2026-09-08T03:56:51.855461,32,8158,FRAME,79.98,103.205,3.887,-3.145,183,200.0,,,
2026-09-08T03:56:51.872341,32,8159,FRAME,83.866,100.059,3.887,-3.145,190,200.0,,,
2026-09-08T03:56:51.889772,32,8160,FRAME,87.753,96.914,3.887,-3.145,197,200.0,,,
2026-09-08T03:56:51.905653,32,8161,FRAME,91.64,93.768,3.887,-3.145,204,200.0,,,
2026-09-08T03:56:51.921386,32,8162,FRAME,95.526,90.623,3.887,-3.145,211,200.0,,,
2026-09-08T03:56:51.937865,32,8163,FRAME,99.413,87.477,3.887,-3.145,218,200.0,,,
2026-09-08T03:56:51.955243,32,8164,FRAME,103.3,84.332,3.887,-3.145,225,200.0,,,
2026-09-08T03:56:51.972083,32,8165,FRAME,107.186,81.186,3.887,-3.145,232,200.0,,,
2026-09-08T03:56:51.988447,32,8166,FRAME,111.073,78.041,3.887,-3.145,239,200.0,,,
2026-09-08T03:56:52.005397,32,8167,FRAME,114.96,74.896,3.887,-3.145,246,200.0,,,
2026-09-08T03:56:52.021517,32,8168,FRAME,118.846,71.75,3.887,-3.145,253,200.0,,,
2026-09-08T03:56:52.038347,32,8169,FRAME,122.733,68.605,3.887,-3.145,260,200.0,,,
2026-09-08T03:56:52.055189,32,8170,FRAME,126.62,65.459,3.887,-3.145,267,200.0,,,
2026-09-08T03:56:52.071635,32,8171,FRAME,130.506,62.314,3.887,-3.145,274,200.0,,,
2026-09-08T03:56:52.087265,32,8172,FRAME,134.393,59.168,3.887,-3.145,281,200.0,,,
2026-09-08T03:56:52.104406,32,8173,FRAME,138.28,56.023,3.887,-3.145,288,200.0,,,
2026-09-08T03:56:52.121077,32,8174,FRAME,142.166,52.877,3.887,-3.145,295,200.0,,,
2026-09-08T03:56:52.137343,32,8175,FRAME,146.053,49.732,3.887,-3.145,302,200.0,,,
2026-09-08T03:56:52.153958,32,8176,FRAME,149.94,46.586,3.887,-3.145,309,200.0,,,
2026-09-08T03:56:52.169518,32,8177,FRAME,153.826,43.441,3.887,-3.145,316,200.0,,,
2026-09-08T03:56:52.186405,32,8178,FRAME,157.713,40.295,3.887,-3.145,323,200.0,,,
2026-09-08T03:56:52.202447,32,8179,FRAME,161.599,37.15,3.887,-3.145,330,200.0,,,
2026-09-08T03:56:52.219180,32,8180,FRAME,165.486,34.004,3.887,-3.145,337,200.0,,,
2026-09-08T03:56:52.236397,32,8181,FRAME,169.373,30.859,3.887,-3.145,344,200.0,,,
2026-09-08T03:56:52.252792,32,8182,FRAME,173.259,27.714,3.887,-3.145,351,200.0,,,
2026-09-08T03:56:52.268261,32,8183,FRAME,177.146,24.568,3.887,-3.145,358,200.0,,,
2026-09-08T03:56:52.285523,32,8184,FRAME,181.033,21.423,3.887,-3.145,358,200.0,,,
2026-09-08T03:56:52.302309,32,8185,FRAME,184.919,18.277,3.887,-3.145,358,200.0,,,
2026-09-08T03:56:52.319287,32,8186,FRAME,188.806,15.132,3.887,-3.145,358,200.0,,,
2026-09-08T03:56:52.336497,32,8187,FRAME,192.693,11.986,3.887,-3.145,358,200.0,,,
2026-09-08T03:56:52.352627,32,8188,FRAME,196.579,8.841,3.887,-3.145,358,200.0,,,
2026-09-08T03:56:52.369159,32,8189,FRAME,200.466,5.695,3.887,-3.145,358,200.0,,,
2026-09-08T03:56:52.386175,32,8190,FRAME,204.353,2.55,3.887,-3.145,358,200.0,,,
2026-09-08T03:56:52.404244,32,8191,WALL_BOUNCE,208.239,0,3.887,3.145,358,200.0,,,
2026-09-08T03:56:52.404244,32,8192,FRAME,208.239,0,3.887,3.145,358,200.0,,,
2026-09-08T03:56:52.420248,32,8193,FRAME,212.126,3.145,3.887,3.145,358,200.0,,,
2026-09-08T03:56:52.436465,32,8194,FRAME,216.013,6.291,3.887,3.145,358,200.0,,,
2026-09-08T03:56:52.452692,32,8195,FRAME,219.899,9.436,3.887,3.145,358,200.0,,,
2026-09-08T03:56:52.469197,32,8196,FRAME,223.786,12.582,3.887,3.145,358,200.0,,,
2026-09-08T03:56:52.486070,32,8197,FRAME,227.673,15.727,3.887,3.145,358,200.0,,,
2026-09-08T03:56:52.502726,32,8198,FRAME,231.559,18.873,3.887,3.145,358,200.0,,,
2026-09-08T03:56:52.519412,32,8199,FRAME,235.446,22.018,3.887,3.145,358,200.0,,,
2026-09-08T03:56:52.536015,32,8200,FRAME,239.332,25.164,3.887,3.145,358,200.0,,,
2026-09-08T03:56:52.552642,32,8201,FRAME,243.219,28.309,3.887,3.145,358,200.0,,,
2026-09-08T03:56:52.568531,32,8202,FRAME,247.106,31.455,3.887,3.145,358,200.0,,,
2026-09-08T03:56:52.585353,32,8203,FRAME,250.992,34.6,3.887,3.145,358,200.0,,,
2026-09-08T03:56:52.601341,32,8204,FRAME,254.879,37.746,3.887,3.145,358,200.0,,,
2026-09-08T03:56:52.617583,32,8205,FRAME,258.766,40.891,3.887,3.145,358,200.0,,,
2026-09-08T03:56:52.634286,32,8206,FRAME,262.652,44.037,3.887,3.145,358,200.0,,,
2026-09-08T03:56:52.650347,32,8207,FRAME,266.539,47.182,3.887,3.145,358,200.0,,,
2026-09-08T03:56:52.666562,32,8208,FRAME,270.426,50.327,3.887,3.145,358,200.0,,,
2026-09-08T03:56:52.683057,32,8209,FRAME,274.312,53.473,3.887,3.145,358,200.0,,,
2026-09-08T03:56:52.699128,32,8210,FRAME,278.199,56.618,3.887,3.145,358,200.0,,,
2026-09-08T03:56:52.715507,32,8211,FRAME,282.086,59.764,3.887,3.145,358,200.0,,,
2026-09-08T03:56:52.731532,32,8212,FRAME,285.972,62.909,3.887,3.145,358,200.0,,,
2026-09-08T03:56:52.747490,32,8213,FRAME,289.859,66.055,3.887,3.145,358,200.0,,,
2026-09-08T03:56:52.763761,32,8214,FRAME,293.746,69.2,3.887,3.145,358,200.0,,,
2026-09-08T03:56:52.779843,32,8215,FRAME,297.632,72.346,3.887,3.145,358,200.0,,,
2026-09-08T03:56:52.795890,32,8216,FRAME,301.519,75.491,3.887,3.145,358,200.0,,,
2026-09-08T03:56:52.812500,32,8217,FRAME,305.405,78.637,3.887,3.145,358,200.0,,,
2026-09-08T03:56:52.828481,32,8218,FRAME,309.292,81.782,3.887,3.145,358,200.0,,,
2026-09-08T03:56:52.845675,32,8219,FRAME,313.179,84.928,3.887,3.145,358,200.0,,,
2026-09-08T03:56:52.862206,32,8220,FRAME,317.065,88.073,3.887,3.145,358,200.0,,,
2026-09-08T03:56:52.879017,32,8221,FRAME,320.952,91.219,3.887,3.145,358,200.0,,,
2026-09-08T03:56:52.895047,32,8222,FRAME,324.839,94.364,3.887,3.145,358,200.0,,,
2026-09-08T03:56:52.911992,32,8223,FRAME,328.725,97.509,3.887,3.145,358,200.0,,,
2026-09-08T03:56:52.928317,32,8224,FRAME,332.612,100.655,3.887,3.145,358,200.0,,,
2026-09-08T03:56:52.944445,32,8225,FRAME,336.499,103.8,3.887,3.145,358,200.0,,,
2026-09-08T03:56:52.961553,32,8226,FRAME,340.385,106.946,3.887,3.145,358,200.0,,,
2026-09-08T03:56:52.977483,32,8227,FRAME,344.272,110.091,3.887,3.145,358,200.0,,,
2026-09-08T03:56:52.994299,32,8228,FRAME,348.159,113.237,3.887,3.145,358,200.0,,,
2026-09-08T03:56:53.010829,32,8229,FRAME,352.045,116.382,3.887,3.145,358,200.0,,,
2026-09-08T03:56:53.027030,32,8230,FRAME,355.932,119.528,3.887,3.145,358,200.0,,,
2026-09-08T03:56:53.043124,32,8231,FRAME,359.819,122.673,3.887,3.145,358,200.0,,,
2026-09-08T03:56:53.059331,32,8232,FRAME,363.705,125.819,3.887,3.145,358,200.0,,,
2026-09-08T03:56:53.075348,32,8233,FRAME,367.592,128.964,3.887,3.145,358,200.0,,,
2026-09-08T03:56:53.092387,32,8234,FRAME,371.479,132.11,3.887,3.145,358,200.0,,,
2026-09-08T03:56:53.109002,32,8235,FRAME,375.365,135.255,3.887,3.145,358,200.0,,,
2026-09-08T03:56:53.125073,32,8236,FRAME,379.252,138.401,3.887,3.145,358,200.0,,,
2026-09-08T03:56:53.140633,32,8237,FRAME,383.138,141.546,3.887,3.145,358,200.0,,,
2026-09-08T03:56:53.157213,32,8238,FRAME,387.025,144.691,3.887,3.145,358,200.0,,,
2026-09-08T03:56:53.174157,32,8239,FRAME,390.912,147.837,3.887,3.145,358,200.0,,,
2026-09-08T03:56:53.190370,32,8240,FRAME,394.798,150.982,3.887,3.145,358,200.0,,,
2026-09-08T03:56:53.206912,32,8241,FRAME,398.685,154.128,3.887,3.145,358,200.0,,,
2026-09-08T03:56:53.223230,32,8242,FRAME,402.572,157.273,3.887,3.145,358,200.0,,,
2026-09-08T03:56:53.240964,32,8243,FRAME,406.458,160.419,3.887,3.145,358,200.0,,,
2026-09-08T03:56:53.257150,32,8244,FRAME,410.345,163.564,3.887,3.145,358,200.0,,,
2026-09-08T03:56:53.274286,32,8245,FRAME,414.232,166.71,3.887,3.145,358,200.0,,,
2026-09-08T03:56:53.291326,32,8246,FRAME,418.118,169.855,3.887,3.145,358,200.0,,,
2026-09-08T03:56:53.308553,32,8247,FRAME,422.005,173.001,3.887,3.145,358,200.0,,,
2026-09-08T03:56:53.325969,32,8248,FRAME,425.892,176.146,3.887,3.145,358,200.0,,,
2026-09-08T03:56:53.342251,32,8249,FRAME,429.778,179.292,3.887,3.145,358,200.0,,,
2026-09-08T03:56:53.359686,32,8250,FRAME,433.665,182.437,3.887,3.145,358,200.0,,,
2026-09-08T03:56:53.375539,32,8251,FRAME,437.552,185.583,3.887,3.145,358,200.0,,,
2026-09-08T03:56:53.392063,32,8252,FRAME,441.438,188.728,3.887,3.145,358,200.0,,,
2026-09-08T03:56:53.408616,32,8253,FRAME,445.325,191.873,3.887,3.145,358,200.0,,,
2026-09-08T03:56:53.425664,32,8254,FRAME,449.211,195.019,3.887,3.145,358,200.0,,,
2026-09-08T03:56:53.442190,32,8255,FRAME,453.098,198.164,3.887,3.145,358,200.0,,,
2026-09-08T03:56:53.459507,32,8256,FRAME,456.985,201.31,3.887,3.145,358,200.0,,,
2026-09-08T03:56:53.475894,32,8257,FRAME,460.871,204.455,3.887,3.145,358,200.0,,,
2026-09-08T03:56:53.492491,32,8258,FRAME,464.758,207.601,3.887,3.145,358,200.0,,,
2026-09-08T03:56:53.509844,32,8259,FRAME,468.645,210.746,3.887,3.145,358,200.0,,,
2026-09-08T03:56:53.525963,32,8260,FRAME,472.531,213.892,3.887,3.145,358,200.0,,,
2026-09-08T03:56:53.542314,32,8261,FRAME,476.418,217.037,3.887,3.145,358,200.0,,,
2026-09-08T03:56:53.559579,32,8262,FRAME,480.305,220.183,3.887,3.145,358,200.0,,,
2026-09-08T03:56:53.575859,32,8263,FRAME,484.191,223.328,3.887,3.145,358,200.0,,,
2026-09-08T03:56:53.591535,32,8264,FRAME,488.078,226.474,3.887,3.145,358,200.0,,,
2026-09-08T03:56:53.608125,32,8265,FRAME,491.965,229.619,3.887,3.145,358,200.0,,,
2026-09-08T03:56:53.624163,32,8266,FRAME,495.851,232.765,3.887,3.145,358,200.0,,,
2026-09-08T03:56:53.641291,32,8267,FRAME,499.738,235.91,3.887,3.145,358,200.0,,,
2026-09-08T03:56:53.658604,32,8268,FRAME,503.625,239.055,3.887,3.145,358,200.0,,,
2026-09-08T03:56:53.674657,32,8269,FRAME,507.511,242.201,3.887,3.145,358,200.0,,,
2026-09-08T03:56:53.691183,32,8270,FRAME,511.398,245.346,3.887,3.145,358,200.0,,,
2026-09-08T03:56:53.708885,32,8271,FRAME,515.285,248.492,3.887,3.145,358,200.0,,,
2026-09-08T03:56:53.724982,32,8272,FRAME,519.171,251.637,3.887,3.145,358,200.0,,,
2026-09-08T03:56:53.740974,32,8273,FRAME,523.058,254.783,3.887,3.145,358,200.0,,,
2026-09-08T03:56:53.757909,32,8274,FRAME,526.944,257.928,3.887,3.145,358,200.0,,,
2026-09-08T03:56:53.773936,32,8275,FRAME,530.831,261.074,3.887,3.145,358,200.0,,,
2026-09-08T03:56:53.790408,32,8276,FRAME,534.718,264.219,3.887,3.145,358,200.0,,,
2026-09-08T03:56:53.807190,32,8277,FRAME,538.604,267.365,3.887,3.145,358,200.0,,,
2026-09-08T03:56:53.824202,32,8278,FRAME,542.491,270.51,3.887,3.145,358,200.0,,,
2026-09-08T03:56:53.840645,32,8279,FRAME,546.378,273.656,3.887,3.145,358,200.0,,,
2026-09-08T03:56:53.857193,32,8280,FRAME,550.264,276.801,3.887,3.145,358,200.0,,,
2026-09-08T03:56:53.874301,32,8281,FRAME,554.151,279.947,3.887,3.145,358,200.0,,,
2026-09-08T03:56:53.891672,32,8282,FRAME,558.038,283.092,3.887,3.145,358,200.0,,,
2026-09-08T03:56:53.907916,32,8283,FRAME,561.924,286.237,3.887,3.145,358,200.0,,,
2026-09-08T03:56:53.924074,32,8284,FRAME,565.811,289.383,3.887,3.145,358,200.0,,,
2026-09-08T03:56:53.940168,32,8285,FRAME,569.698,292.528,3.887,3.145,358,200.0,,,
2026-09-08T03:56:53.956536,32,8286,FRAME,573.584,295.674,3.887,3.145,358,200.0,,,
2026-09-08T03:56:53.973182,32,8287,FRAME,577.471,298.819,3.887,3.145,358,200.0,,,
2026-09-08T03:56:53.990543,32,8288,FRAME,581.358,301.965,3.887,3.145,358,200.0,,,
2026-09-08T03:56:54.007107,32,8289,FRAME,585.244,305.11,3.887,3.145,358,200.0,,,
2026-09-08T03:56:54.024104,32,8290,FRAME,589.131,308.256,3.887,3.145,358,200.0,,,
2026-09-08T03:56:54.039939,32,8291,FRAME,593.018,311.401,3.887,3.145,358,200.0,,,
2026-09-08T03:56:54.056307,32,8292,FRAME,596.904,314.547,3.887,3.145,358,200.0,,,
2026-09-08T03:56:54.073113,32,8293,FRAME,600.791,317.692,3.887,3.145,358,200.0,,,
2026-09-08T03:56:54.089188,32,8294,FRAME,604.677,320.838,3.887,3.145,358,200.0,,,
2026-09-08T03:56:54.106197,32,8295,FRAME,608.564,323.983,3.887,3.145,358,200.0,,,
2026-09-08T03:56:54.124353,32,8296,FRAME,612.451,327.129,3.887,3.145,358,200.0,,,
2026-09-08T03:56:54.141402,32,8297,FRAME,616.337,330.274,3.887,3.145,358,200.0,,,
2026-09-08T03:56:54.158298,32,8298,FRAME,620.224,333.419,3.887,3.145,358,200.0,,,
2026-09-08T03:56:54.174987,32,8299,FRAME,624.111,336.565,3.887,3.145,358,200.0,,,
2026-09-08T03:56:54.190782,32,8300,FRAME,627.997,339.71,3.887,3.145,358,200.0,,,
2026-09-08T03:56:54.207271,32,8301,FRAME,631.884,342.856,3.887,3.145,358,200.0,,,
2026-09-08T03:56:54.224131,32,8302,FRAME,635.771,346.001,3.887,3.145,358,200.0,,,
2026-09-08T03:56:54.241275,32,8303,FRAME,639.657,349.147,3.887,3.145,358,200.0,,,
2026-09-08T03:56:54.257418,32,8304,FRAME,643.544,352.292,3.887,3.145,358,200.0,,,
2026-09-08T03:56:54.274317,32,8305,FRAME,647.431,355.438,3.887,3.145,358,200.0,,,
2026-09-08T03:56:54.291293,32,8306,FRAME,651.317,358.583,3.887,3.145,358,200.0,,,
2026-09-08T03:56:54.309050,32,8307,FRAME,655.204,361.729,3.887,3.145,358,200.0,,,
2026-09-08T03:56:54.325153,32,8308,FRAME,659.091,364.874,3.887,3.145,358,200.0,,,
2026-09-08T03:56:54.342326,32,8309,FRAME,662.977,368.02,3.887,3.145,358,200.0,,,
2026-09-08T03:56:54.359378,32,8310,FRAME,666.864,371.165,3.887,3.145,358,200.0,,,
2026-09-08T03:56:54.376462,32,8311,FRAME,670.75,374.311,3.887,3.145,358,200.0,,,
2026-09-08T03:56:54.393004,32,8312,FRAME,674.637,377.456,3.887,3.145,358,200.0,,,
2026-09-08T03:56:54.409038,32,8313,FRAME,678.524,380.601,3.887,3.145,358,200.0,,,
2026-09-08T03:56:54.424912,32,8314,FRAME,682.41,383.747,3.887,3.145,358,200.0,,,
2026-09-08T03:56:54.441434,32,8315,FRAME,686.297,386.892,3.887,3.145,358,200.0,,,
2026-09-08T03:56:54.459019,32,8316,FRAME,690.184,390.038,3.887,3.145,358,200.0,,,
2026-09-08T03:56:54.475169,32,8317,FRAME,694.07,393.183,3.887,3.145,358,200.0,,,
2026-09-08T03:56:54.492247,32,8318,FRAME,697.957,396.329,3.887,3.145,358,200.0,,,
2026-09-08T03:56:54.509301,32,8319,FRAME,701.844,399.474,3.887,3.145,358,200.0,,,
2026-09-08T03:56:54.526706,32,8320,FRAME,705.73,402.62,3.887,3.145,358,200.0,,,
2026-09-08T03:56:54.543391,32,8321,FRAME,709.617,405.765,3.887,3.145,358,200.0,,,
2026-09-08T03:56:54.561361,32,8322,FRAME,713.504,408.911,3.887,3.145,358,200.0,,,
2026-09-08T03:56:54.578686,32,8323,FRAME,717.39,412.056,3.887,3.145,358,200.0,,,
2026-09-08T03:56:54.594916,32,8324,FRAME,721.277,415.202,3.887,3.145,358,200.0,,,
2026-09-08T03:56:54.611356,32,8325,FRAME,725.164,418.347,3.887,3.145,358,200.0,,,
2026-09-08T03:56:54.627842,32,8326,FRAME,729.05,421.493,3.887,3.145,358,200.0,,,
2026-09-08T03:56:54.644340,32,8327,FRAME,732.937,424.638,3.887,3.145,358,200.0,,,
2026-09-08T03:56:54.661623,32,8328,FRAME,736.824,427.783,3.887,3.145,358,200.0,,,
2026-09-08T03:56:54.678059,32,8329,FRAME,740.71,430.929,3.887,3.145,358,200.0,,,
2026-09-08T03:56:54.694085,32,8330,FRAME,744.597,434.074,3.887,3.145,358,200.0,,,
2026-09-08T03:56:54.709877,32,8331,FRAME,748.483,437.22,3.887,3.145,358,200.0,,,
2026-09-08T03:56:54.726339,32,8332,FRAME,752.37,440.365,3.887,3.145,358,200.0,,,
2026-09-08T03:56:54.743091,32,8333,FRAME,756.257,443.511,3.887,3.145,358,200.0,,,
2026-09-08T03:56:54.760717,32,8334,FRAME,760.143,446.656,3.887,3.145,358,200.0,,,
2026-09-08T03:56:54.776877,32,8335,FRAME,764.03,449.802,3.887,3.145,358,200.0,,,
2026-09-08T03:56:54.793101,32,8336,FRAME,767.917,452.947,3.887,3.145,358,200.0,,,
2026-09-08T03:56:54.809529,32,8337,FRAME,771.803,456.093,3.887,3.145,358,200.0,,,
2026-09-08T03:56:54.826038,32,8338,FRAME,775.69,459.238,3.887,3.145,358,200.0,,,
2026-09-08T03:56:54.842820,32,8339,FRAME,779.577,462.384,3.887,3.145,358,200.0,,,
2026-09-08T03:56:54.859599,32,8340,FRAME,783.463,465.529,3.887,3.145,358,200.0,,,
2026-09-08T03:56:54.876237,32,8341,FRAME,787.35,468.675,3.887,3.145,358,200.0,,,
2026-09-08T03:56:54.892384,32,8342,FRAME,791.237,471.82,3.887,3.145,358,200.0,,,
2026-09-08T03:56:54.908411,32,8343,FRAME,795.123,474.965,3.887,3.145,358,200.0,,,
2026-09-08T03:56:54.925057,32,8344,FRAME,799.01,478.111,3.887,3.145,358,200.0,,,
2026-09-08T03:56:54.940896,32,8345,FRAME,802.897,481.256,3.887,3.145,358,200.0,,,
2026-09-08T03:56:54.940896,32,8346,MISS_RIGHT,802.897,481.256,3.887,3.145,358,200.0,,,LEFT
2026-09-08T03:56:54.956914,33,8347,FRAME,360.928,239.926,-4.196,2.719,358,200.0,,,
2026-09-08T03:56:54.973087,33,8348,FRAME,356.732,242.645,-4.196,2.719,358,200.0,,,
2026-09-08T03:56:54.989259,33,8349,FRAME,352.536,245.364,-4.196,2.719,358,200.0,,,
2026-09-08T03:56:55.006479,33,8350,FRAME,348.34,248.083,-4.196,2.719,358,200.0,,,
2026-09-08T03:56:55.022732,33,8351,FRAME,344.144,250.802,-4.196,2.719,358,200.0,,,
2026-09-08T03:56:55.039413,33,8352,FRAME,339.948,253.521,-4.196,2.719,358,200.0,,,
2026-09-08T03:56:55.056283,33,8353,FRAME,335.752,256.24,-4.196,2.719,358,200.0,,,
2026-09-08T03:56:55.073337,33,8354,FRAME,331.556,258.959,-4.196,2.719,358,200.0,,,
2026-09-08T03:56:55.090616,33,8355,FRAME,327.359,261.678,-4.196,2.719,358,200.0,,,
2026-09-08T03:56:55.106359,33,8356,FRAME,323.163,264.397,-4.196,2.719,358,200.0,,,
2026-09-08T03:56:55.123342,33,8357,FRAME,318.967,267.116,-4.196,2.719,358,200.0,,,
2026-09-08T03:56:55.140327,33,8358,FRAME,314.771,269.835,-4.196,2.719,358,200.0,,,
2026-09-08T03:56:55.157321,33,8359,FRAME,310.575,272.554,-4.196,2.719,358,200.0,,,
2026-09-08T03:56:55.174994,33,8360,FRAME,306.379,275.273,-4.196,2.719,358,200.0,,,
2026-09-08T03:56:55.191343,33,8361,FRAME,302.183,277.992,-4.196,2.719,358,200.0,,,
2026-09-08T03:56:55.208348,33,8362,FRAME,297.987,280.711,-4.196,2.719,358,200.0,,,
2026-09-08T03:56:55.225431,33,8363,FRAME,293.791,283.429,-4.196,2.719,358,200.0,,,
2026-09-08T03:56:55.242239,33,8364,FRAME,289.595,286.148,-4.196,2.719,358,200.0,,,
2026-09-08T03:56:55.259449,33,8365,FRAME,285.398,288.867,-4.196,2.719,351,200.0,,,
2026-09-08T03:56:55.275751,33,8366,FRAME,281.202,291.586,-4.196,2.719,344,200.0,,,
2026-09-08T03:56:55.291712,33,8367,FRAME,277.006,294.305,-4.196,2.719,337,200.0,,,
2026-09-08T03:56:55.307703,33,8368,FRAME,272.81,297.024,-4.196,2.719,330,200.0,,,
2026-09-08T03:56:55.324388,33,8369,FRAME,268.614,299.743,-4.196,2.719,323,200.0,,,
2026-09-08T03:56:55.341010,33,8370,FRAME,264.418,302.462,-4.196,2.719,316,200.0,,,
2026-09-08T03:56:55.357016,33,8371,FRAME,260.222,305.181,-4.196,2.719,309,200.0,,,
2026-09-08T03:56:55.374343,33,8372,FRAME,256.026,307.9,-4.196,2.719,302,200.0,,,
2026-09-08T03:56:55.390422,33,8373,FRAME,251.83,310.619,-4.196,2.719,295,200.0,,,
2026-09-08T03:56:55.407214,33,8374,FRAME,247.633,313.338,-4.196,2.719,288,200.0,,,
2026-09-08T03:56:55.424442,33,8375,FRAME,243.437,316.057,-4.196,2.719,281,200.0,,,
2026-09-08T03:56:55.440998,33,8376,FRAME,239.241,318.776,-4.196,2.719,281,200.0,,,
2026-09-08T03:56:55.457264,33,8377,FRAME,235.045,321.495,-4.196,2.719,281,200.0,,,
2026-09-08T03:56:55.474432,33,8378,FRAME,230.849,324.214,-4.196,2.719,281,200.0,,,
2026-09-08T03:56:55.490357,33,8379,FRAME,226.653,326.933,-4.196,2.719,281,200.0,,,
2026-09-08T03:56:55.506624,33,8380,FRAME,222.457,329.652,-4.196,2.719,281,200.0,,,
2026-09-08T03:56:55.524038,33,8381,FRAME,218.261,332.371,-4.196,2.719,281,200.0,,,
2026-09-08T03:56:55.540653,33,8382,FRAME,214.065,335.09,-4.196,2.719,281,200.0,,,
2026-09-08T03:56:55.556462,33,8383,FRAME,209.869,337.809,-4.196,2.719,281,200.0,,,
2026-09-08T03:56:55.573338,33,8384,FRAME,205.672,340.528,-4.196,2.719,281,200.0,,,
2026-09-08T03:56:55.589456,33,8385,FRAME,201.476,343.247,-4.196,2.719,281,200.0,,,
2026-09-08T03:56:55.605481,33,8386,FRAME,197.28,345.965,-4.196,2.719,281,200.0,,,
2026-09-08T03:56:55.621702,33,8387,FRAME,193.084,348.684,-4.196,2.719,281,200.0,,,
2026-09-08T03:56:55.638187,33,8388,FRAME,188.888,351.403,-4.196,2.719,281,200.0,,,
2026-09-08T03:56:55.655866,33,8389,FRAME,184.692,354.122,-4.196,2.719,281,200.0,,,
2026-09-08T03:56:55.672861,33,8390,FRAME,180.496,356.841,-4.196,2.719,288,200.0,,,
2026-09-08T03:56:55.688246,33,8391,FRAME,176.3,359.56,-4.196,2.719,295,200.0,,,
2026-09-08T03:56:55.705061,33,8392,FRAME,172.104,362.279,-4.196,2.719,302,200.0,,,
2026-09-08T03:56:55.721144,33,8393,FRAME,167.908,364.998,-4.196,2.719,309,200.0,,,
2026-09-08T03:56:55.737784,33,8394,FRAME,163.711,367.717,-4.196,2.719,316,200.0,,,
2026-09-08T03:56:55.754368,33,8395,FRAME,159.515,370.436,-4.196,2.719,323,200.0,,,
2026-09-08T03:56:55.770702,33,8396,FRAME,155.319,373.155,-4.196,2.719,330,200.0,,,
2026-09-08T03:56:55.787140,33,8397,FRAME,151.123,375.874,-4.196,2.719,337,200.0,,,
2026-09-08T03:56:55.805432,33,8398,FRAME,146.927,378.593,-4.196,2.719,344,200.0,,,
2026-09-08T03:56:55.821727,33,8399,FRAME,142.731,381.312,-4.196,2.719,351,200.0,,,
2026-09-08T03:56:55.838529,33,8400,FRAME,138.535,384.031,-4.196,2.719,351,200.0,,,
2026-09-08T03:56:55.855133,33,8401,FRAME,134.339,386.75,-4.196,2.719,351,200.0,,,
2026-09-08T03:56:55.871370,33,8402,FRAME,130.143,389.469,-4.196,2.719,351,200.0,,,
2026-09-08T03:56:55.888357,33,8403,FRAME,125.947,392.188,-4.196,2.719,351,200.0,,,
2026-09-08T03:56:55.905154,33,8404,FRAME,121.75,394.907,-4.196,2.719,351,200.0,,,
2026-09-08T03:56:55.921960,33,8405,FRAME,117.554,397.626,-4.196,2.719,351,200.0,,,
2026-09-08T03:56:55.938322,33,8406,FRAME,113.358,400.345,-4.196,2.719,351,200.0,,,
2026-09-08T03:56:55.955263,33,8407,FRAME,109.162,403.064,-4.196,2.719,351,200.0,,,
2026-09-08T03:56:55.972421,33,8408,FRAME,104.966,405.783,-4.196,2.719,351,200.0,,,
2026-09-08T03:56:55.989685,33,8409,FRAME,100.77,408.501,-4.196,2.719,358,200.0,,,
2026-09-08T03:56:56.005398,33,8410,FRAME,96.574,411.22,-4.196,2.719,365,200.0,,,
2026-09-08T03:56:56.021920,33,8411,FRAME,92.378,413.939,-4.196,2.719,372,200.0,,,
2026-09-08T03:56:56.038464,33,8412,FRAME,88.182,416.658,-4.196,2.719,379,200.0,,,
2026-09-08T03:56:56.054355,33,8413,FRAME,83.985,419.377,-4.196,2.719,386,200.0,,,
2026-09-08T03:56:56.070715,33,8414,FRAME,79.789,422.096,-4.196,2.719,393,200.0,,,
2026-09-08T03:56:56.086670,33,8415,FRAME,75.593,424.815,-4.196,2.719,400,200.0,,,
2026-09-08T03:56:56.102520,33,8416,FRAME,71.397,427.534,-4.196,2.719,400,200.0,,,
2026-09-08T03:56:56.119088,33,8417,FRAME,67.201,430.253,-4.196,2.719,400,200.0,,,
2026-09-08T03:56:56.135472,33,8418,FRAME,63.005,432.972,-4.196,2.719,400,200.0,,,
2026-09-08T03:56:56.151997,33,8419,FRAME,58.809,435.691,-4.196,2.719,400,200.0,,,
2026-09-08T03:56:56.168528,33,8420,FRAME,54.613,438.41,-4.196,2.719,400,200.0,,,
2026-09-08T03:56:56.184339,33,8421,FRAME,50.417,441.129,-4.196,2.719,400,200.0,,,
2026-09-08T03:56:56.200668,33,8422,FRAME,46.221,443.848,-4.196,2.719,400,200.0,,,
2026-09-08T03:56:56.216265,33,8423,LEFT_HIT,45,446.567,4.993,0.269,400,200.0,0.051,3.08,
2026-09-08T03:56:56.216265,33,8424,FRAME,45,446.567,4.993,0.269,400,200.0,,,
2026-09-08T03:56:56.233388,33,8425,FRAME,49.993,446.836,4.993,0.269,400,200.0,,,
2026-09-08T03:56:56.250044,33,8426,FRAME,54.986,447.104,4.993,0.269,400,200.0,,,
2026-09-08T03:56:56.265738,33,8427,FRAME,59.978,447.373,4.993,0.269,400,200.0,,,
2026-09-08T03:56:56.281484,33,8428,FRAME,64.971,447.642,4.993,0.269,400,200.0,,,
2026-09-08T03:56:56.299019,33,8429,FRAME,69.964,447.91,4.993,0.269,393,200.0,,,
2026-09-08T03:56:56.315272,33,8430,FRAME,74.957,448.179,4.993,0.269,386,200.0,,,
2026-09-08T03:56:56.332393,33,8431,FRAME,79.949,448.448,4.993,0.269,379,200.0,,,
2026-09-08T03:56:56.349133,33,8432,FRAME,84.942,448.716,4.993,0.269,372,200.0,,,
2026-09-08T03:56:56.365413,33,8433,FRAME,89.935,448.985,4.993,0.269,365,200.0,,,
2026-09-08T03:56:56.382560,33,8434,FRAME,94.928,449.254,4.993,0.269,358,200.0,,,
2026-09-08T03:56:56.398481,33,8435,FRAME,99.921,449.522,4.993,0.269,351,200.0,,,
2026-09-08T03:56:56.415482,33,8436,FRAME,104.913,449.791,4.993,0.269,344,200.0,,,
2026-09-08T03:56:56.431841,33,8437,FRAME,109.906,450.06,4.993,0.269,337,200.0,,,
2026-09-08T03:56:56.448300,33,8438,FRAME,114.899,450.328,4.993,0.269,330,200.0,,,
2026-09-08T03:56:56.465601,33,8439,FRAME,119.892,450.597,4.993,0.269,323,200.0,,,
2026-09-08T03:56:56.482041,33,8440,FRAME,124.884,450.866,4.993,0.269,316,200.0,,,
2026-09-08T03:56:56.498227,33,8441,FRAME,129.877,451.134,4.993,0.269,309,200.0,,,
2026-09-08T03:56:56.515403,33,8442,FRAME,134.87,451.403,4.993,0.269,302,200.0,,,
2026-09-08T03:56:56.532160,33,8443,FRAME,139.863,451.672,4.993,0.269,295,200.0,,,
2026-09-08T03:56:56.550136,33,8444,FRAME,144.856,451.94,4.993,0.269,288,200.0,,,
2026-09-08T03:56:56.566852,33,8445,FRAME,149.848,452.209,4.993,0.269,281,200.0,,,
2026-09-08T03:56:56.583077,33,8446,FRAME,154.841,452.478,4.993,0.269,274,200.0,,,
2026-09-08T03:56:56.599089,33,8447,FRAME,159.834,452.746,4.993,0.269,267,200.0,,,
2026-09-08T03:56:56.615533,33,8448,FRAME,164.827,453.015,4.993,0.269,260,200.0,,,
2026-09-08T03:56:56.632540,33,8449,FRAME,169.819,453.284,4.993,0.269,253,200.0,,,
2026-09-08T03:56:56.649296,33,8450,FRAME,174.812,453.552,4.993,0.269,246,200.0,,,
2026-09-08T03:56:56.666574,33,8451,FRAME,179.805,453.821,4.993,0.269,239,200.0,,,
2026-09-08T03:56:56.683022,33,8452,FRAME,184.798,454.09,4.993,0.269,232,200.0,,,
2026-09-08T03:56:56.699329,33,8453,FRAME,189.791,454.358,4.993,0.269,225,200.0,,,
2026-09-08T03:56:56.716790,33,8454,FRAME,194.783,454.627,4.993,0.269,218,200.0,,,
2026-09-08T03:56:56.733301,33,8455,FRAME,199.776,454.896,4.993,0.269,211,200.0,,,
2026-09-08T03:56:56.749253,33,8456,FRAME,204.769,455.164,4.993,0.269,204,200.0,,,
2026-09-08T03:56:56.766375,33,8457,FRAME,209.762,455.433,4.993,0.269,197,200.0,,,
2026-09-08T03:56:56.784089,33,8458,FRAME,214.754,455.702,4.993,0.269,197,200.0,,,
2026-09-08T03:56:56.800083,33,8459,FRAME,219.747,455.97,4.993,0.269,197,200.0,,,
2026-09-08T03:56:56.816029,33,8460,FRAME,224.74,456.239,4.993,0.269,197,200.0,,,
2026-09-08T03:56:56.832434,33,8461,FRAME,229.733,456.508,4.993,0.269,197,200.0,,,
2026-09-08T03:56:56.849405,33,8462,FRAME,234.725,456.776,4.993,0.269,197,200.0,,,
2026-09-08T03:56:56.865488,33,8463,FRAME,239.718,457.045,4.993,0.269,197,200.0,,,
2026-09-08T03:56:56.881430,33,8464,FRAME,244.711,457.314,4.993,0.269,197,200.0,,,
2026-09-08T03:56:56.898025,33,8465,FRAME,249.704,457.582,4.993,0.269,197,200.0,,,
2026-09-08T03:56:56.915105,33,8466,FRAME,254.697,457.851,4.993,0.269,197,200.0,,,
2026-09-08T03:56:56.931243,33,8467,FRAME,259.689,458.12,4.993,0.269,197,200.0,,,
2026-09-08T03:56:56.948332,33,8468,FRAME,264.682,458.388,4.993,0.269,197,200.0,,,
2026-09-08T03:56:56.965721,33,8469,FRAME,269.675,458.657,4.993,0.269,197,200.0,,,
2026-09-08T03:56:56.982356,33,8470,FRAME,274.668,458.926,4.993,0.269,197,200.0,,,
2026-09-08T03:56:56.998977,33,8471,FRAME,279.66,459.194,4.993,0.269,197,200.0,,,
2026-09-08T03:56:57.015314,33,8472,FRAME,284.653,459.463,4.993,0.269,197,200.0,,,
2026-09-08T03:56:57.032119,33,8473,FRAME,289.646,459.732,4.993,0.269,197,200.0,,,
2026-09-08T03:56:57.050153,33,8474,FRAME,294.639,460.0,4.993,0.269,197,200.0,,,
2026-09-08T03:56:57.068042,33,8475,FRAME,299.632,460.269,4.993,0.269,197,200.0,,,
2026-09-08T03:56:57.085143,33,8476,FRAME,304.624,460.538,4.993,0.269,197,200.0,,,
2026-09-08T03:56:57.102176,33,8477,FRAME,309.617,460.806,4.993,0.269,197,200.0,,,
2026-09-08T03:56:57.121214,33,8478,FRAME,314.61,461.075,4.993,0.269,197,200.0,,,
2026-09-08T03:56:57.138230,33,8479,FRAME,319.603,461.344,4.993,0.269,197,200.0,,,
2026-09-08T03:56:57.155309,33,8480,FRAME,324.595,461.613,4.993,0.269,197,200.0,,,
2026-09-08T03:56:57.172054,33,8481,FRAME,329.588,461.881,4.993,0.269,197,200.0,,,
2026-09-08T03:56:57.188220,33,8482,FRAME,334.581,462.15,4.993,0.269,197,200.0,,,
2026-09-08T03:56:57.205302,33,8483,FRAME,339.574,462.419,4.993,0.269,197,200.0,,,
2026-09-08T03:56:57.221996,33,8484,FRAME,344.567,462.687,4.993,0.269,197,200.0,,,
2026-09-08T03:56:57.238095,33,8485,FRAME,349.559,462.956,4.993,0.269,197,200.0,,,
2026-09-08T03:56:57.254267,33,8486,FRAME,354.552,463.225,4.993,0.269,197,200.0,,,
2026-09-08T03:56:57.270638,33,8487,FRAME,359.545,463.493,4.993,0.269,197,200.0,,,
2026-09-08T03:56:57.287521,33,8488,FRAME,364.538,463.762,4.993,0.269,197,200.0,,,
2026-09-08T03:56:57.303991,33,8489,FRAME,369.53,464.031,4.993,0.269,197,200.0,,,
2026-09-08T03:56:57.319825,33,8490,FRAME,374.523,464.299,4.993,0.269,197,200.0,,,
2026-09-08T03:56:57.336240,33,8491,FRAME,379.516,464.568,4.993,0.269,197,200.0,,,
2026-09-08T03:56:57.354044,33,8492,FRAME,384.509,464.837,4.993,0.269,197,200.0,,,
2026-09-08T03:56:57.369705,33,8493,FRAME,389.502,465.105,4.993,0.269,197,200.0,,,
2026-09-08T03:56:57.386420,33,8494,FRAME,394.494,465.374,4.993,0.269,197,200.0,,,
2026-09-08T03:56:57.402845,33,8495,FRAME,399.487,465.643,4.993,0.269,197,200.0,,,
2026-09-08T03:56:57.419105,33,8496,FRAME,404.48,465.911,4.993,0.269,197,200.0,,,
2026-09-08T03:56:57.435982,33,8497,FRAME,409.473,466.18,4.993,0.269,197,200.0,,,
2026-09-08T03:56:57.452147,33,8498,FRAME,414.465,466.449,4.993,0.269,197,200.0,,,
2026-09-08T03:56:57.468330,33,8499,FRAME,419.458,466.717,4.993,0.269,197,200.0,,,
2026-09-08T03:56:57.485148,33,8500,FRAME,424.451,466.986,4.993,0.269,197,200.0,,,
2026-09-08T03:56:57.501840,33,8501,FRAME,429.444,467.255,4.993,0.269,197,200.0,,,
2026-09-08T03:56:57.518420,33,8502,FRAME,434.437,467.523,4.993,0.269,197,200.0,,,
2026-09-08T03:56:57.535032,33,8503,FRAME,439.429,467.792,4.993,0.269,197,200.0,,,
2026-09-08T03:56:57.551344,33,8504,FRAME,444.422,468.061,4.993,0.269,197,200.0,,,
2026-09-08T03:56:57.567349,33,8505,FRAME,449.415,468.329,4.993,0.269,197,200.0,,,
2026-09-08T03:56:57.584458,33,8506,FRAME,454.408,468.598,4.993,0.269,197,200.0,,,
2026-09-08T03:56:57.601430,33,8507,FRAME,459.4,468.867,4.993,0.269,197,200.0,,,
2026-09-08T03:56:57.617989,33,8508,FRAME,464.393,469.135,4.993,0.269,197,200.0,,,
2026-09-08T03:56:57.634433,33,8509,FRAME,469.386,469.404,4.993,0.269,197,200.0,,,
2026-09-08T03:56:57.651350,33,8510,FRAME,474.379,469.673,4.993,0.269,197,200.0,,,
2026-09-08T03:56:57.667800,33,8511,FRAME,479.372,469.941,4.993,0.269,197,200.0,,,
2026-09-08T03:56:57.683616,33,8512,FRAME,484.364,470.21,4.993,0.269,197,200.0,,,
2026-09-08T03:56:57.700406,33,8513,FRAME,489.357,470.479,4.993,0.269,197,200.0,,,
2026-09-08T03:56:57.716916,33,8514,FRAME,494.35,470.747,4.993,0.269,197,200.0,,,
2026-09-08T03:56:57.733396,33,8515,FRAME,499.343,471.016,4.993,0.269,197,200.0,,,
2026-09-08T03:56:57.750321,33,8516,FRAME,504.335,471.285,4.993,0.269,197,200.0,,,
2026-09-08T03:56:57.767547,33,8517,FRAME,509.328,471.553,4.993,0.269,197,200.0,,,
2026-09-08T03:56:57.784238,33,8518,FRAME,514.321,471.822,4.993,0.269,197,200.0,,,
2026-09-08T03:56:57.800991,33,8519,FRAME,519.314,472.091,4.993,0.269,197,200.0,,,
2026-09-08T03:56:57.817098,33,8520,FRAME,524.307,472.359,4.993,0.269,197,200.0,,,
2026-09-08T03:56:57.832953,33,8521,FRAME,529.299,472.628,4.993,0.269,197,200.0,,,
2026-09-08T03:56:57.848516,33,8522,FRAME,534.292,472.897,4.993,0.269,197,200.0,,,
2026-09-08T03:56:57.865266,33,8523,FRAME,539.285,473.165,4.993,0.269,197,200.0,,,
2026-09-08T03:56:57.882529,33,8524,FRAME,544.278,473.434,4.993,0.269,197,200.0,,,
2026-09-08T03:56:57.898244,33,8525,FRAME,549.27,473.703,4.993,0.269,197,200.0,,,
2026-09-08T03:56:57.915283,33,8526,FRAME,554.263,473.971,4.993,0.269,197,200.0,,,
2026-09-08T03:56:57.932414,33,8527,FRAME,559.256,474.24,4.993,0.269,197,200.0,,,
2026-09-08T03:56:57.949442,33,8528,FRAME,564.249,474.509,4.993,0.269,197,200.0,,,
2026-09-08T03:56:57.966195,33,8529,FRAME,569.242,474.777,4.993,0.269,197,200.0,,,
2026-09-08T03:56:57.984030,33,8530,FRAME,574.234,475.046,4.993,0.269,197,200.0,,,
2026-09-08T03:56:58.001452,33,8531,FRAME,579.227,475.315,4.993,0.269,197,200.0,,,
2026-09-08T03:56:58.017770,33,8532,FRAME,584.22,475.583,4.993,0.269,197,200.0,,,
2026-09-08T03:56:58.034318,33,8533,FRAME,589.213,475.852,4.993,0.269,197,200.0,,,
2026-09-08T03:56:58.051292,33,8534,FRAME,594.205,476.121,4.993,0.269,197,200.0,,,
2026-09-08T03:56:58.068284,33,8535,FRAME,599.198,476.389,4.993,0.269,197,200.0,,,
2026-09-08T03:56:58.085436,33,8536,FRAME,604.191,476.658,4.993,0.269,197,200.0,,,
2026-09-08T03:56:58.101344,33,8537,FRAME,609.184,476.927,4.993,0.269,197,200.0,,,
2026-09-08T03:56:58.118218,33,8538,FRAME,614.176,477.195,4.993,0.269,197,200.0,,,
2026-09-08T03:56:58.135489,33,8539,FRAME,619.169,477.464,4.993,0.269,197,200.0,,,
2026-09-08T03:56:58.151603,33,8540,FRAME,624.162,477.733,4.993,0.269,197,200.0,,,
2026-09-08T03:56:58.168545,33,8541,FRAME,629.155,478.002,4.993,0.269,197,200.0,,,
2026-09-08T03:56:58.184677,33,8542,FRAME,634.148,478.27,4.993,0.269,197,200.0,,,
2026-09-08T03:56:58.201414,33,8543,FRAME,639.14,478.539,4.993,0.269,197,200.0,,,
2026-09-08T03:56:58.218352,33,8544,FRAME,644.133,478.808,4.993,0.269,197,200.0,,,
2026-09-08T03:56:58.235093,33,8545,FRAME,649.126,479.076,4.993,0.269,197,200.0,,,
2026-09-08T03:56:58.251093,33,8546,FRAME,654.119,479.345,4.993,0.269,197,200.0,,,
2026-09-08T03:56:58.267625,33,8547,FRAME,659.111,479.614,4.993,0.269,197,200.0,,,
2026-09-08T03:56:58.284368,33,8548,FRAME,664.104,479.882,4.993,0.269,197,200.0,,,
2026-09-08T03:56:58.301420,33,8549,FRAME,669.097,480.151,4.993,0.269,197,200.0,,,
2026-09-08T03:56:58.317836,33,8550,FRAME,674.09,480.42,4.993,0.269,197,200.0,,,
2026-09-08T03:56:58.334355,33,8551,FRAME,679.083,480.688,4.993,0.269,197,200.0,,,
2026-09-08T03:56:58.351306,33,8552,FRAME,684.075,480.957,4.993,0.269,197,200.0,,,
2026-09-08T03:56:58.368237,33,8553,FRAME,689.068,481.226,4.993,0.269,197,200.0,,,
2026-09-08T03:56:58.385328,33,8554,FRAME,694.061,481.494,4.993,0.269,197,200.0,,,
2026-09-08T03:56:58.402012,33,8555,FRAME,699.054,481.763,4.993,0.269,197,200.0,,,
2026-09-08T03:56:58.418238,33,8556,FRAME,704.046,482.032,4.993,0.269,197,200.0,,,
2026-09-08T03:56:58.435327,33,8557,FRAME,709.039,482.3,4.993,0.269,197,200.0,,,
2026-09-08T03:56:58.451410,33,8558,FRAME,714.032,482.569,4.993,0.269,197,200.0,,,
2026-09-08T03:56:58.468031,33,8559,FRAME,719.025,482.838,4.993,0.269,197,200.0,,,
2026-09-08T03:56:58.484407,33,8560,FRAME,724.018,483.106,4.993,0.269,197,200.0,,,
2026-09-08T03:56:58.501447,33,8561,FRAME,729.01,483.375,4.993,0.269,197,200.0,,,
2026-09-08T03:56:58.517444,33,8562,FRAME,734.003,483.644,4.993,0.269,197,200.0,,,
2026-09-08T03:56:58.534244,33,8563,FRAME,738.996,483.912,4.993,0.269,197,200.0,,,
2026-09-08T03:56:58.550253,33,8564,FRAME,743.989,484.181,4.993,0.269,197,200.0,,,
2026-09-08T03:56:58.566443,33,8565,FRAME,748.981,484.45,4.993,0.269,197,200.0,,,
2026-09-08T03:56:58.583283,33,8566,FRAME,753.974,484.718,4.993,0.269,197,200.0,,,
2026-09-08T03:56:58.599655,33,8567,FRAME,758.967,484.987,4.993,0.269,197,200.0,,,
2026-09-08T03:56:58.616471,33,8568,FRAME,763.96,485.256,4.993,0.269,197,200.0,,,
2026-09-08T03:56:58.634120,33,8569,FRAME,768.953,485.524,4.993,0.269,197,200.0,,,
2026-09-08T03:56:58.649527,33,8570,FRAME,773.945,485.793,4.993,0.269,197,200.0,,,
2026-09-08T03:56:58.666709,33,8571,FRAME,778.938,486.062,4.993,0.269,197,200.0,,,
2026-09-08T03:56:58.682912,33,8572,FRAME,783.931,486.33,4.993,0.269,197,200.0,,,
2026-09-08T03:56:58.698755,33,8573,FRAME,788.924,486.599,4.993,0.269,197,200.0,,,
2026-09-08T03:56:58.716054,33,8574,FRAME,793.916,486.868,4.993,0.269,197,200.0,,,
2026-09-08T03:56:58.733356,33,8575,FRAME,798.909,487.136,4.993,0.269,197,200.0,,,
2026-09-08T03:56:58.749832,33,8576,FRAME,803.902,487.405,4.993,0.269,197,200.0,,,
2026-09-08T03:56:58.749832,33,8577,MISS_RIGHT,803.902,487.405,4.993,0.269,197,200.0,,,LEFT
2026-09-08T03:56:58.766610,34,8578,FRAME,344.273,369.338,-4.793,-1.422,197,200.0,,,
2026-09-08T03:56:58.783174,34,8579,FRAME,339.48,367.916,-4.793,-1.422,197,200.0,,,
2026-09-08T03:56:58.800244,34,8580,FRAME,334.686,366.494,-4.793,-1.422,197,200.0,,,
2026-09-08T03:56:58.817339,34,8581,FRAME,329.893,365.071,-4.793,-1.422,197,200.0,,,
2026-09-08T03:56:58.834119,34,8582,FRAME,325.099,363.649,-4.793,-1.422,197,200.0,,,
2026-09-08T03:56:58.850116,34,8583,FRAME,320.306,362.227,-4.793,-1.422,197,200.0,,,
2026-09-08T03:56:58.866438,34,8584,FRAME,315.512,360.805,-4.793,-1.422,197,200.0,,,
2026-09-08T03:56:58.882351,34,8585,FRAME,310.719,359.383,-4.793,-1.422,197,200.0,,,
2026-09-08T03:56:58.899101,34,8586,FRAME,305.926,357.961,-4.793,-1.422,197,200.0,,,
2026-09-08T03:56:58.914675,34,8587,FRAME,301.132,356.539,-4.793,-1.422,197,200.0,,,
2026-09-08T03:56:58.931461,34,8588,FRAME,296.339,355.116,-4.793,-1.422,197,200.0,,,
2026-09-08T03:56:58.948516,34,8589,FRAME,291.545,353.694,-4.793,-1.422,197,200.0,,,
2026-09-08T03:56:58.965298,34,8590,FRAME,286.752,352.272,-4.793,-1.422,197,200.0,,,
2026-09-08T03:56:58.981844,34,8591,FRAME,281.958,350.85,-4.793,-1.422,197,200.0,,,
2026-09-08T03:56:58.998883,34,8592,FRAME,277.165,349.428,-4.793,-1.422,197,200.0,,,
2026-09-08T03:56:59.015127,34,8593,FRAME,272.371,348.006,-4.793,-1.422,197,200.0,,,
2026-09-08T03:56:59.031204,34,8594,FRAME,267.578,346.584,-4.793,-1.422,197,200.0,,,
2026-09-08T03:56:59.048577,34,8595,FRAME,262.784,345.161,-4.793,-1.422,197,200.0,,,
2026-09-08T03:56:59.065294,34,8596,FRAME,257.991,343.739,-4.793,-1.422,197,200.0,,,
2026-09-08T03:56:59.082331,34,8597,FRAME,253.197,342.317,-4.793,-1.422,197,200.0,,,
2026-09-08T03:56:59.098547,34,8598,FRAME,248.404,340.895,-4.793,-1.422,197,200.0,,,
2026-09-08T03:56:59.115478,34,8599,FRAME,243.61,339.473,-4.793,-1.422,197,200.0,,,
2026-09-08T03:56:59.132136,34,8600,FRAME,238.817,338.051,-4.793,-1.422,197,200.0,,,
2026-09-08T03:56:59.148112,34,8601,FRAME,234.023,336.629,-4.793,-1.422,197,200.0,,,
2026-09-08T03:56:59.164005,34,8602,FRAME,229.23,335.206,-4.793,-1.422,197,200.0,,,
2026-09-08T03:56:59.180238,34,8603,FRAME,224.436,333.784,-4.793,-1.422,197,200.0,,,
2026-09-08T03:56:59.198143,34,8604,FRAME,219.643,332.362,-4.793,-1.422,197,200.0,,,
2026-09-08T03:56:59.215138,34,8605,FRAME,214.849,330.94,-4.793,-1.422,197,200.0,,,
2026-09-08T03:56:59.232479,34,8606,FRAME,210.056,329.518,-4.793,-1.422,197,200.0,,,
2026-09-08T03:56:59.249226,34,8607,FRAME,205.262,328.096,-4.793,-1.422,197,200.0,,,
2026-09-08T03:56:59.266303,34,8608,FRAME,200.469,326.674,-4.793,-1.422,197,200.0,,,
2026-09-08T03:56:59.283941,34,8609,FRAME,195.675,325.252,-4.793,-1.422,197,200.0,,,
2026-09-08T03:56:59.300402,34,8610,FRAME,190.882,323.829,-4.793,-1.422,197,200.0,,,
2026-09-08T03:56:59.316625,34,8611,FRAME,186.088,322.407,-4.793,-1.422,197,200.0,,,
2026-09-08T03:56:59.333028,34,8612,FRAME,181.295,320.985,-4.793,-1.422,197,200.0,,,
2026-09-08T03:56:59.349878,34,8613,FRAME,176.501,319.563,-4.793,-1.422,197,200.0,,,
2026-09-08T03:56:59.366443,34,8614,FRAME,171.708,318.141,-4.793,-1.422,197,200.0,,,
2026-09-08T03:56:59.383335,34,8615,FRAME,166.914,316.719,-4.793,-1.422,197,200.0,,,
2026-09-08T03:56:59.400054,34,8616,FRAME,162.121,315.297,-4.793,-1.422,197,200.0,,,
2026-09-08T03:56:59.416494,34,8617,FRAME,157.327,313.874,-4.793,-1.422,197,200.0,,,
2026-09-08T03:56:59.432575,34,8618,FRAME,152.534,312.452,-4.793,-1.422,197,200.0,,,
2026-09-08T03:56:59.449137,34,8619,FRAME,147.74,311.03,-4.793,-1.422,197,200.0,,,
2026-09-08T03:56:59.466273,34,8620,FRAME,142.947,309.608,-4.793,-1.422,197,200.0,,,
2026-09-08T03:56:59.483228,34,8621,FRAME,138.153,308.186,-4.793,-1.422,197,200.0,,,
2026-09-08T03:56:59.500191,34,8622,FRAME,133.36,306.764,-4.793,-1.422,197,200.0,,,
2026-09-08T03:56:59.517729,34,8623,FRAME,128.566,305.342,-4.793,-1.422,197,200.0,,,
2026-09-08T03:56:59.534185,34,8624,FRAME,123.773,303.919,-4.793,-1.422,197,200.0,,,
2026-09-08T03:56:59.550703,34,8625,FRAME,118.98,302.497,-4.793,-1.422,197,200.0,,,
2026-09-08T03:56:59.567128,34,8626,FRAME,114.186,301.075,-4.793,-1.422,197,200.0,,,
2026-09-08T03:56:59.584080,34,8627,FRAME,109.393,299.653,-4.793,-1.422,197,200.0,,,
2026-09-08T03:56:59.599517,34,8628,FRAME,104.599,298.231,-4.793,-1.422,197,200.0,,,
2026-09-08T03:56:59.616191,34,8629,FRAME,99.806,296.809,-4.793,-1.422,197,200.0,,,
2026-09-08T03:56:59.633126,34,8630,FRAME,95.012,295.387,-4.793,-1.422,197,200.0,,,
2026-09-08T03:56:59.649332,34,8631,FRAME,90.219,293.964,-4.793,-1.422,197,200.0,,,
2026-09-08T03:56:59.666263,34,8632,FRAME,85.425,292.542,-4.793,-1.422,204,200.0,,,
2026-09-08T03:56:59.683232,34,8633,FRAME,80.632,291.12,-4.793,-1.422,211,200.0,,,
2026-09-08T03:56:59.700377,34,8634,FRAME,75.838,289.698,-4.793,-1.422,218,200.0,,,
2026-09-08T03:56:59.717316,34,8635,FRAME,71.045,288.276,-4.793,-1.422,225,200.0,,,
2026-09-08T03:56:59.734053,34,8636,FRAME,66.251,286.854,-4.793,-1.422,232,200.0,,,
2026-09-08T03:56:59.750274,34,8637,FRAME,61.458,285.432,-4.793,-1.422,239,200.0,,,
2026-09-08T03:56:59.767381,34,8638,FRAME,56.664,284.009,-4.793,-1.422,246,200.0,,,
2026-09-08T03:56:59.783955,34,8639,FRAME,51.871,282.587,-4.793,-1.422,253,200.0,,,
2026-09-08T03:56:59.799913,34,8640,FRAME,47.077,281.165,-4.793,-1.422,260,200.0,,,
2026-09-08T03:56:59.817441,34,8641,LEFT_HIT,45,279.743,4.369,-2.432,260,200.0,-0.485,-29.108,
2026-09-08T03:56:59.817441,34,8642,FRAME,45,279.743,4.369,-2.432,260,200.0,,,
2026-09-08T03:56:59.833061,34,8643,FRAME,49.369,277.311,4.369,-2.432,260,200.0,,,
2026-09-08T03:56:59.849099,34,8644,FRAME,53.737,274.878,4.369,-2.432,260,200.0,,,
2026-09-08T03:56:59.866226,34,8645,FRAME,58.106,272.446,4.369,-2.432,260,200.0,,,
2026-09-08T03:56:59.884027,34,8646,FRAME,62.474,270.014,4.369,-2.432,260,200.0,,,
2026-09-08T03:56:59.900377,34,8647,FRAME,66.843,267.582,4.369,-2.432,260,200.0,,,
2026-09-08T03:56:59.917042,34,8648,FRAME,71.211,265.149,4.369,-2.432,260,200.0,,,
2026-09-08T03:56:59.933243,34,8649,FRAME,75.58,262.717,4.369,-2.432,260,200.0,,,
2026-09-08T03:56:59.950243,34,8650,FRAME,79.948,260.285,4.369,-2.432,260,200.0,,,
2026-09-08T03:56:59.967167,34,8651,FRAME,84.317,257.852,4.369,-2.432,260,200.0,,,
2026-09-08T03:56:59.984007,34,8652,FRAME,88.685,255.42,4.369,-2.432,260,200.0,,,
2026-09-08T03:57:00.000243,34,8653,FRAME,93.054,252.988,4.369,-2.432,260,200.0,,,
2026-09-08T03:57:00.017156,34,8654,FRAME,97.422,250.555,4.369,-2.432,260,200.0,,,
2026-09-08T03:57:00.032794,34,8655,FRAME,101.791,248.123,4.369,-2.432,260,200.0,,,
2026-09-08T03:57:00.049446,34,8656,FRAME,106.159,245.691,4.369,-2.432,260,200.0,,,
2026-09-08T03:57:00.066262,34,8657,FRAME,110.528,243.258,4.369,-2.432,260,200.0,,,
2026-09-08T03:57:00.082772,34,8658,FRAME,114.896,240.826,4.369,-2.432,253,200.0,,,
2026-09-08T03:57:00.099221,34,8659,FRAME,119.265,238.394,4.369,-2.432,246,200.0,,,
2026-09-08T03:57:00.116327,34,8660,FRAME,123.633,235.961,4.369,-2.432,239,200.0,,,
2026-09-08T03:57:00.134088,34,8661,FRAME,128.002,233.529,4.369,-2.432,232,200.0,,,
2026-09-08T03:57:00.151019,34,8662,FRAME,132.37,231.097,4.369,-2.432,225,200.0,,,
2026-09-08T03:57:00.167048,34,8663,FRAME,136.739,228.665,4.369,-2.432,218,200.0,,,
2026-09-08T03:57:00.182947,34,8664,FRAME,141.107,226.232,4.369,-2.432,211,200.0,,,
2026-09-08T03:57:00.199063,34,8665,FRAME,145.476,223.8,4.369,-2.432,204,200.0,,,
2026-09-08T03:57:00.216503,34,8666,FRAME,149.844,221.368,4.369,-2.432,197,200.0,,,
2026-09-08T03:57:00.232394,34,8667,FRAME,154.213,218.935,4.369,-2.432,190,200.0,,,
2026-09-08T03:57:00.248412,34,8668,FRAME,158.581,216.503,4.369,-2.432,183,200.0,,,
2026-09-08T03:57:00.264989,34,8669,FRAME,162.95,214.071,4.369,-2.432,176,200.0,,,
2026-09-08T03:57:00.281799,34,8670,FRAME,167.318,211.638,4.369,-2.432,169,200.0,,,
2026-09-08T03:57:00.298317,34,8671,FRAME,171.687,209.206,4.369,-2.432,162,200.0,,,
2026-09-08T03:57:00.315971,34,8672,FRAME,176.055,206.774,4.369,-2.432,155,200.0,,,
2026-09-08T03:57:00.332421,34,8673,FRAME,180.424,204.341,4.369,-2.432,155,200.0,,,
2026-09-08T03:57:00.349202,34,8674,FRAME,184.792,201.909,4.369,-2.432,155,200.0,,,
2026-09-08T03:57:00.365338,34,8675,FRAME,189.161,199.477,4.369,-2.432,155,200.0,,,
2026-09-08T03:57:00.381865,34,8676,FRAME,193.529,197.044,4.369,-2.432,155,200.0,,,
2026-09-08T03:57:00.397939,34,8677,FRAME,197.898,194.612,4.369,-2.432,155,200.0,,,
2026-09-08T03:57:00.414356,34,8678,FRAME,202.266,192.18,4.369,-2.432,155,200.0,,,
2026-09-08T03:57:00.431003,34,8679,FRAME,206.635,189.748,4.369,-2.432,162,200.0,,,
2026-09-08T03:57:00.447246,34,8680,FRAME,211.003,187.315,4.369,-2.432,169,200.0,,,
2026-09-08T03:57:00.464316,34,8681,FRAME,215.372,184.883,4.369,-2.432,176,200.0,,,
2026-09-08T03:57:00.480799,34,8682,FRAME,219.74,182.451,4.369,-2.432,183,200.0,,,
2026-09-08T03:57:00.496848,34,8683,FRAME,224.109,180.018,4.369,-2.432,190,200.0,,,
2026-09-08T03:57:00.513864,34,8684,FRAME,228.477,177.586,4.369,-2.432,197,200.0,,,
2026-09-08T03:57:00.529392,34,8685,FRAME,232.846,175.154,4.369,-2.432,204,200.0,,,
2026-09-08T03:57:00.546201,34,8686,FRAME,237.214,172.721,4.369,-2.432,211,200.0,,,
2026-09-08T03:57:00.562797,34,8687,FRAME,241.583,170.289,4.369,-2.432,218,200.0,,,
2026-09-08T03:57:00.578853,34,8688,FRAME,245.951,167.857,4.369,-2.432,225,200.0,,,
2026-09-08T03:57:00.594991,34,8689,FRAME,250.32,165.424,4.369,-2.432,232,200.0,,,
2026-09-08T03:57:00.613007,34,8690,FRAME,254.688,162.992,4.369,-2.432,239,200.0,,,
2026-09-08T03:57:00.629279,34,8691,FRAME,259.057,160.56,4.369,-2.432,246,200.0,,,
2026-09-08T03:57:00.646957,34,8692,FRAME,263.425,158.128,4.369,-2.432,253,200.0,,,
2026-09-08T03:57:00.664159,34,8693,FRAME,267.794,155.695,4.369,-2.432,260,200.0,,,
2026-09-08T03:57:00.681855,34,8694,FRAME,272.162,153.263,4.369,-2.432,260,200.0,,,
2026-09-08T03:57:00.698258,34,8695,FRAME,276.531,150.831,4.369,-2.432,260,200.0,,,
2026-09-08T03:57:00.715435,34,8696,FRAME,280.899,148.398,4.369,-2.432,260,200.0,,,
2026-09-08T03:57:00.732946,34,8697,FRAME,285.268,145.966,4.369,-2.432,260,200.0,,,
2026-09-08T03:57:00.748809,34,8698,FRAME,289.636,143.534,4.369,-2.432,260,200.0,,,
2026-09-08T03:57:00.765563,34,8699,FRAME,294.005,141.101,4.369,-2.432,260,200.0,,,
2026-09-08T03:57:00.782967,34,8700,FRAME,298.373,138.669,4.369,-2.432,260,200.0,,,
2026-09-08T03:57:00.799210,34,8701,FRAME,302.742,136.237,4.369,-2.432,260,200.0,,,
2026-09-08T03:57:00.816322,34,8702,FRAME,307.11,133.804,4.369,-2.432,260,200.0,,,
2026-09-08T03:57:00.832764,34,8703,FRAME,311.479,131.372,4.369,-2.432,260,200.0,,,
2026-09-08T03:57:00.848651,34,8704,FRAME,315.848,128.94,4.369,-2.432,260,200.0,,,
2026-09-08T03:57:00.865351,34,8705,FRAME,320.216,126.507,4.369,-2.432,260,200.0,,,
2026-09-08T03:57:00.882109,34,8706,FRAME,324.585,124.075,4.369,-2.432,260,200.0,,,
2026-09-08T03:57:00.899577,34,8707,FRAME,328.953,121.643,4.369,-2.432,260,200.0,,,
2026-09-08T03:57:00.915772,34,8708,FRAME,333.322,119.211,4.369,-2.432,260,200.0,,,
2026-09-08T03:57:00.932184,34,8709,FRAME,337.69,116.778,4.369,-2.432,260,200.0,,,
2026-09-08T03:57:00.949206,34,8710,FRAME,342.059,114.346,4.369,-2.432,253,200.0,,,
2026-09-08T03:57:00.965812,34,8711,FRAME,346.427,111.914,4.369,-2.432,246,200.0,,,
2026-09-08T03:57:00.981791,34,8712,FRAME,350.796,109.481,4.369,-2.432,239,200.0,,,
2026-09-08T03:57:00.997995,34,8713,FRAME,355.164,107.049,4.369,-2.432,232,200.0,,,
2026-09-08T03:57:01.014332,34,8714,FRAME,359.533,104.617,4.369,-2.432,225,200.0,,,
2026-09-08T03:57:01.030898,34,8715,FRAME,363.901,102.184,4.369,-2.432,218,200.0,,,
2026-09-08T03:57:01.047130,34,8716,FRAME,368.27,99.752,4.369,-2.432,211,200.0,,,
2026-09-08T03:57:01.064110,34,8717,FRAME,372.638,97.32,4.369,-2.432,204,200.0,,,
2026-09-08T03:57:01.081365,34,8718,FRAME,377.007,94.887,4.369,-2.432,197,200.0,,,
2026-09-08T03:57:01.097574,34,8719,FRAME,381.375,92.455,4.369,-2.432,190,200.0,,,
2026-09-08T03:57:01.115070,34,8720,FRAME,385.744,90.023,4.369,-2.432,183,200.0,,,
2026-09-08T03:57:01.131365,34,8721,FRAME,390.112,87.59,4.369,-2.432,183,200.0,,,
2026-09-08T03:57:01.148006,34,8722,FRAME,394.481,85.158,4.369,-2.432,183,200.0,,,
2026-09-08T03:57:01.164168,34,8723,FRAME,398.849,82.726,4.369,-2.432,190,200.0,,,
2026-09-08T03:57:01.180819,34,8724,FRAME,403.218,80.294,4.369,-2.432,197,200.0,,,
2026-09-08T03:57:01.197046,34,8725,FRAME,407.586,77.861,4.369,-2.432,204,200.0,,,
2026-09-08T03:57:01.213918,34,8726,FRAME,411.955,75.429,4.369,-2.432,211,200.0,,,
2026-09-08T03:57:01.230130,34,8727,FRAME,416.323,72.997,4.369,-2.432,218,200.0,,,
2026-09-08T03:57:01.246215,34,8728,FRAME,420.692,70.564,4.369,-2.432,225,200.0,,,
2026-09-08T03:57:01.263238,34,8729,FRAME,425.06,68.132,4.369,-2.432,232,200.0,,,
2026-09-08T03:57:01.279361,34,8730,FRAME,429.429,65.7,4.369,-2.432,239,200.0,,,
2026-09-08T03:57:01.295453,34,8731,FRAME,433.797,63.267,4.369,-2.432,246,200.0,,,
2026-09-08T03:57:01.312223,34,8732,FRAME,438.166,60.835,4.369,-2.432,253,200.0,,,
2026-09-08T03:57:01.329313,34,8733,FRAME,442.534,58.403,4.369,-2.432,260,200.0,,,
2026-09-08T03:57:01.346466,34,8734,FRAME,446.903,55.97,4.369,-2.432,267,200.0,,,
2026-09-08T03:57:01.362940,34,8735,FRAME,451.271,53.538,4.369,-2.432,267,200.0,,,
2026-09-08T03:57:01.379227,34,8736,FRAME,455.64,51.106,4.369,-2.432,267,200.0,,,
2026-09-08T03:57:01.396995,34,8737,FRAME,460.008,48.674,4.369,-2.432,267,200.0,,,
2026-09-08T03:57:01.413934,34,8738,FRAME,464.377,46.241,4.369,-2.432,267,200.0,,,
2026-09-08T03:57:01.429460,34,8739,FRAME,468.745,43.809,4.369,-2.432,267,200.0,,,
2026-09-08T03:57:01.445552,34,8740,FRAME,473.114,41.377,4.369,-2.432,267,200.0,,,
2026-09-08T03:57:01.463194,34,8741,FRAME,477.482,38.944,4.369,-2.432,267,200.0,,,
2026-09-08T03:57:01.479553,34,8742,FRAME,481.851,36.512,4.369,-2.432,267,200.0,,,
2026-09-08T03:57:01.496097,34,8743,FRAME,486.219,34.08,4.369,-2.432,260,200.0,,,
2026-09-08T03:57:01.512024,34,8744,FRAME,490.588,31.647,4.369,-2.432,253,200.0,,,
2026-09-08T03:57:01.528276,34,8745,FRAME,494.956,29.215,4.369,-2.432,246,200.0,,,
2026-09-08T03:57:01.544949,34,8746,FRAME,499.325,26.783,4.369,-2.432,239,200.0,,,
2026-09-08T03:57:01.561558,34,8747,FRAME,503.693,24.35,4.369,-2.432,232,200.0,,,
2026-09-08T03:57:01.578214,34,8748,FRAME,508.062,21.918,4.369,-2.432,225,200.0,,,
2026-09-08T03:57:01.595260,34,8749,FRAME,512.43,19.486,4.369,-2.432,218,200.0,,,
2026-09-08T03:57:01.612983,34,8750,FRAME,516.799,17.053,4.369,-2.432,211,200.0,,,
2026-09-08T03:57:01.629578,34,8751,FRAME,521.167,14.621,4.369,-2.432,204,200.0,,,
2026-09-08T03:57:01.646175,34,8752,FRAME,525.536,12.189,4.369,-2.432,197,200.0,,,
2026-09-08T03:57:01.663030,34,8753,FRAME,529.904,9.757,4.369,-2.432,190,200.0,,,
2026-09-08T03:57:01.679786,34,8754,FRAME,534.273,7.324,4.369,-2.432,183,200.0,,,
2026-09-08T03:57:01.697318,34,8755,FRAME,538.641,4.892,4.369,-2.432,190,200.0,,,
2026-09-08T03:57:01.713137,34,8756,FRAME,543.01,2.46,4.369,-2.432,197,200.0,,,
2026-09-08T03:57:01.729229,34,8757,FRAME,547.378,0.027,4.369,-2.432,204,200.0,,,
2026-09-08T03:57:01.746329,34,8758,WALL_BOUNCE,551.747,0,4.369,2.432,211,200.0,,,
2026-09-08T03:57:01.746329,34,8759,FRAME,551.747,0,4.369,2.432,211,200.0,,,
2026-09-08T03:57:01.764016,34,8760,FRAME,556.115,2.432,4.369,2.432,218,200.0,,,
2026-09-08T03:57:01.779941,34,8761,FRAME,560.484,4.865,4.369,2.432,225,200.0,,,
2026-09-08T03:57:01.795915,34,8762,FRAME,564.852,7.297,4.369,2.432,232,200.0,,,
2026-09-08T03:57:01.812382,34,8763,FRAME,569.221,9.729,4.369,2.432,239,200.0,,,
2026-09-08T03:57:01.828974,34,8764,FRAME,573.589,12.162,4.369,2.432,246,200.0,,,
2026-09-08T03:57:01.845831,34,8765,FRAME,577.958,14.594,4.369,2.432,246,200.0,,,
2026-09-08T03:57:01.862140,34,8766,FRAME,582.326,17.026,4.369,2.432,246,200.0,,,
2026-09-08T03:57:01.879195,34,8767,FRAME,586.695,19.458,4.369,2.432,246,200.0,,,
2026-09-08T03:57:01.896664,34,8768,FRAME,591.064,21.891,4.369,2.432,246,200.0,,,
2026-09-08T03:57:01.913151,34,8769,FRAME,595.432,24.323,4.369,2.432,246,200.0,,,
2026-09-08T03:57:01.928728,34,8770,FRAME,599.801,26.755,4.369,2.432,246,200.0,,,
2026-09-08T03:57:01.944391,34,8771,FRAME,604.169,29.188,4.369,2.432,246,200.0,,,
2026-09-08T03:57:01.961332,34,8772,FRAME,608.538,31.62,4.369,2.432,239,200.0,,,
2026-09-08T03:57:01.979006,34,8773,FRAME,612.906,34.052,4.369,2.432,232,200.0,,,
2026-09-08T03:57:01.995346,34,8774,FRAME,617.275,36.485,4.369,2.432,225,200.0,,,
2026-09-08T03:57:02.012096,34,8775,FRAME,621.643,38.917,4.369,2.432,218,200.0,,,
2026-09-08T03:57:02.028249,34,8776,FRAME,626.012,41.349,4.369,2.432,211,200.0,,,
2026-09-08T03:57:02.045472,34,8777,FRAME,630.38,43.782,4.369,2.432,204,200.0,,,
2026-09-08T03:57:02.061835,34,8778,FRAME,634.749,46.214,4.369,2.432,197,200.0,,,
2026-09-08T03:57:02.078191,34,8779,FRAME,639.117,48.646,4.369,2.432,190,200.0,,,
2026-09-08T03:57:02.094390,34,8780,FRAME,643.486,51.079,4.369,2.432,183,200.0,,,
2026-09-08T03:57:02.110698,34,8781,FRAME,647.854,53.511,4.369,2.432,176,200.0,,,
2026-09-08T03:57:02.127916,34,8782,FRAME,652.223,55.943,4.369,2.432,176,200.0,,,
2026-09-08T03:57:02.143939,34,8783,FRAME,656.591,58.375,4.369,2.432,176,200.0,,,
2026-09-08T03:57:02.159614,34,8784,FRAME,660.96,60.808,4.369,2.432,183,200.0,,,
2026-09-08T03:57:02.176484,34,8785,FRAME,665.328,63.24,4.369,2.432,190,200.0,,,
2026-09-08T03:57:02.193117,34,8786,FRAME,669.697,65.672,4.369,2.432,197,200.0,,,
2026-09-08T03:57:02.208911,34,8787,FRAME,674.065,68.105,4.369,2.432,204,200.0,,,
2026-09-08T03:57:02.225006,34,8788,FRAME,678.434,70.537,4.369,2.432,211,200.0,,,
2026-09-08T03:57:02.241697,34,8789,FRAME,682.802,72.969,4.369,2.432,218,200.0,,,
2026-09-08T03:57:02.258054,34,8790,FRAME,687.171,75.402,4.369,2.432,225,200.0,,,
2026-09-08T03:57:02.275126,34,8791,FRAME,691.539,77.834,4.369,2.432,232,200.0,,,
2026-09-08T03:57:02.291325,34,8792,FRAME,695.908,80.266,4.369,2.432,239,200.0,,,
2026-09-08T03:57:02.308077,34,8793,FRAME,700.276,82.699,4.369,2.432,246,200.0,,,
2026-09-08T03:57:02.323935,34,8794,FRAME,704.645,85.131,4.369,2.432,253,200.0,,,
2026-09-08T03:57:02.340416,34,8795,FRAME,709.013,87.563,4.369,2.432,253,200.0,,,
2026-09-08T03:57:02.357299,34,8796,FRAME,713.382,89.996,4.369,2.432,253,200.0,,,
2026-09-08T03:57:02.374104,34,8797,FRAME,717.75,92.428,4.369,2.432,246,200.0,,,
2026-09-08T03:57:02.389250,34,8798,FRAME,722.119,94.86,4.369,2.432,239,200.0,,,
2026-09-08T03:57:02.406082,34,8799,FRAME,726.487,97.292,4.369,2.432,232,200.0,,,
2026-09-08T03:57:02.422570,34,8800,FRAME,730.856,99.725,4.369,2.432,225,200.0,,,
2026-09-08T03:57:02.439110,34,8801,FRAME,735.224,102.157,4.369,2.432,218,200.0,,,
2026-09-08T03:57:02.455102,34,8802,FRAME,739.593,104.589,4.369,2.432,211,200.0,,,
2026-09-08T03:57:02.472068,34,8803,FRAME,743.961,107.022,4.369,2.432,204,200.0,,,
2026-09-08T03:57:02.489457,34,8804,FRAME,748.33,109.454,4.369,2.432,197,200.0,,,
2026-09-08T03:57:02.505985,34,8805,FRAME,752.698,111.886,4.369,2.432,190,200.0,,,
2026-09-08T03:57:02.522543,34,8806,FRAME,757.067,114.319,4.369,2.432,183,200.0,,,
2026-09-08T03:57:02.539044,34,8807,FRAME,761.435,116.751,4.369,2.432,176,200.0,,,
2026-09-08T03:57:02.554972,34,8808,FRAME,765.804,119.183,4.369,2.432,169,200.0,,,
2026-09-08T03:57:02.571082,34,8809,FRAME,770.172,121.616,4.369,2.432,176,200.0,,,
2026-09-08T03:57:02.586583,34,8810,FRAME,774.541,124.048,4.369,2.432,183,200.0,,,
2026-09-08T03:57:02.602724,34,8811,FRAME,778.909,126.48,4.369,2.432,190,200.0,,,
2026-09-08T03:57:02.619233,34,8812,FRAME,783.278,128.912,4.369,2.432,197,200.0,,,
2026-09-08T03:57:02.635288,34,8813,FRAME,787.646,131.345,4.369,2.432,204,200.0,,,
2026-09-08T03:57:02.651772,34,8814,FRAME,792.015,133.777,4.369,2.432,211,200.0,,,
2026-09-08T03:57:02.668294,34,8815,FRAME,796.383,136.209,4.369,2.432,218,200.0,,,
2026-09-08T03:57:02.684552,34,8816,FRAME,800.752,138.642,4.369,2.432,225,200.0,,,
2026-09-08T03:57:02.684552,34,8817,MISS_RIGHT,800.752,138.642,4.369,2.432,225,200.0,,,LEFT
2026-09-08T03:57:02.700597,35,8818,FRAME,393.078,369.09,-4.531,-2.115,232,200.0,,,
2026-09-08T03:57:02.716957,35,8819,FRAME,388.547,366.975,-4.531,-2.115,239,200.0,,,
2026-09-08T03:57:02.732983,35,8820,FRAME,384.016,364.861,-4.531,-2.115,246,200.0,,,
2026-09-08T03:57:02.749120,35,8821,FRAME,379.486,362.746,-4.531,-2.115,239,200.0,,,
2026-09-08T03:57:02.765221,35,8822,FRAME,374.955,360.632,-4.531,-2.115,232,200.0,,,
2026-09-08T03:57:02.781513,35,8823,FRAME,370.424,358.517,-4.531,-2.115,225,200.0,,,
2026-09-08T03:57:02.798227,35,8824,FRAME,365.893,356.402,-4.531,-2.115,218,200.0,,,
2026-09-08T03:57:02.816030,35,8825,FRAME,361.362,354.288,-4.531,-2.115,211,200.0,,,
2026-09-08T03:57:02.831964,35,8826,FRAME,356.831,352.173,-4.531,-2.115,204,200.0,,,
2026-09-08T03:57:02.848628,35,8827,FRAME,352.301,350.059,-4.531,-2.115,197,200.0,,,
2026-09-08T03:57:02.864625,35,8828,FRAME,347.77,347.944,-4.531,-2.115,190,200.0,,,
2026-09-08T03:57:02.880832,35,8829,FRAME,343.239,345.829,-4.531,-2.115,183,200.0,,,
2026-09-08T03:57:02.897221,35,8830,FRAME,338.708,343.715,-4.531,-2.115,176,200.0,,,
2026-09-08T03:57:02.914215,35,8831,FRAME,334.177,341.6,-4.531,-2.115,169,200.0,,,
2026-09-08T03:57:02.931091,35,8832,FRAME,329.646,339.486,-4.531,-2.115,162,200.0,,,
2026-09-08T03:57:02.947264,35,8833,FRAME,325.116,337.371,-4.531,-2.115,169,200.0,,,
2026-09-08T03:57:02.964114,35,8834,FRAME,320.585,335.256,-4.531,-2.115,176,200.0,,,
2026-09-08T03:57:02.980597,35,8835,FRAME,316.054,333.142,-4.531,-2.115,183,200.0,,,
2026-09-08T03:57:02.997616,35,8836,FRAME,311.523,331.027,-4.531,-2.115,190,200.0,,,
2026-09-08T03:57:03.014188,35,8837,FRAME,306.992,328.912,-4.531,-2.115,197,200.0,,,
2026-09-08T03:57:03.031080,35,8838,FRAME,302.462,326.798,-4.531,-2.115,204,200.0,,,
2026-09-08T03:57:03.047262,35,8839,FRAME,297.931,324.683,-4.531,-2.115,211,200.0,,,
2026-09-08T03:57:03.064292,35,8840,FRAME,293.4,322.569,-4.531,-2.115,218,200.0,,,
2026-09-08T03:57:03.081111,35,8841,FRAME,288.869,320.454,-4.531,-2.115,225,200.0,,,
2026-09-08T03:57:03.098861,35,8842,FRAME,284.338,318.339,-4.531,-2.115,232,200.0,,,
2026-09-08T03:57:03.115214,35,8843,FRAME,279.807,316.225,-4.531,-2.115,239,200.0,,,
2026-09-08T03:57:03.132669,35,8844,FRAME,275.277,314.11,-4.531,-2.115,246,200.0,,,
2026-09-08T03:57:03.148471,35,8845,FRAME,270.746,311.996,-4.531,-2.115,246,200.0,,,
2026-09-08T03:57:03.165271,35,8846,FRAME,266.215,309.881,-4.531,-2.115,246,200.0,,,
2026-09-08T03:57:03.182344,35,8847,FRAME,261.684,307.766,-4.531,-2.115,246,200.0,,,
2026-09-08T03:57:03.199222,35,8848,FRAME,257.153,305.652,-4.531,-2.115,246,200.0,,,
2026-09-08T03:57:03.216460,35,8849,FRAME,252.622,303.537,-4.531,-2.115,246,200.0,,,
2026-09-08T03:57:03.233999,35,8850,FRAME,248.092,301.423,-4.531,-2.115,246,200.0,,,
2026-09-08T03:57:03.250515,35,8851,FRAME,243.561,299.308,-4.531,-2.115,246,200.0,,,
2026-09-08T03:57:03.267207,35,8852,FRAME,239.03,297.193,-4.531,-2.115,246,200.0,,,
2026-09-08T03:57:03.284213,35,8853,FRAME,234.499,295.079,-4.531,-2.115,246,200.0,,,
2026-09-08T03:57:03.300449,35,8854,FRAME,229.968,292.964,-4.531,-2.115,246,200.0,,,
2026-09-08T03:57:03.317554,35,8855,FRAME,225.437,290.85,-4.531,-2.115,246,200.0,,,
2026-09-08T03:57:03.334299,35,8856,FRAME,220.907,288.735,-4.531,-2.115,246,200.0,,,
2026-09-08T03:57:03.352033,35,8857,FRAME,216.376,286.62,-4.531,-2.115,246,200.0,,,
2026-09-08T03:57:03.368488,35,8858,FRAME,211.845,284.506,-4.531,-2.115,239,200.0,,,
2026-09-08T03:57:03.385469,35,8859,FRAME,207.314,282.391,-4.531,-2.115,232,200.0,,,
2026-09-08T03:57:03.402343,35,8860,FRAME,202.783,280.277,-4.531,-2.115,225,200.0,,,
2026-09-08T03:57:03.420044,35,8861,FRAME,198.252,278.162,-4.531,-2.115,218,200.0,,,
2026-09-08T03:57:03.435335,35,8862,FRAME,193.722,276.047,-4.531,-2.115,211,200.0,,,
2026-09-08T03:57:03.452466,35,8863,FRAME,189.191,273.933,-4.531,-2.115,204,200.0,,,
2026-09-08T03:57:03.470146,35,8864,FRAME,184.66,271.818,-4.531,-2.115,197,200.0,,,
2026-09-08T03:57:03.486342,35,8865,FRAME,180.129,269.703,-4.531,-2.115,190,200.0,,,
2026-09-08T03:57:03.504267,35,8866,FRAME,175.598,267.589,-4.531,-2.115,190,200.0,,,
2026-09-08T03:57:03.519674,35,8867,FRAME,171.067,265.474,-4.531,-2.115,190,200.0,,,
2026-09-08T03:57:03.535340,35,8868,FRAME,166.537,263.36,-4.531,-2.115,190,200.0,,,
2026-09-08T03:57:03.551695,35,8869,FRAME,162.006,261.245,-4.531,-2.115,190,200.0,,,
2026-09-08T03:57:03.568227,35,8870,FRAME,157.475,259.13,-4.531,-2.115,190,200.0,,,
2026-09-08T03:57:03.585287,35,8871,FRAME,152.944,257.016,-4.531,-2.115,190,200.0,,,
2026-09-08T03:57:03.602714,35,8872,FRAME,148.413,254.901,-4.531,-2.115,190,200.0,,,
2026-09-08T03:57:03.619375,35,8873,FRAME,143.882,252.787,-4.531,-2.115,190,200.0,,,
2026-09-08T03:57:03.636070,35,8874,FRAME,139.352,250.672,-4.531,-2.115,183,200.0,,,
2026-09-08T03:57:03.652233,35,8875,FRAME,134.821,248.557,-4.531,-2.115,176,200.0,,,
2026-09-08T03:57:03.668404,35,8876,FRAME,130.29,246.443,-4.531,-2.115,169,200.0,,,
2026-09-08T03:57:03.684521,35,8877,FRAME,125.759,244.328,-4.531,-2.115,162,200.0,,,
2026-09-08T03:57:03.700771,35,8878,FRAME,121.228,242.214,-4.531,-2.115,155,200.0,,,
2026-09-08T03:57:03.716999,35,8879,FRAME,116.697,240.099,-4.531,-2.115,148,200.0,,,
2026-09-08T03:57:03.733112,35,8880,FRAME,112.167,237.984,-4.531,-2.115,148,200.0,,,
2026-09-08T03:57:03.749499,35,8881,FRAME,107.636,235.87,-4.531,-2.115,148,200.0,,,
2026-09-08T03:57:03.766125,35,8882,FRAME,103.105,233.755,-4.531,-2.115,148,200.0,,,
2026-09-08T03:57:03.782258,35,8883,FRAME,98.574,231.641,-4.531,-2.115,148,200.0,,,
2026-09-08T03:57:03.799272,35,8884,FRAME,94.043,229.526,-4.531,-2.115,148,200.0,,,
2026-09-08T03:57:03.816271,35,8885,FRAME,89.512,227.411,-4.531,-2.115,148,200.0,,,
2026-09-08T03:57:03.833117,35,8886,FRAME,84.982,225.297,-4.531,-2.115,148,200.0,,,
2026-09-08T03:57:03.849737,35,8887,FRAME,80.451,223.182,-4.531,-2.115,148,200.0,,,
2026-09-08T03:57:03.866453,35,8888,FRAME,75.92,221.068,-4.531,-2.115,141,200.0,,,
2026-09-08T03:57:03.883675,35,8889,FRAME,71.389,218.953,-4.531,-2.115,134,200.0,,,
2026-09-08T03:57:03.899359,35,8890,FRAME,66.858,216.838,-4.531,-2.115,127,200.0,,,
2026-09-08T03:57:03.915280,35,8891,FRAME,62.327,214.724,-4.531,-2.115,120,200.0,,,
2026-09-08T03:57:03.932306,35,8892,FRAME,57.797,212.609,-4.531,-2.115,113,200.0,,,
2026-09-08T03:57:03.949112,35,8893,FRAME,53.266,210.494,-4.531,-2.115,106,200.0,,,
2026-09-08T03:57:03.965440,35,8894,FRAME,48.735,208.38,-4.531,-2.115,106,200.0,,,
2026-09-08T03:57:03.981355,35,8895,FRAME,44.204,206.265,-4.531,-2.115,106,200.0,,,
2026-09-08T03:57:03.998200,35,8896,LEFT_HIT,45,204.151,2.5,4.33,106,200.0,1,60.0,
2026-09-08T03:57:03.998200,35,8897,FRAME,45,204.151,2.5,4.33,106,200.0,,,
2026-09-08T03:57:04.015992,35,8898,FRAME,47.5,208.481,2.5,4.33,106,200.0,,,
2026-09-08T03:57:04.032416,35,8899,FRAME,50.0,212.811,2.5,4.33,106,200.0,,,
2026-09-08T03:57:04.050050,35,8900,FRAME,52.5,217.141,2.5,4.33,106,200.0,,,
2026-09-08T03:57:04.066024,35,8901,FRAME,55.0,221.471,2.5,4.33,99,200.0,,,
2026-09-08T03:57:04.082482,35,8902,FRAME,57.5,225.801,2.5,4.33,92,200.0,,,
2026-09-08T03:57:04.099200,35,8903,FRAME,60.0,230.131,2.5,4.33,85,200.0,,,
2026-09-08T03:57:04.116369,35,8904,FRAME,62.5,234.462,2.5,4.33,78,200.0,,,
2026-09-08T03:57:04.134280,35,8905,FRAME,65.0,238.792,2.5,4.33,71,200.0,,,
2026-09-08T03:57:04.151158,35,8906,FRAME,67.5,243.122,2.5,4.33,64,200.0,,,
2026-09-08T03:57:04.168397,35,8907,FRAME,70.0,247.452,2.5,4.33,64,200.0,,,
2026-09-08T03:57:04.184490,35,8908,FRAME,72.5,251.782,2.5,4.33,64,200.0,,,
2026-09-08T03:57:04.201159,35,8909,FRAME,75.0,256.112,2.5,4.33,64,200.0,,,
2026-09-08T03:57:04.217219,35,8910,FRAME,77.5,260.442,2.5,4.33,64,200.0,,,
2026-09-08T03:57:04.234075,35,8911,FRAME,80.0,264.772,2.5,4.33,64,200.0,,,
2026-09-08T03:57:04.250051,35,8912,FRAME,82.5,269.103,2.5,4.33,71,200.0,,,
2026-09-08T03:57:04.266345,35,8913,FRAME,85.0,273.433,2.5,4.33,78,200.0,,,
2026-09-08T03:57:04.283158,35,8914,FRAME,87.5,277.763,2.5,4.33,85,200.0,,,
2026-09-08T03:57:04.300570,35,8915,FRAME,90.0,282.093,2.5,4.33,92,200.0,,,
2026-09-08T03:57:04.316413,35,8916,FRAME,92.5,286.423,2.5,4.33,99,200.0,,,
2026-09-08T03:57:04.334096,35,8917,FRAME,95.0,290.753,2.5,4.33,106,200.0,,,
2026-09-08T03:57:04.350103,35,8918,FRAME,97.5,295.083,2.5,4.33,113,200.0,,,
2026-09-08T03:57:04.367443,35,8919,FRAME,100.0,299.413,2.5,4.33,120,200.0,,,
2026-09-08T03:57:04.384015,35,8920,FRAME,102.5,303.744,2.5,4.33,127,200.0,,,
2026-09-08T03:57:04.400820,35,8921,FRAME,105.0,308.074,2.5,4.33,134,200.0,,,
2026-09-08T03:57:04.416889,35,8922,FRAME,107.5,312.404,2.5,4.33,141,200.0,,,
2026-09-08T03:57:04.433332,35,8923,FRAME,110.0,316.734,2.5,4.33,148,200.0,,,
2026-09-08T03:57:04.450043,35,8924,FRAME,112.5,321.064,2.5,4.33,155,200.0,,,
2026-09-08T03:57:04.465959,35,8925,FRAME,115.0,325.394,2.5,4.33,162,200.0,,,
2026-09-08T03:57:04.481758,35,8926,FRAME,117.5,329.724,2.5,4.33,169,200.0,,,
2026-09-08T03:57:04.498893,35,8927,FRAME,120.0,334.054,2.5,4.33,176,200.0,,,
2026-09-08T03:57:04.514999,35,8928,FRAME,122.5,338.385,2.5,4.33,183,200.0,,,
2026-09-08T03:57:04.531329,35,8929,FRAME,125.0,342.715,2.5,4.33,190,200.0,,,
2026-09-08T03:57:04.548596,35,8930,FRAME,127.5,347.045,2.5,4.33,197,200.0,,,
2026-09-08T03:57:04.564421,35,8931,FRAME,130.0,351.375,2.5,4.33,204,200.0,,,
2026-09-08T03:57:04.580738,35,8932,FRAME,132.5,355.705,2.5,4.33,211,200.0,,,
2026-09-08T03:57:04.596725,35,8933,FRAME,135.0,360.035,2.5,4.33,218,200.0,,,
2026-09-08T03:57:04.612822,35,8934,FRAME,137.5,364.365,2.5,4.33,225,200.0,,,
2026-09-08T03:57:04.629419,35,8935,FRAME,140.0,368.695,2.5,4.33,232,200.0,,,
2026-09-08T03:57:04.646351,35,8936,FRAME,142.5,373.026,2.5,4.33,239,200.0,,,
2026-09-08T03:57:04.663097,35,8937,FRAME,145.0,377.356,2.5,4.33,246,200.0,,,
2026-09-08T03:57:04.680155,35,8938,FRAME,147.5,381.686,2.5,4.33,253,200.0,,,
2026-09-08T03:57:04.697797,35,8939,FRAME,150.0,386.016,2.5,4.33,260,200.0,,,
2026-09-08T03:57:04.714468,35,8940,FRAME,152.5,390.346,2.5,4.33,267,200.0,,,
2026-09-08T03:57:04.730975,35,8941,FRAME,155.0,394.676,2.5,4.33,274,200.0,,,
2026-09-08T03:57:04.747337,35,8942,FRAME,157.5,399.006,2.5,4.33,281,200.0,,,
2026-09-08T03:57:04.764151,35,8943,FRAME,160.0,403.336,2.5,4.33,288,200.0,,,
2026-09-08T03:57:04.780595,35,8944,FRAME,162.5,407.667,2.5,4.33,295,200.0,,,
2026-09-08T03:57:04.798047,35,8945,FRAME,165.0,411.997,2.5,4.33,302,200.0,,,
2026-09-08T03:57:04.814320,35,8946,FRAME,167.5,416.327,2.5,4.33,309,200.0,,,
2026-09-08T03:57:04.831116,35,8947,FRAME,170.0,420.657,2.5,4.33,316,200.0,,,
2026-09-08T03:57:04.847937,35,8948,FRAME,172.5,424.987,2.5,4.33,316,200.0,,,
2026-09-08T03:57:04.864219,35,8949,FRAME,175.0,429.317,2.5,4.33,316,200.0,,,
2026-09-08T03:57:04.880398,35,8950,FRAME,177.5,433.647,2.5,4.33,316,200.0,,,
2026-09-08T03:57:04.897049,35,8951,FRAME,180.0,437.977,2.5,4.33,316,200.0,,,
2026-09-08T03:57:04.913139,35,8952,FRAME,182.5,442.308,2.5,4.33,316,200.0,,,
2026-09-08T03:57:04.930918,35,8953,FRAME,185.0,446.638,2.5,4.33,316,200.0,,,
2026-09-08T03:57:04.947550,35,8954,FRAME,187.5,450.968,2.5,4.33,316,200.0,,,
2026-09-08T03:57:04.964302,35,8955,FRAME,190.0,455.298,2.5,4.33,316,200.0,,,
2026-09-08T03:57:04.981301,35,8956,FRAME,192.5,459.628,2.5,4.33,316,200.0,,,
2026-09-08T03:57:04.998316,35,8957,FRAME,195.0,463.958,2.5,4.33,316,200.0,,,
2026-09-08T03:57:05.015107,35,8958,FRAME,197.5,468.288,2.5,4.33,316,200.0,,,
2026-09-08T03:57:05.032296,35,8959,FRAME,200.0,472.619,2.5,4.33,316,200.0,,,
2026-09-08T03:57:05.048888,35,8960,FRAME,202.5,476.949,2.5,4.33,316,200.0,,,
2026-09-08T03:57:05.065181,35,8961,FRAME,205.0,481.279,2.5,4.33,316,200.0,,,
2026-09-08T03:57:05.081826,35,8962,FRAME,207.5,485.609,2.5,4.33,316,200.0,,,
2026-09-08T03:57:05.097673,35,8963,WALL_BOUNCE,210.0,488,2.5,-4.33,316,200.0,,,
2026-09-08T03:57:05.097673,35,8964,FRAME,210.0,488,2.5,-4.33,316,200.0,,,
2026-09-08T03:57:05.114223,35,8965,FRAME,212.5,483.67,2.5,-4.33,316,200.0,,,
2026-09-08T03:57:05.131197,35,8966,FRAME,215.0,479.34,2.5,-4.33,316,200.0,,,
2026-09-08T03:57:05.148788,35,8967,FRAME,217.5,475.01,2.5,-4.33,316,200.0,,,
2026-09-08T03:57:05.165520,35,8968,FRAME,220.0,470.679,2.5,-4.33,316,200.0,,,
2026-09-08T03:57:05.181439,35,8969,FRAME,222.5,466.349,2.5,-4.33,316,200.0,,,
2026-09-08T03:57:05.198413,35,8970,FRAME,225.0,462.019,2.5,-4.33,316,200.0,,,
2026-09-08T03:57:05.214579,35,8971,FRAME,227.5,457.689,2.5,-4.33,316,200.0,,,
2026-09-08T03:57:05.231510,35,8972,FRAME,230.0,453.359,2.5,-4.33,316,200.0,,,
2026-09-08T03:57:05.248135,35,8973,FRAME,232.5,449.029,2.5,-4.33,316,200.0,,,
2026-09-08T03:57:05.264026,35,8974,FRAME,235.0,444.699,2.5,-4.33,316,200.0,,,
2026-09-08T03:57:05.280515,35,8975,FRAME,237.5,440.369,2.5,-4.33,316,200.0,,,
2026-09-08T03:57:05.297168,35,8976,FRAME,240.0,436.038,2.5,-4.33,316,200.0,,,
2026-09-08T03:57:05.314130,35,8977,FRAME,242.5,431.708,2.5,-4.33,316,200.0,,,
2026-09-08T03:57:05.330770,35,8978,FRAME,245.0,427.378,2.5,-4.33,316,200.0,,,
2026-09-08T03:57:05.347192,35,8979,FRAME,247.5,423.048,2.5,-4.33,316,200.0,,,
2026-09-08T03:57:05.363311,35,8980,FRAME,250.0,418.718,2.5,-4.33,316,200.0,,,
2026-09-08T03:57:05.379449,35,8981,FRAME,252.5,414.388,2.5,-4.33,316,200.0,,,
2026-09-08T03:57:05.397260,35,8982,FRAME,255.0,410.058,2.5,-4.33,316,200.0,,,
2026-09-08T03:57:05.413407,35,8983,FRAME,257.5,405.728,2.5,-4.33,316,200.0,,,
2026-09-08T03:57:05.429400,35,8984,FRAME,260.0,401.397,2.5,-4.33,316,200.0,,,
2026-09-08T03:57:05.446208,35,8985,FRAME,262.5,397.067,2.5,-4.33,316,200.0,,,
2026-09-08T03:57:05.462705,35,8986,FRAME,265.0,392.737,2.5,-4.33,316,200.0,,,
2026-09-08T03:57:05.478986,35,8987,FRAME,267.5,388.407,2.5,-4.33,316,200.0,,,
2026-09-08T03:57:05.495429,35,8988,FRAME,270.0,384.077,2.5,-4.33,316,200.0,,,
2026-09-08T03:57:05.512447,35,8989,FRAME,272.5,379.747,2.5,-4.33,316,200.0,,,
2026-09-08T03:57:05.528757,35,8990,FRAME,275.0,375.417,2.5,-4.33,316,200.0,,,
2026-09-08T03:57:05.545433,35,8991,FRAME,277.5,371.087,2.5,-4.33,316,200.0,,,
2026-09-08T03:57:05.562189,35,8992,FRAME,280.0,366.756,2.5,-4.33,316,200.0,,,
2026-09-08T03:57:05.579933,35,8993,FRAME,282.5,362.426,2.5,-4.33,316,200.0,,,
2026-09-08T03:57:05.595929,35,8994,FRAME,285.0,358.096,2.5,-4.33,316,200.0,,,
2026-09-08T03:57:05.612407,35,8995,FRAME,287.5,353.766,2.5,-4.33,316,200.0,,,
2026-09-08T03:57:05.628907,35,8996,FRAME,290.0,349.436,2.5,-4.33,316,200.0,,,
2026-09-08T03:57:05.645183,35,8997,FRAME,292.5,345.106,2.5,-4.33,316,200.0,,,
2026-09-08T03:57:05.662472,35,8998,FRAME,295.0,340.776,2.5,-4.33,316,200.0,,,
2026-09-08T03:57:05.678404,35,8999,FRAME,297.5,336.446,2.5,-4.33,316,200.0,,,
2026-09-08T03:57:05.695111,35,9000,FRAME,300.0,332.115,2.5,-4.33,316,200.0,,,
2026-09-08T03:57:05.712430,35,9001,FRAME,302.5,327.785,2.5,-4.33,316,200.0,,,
2026-09-08T03:57:05.729357,35,9002,FRAME,305.0,323.455,2.5,-4.33,316,200.0,,,
2026-09-08T03:57:05.746389,35,9003,FRAME,307.5,319.125,2.5,-4.33,316,200.0,,,
2026-09-08T03:57:05.762985,35,9004,FRAME,310.0,314.795,2.5,-4.33,316,200.0,,,
2026-09-08T03:57:05.779295,35,9005,FRAME,312.5,310.465,2.5,-4.33,316,200.0,,,
2026-09-08T03:57:05.796169,35,9006,FRAME,315.0,306.135,2.5,-4.33,316,200.0,,,
2026-09-08T03:57:05.814010,35,9007,FRAME,317.5,301.805,2.5,-4.33,316,200.0,,,
2026-09-08T03:57:05.830195,35,9008,FRAME,320.0,297.474,2.5,-4.33,316,200.0,,,
2026-09-08T03:57:05.847575,35,9009,FRAME,322.5,293.144,2.5,-4.33,316,200.0,,,
2026-09-08T03:57:05.864258,35,9010,FRAME,325.0,288.814,2.5,-4.33,316,200.0,,,
2026-09-08T03:57:05.880925,35,9011,FRAME,327.5,284.484,2.5,-4.33,316,200.0,,,
2026-09-08T03:57:05.897701,35,9012,FRAME,330.0,280.154,2.5,-4.33,316,200.0,,,
2026-09-08T03:57:05.914091,35,9013,FRAME,332.5,275.824,2.5,-4.33,316,200.0,,,
2026-09-08T03:57:05.930396,35,9014,FRAME,335.0,271.494,2.5,-4.33,316,200.0,,,
2026-09-08T03:57:05.946211,35,9015,FRAME,337.5,267.164,2.5,-4.33,316,200.0,,,
2026-09-08T03:57:05.963042,35,9016,FRAME,340.0,262.833,2.5,-4.33,316,200.0,,,
2026-09-08T03:57:05.979356,35,9017,FRAME,342.5,258.503,2.5,-4.33,316,200.0,,,
2026-09-08T03:57:05.996678,35,9018,FRAME,345.0,254.173,2.5,-4.33,316,200.0,,,
2026-09-08T03:57:06.013171,35,9019,FRAME,347.5,249.843,2.5,-4.33,316,200.0,,,
2026-09-08T03:57:06.030955,35,9020,FRAME,350.0,245.513,2.5,-4.33,316,200.0,,,
2026-09-08T03:57:06.047461,35,9021,FRAME,352.5,241.183,2.5,-4.33,316,200.0,,,
2026-09-08T03:57:06.064068,35,9022,FRAME,355.0,236.853,2.5,-4.33,316,200.0,,,
2026-09-08T03:57:06.080606,35,9023,FRAME,357.5,232.523,2.5,-4.33,316,200.0,,,
2026-09-08T03:57:06.097186,35,9024,FRAME,360.0,228.192,2.5,-4.33,316,200.0,,,
2026-09-08T03:57:06.114432,35,9025,FRAME,362.5,223.862,2.5,-4.33,316,200.0,,,
2026-09-08T03:57:06.131503,35,9026,FRAME,365.0,219.532,2.5,-4.33,316,200.0,,,
2026-09-08T03:57:06.147305,35,9027,FRAME,367.5,215.202,2.5,-4.33,316,200.0,,,
2026-09-08T03:57:06.164371,35,9028,FRAME,370.0,210.872,2.5,-4.33,316,200.0,,,
2026-09-08T03:57:06.181395,35,9029,FRAME,372.5,206.542,2.5,-4.33,316,200.0,,,
2026-09-08T03:57:06.198073,35,9030,FRAME,375.0,202.212,2.5,-4.33,316,200.0,,,
2026-09-08T03:57:06.215100,35,9031,FRAME,377.5,197.881,2.5,-4.33,316,200.0,,,
2026-09-08T03:57:06.231150,35,9032,FRAME,380.0,193.551,2.5,-4.33,316,200.0,,,
2026-09-08T03:57:06.248613,35,9033,FRAME,382.5,189.221,2.5,-4.33,316,200.0,,,
2026-09-08T03:57:06.265113,35,9034,FRAME,385.0,184.891,2.5,-4.33,316,200.0,,,
2026-09-08T03:57:06.282473,35,9035,FRAME,387.5,180.561,2.5,-4.33,316,200.0,,,
2026-09-08T03:57:06.298532,35,9036,FRAME,390.0,176.231,2.5,-4.33,316,200.0,,,
2026-09-08T03:57:06.315257,35,9037,FRAME,392.5,171.901,2.5,-4.33,316,200.0,,,
2026-09-08T03:57:06.333053,35,9038,FRAME,395.0,167.571,2.5,-4.33,316,200.0,,,
2026-09-08T03:57:06.349411,35,9039,FRAME,397.5,163.24,2.5,-4.33,316,200.0,,,
2026-09-08T03:57:06.366296,35,9040,FRAME,400.0,158.91,2.5,-4.33,316,200.0,,,
2026-09-08T03:57:06.383070,35,9041,FRAME,402.5,154.58,2.5,-4.33,316,200.0,,,
2026-09-08T03:57:06.400139,35,9042,FRAME,405.0,150.25,2.5,-4.33,316,200.0,,,
2026-09-08T03:57:06.416248,35,9043,FRAME,407.5,145.92,2.5,-4.33,316,200.0,,,
2026-09-08T03:57:06.432275,35,9044,FRAME,410.0,141.59,2.5,-4.33,316,200.0,,,
2026-09-08T03:57:06.449180,35,9045,FRAME,412.5,137.26,2.5,-4.33,316,200.0,,,
2026-09-08T03:57:06.466297,35,9046,FRAME,415.0,132.93,2.5,-4.33,316,200.0,,,
2026-09-08T03:57:06.483355,35,9047,FRAME,417.5,128.599,2.5,-4.33,316,200.0,,,
2026-09-08T03:57:06.499856,35,9048,FRAME,420.0,124.269,2.5,-4.33,316,200.0,,,
2026-09-08T03:57:06.516427,35,9049,FRAME,422.5,119.939,2.5,-4.33,316,200.0,,,
2026-09-08T03:57:06.533029,35,9050,FRAME,425.0,115.609,2.5,-4.33,316,200.0,,,
2026-09-08T03:57:06.549267,35,9051,FRAME,427.5,111.279,2.5,-4.33,316,200.0,,,
2026-09-08T03:57:06.565519,35,9052,FRAME,430.0,106.949,2.5,-4.33,316,200.0,,,
2026-09-08T03:57:06.582284,35,9053,FRAME,432.5,102.619,2.5,-4.33,316,200.0,,,
2026-09-08T03:57:06.599339,35,9054,FRAME,435.0,98.289,2.5,-4.33,316,200.0,,,
2026-09-08T03:57:06.616198,35,9055,FRAME,437.5,93.958,2.5,-4.33,316,200.0,,,
2026-09-08T03:57:06.633147,35,9056,FRAME,440.0,89.628,2.5,-4.33,316,200.0,,,
2026-09-08T03:57:06.649493,35,9057,FRAME,442.5,85.298,2.5,-4.33,316,200.0,,,
2026-09-08T03:57:06.666542,35,9058,FRAME,445.0,80.968,2.5,-4.33,316,200.0,,,
2026-09-08T03:57:06.682762,35,9059,FRAME,447.5,76.638,2.5,-4.33,316,200.0,,,
2026-09-08T03:57:06.699594,35,9060,FRAME,450.0,72.308,2.5,-4.33,316,200.0,,,
2026-09-08T03:57:06.716249,35,9061,FRAME,452.5,67.978,2.5,-4.33,316,200.0,,,
2026-09-08T03:57:06.733189,35,9062,FRAME,455.0,63.648,2.5,-4.33,316,200.0,,,
2026-09-08T03:57:06.750392,35,9063,FRAME,457.5,59.317,2.5,-4.33,316,200.0,,,
2026-09-08T03:57:06.767234,35,9064,FRAME,460.0,54.987,2.5,-4.33,316,200.0,,,
2026-09-08T03:57:06.784167,35,9065,FRAME,462.5,50.657,2.5,-4.33,316,200.0,,,
2026-09-08T03:57:06.800647,35,9066,FRAME,465.0,46.327,2.5,-4.33,316,200.0,,,
2026-09-08T03:57:06.817345,35,9067,FRAME,467.5,41.997,2.5,-4.33,316,200.0,,,
2026-09-08T03:57:06.834003,35,9068,FRAME,470.0,37.667,2.5,-4.33,316,200.0,,,
2026-09-08T03:57:06.850244,35,9069,FRAME,472.5,33.337,2.5,-4.33,316,200.0,,,
2026-09-08T03:57:06.867252,35,9070,FRAME,475.0,29.007,2.5,-4.33,316,200.0,,,
2026-09-08T03:57:06.884377,35,9071,FRAME,477.5,24.676,2.5,-4.33,316,200.0,,,
2026-09-08T03:57:06.901727,35,9072,FRAME,480.0,20.346,2.5,-4.33,316,200.0,,,
2026-09-08T03:57:06.918015,35,9073,FRAME,482.5,16.016,2.5,-4.33,316,200.0,,,
2026-09-08T03:57:06.934125,35,9074,FRAME,485.0,11.686,2.5,-4.33,316,200.0,,,
2026-09-08T03:57:06.950311,35,9075,FRAME,487.5,7.356,2.5,-4.33,316,200.0,,,
2026-09-08T03:57:06.967055,35,9076,FRAME,490.0,3.026,2.5,-4.33,316,200.0,,,
2026-09-08T03:57:06.984170,35,9077,WALL_BOUNCE,492.5,0,2.5,4.33,316,200.0,,,
2026-09-08T03:57:06.984170,35,9078,FRAME,492.5,0,2.5,4.33,316,200.0,,,
2026-09-08T03:57:07.001177,35,9079,FRAME,495.0,4.33,2.5,4.33,316,200.0,,,
2026-09-08T03:57:07.019111,35,9080,FRAME,497.5,8.66,2.5,4.33,316,200.0,,,
2026-09-08T03:57:07.036172,35,9081,FRAME,500.0,12.99,2.5,4.33,316,200.0,,,
2026-09-08T03:57:07.052937,35,9082,FRAME,502.5,17.321,2.5,4.33,316,200.0,,,
2026-09-08T03:57:07.069997,35,9083,FRAME,505.0,21.651,2.5,4.33,316,200.0,,,
2026-09-08T03:57:07.087142,35,9084,FRAME,507.5,25.981,2.5,4.33,316,200.0,,,
2026-09-08T03:57:07.104165,35,9085,FRAME,510.0,30.311,2.5,4.33,316,200.0,,,
2026-09-08T03:57:07.121399,35,9086,FRAME,512.5,34.641,2.5,4.33,316,200.0,,,
2026-09-08T03:57:07.138112,35,9087,FRAME,515.0,38.971,2.5,4.33,316,200.0,,,
2026-09-08T03:57:07.155592,35,9088,FRAME,517.5,43.301,2.5,4.33,309,200.0,,,
2026-09-08T03:57:07.172149,35,9089,FRAME,520.0,47.631,2.5,4.33,302,200.0,,,
2026-09-08T03:57:07.189253,35,9090,FRAME,522.5,51.962,2.5,4.33,295,200.0,,,
2026-09-08T03:57:07.206728,35,9091,FRAME,525.0,56.292,2.5,4.33,288,200.0,,,
2026-09-08T03:57:07.222738,35,9092,FRAME,527.5,60.622,2.5,4.33,281,200.0,,,
2026-09-08T03:57:07.238730,35,9093,FRAME,530.0,64.952,2.5,4.33,274,200.0,,,
2026-09-08T03:57:07.255305,35,9094,FRAME,532.5,69.282,2.5,4.33,267,200.0,,,
2026-09-08T03:57:07.272856,35,9095,FRAME,535.0,73.612,2.5,4.33,260,200.0,,,
2026-09-08T03:57:07.289261,35,9096,FRAME,537.5,77.942,2.5,4.33,260,200.0,,,
2026-09-08T03:57:07.306128,35,9097,FRAME,540.0,82.272,2.5,4.33,260,200.0,,,
2026-09-08T03:57:07.322415,35,9098,FRAME,542.5,86.603,2.5,4.33,267,200.0,,,
2026-09-08T03:57:07.339083,35,9099,FRAME,545.0,90.933,2.5,4.33,274,200.0,,,
2026-09-08T03:57:07.355195,35,9100,FRAME,547.5,95.263,2.5,4.33,281,200.0,,,
2026-09-08T03:57:07.372889,35,9101,FRAME,550.0,99.593,2.5,4.33,288,200.0,,,
2026-09-08T03:57:07.389163,35,9102,FRAME,552.5,103.923,2.5,4.33,295,200.0,,,
2026-09-08T03:57:07.406483,35,9103,FRAME,555.0,108.253,2.5,4.33,302,200.0,,,
2026-09-08T03:57:07.422456,35,9104,FRAME,557.5,112.583,2.5,4.33,309,200.0,,,
2026-09-08T03:57:07.439559,35,9105,FRAME,560.0,116.913,2.5,4.33,316,200.0,,,
2026-09-08T03:57:07.455910,35,9106,FRAME,562.5,121.244,2.5,4.33,323,200.0,,,
2026-09-08T03:57:07.472287,35,9107,FRAME,565.0,125.574,2.5,4.33,330,200.0,,,
2026-09-08T03:57:07.489448,35,9108,FRAME,567.5,129.904,2.5,4.33,330,200.0,,,
2026-09-08T03:57:07.506114,35,9109,FRAME,570.0,134.234,2.5,4.33,330,200.0,,,
2026-09-08T03:57:07.521392,35,9110,FRAME,572.5,138.564,2.5,4.33,330,200.0,,,
2026-09-08T03:57:07.537317,35,9111,FRAME,575.0,142.894,2.5,4.33,330,200.0,,,
2026-09-08T03:57:07.554101,35,9112,FRAME,577.5,147.224,2.5,4.33,330,200.0,,,
2026-09-08T03:57:07.570300,35,9113,FRAME,580.0,151.554,2.5,4.33,330,200.0,,,
2026-09-08T03:57:07.587327,35,9114,FRAME,582.5,155.885,2.5,4.33,330,200.0,,,
2026-09-08T03:57:07.604448,35,9115,FRAME,585.0,160.215,2.5,4.33,330,200.0,,,
2026-09-08T03:57:07.621349,35,9116,FRAME,587.5,164.545,2.5,4.33,330,200.0,,,
2026-09-08T03:57:07.638427,35,9117,FRAME,590.0,168.875,2.5,4.33,330,200.0,,,
2026-09-08T03:57:07.654589,35,9118,FRAME,592.5,173.205,2.5,4.33,323,200.0,,,
2026-09-08T03:57:07.671119,35,9119,FRAME,595.0,177.535,2.5,4.33,316,200.0,,,
2026-09-08T03:57:07.687004,35,9120,FRAME,597.5,181.865,2.5,4.33,309,200.0,,,
2026-09-08T03:57:07.703801,35,9121,FRAME,600.0,186.195,2.5,4.33,302,200.0,,,
2026-09-08T03:57:07.720142,35,9122,FRAME,602.5,190.526,2.5,4.33,295,200.0,,,
2026-09-08T03:57:07.738171,35,9123,FRAME,605.0,194.856,2.5,4.33,288,200.0,,,
2026-09-08T03:57:07.755653,35,9124,FRAME,607.5,199.186,2.5,4.33,281,200.0,,,
2026-09-08T03:57:07.772068,35,9125,FRAME,610.0,203.516,2.5,4.33,274,200.0,,,
2026-09-08T03:57:07.789012,35,9126,FRAME,612.5,207.846,2.5,4.33,267,200.0,,,
2026-09-08T03:57:07.806088,35,9127,FRAME,615.0,212.176,2.5,4.33,260,200.0,,,
2026-09-08T03:57:07.822203,35,9128,FRAME,617.5,216.506,2.5,4.33,253,200.0,,,
2026-09-08T03:57:07.838972,35,9129,FRAME,620.0,220.836,2.5,4.33,253,200.0,,,
2026-09-08T03:57:07.855247,35,9130,FRAME,622.5,225.167,2.5,4.33,260,200.0,,,
2026-09-08T03:57:07.873047,35,9131,FRAME,625.0,229.497,2.5,4.33,267,200.0,,,
2026-09-08T03:57:07.889131,35,9132,FRAME,627.5,233.827,2.5,4.33,274,200.0,,,
2026-09-08T03:57:07.907291,35,9133,FRAME,630.0,238.157,2.5,4.33,281,200.0,,,
2026-09-08T03:57:07.924038,35,9134,FRAME,632.5,242.487,2.5,4.33,288,200.0,,,
2026-09-08T03:57:07.940531,35,9135,FRAME,635.0,246.817,2.5,4.33,295,200.0,,,
2026-09-08T03:57:07.957145,35,9136,FRAME,637.5,251.147,2.5,4.33,302,200.0,,,
2026-09-08T03:57:07.974040,35,9137,FRAME,640.0,255.477,2.5,4.33,309,200.0,,,
2026-09-08T03:57:07.990484,35,9138,FRAME,642.5,259.808,2.5,4.33,316,200.0,,,
2026-09-08T03:57:08.007188,35,9139,FRAME,645.0,264.138,2.5,4.33,323,200.0,,,
2026-09-08T03:57:08.024355,35,9140,FRAME,647.5,268.468,2.5,4.33,330,200.0,,,
2026-09-08T03:57:08.041180,35,9141,FRAME,650.0,272.798,2.5,4.33,330,200.0,,,
2026-09-08T03:57:08.057123,35,9142,FRAME,652.5,277.128,2.5,4.33,330,200.0,,,
2026-09-08T03:57:08.073271,35,9143,FRAME,655.0,281.458,2.5,4.33,330,200.0,,,
2026-09-08T03:57:08.090551,35,9144,FRAME,657.5,285.788,2.5,4.33,330,200.0,,,
2026-09-08T03:57:08.107084,35,9145,FRAME,660.0,290.119,2.5,4.33,330,200.0,,,
2026-09-08T03:57:08.123999,35,9146,FRAME,662.5,294.449,2.5,4.33,330,200.0,,,
2026-09-08T03:57:08.140247,35,9147,FRAME,665.0,298.779,2.5,4.33,330,200.0,,,
2026-09-08T03:57:08.156887,35,9148,FRAME,667.5,303.109,2.5,4.33,330,200.0,,,
2026-09-08T03:57:08.173168,35,9149,FRAME,670.0,307.439,2.5,4.33,330,200.0,,,
2026-09-08T03:57:08.190588,35,9150,FRAME,672.5,311.769,2.5,4.33,330,200.0,,,
2026-09-08T03:57:08.207206,35,9151,FRAME,675.0,316.099,2.5,4.33,330,200.0,,,
2026-09-08T03:57:08.224348,35,9152,FRAME,677.5,320.429,2.5,4.33,330,200.0,,,
2026-09-08T03:57:08.241026,35,9153,FRAME,680.0,324.76,2.5,4.33,330,200.0,,,
2026-09-08T03:57:08.257855,35,9154,FRAME,682.5,329.09,2.5,4.33,337,200.0,,,
2026-09-08T03:57:08.273993,35,9155,FRAME,685.0,333.42,2.5,4.33,344,200.0,,,
2026-09-08T03:57:08.290607,35,9156,FRAME,687.5,337.75,2.5,4.33,351,200.0,,,
2026-09-08T03:57:08.306400,35,9157,FRAME,690.0,342.08,2.5,4.33,358,200.0,,,
2026-09-08T03:57:08.323414,35,9158,FRAME,692.5,346.41,2.5,4.33,365,200.0,,,
2026-09-08T03:57:08.340177,35,9159,FRAME,695.0,350.74,2.5,4.33,372,200.0,,,
2026-09-08T03:57:08.358061,35,9160,FRAME,697.5,355.07,2.5,4.33,379,200.0,,,
2026-09-08T03:57:08.374478,35,9161,FRAME,700.0,359.401,2.5,4.33,386,200.0,,,
2026-09-08T03:57:08.390544,35,9162,FRAME,702.5,363.731,2.5,4.33,393,200.0,,,
2026-09-08T03:57:08.406981,35,9163,FRAME,705.0,368.061,2.5,4.33,400,200.0,,,
2026-09-08T03:57:08.423391,35,9164,FRAME,707.5,372.391,2.5,4.33,400,200.0,,,
2026-09-08T03:57:08.440210,35,9165,FRAME,710.0,376.721,2.5,4.33,400,200.0,,,
2026-09-08T03:57:08.457777,35,9166,FRAME,712.5,381.051,2.5,4.33,400,200.0,,,
2026-09-08T03:57:08.474150,35,9167,FRAME,715.0,385.381,2.5,4.33,400,200.0,,,
2026-09-08T03:57:08.491587,35,9168,FRAME,717.5,389.711,2.5,4.33,400,200.0,,,
2026-09-08T03:57:08.508551,35,9169,FRAME,720.0,394.042,2.5,4.33,400,200.0,,,
2026-09-08T03:57:08.525388,35,9170,FRAME,722.5,398.372,2.5,4.33,393,200.0,,,
2026-09-08T03:57:08.542514,35,9171,FRAME,725.0,402.702,2.5,4.33,386,200.0,,,
2026-09-08T03:57:08.559367,35,9172,FRAME,727.5,407.032,2.5,4.33,379,200.0,,,
2026-09-08T03:57:08.576280,35,9173,FRAME,730.0,411.362,2.5,4.33,372,200.0,,,
2026-09-08T03:57:08.594150,35,9174,FRAME,732.5,415.692,2.5,4.33,365,200.0,,,
2026-09-08T03:57:08.611951,35,9175,FRAME,735.0,420.022,2.5,4.33,358,200.0,,,
2026-09-08T03:57:08.628186,35,9176,FRAME,737.5,424.352,2.5,4.33,351,200.0,,,
2026-09-08T03:57:08.645136,35,9177,FRAME,740.0,428.683,2.5,4.33,344,200.0,,,
2026-09-08T03:57:08.661381,35,9178,FRAME,742.5,433.013,2.5,4.33,337,200.0,,,
2026-09-08T03:57:08.677396,35,9179,FRAME,745.0,437.343,2.5,4.33,337,200.0,,,
2026-09-08T03:57:08.694281,35,9180,FRAME,747.5,441.673,2.5,4.33,337,200.0,,,
2026-09-08T03:57:08.711429,35,9181,FRAME,750.0,446.003,2.5,4.33,337,200.0,,,
2026-09-08T03:57:08.728026,35,9182,FRAME,752.5,450.333,2.5,4.33,337,200.0,,,
2026-09-08T03:57:08.744129,35,9183,FRAME,755.0,454.663,2.5,4.33,337,200.0,,,
2026-09-08T03:57:08.761255,35,9184,FRAME,757.5,458.993,2.5,4.33,337,200.0,,,
2026-09-08T03:57:08.778198,35,9185,FRAME,760.0,463.324,2.5,4.33,337,200.0,,,
2026-09-08T03:57:08.795471,35,9186,FRAME,762.5,467.654,2.5,4.33,337,200.0,,,
2026-09-08T03:57:08.812236,35,9187,FRAME,765.0,471.984,2.5,4.33,337,200.0,,,
2026-09-08T03:57:08.829191,35,9188,FRAME,767.5,476.314,2.5,4.33,337,200.0,,,
2026-09-08T03:57:08.846399,35,9189,FRAME,770.0,480.644,2.5,4.33,337,200.0,,,
2026-09-08T03:57:08.862906,35,9190,FRAME,772.5,484.974,2.5,4.33,337,200.0,,,
2026-09-08T03:57:08.878997,35,9191,WALL_BOUNCE,775.0,488,2.5,-4.33,337,200.0,,,
2026-09-08T03:57:08.878997,35,9192,FRAME,775.0,488,2.5,-4.33,337,200.0,,,
2026-09-08T03:57:08.895202,35,9193,FRAME,777.5,483.67,2.5,-4.33,330,200.0,,,
2026-09-08T03:57:08.911368,35,9194,FRAME,780.0,479.34,2.5,-4.33,323,200.0,,,
2026-09-08T03:57:08.928043,35,9195,FRAME,782.5,475.01,2.5,-4.33,316,200.0,,,
2026-09-08T03:57:08.945143,35,9196,FRAME,785.0,470.679,2.5,-4.33,309,200.0,,,
2026-09-08T03:57:08.960309,35,9197,FRAME,787.5,466.349,2.5,-4.33,302,200.0,,,
2026-09-08T03:57:08.976581,35,9198,FRAME,790.0,462.019,2.5,-4.33,295,200.0,,,
2026-09-08T03:57:08.992731,35,9199,FRAME,792.5,457.689,2.5,-4.33,288,200.0,,,
2026-09-08T03:57:09.009241,35,9200,FRAME,795.0,453.359,2.5,-4.33,281,200.0,,,
2026-09-08T03:57:09.026110,35,9201,FRAME,797.5,449.029,2.5,-4.33,274,200.0,,,
2026-09-08T03:57:09.042543,35,9202,FRAME,800.0,444.699,2.5,-4.33,267,200.0,,,
2026-09-08T03:57:09.059323,35,9203,FRAME,802.5,440.369,2.5,-4.33,267,200.0,,,
2026-09-08T03:57:09.059323,35,9204,MISS_RIGHT,802.5,440.369,2.5,-4.33,267,200.0,,,LEFT
2026-09-08T03:57:09.076191,36,9205,FRAME,438.929,132.395,-4.674,1.777,267,200.0,,,
2026-09-08T03:57:09.094256,36,9206,FRAME,434.255,134.172,-4.674,1.777,267,200.0,,,
2026-09-08T03:57:09.110436,36,9207,FRAME,429.582,135.949,-4.674,1.777,267,200.0,,,
2026-09-08T03:57:09.127145,36,9208,FRAME,424.908,137.726,-4.674,1.777,267,200.0,,,
2026-09-08T03:57:09.143259,36,9209,FRAME,420.235,139.503,-4.674,1.777,267,200.0,,,
2026-09-08T03:57:09.160600,36,9210,FRAME,415.561,141.281,-4.674,1.777,267,200.0,,,
2026-09-08T03:57:09.177173,36,9211,FRAME,410.888,143.058,-4.674,1.777,267,200.0,,,
2026-09-08T03:57:09.194288,36,9212,FRAME,406.214,144.835,-4.674,1.777,267,200.0,,,
2026-09-08T03:57:09.210670,36,9213,FRAME,401.541,146.612,-4.674,1.777,267,200.0,,,
2026-09-08T03:57:09.227181,36,9214,FRAME,396.867,148.389,-4.674,1.777,267,200.0,,,
2026-09-08T03:57:09.244113,36,9215,FRAME,392.194,150.167,-4.674,1.777,267,200.0,,,
2026-09-08T03:57:09.260205,36,9216,FRAME,387.52,151.944,-4.674,1.777,267,200.0,,,
2026-09-08T03:57:09.277488,36,9217,FRAME,382.847,153.721,-4.674,1.777,267,200.0,,,
2026-09-08T03:57:09.293555,36,9218,FRAME,378.173,155.498,-4.674,1.777,267,200.0,,,
2026-09-08T03:57:09.310363,36,9219,FRAME,373.5,157.275,-4.674,1.777,267,200.0,,,
2026-09-08T03:57:09.327446,36,9220,FRAME,368.826,159.052,-4.674,1.777,267,200.0,,,
2026-09-08T03:57:09.344528,36,9221,FRAME,364.153,160.83,-4.674,1.777,267,200.0,,,
2026-09-08T03:57:09.360825,36,9222,FRAME,359.479,162.607,-4.674,1.777,267,200.0,,,
2026-09-08T03:57:09.377334,36,9223,FRAME,354.806,164.384,-4.674,1.777,267,200.0,,,
2026-09-08T03:57:09.394413,36,9224,FRAME,350.132,166.161,-4.674,1.777,267,200.0,,,
2026-09-08T03:57:09.410600,36,9225,FRAME,345.459,167.938,-4.674,1.777,267,200.0,,,
2026-09-08T03:57:09.426431,36,9226,FRAME,340.785,169.716,-4.674,1.777,267,200.0,,,
2026-09-08T03:57:09.443311,36,9227,FRAME,336.112,171.493,-4.674,1.777,267,200.0,,,
2026-09-08T03:57:09.460342,36,9228,FRAME,331.438,173.27,-4.674,1.777,267,200.0,,,
2026-09-08T03:57:09.477445,36,9229,FRAME,326.765,175.047,-4.674,1.777,267,200.0,,,
2026-09-08T03:57:09.493622,36,9230,FRAME,322.091,176.824,-4.674,1.777,267,200.0,,,
2026-09-08T03:57:09.509915,36,9231,FRAME,317.418,178.602,-4.674,1.777,267,200.0,,,
2026-09-08T03:57:09.526298,36,9232,FRAME,312.744,180.379,-4.674,1.777,267,200.0,,,
2026-09-08T03:57:09.542767,36,9233,FRAME,308.071,182.156,-4.674,1.777,267,200.0,,,
2026-09-08T03:57:09.559254,36,9234,FRAME,303.397,183.933,-4.674,1.777,267,200.0,,,
2026-09-08T03:57:09.576441,36,9235,FRAME,298.724,185.71,-4.674,1.777,267,200.0,,,
2026-09-08T03:57:09.592878,36,9236,FRAME,294.05,187.488,-4.674,1.777,267,200.0,,,
2026-09-08T03:57:09.609267,36,9237,FRAME,289.377,189.265,-4.674,1.777,267,200.0,,,
2026-09-08T03:57:09.626367,36,9238,FRAME,284.703,191.042,-4.674,1.777,267,200.0,,,
2026-09-08T03:57:09.643152,36,9239,FRAME,280.03,192.819,-4.674,1.777,267,200.0,,,
2026-09-08T03:57:09.660037,36,9240,FRAME,275.356,194.596,-4.674,1.777,267,200.0,,,
2026-09-08T03:57:09.676410,36,9241,FRAME,270.683,196.373,-4.674,1.777,267,200.0,,,
2026-09-08T03:57:09.693105,36,9242,FRAME,266.009,198.151,-4.674,1.777,267,200.0,,,
2026-09-08T03:57:09.709157,36,9243,FRAME,261.336,199.928,-4.674,1.777,267,200.0,,,
2026-09-08T03:57:09.726494,36,9244,FRAME,256.662,201.705,-4.674,1.777,267,200.0,,,
2026-09-08T03:57:09.742446,36,9245,FRAME,251.989,203.482,-4.674,1.777,267,200.0,,,
2026-09-08T03:57:09.758456,36,9246,FRAME,247.315,205.259,-4.674,1.777,267,200.0,,,
2026-09-08T03:57:09.775193,36,9247,FRAME,242.642,207.037,-4.674,1.777,267,200.0,,,
2026-09-08T03:57:09.792233,36,9248,FRAME,237.968,208.814,-4.674,1.777,267,200.0,,,
2026-09-08T03:57:09.809525,36,9249,FRAME,233.295,210.591,-4.674,1.777,267,200.0,,,
2026-09-08T03:57:09.826098,36,9250,FRAME,228.621,212.368,-4.674,1.777,267,200.0,,,
2026-09-08T03:57:09.842167,36,9251,FRAME,223.948,214.145,-4.674,1.777,267,200.0,,,
2026-09-08T03:57:09.858676,36,9252,FRAME,219.274,215.923,-4.674,1.777,267,200.0,,,
2026-09-08T03:57:09.877371,36,9253,FRAME,214.601,217.7,-4.674,1.777,267,200.0,,,
2026-09-08T03:57:09.891467,36,9254,FRAME,209.927,219.477,-4.674,1.777,267,200.0,,,
2026-09-08T03:57:09.908396,36,9255,FRAME,205.254,221.254,-4.674,1.777,267,200.0,,,
2026-09-08T03:57:09.925505,36,9256,FRAME,200.58,223.031,-4.674,1.777,267,200.0,,,
2026-09-08T03:57:09.942333,36,9257,FRAME,195.907,224.808,-4.674,1.777,274,200.0,,,
2026-09-08T03:57:09.959552,36,9258,FRAME,191.233,226.586,-4.674,1.777,281,200.0,,,
2026-09-08T03:57:09.976461,36,9259,FRAME,186.56,228.363,-4.674,1.777,281,200.0,,,
2026-09-08T03:57:09.993491,36,9260,FRAME,181.886,230.14,-4.674,1.777,281,200.0,,,
2026-09-08T03:57:10.010233,36,9261,FRAME,177.213,231.917,-4.674,1.777,281,200.0,,,
2026-09-08T03:57:10.026866,36,9262,FRAME,172.539,233.694,-4.674,1.777,281,200.0,,,
2026-09-08T03:57:10.043113,36,9263,FRAME,167.866,235.472,-4.674,1.777,281,200.0,,,
2026-09-08T03:57:10.059409,36,9264,FRAME,163.192,237.249,-4.674,1.777,281,200.0,,,
2026-09-08T03:57:10.075532,36,9265,FRAME,158.519,239.026,-4.674,1.777,281,200.0,,,
2026-09-08T03:57:10.092374,36,9266,FRAME,153.845,240.803,-4.674,1.777,281,200.0,,,
2026-09-08T03:57:10.109510,36,9267,FRAME,149.172,242.58,-4.674,1.777,281,200.0,,,
2026-09-08T03:57:10.125946,36,9268,FRAME,144.498,244.358,-4.674,1.777,281,200.0,,,
2026-09-08T03:57:10.142419,36,9269,FRAME,139.825,246.135,-4.674,1.777,281,200.0,,,
2026-09-08T03:57:10.158733,36,9270,FRAME,135.151,247.912,-4.674,1.777,274,200.0,,,
2026-09-08T03:57:10.175676,36,9271,FRAME,130.478,249.689,-4.674,1.777,267,200.0,,,
2026-09-08T03:57:10.192726,36,9272,FRAME,125.804,251.466,-4.674,1.777,260,200.0,,,
2026-09-08T03:57:10.209558,36,9273,FRAME,121.131,253.243,-4.674,1.777,253,200.0,,,
2026-09-08T03:57:10.226184,36,9274,FRAME,116.457,255.021,-4.674,1.777,253,200.0,,,
2026-09-08T03:57:10.243360,36,9275,FRAME,111.784,256.798,-4.674,1.777,253,200.0,,,
2026-09-08T03:57:10.260137,36,9276,FRAME,107.11,258.575,-4.674,1.777,253,200.0,,,
2026-09-08T03:57:10.276062,36,9277,FRAME,102.437,260.352,-4.674,1.777,253,200.0,,,
2026-09-08T03:57:10.291827,36,9278,FRAME,97.763,262.129,-4.674,1.777,253,200.0,,,
2026-09-08T03:57:10.307557,36,9279,FRAME,93.09,263.907,-4.674,1.777,253,200.0,,,
2026-09-08T03:57:10.324078,36,9280,FRAME,88.416,265.684,-4.674,1.777,253,200.0,,,
2026-09-08T03:57:10.340290,36,9281,FRAME,83.743,267.461,-4.674,1.777,246,200.0,,,
2026-09-08T03:57:10.357226,36,9282,FRAME,79.069,269.238,-4.674,1.777,239,200.0,,,
2026-09-08T03:57:10.374415,36,9283,FRAME,74.396,271.015,-4.674,1.777,232,200.0,,,
2026-09-08T03:57:10.391165,36,9284,FRAME,69.722,272.793,-4.674,1.777,225,200.0,,,
2026-09-08T03:57:10.407227,36,9285,FRAME,65.049,274.57,-4.674,1.777,225,200.0,,,
2026-09-08T03:57:10.424280,36,9286,FRAME,60.375,276.347,-4.674,1.777,225,200.0,,,
2026-09-08T03:57:10.440822,36,9287,FRAME,55.702,278.124,-4.674,1.777,225,200.0,,,
2026-09-08T03:57:10.457590,36,9288,FRAME,51.028,279.901,-4.674,1.777,225,200.0,,,
2026-09-08T03:57:10.474095,36,9289,FRAME,46.355,281.678,-4.674,1.777,225,200.0,,,
2026-09-08T03:57:10.489750,36,9290,LEFT_HIT,45,283.456,4.773,1.491,225,200.0,0.289,17.347,
2026-09-08T03:57:10.489750,36,9291,FRAME,45,283.456,4.773,1.491,225,200.0,,,
2026-09-08T03:57:10.506208,36,9292,FRAME,49.773,284.946,4.773,1.491,225,200.0,,,
2026-09-08T03:57:10.523406,36,9293,FRAME,54.545,286.437,4.773,1.491,232,200.0,,,
2026-09-08T03:57:10.540533,36,9294,FRAME,59.318,287.928,4.773,1.491,239,200.0,,,
2026-09-08T03:57:10.557569,36,9295,FRAME,64.09,289.419,4.773,1.491,246,200.0,,,
2026-09-08T03:57:10.574080,36,9296,FRAME,68.863,290.91,4.773,1.491,253,200.0,,,
2026-09-08T03:57:10.590228,36,9297,FRAME,73.636,292.4,4.773,1.491,260,200.0,,,
2026-09-08T03:57:10.607212,36,9298,FRAME,78.408,293.891,4.773,1.491,267,200.0,,,
2026-09-08T03:57:10.624238,36,9299,FRAME,83.181,295.382,4.773,1.491,274,200.0,,,
2026-09-08T03:57:10.641273,36,9300,FRAME,87.953,296.873,4.773,1.491,274,200.0,,,
2026-09-08T03:57:10.658341,36,9301,FRAME,92.726,298.363,4.773,1.491,274,200.0,,,
2026-09-08T03:57:10.675375,36,9302,FRAME,97.498,299.854,4.773,1.491,274,200.0,,,
2026-09-08T03:57:10.692131,36,9303,FRAME,102.271,301.345,4.773,1.491,274,200.0,,,
2026-09-08T03:57:10.708191,36,9304,FRAME,107.044,302.836,4.773,1.491,274,200.0,,,
2026-09-08T03:57:10.724955,36,9305,FRAME,111.816,304.326,4.773,1.491,274,200.0,,,
2026-09-08T03:57:10.740247,36,9306,FRAME,116.589,305.817,4.773,1.491,281,200.0,,,
2026-09-08T03:57:10.757174,36,9307,FRAME,121.361,307.308,4.773,1.491,288,200.0,,,
2026-09-08T03:57:10.774155,36,9308,FRAME,126.134,308.799,4.773,1.491,295,200.0,,,
2026-09-08T03:57:10.791835,36,9309,FRAME,130.907,310.29,4.773,1.491,302,200.0,,,
2026-09-08T03:57:10.808087,36,9310,FRAME,135.679,311.78,4.773,1.491,309,200.0,,,
2026-09-08T03:57:10.825324,36,9311,FRAME,140.452,313.271,4.773,1.491,316,200.0,,,
2026-09-08T03:57:10.841916,36,9312,FRAME,145.224,314.762,4.773,1.491,323,200.0,,,
2026-09-08T03:57:10.858644,36,9313,FRAME,149.997,316.253,4.773,1.491,330,200.0,,,
2026-09-08T03:57:10.875116,36,9314,FRAME,154.77,317.743,4.773,1.491,330,200.0,,,
2026-09-08T03:57:10.891114,36,9315,FRAME,159.542,319.234,4.773,1.491,330,200.0,,,
2026-09-08T03:57:10.906911,36,9316,FRAME,164.315,320.725,4.773,1.491,330,200.0,,,
2026-09-08T03:57:10.923086,36,9317,FRAME,169.087,322.216,4.773,1.491,330,200.0,,,
2026-09-08T03:57:10.939176,36,9318,FRAME,173.86,323.707,4.773,1.491,330,200.0,,,
2026-09-08T03:57:10.955965,36,9319,FRAME,178.632,325.197,4.773,1.491,330,200.0,,,
2026-09-08T03:57:10.972235,36,9320,FRAME,183.405,326.688,4.773,1.491,330,200.0,,,
2026-09-08T03:57:10.989212,36,9321,FRAME,188.178,328.179,4.773,1.491,330,200.0,,,
2026-09-08T03:57:11.006967,36,9322,FRAME,192.95,329.67,4.773,1.491,330,200.0,,,
2026-09-08T03:57:11.024407,36,9323,FRAME,197.723,331.16,4.773,1.491,323,200.0,,,
2026-09-08T03:57:11.040892,36,9324,FRAME,202.495,332.651,4.773,1.491,316,200.0,,,
2026-09-08T03:57:11.057140,36,9325,FRAME,207.268,334.142,4.773,1.491,309,200.0,,,
2026-09-08T03:57:11.074128,36,9326,FRAME,212.041,335.633,4.773,1.491,302,200.0,,,
2026-09-08T03:57:11.091203,36,9327,FRAME,216.813,337.123,4.773,1.491,295,200.0,,,
2026-09-08T03:57:11.108542,36,9328,FRAME,221.586,338.614,4.773,1.491,295,200.0,,,
2026-09-08T03:57:11.125529,36,9329,FRAME,226.358,340.105,4.773,1.491,295,200.0,,,
2026-09-08T03:57:11.142759,36,9330,FRAME,231.131,341.596,4.773,1.491,295,200.0,,,
2026-09-08T03:57:11.159354,36,9331,FRAME,235.904,343.087,4.773,1.491,295,200.0,,,
2026-09-08T03:57:11.175409,36,9332,FRAME,240.676,344.577,4.773,1.491,295,200.0,,,
2026-09-08T03:57:11.192532,36,9333,FRAME,245.449,346.068,4.773,1.491,295,200.0,,,
2026-09-08T03:57:11.208837,36,9334,FRAME,250.221,347.559,4.773,1.491,295,200.0,,,
2026-09-08T03:57:11.224578,36,9335,FRAME,254.994,349.05,4.773,1.491,295,200.0,,,
2026-09-08T03:57:11.241133,36,9336,FRAME,259.766,350.54,4.773,1.491,295,200.0,,,
2026-09-08T03:57:11.257840,36,9337,FRAME,264.539,352.031,4.773,1.491,295,200.0,,,
2026-09-08T03:57:11.274009,36,9338,FRAME,269.312,353.522,4.773,1.491,302,200.0,,,
2026-09-08T03:57:11.290355,36,9339,FRAME,274.084,355.013,4.773,1.491,309,200.0,,,
2026-09-08T03:57:11.307835,36,9340,FRAME,278.857,356.504,4.773,1.491,316,200.0,,,
2026-09-08T03:57:11.325073,36,9341,FRAME,283.629,357.994,4.773,1.491,323,200.0,,,
2026-09-08T03:57:11.342202,36,9342,FRAME,288.402,359.485,4.773,1.491,330,200.0,,,
2026-09-08T03:57:11.358848,36,9343,FRAME,293.175,360.976,4.773,1.491,337,200.0,,,
2026-09-08T03:57:11.375062,36,9344,FRAME,297.947,362.467,4.773,1.491,344,200.0,,,
2026-09-08T03:57:11.391166,36,9345,FRAME,302.72,363.957,4.773,1.491,351,200.0,,,
2026-09-08T03:57:11.407665,36,9346,FRAME,307.492,365.448,4.773,1.491,358,200.0,,,
2026-09-08T03:57:11.424186,36,9347,FRAME,312.265,366.939,4.773,1.491,358,200.0,,,
2026-09-08T03:57:11.441120,36,9348,FRAME,317.038,368.43,4.773,1.491,358,200.0,,,
2026-09-08T03:57:11.457679,36,9349,FRAME,321.81,369.92,4.773,1.491,358,200.0,,,
2026-09-08T03:57:11.473970,36,9350,FRAME,326.583,371.411,4.773,1.491,358,200.0,,,
2026-09-08T03:57:11.489481,36,9351,FRAME,331.355,372.902,4.773,1.491,358,200.0,,,
2026-09-08T03:57:11.505354,36,9352,FRAME,336.128,374.393,4.773,1.491,358,200.0,,,
2026-09-08T03:57:11.522280,36,9353,FRAME,340.9,375.884,4.773,1.491,358,200.0,,,
2026-09-08T03:57:11.539014,36,9354,FRAME,345.673,377.374,4.773,1.491,358,200.0,,,
2026-09-08T03:57:11.555518,36,9355,FRAME,350.446,378.865,4.773,1.491,358,200.0,,,
2026-09-08T03:57:11.571819,36,9356,FRAME,355.218,380.356,4.773,1.491,365,200.0,,,
2026-09-08T03:57:11.587856,36,9357,FRAME,359.991,381.847,4.773,1.491,372,200.0,,,
2026-09-08T03:57:11.604244,36,9358,FRAME,364.763,383.337,4.773,1.491,379,200.0,,,
2026-09-08T03:57:11.621319,36,9359,FRAME,369.536,384.828,4.773,1.491,386,200.0,,,
2026-09-08T03:57:11.637681,36,9360,FRAME,374.309,386.319,4.773,1.491,393,200.0,,,
2026-09-08T03:57:11.653956,36,9361,FRAME,379.081,387.81,4.773,1.491,400,200.0,,,
2026-09-08T03:57:11.670256,36,9362,FRAME,383.854,389.301,4.773,1.491,400,200.0,,,
2026-09-08T03:57:11.688042,36,9363,FRAME,388.626,390.791,4.773,1.491,400,200.0,,,
2026-09-08T03:57:11.704086,36,9364,FRAME,393.399,392.282,4.773,1.491,400,200.0,,,
2026-09-08T03:57:11.720329,36,9365,FRAME,398.172,393.773,4.773,1.491,400,200.0,,,
2026-09-08T03:57:11.737027,36,9366,FRAME,402.944,395.264,4.773,1.491,400,200.0,,,
2026-09-08T03:57:11.752917,36,9367,FRAME,407.717,396.754,4.773,1.491,400,200.0,,,
2026-09-08T03:57:11.769769,36,9368,FRAME,412.489,398.245,4.773,1.491,400,200.0,,,
2026-09-08T03:57:11.786349,36,9369,FRAME,417.262,399.736,4.773,1.491,400,200.0,,,
2026-09-08T03:57:11.803113,36,9370,FRAME,422.034,401.227,4.773,1.491,400,200.0,,,
2026-09-08T03:57:11.819420,36,9371,FRAME,426.807,402.717,4.773,1.491,400,200.0,,,
2026-09-08T03:57:11.835593,36,9372,FRAME,431.58,404.208,4.773,1.491,400,200.0,,,
2026-09-08T03:57:11.851978,36,9373,FRAME,436.352,405.699,4.773,1.491,400,200.0,,,
2026-09-08T03:57:11.867973,36,9374,FRAME,441.125,407.19,4.773,1.491,400,200.0,,,
2026-09-08T03:57:11.884269,36,9375,FRAME,445.897,408.681,4.773,1.491,400,200.0,,,
2026-09-08T03:57:11.901165,36,9376,FRAME,450.67,410.171,4.773,1.491,400,200.0,,,
2026-09-08T03:57:11.916898,36,9377,FRAME,455.443,411.662,4.773,1.491,393,200.0,,,
2026-09-08T03:57:11.934086,36,9378,FRAME,460.215,413.153,4.773,1.491,386,200.0,,,
2026-09-08T03:57:11.950327,36,9379,FRAME,464.988,414.644,4.773,1.491,379,200.0,,,
2026-09-08T03:57:11.967347,36,9380,FRAME,469.76,416.134,4.773,1.491,372,200.0,,,
2026-09-08T03:57:11.984080,36,9381,FRAME,474.533,417.625,4.773,1.491,365,200.0,,,
2026-09-08T03:57:12.000416,36,9382,FRAME,479.306,419.116,4.773,1.491,358,200.0,,,
2026-09-08T03:57:12.017159,36,9383,FRAME,484.078,420.607,4.773,1.491,358,200.0,,,
2026-09-08T03:57:12.032260,36,9384,FRAME,488.851,422.097,4.773,1.491,358,200.0,,,
2026-09-08T03:57:12.049373,36,9385,FRAME,493.623,423.588,4.773,1.491,358,200.0,,,
2026-09-08T03:57:12.065982,36,9386,FRAME,498.396,425.079,4.773,1.491,358,200.0,,,
2026-09-08T03:57:12.082422,36,9387,FRAME,503.168,426.57,4.773,1.491,358,200.0,,,
2026-09-08T03:57:12.098359,36,9388,FRAME,507.941,428.061,4.773,1.491,358,200.0,,,
2026-09-08T03:57:12.114812,36,9389,FRAME,512.714,429.551,4.773,1.491,358,200.0,,,
2026-09-08T03:57:12.131493,36,9390,FRAME,517.486,431.042,4.773,1.491,358,200.0,,,
2026-09-08T03:57:12.147558,36,9391,FRAME,522.259,432.533,4.773,1.491,358,200.0,,,
2026-09-08T03:57:12.164139,36,9392,FRAME,527.031,434.024,4.773,1.491,358,200.0,,,
2026-09-08T03:57:12.181344,36,9393,FRAME,531.804,435.514,4.773,1.491,358,200.0,,,
2026-09-08T03:57:12.197851,36,9394,FRAME,536.577,437.005,4.773,1.491,358,200.0,,,
2026-09-08T03:57:12.214390,36,9395,FRAME,541.349,438.496,4.773,1.491,358,200.0,,,
2026-09-08T03:57:12.230817,36,9396,FRAME,546.122,439.987,4.773,1.491,365,200.0,,,
2026-09-08T03:57:12.246883,36,9397,FRAME,550.894,441.478,4.773,1.491,372,200.0,,,
2026-09-08T03:57:12.263177,36,9398,FRAME,555.667,442.968,4.773,1.491,379,200.0,,,
2026-09-08T03:57:12.279409,36,9399,FRAME,560.44,444.459,4.773,1.491,386,200.0,,,
2026-09-08T03:57:12.297004,36,9400,FRAME,565.212,445.95,4.773,1.491,393,200.0,,,
2026-09-08T03:57:12.314533,36,9401,FRAME,569.985,447.441,4.773,1.491,400,200.0,,,
2026-09-08T03:57:12.330972,36,9402,FRAME,574.757,448.931,4.773,1.491,400,200.0,,,
2026-09-08T03:57:12.347320,36,9403,FRAME,579.53,450.422,4.773,1.491,400,200.0,,,
2026-09-08T03:57:12.364025,36,9404,FRAME,584.302,451.913,4.773,1.491,400,200.0,,,
2026-09-08T03:57:12.380673,36,9405,FRAME,589.075,453.404,4.773,1.491,400,200.0,,,
2026-09-08T03:57:12.397399,36,9406,FRAME,593.848,454.894,4.773,1.491,400,200.0,,,
2026-09-08T03:57:12.414286,36,9407,FRAME,598.62,456.385,4.773,1.491,400,200.0,,,
2026-09-08T03:57:12.431684,36,9408,FRAME,603.393,457.876,4.773,1.491,400,200.0,,,
2026-09-08T03:57:12.448368,36,9409,FRAME,608.165,459.367,4.773,1.491,400,200.0,,,
2026-09-08T03:57:12.465679,36,9410,FRAME,612.938,460.858,4.773,1.491,400,200.0,,,
2026-09-08T03:57:12.482439,36,9411,FRAME,617.711,462.348,4.773,1.491,400,200.0,,,
2026-09-08T03:57:12.498660,36,9412,FRAME,622.483,463.839,4.773,1.491,400,200.0,,,
2026-09-08T03:57:12.515644,36,9413,FRAME,627.256,465.33,4.773,1.491,400,200.0,,,
2026-09-08T03:57:12.532678,36,9414,FRAME,632.028,466.821,4.773,1.491,393,200.0,,,
2026-09-08T03:57:12.549491,36,9415,FRAME,636.801,468.311,4.773,1.491,386,200.0,,,
2026-09-08T03:57:12.566486,36,9416,FRAME,641.574,469.802,4.773,1.491,379,200.0,,,
2026-09-08T03:57:12.582530,36,9417,FRAME,646.346,471.293,4.773,1.491,372,200.0,,,
2026-09-08T03:57:12.599076,36,9418,FRAME,651.119,472.784,4.773,1.491,365,200.0,,,
2026-09-08T03:57:12.615183,36,9419,FRAME,655.891,474.275,4.773,1.491,358,200.0,,,
2026-09-08T03:57:12.632361,36,9420,FRAME,660.664,475.765,4.773,1.491,351,200.0,,,
2026-09-08T03:57:12.649336,36,9421,FRAME,665.436,477.256,4.773,1.491,344,200.0,,,
2026-09-08T03:57:12.666079,36,9422,FRAME,670.209,478.747,4.773,1.491,337,200.0,,,
2026-09-08T03:57:12.682271,36,9423,FRAME,674.982,480.238,4.773,1.491,337,200.0,,,
2026-09-08T03:57:12.698916,36,9424,FRAME,679.754,481.728,4.773,1.491,337,200.0,,,
2026-09-08T03:57:12.715297,36,9425,FRAME,684.527,483.219,4.773,1.491,337,200.0,,,
2026-09-08T03:57:12.731504,36,9426,FRAME,689.299,484.71,4.773,1.491,337,200.0,,,
2026-09-08T03:57:12.748328,36,9427,FRAME,694.072,486.201,4.773,1.491,337,200.0,,,
2026-09-08T03:57:12.765322,36,9428,FRAME,698.845,487.691,4.773,1.491,337,200.0,,,
2026-09-08T03:57:12.781363,36,9429,WALL_BOUNCE,703.617,488,4.773,-1.491,337,200.0,,,
2026-09-08T03:57:12.781363,36,9430,FRAME,703.617,488,4.773,-1.491,337,200.0,,,
2026-09-08T03:57:12.798947,36,9431,FRAME,708.39,486.509,4.773,-1.491,337,200.0,,,
2026-09-08T03:57:12.815436,36,9432,FRAME,713.162,485.018,4.773,-1.491,337,200.0,,,
2026-09-08T03:57:12.831559,36,9433,FRAME,717.935,483.528,4.773,-1.491,337,200.0,,,
2026-09-08T03:57:12.847636,36,9434,FRAME,722.708,482.037,4.773,-1.491,337,200.0,,,
2026-09-08T03:57:12.864324,36,9435,FRAME,727.48,480.546,4.773,-1.491,337,200.0,,,
2026-09-08T03:57:12.881445,36,9436,FRAME,732.253,479.055,4.773,-1.491,337,200.0,,,
2026-09-08T03:57:12.899030,36,9437,FRAME,737.025,477.565,4.773,-1.491,337,200.0,,,
2026-09-08T03:57:12.915449,36,9438,FRAME,741.798,476.074,4.773,-1.491,337,200.0,,,
2026-09-08T03:57:12.932111,36,9439,FRAME,746.57,474.583,4.773,-1.491,337,200.0,,,
2026-09-08T03:57:12.949810,36,9440,FRAME,751.343,473.092,4.773,-1.491,344,200.0,,,
2026-09-08T03:57:12.966282,36,9441,FRAME,756.116,471.602,4.773,-1.491,351,200.0,,,
2026-09-08T03:57:12.982839,36,9442,FRAME,760.888,470.111,4.773,-1.491,358,200.0,,,
2026-09-08T03:57:12.998977,36,9443,FRAME,765.661,468.62,4.773,-1.491,365,200.0,,,
2026-09-08T03:57:13.015375,36,9444,FRAME,770.433,467.129,4.773,-1.491,372,200.0,,,
2026-09-08T03:57:13.031789,36,9445,FRAME,775.206,465.638,4.773,-1.491,379,200.0,,,
2026-09-08T03:57:13.048455,36,9446,FRAME,779.979,464.148,4.773,-1.491,386,200.0,,,
2026-09-08T03:57:13.065382,36,9447,FRAME,784.751,462.657,4.773,-1.491,393,200.0,,,
2026-09-08T03:57:13.082616,36,9448,FRAME,789.524,461.166,4.773,-1.491,400,200.0,,,
2026-09-08T03:57:13.099097,36,9449,FRAME,794.296,459.675,4.773,-1.491,400,200.0,,,
2026-09-08T03:57:13.115285,36,9450,FRAME,799.069,458.185,4.773,-1.491,400,200.0,,,
2026-09-08T03:57:13.132260,36,9451,FRAME,803.842,456.694,4.773,-1.491,400,200.0,,,
2026-09-08T03:57:13.132260,36,9452,MISS_RIGHT,803.842,456.694,4.773,-1.491,400,200.0,,,LEFT
2026-09-08T03:57:13.149257,37,9453,FRAME,332.133,273.544,-4.134,2.813,400,200.0,,,
2026-09-08T03:57:13.166504,37,9454,FRAME,327.999,276.356,-4.134,2.813,400,200.0,,,
2026-09-08T03:57:13.183299,37,9455,FRAME,323.865,279.169,-4.134,2.813,400,200.0,,,
2026-09-08T03:57:13.200400,37,9456,FRAME,319.731,281.981,-4.134,2.813,400,200.0,,,
2026-09-08T03:57:13.218158,37,9457,FRAME,315.597,284.794,-4.134,2.813,400,200.0,,,
2026-09-08T03:57:13.234292,37,9458,FRAME,311.463,287.607,-4.134,2.813,400,200.0,,,
2026-09-08T03:57:13.250741,37,9459,FRAME,307.329,290.419,-4.134,2.813,400,200.0,,,
2026-09-08T03:57:13.267366,37,9460,FRAME,303.195,293.232,-4.134,2.813,400,200.0,,,
2026-09-08T03:57:13.284170,37,9461,FRAME,299.061,296.044,-4.134,2.813,400,200.0,,,
2026-09-08T03:57:13.301601,37,9462,FRAME,294.927,298.857,-4.134,2.813,400,200.0,,,
2026-09-08T03:57:13.318480,37,9463,FRAME,290.793,301.669,-4.134,2.813,400,200.0,,,
2026-09-08T03:57:13.334258,37,9464,FRAME,286.659,304.482,-4.134,2.813,400,200.0,,,
2026-09-08T03:57:13.351610,37,9465,FRAME,282.525,307.294,-4.134,2.813,400,200.0,,,
2026-09-08T03:57:13.367997,37,9466,FRAME,278.391,310.107,-4.134,2.813,400,200.0,,,
2026-09-08T03:57:13.384842,37,9467,FRAME,274.257,312.919,-4.134,2.813,393,200.0,,,
2026-09-08T03:57:13.400906,37,9468,FRAME,270.123,315.732,-4.134,2.813,386,200.0,,,
2026-09-08T03:57:13.417114,37,9469,FRAME,265.989,318.544,-4.134,2.813,379,200.0,,,
2026-09-08T03:57:13.433202,37,9470,FRAME,261.855,321.357,-4.134,2.813,372,200.0,,,
2026-09-08T03:57:13.450551,37,9471,FRAME,257.721,324.169,-4.134,2.813,365,200.0,,,
2026-09-08T03:57:13.467320,37,9472,FRAME,253.587,326.982,-4.134,2.813,358,200.0,,,
2026-09-08T03:57:13.484362,37,9473,FRAME,249.454,329.794,-4.134,2.813,351,200.0,,,
2026-09-08T03:57:13.500947,37,9474,FRAME,245.32,332.607,-4.134,2.813,344,200.0,,,
2026-09-08T03:57:13.517203,37,9475,FRAME,241.186,335.419,-4.134,2.813,344,200.0,,,
2026-09-08T03:57:13.534392,37,9476,FRAME,237.052,338.232,-4.134,2.813,344,200.0,,,
2026-09-08T03:57:13.550432,37,9477,FRAME,232.918,341.044,-4.134,2.813,344,200.0,,,
2026-09-08T03:57:13.567429,37,9478,FRAME,228.784,343.857,-4.134,2.813,344,200.0,,,
2026-09-08T03:57:13.583625,37,9479,FRAME,224.65,346.67,-4.134,2.813,344,200.0,,,
2026-09-08T03:57:13.600187,37,9480,FRAME,220.516,349.482,-4.134,2.813,344,200.0,,,
2026-09-08T03:57:13.617067,37,9481,FRAME,216.382,352.295,-4.134,2.813,344,200.0,,,
2026-09-08T03:57:13.633274,37,9482,FRAME,212.248,355.107,-4.134,2.813,344,200.0,,,
2026-09-08T03:57:13.650151,37,9483,FRAME,208.114,357.92,-4.134,2.813,344,200.0,,,
2026-09-08T03:57:13.666541,37,9484,FRAME,203.98,360.732,-4.134,2.813,344,200.0,,,
2026-09-08T03:57:13.682977,37,9485,FRAME,199.846,363.545,-4.134,2.813,344,200.0,,,
2026-09-08T03:57:13.699042,37,9486,FRAME,195.712,366.357,-4.134,2.813,344,200.0,,,
2026-09-08T03:57:13.715532,37,9487,FRAME,191.578,369.17,-4.134,2.813,344,200.0,,,
2026-09-08T03:57:13.732447,37,9488,FRAME,187.444,371.982,-4.134,2.813,344,200.0,,,
2026-09-08T03:57:13.748661,37,9489,FRAME,183.31,374.795,-4.134,2.813,344,200.0,,,
2026-09-08T03:57:13.765072,37,9490,FRAME,179.176,377.607,-4.134,2.813,344,200.0,,,
2026-09-08T03:57:13.781146,37,9491,FRAME,175.042,380.42,-4.134,2.813,344,200.0,,,
2026-09-08T03:57:13.797403,37,9492,FRAME,170.908,383.232,-4.134,2.813,344,200.0,,,
2026-09-08T03:57:13.814266,37,9493,FRAME,166.774,386.045,-4.134,2.813,344,200.0,,,
2026-09-08T03:57:13.831165,37,9494,FRAME,162.64,388.857,-4.134,2.813,344,200.0,,,
2026-09-08T03:57:13.848831,37,9495,FRAME,158.506,391.67,-4.134,2.813,344,200.0,,,
2026-09-08T03:57:13.865193,37,9496,FRAME,154.372,394.482,-4.134,2.813,344,200.0,,,
2026-09-08T03:57:13.882304,37,9497,FRAME,150.238,397.295,-4.134,2.813,344,200.0,,,
2026-09-08T03:57:13.899109,37,9498,FRAME,146.104,400.108,-4.134,2.813,344,200.0,,,
2026-09-08T03:57:13.916127,37,9499,FRAME,141.97,402.92,-4.134,2.813,344,200.0,,,
2026-09-08T03:57:13.932638,37,9500,FRAME,137.836,405.733,-4.134,2.813,344,200.0,,,
2026-09-08T03:57:13.949467,37,9501,FRAME,133.702,408.545,-4.134,2.813,344,200.0,,,
2026-09-08T03:57:13.966245,37,9502,FRAME,129.568,411.358,-4.134,2.813,344,200.0,,,
2026-09-08T03:57:13.982980,37,9503,FRAME,125.434,414.17,-4.134,2.813,344,200.0,,,
2026-09-08T03:57:13.999273,37,9504,FRAME,121.3,416.983,-4.134,2.813,344,200.0,,,
2026-09-08T03:57:14.015323,37,9505,FRAME,117.166,419.795,-4.134,2.813,344,200.0,,,
2026-09-08T03:57:14.031823,37,9506,FRAME,113.033,422.608,-4.134,2.813,344,200.0,,,
2026-09-08T03:57:14.048084,37,9507,FRAME,108.899,425.42,-4.134,2.813,344,200.0,,,
2026-09-08T03:57:14.064150,37,9508,FRAME,104.765,428.233,-4.134,2.813,344,200.0,,,
2026-09-08T03:57:14.081316,37,9509,FRAME,100.631,431.045,-4.134,2.813,344,200.0,,,
2026-09-08T03:57:14.098346,37,9510,FRAME,96.497,433.858,-4.134,2.813,344,200.0,,,
2026-09-08T03:57:14.115320,37,9511,FRAME,92.363,436.67,-4.134,2.813,344,200.0,,,
2026-09-08T03:57:14.132532,37,9512,FRAME,88.229,439.483,-4.134,2.813,351,200.0,,,
2026-09-08T03:57:14.149472,37,9513,FRAME,84.095,442.295,-4.134,2.813,358,200.0,,,
2026-09-08T03:57:14.166501,37,9514,FRAME,79.961,445.108,-4.134,2.813,365,200.0,,,
2026-09-08T03:57:14.182781,37,9515,FRAME,75.827,447.92,-4.134,2.813,372,200.0,,,
2026-09-08T03:57:14.199608,37,9516,FRAME,71.693,450.733,-4.134,2.813,379,200.0,,,
2026-09-08T03:57:14.216026,37,9517,FRAME,67.559,453.545,-4.134,2.813,386,200.0,,,
2026-09-08T03:57:14.232052,37,9518,FRAME,63.425,456.358,-4.134,2.813,393,200.0,,,
2026-09-08T03:57:14.248029,37,9519,FRAME,59.291,459.171,-4.134,2.813,400,200.0,,,
2026-09-08T03:57:14.264083,37,9520,FRAME,55.157,461.983,-4.134,2.813,400,200.0,,,
2026-09-08T03:57:14.280012,37,9521,FRAME,51.023,464.796,-4.134,2.813,400,200.0,,,
2026-09-08T03:57:14.296164,37,9522,FRAME,46.889,467.608,-4.134,2.813,400,200.0,,,
2026-09-08T03:57:14.313241,37,9523,LEFT_HIT,45,470.421,4.254,2.628,400,200.0,0.528,31.705,
2026-09-08T03:57:14.313241,37,9524,FRAME,45,470.421,4.254,2.628,400,200.0,,,
2026-09-08T03:57:14.330611,37,9525,FRAME,49.254,473.048,4.254,2.628,400,200.0,,,
2026-09-08T03:57:14.346482,37,9526,FRAME,53.508,475.676,4.254,2.628,400,200.0,,,
2026-09-08T03:57:14.363220,37,9527,FRAME,57.762,478.304,4.254,2.628,400,200.0,,,
2026-09-08T03:57:14.380388,37,9528,FRAME,62.015,480.931,4.254,2.628,400,200.0,,,
2026-09-08T03:57:14.397486,37,9529,FRAME,66.269,483.559,4.254,2.628,400,200.0,,,
2026-09-08T03:57:14.414470,37,9530,FRAME,70.523,486.187,4.254,2.628,400,200.0,,,
2026-09-08T03:57:14.431262,37,9531,WALL_BOUNCE,74.777,488,4.254,-2.628,400,200.0,,,
2026-09-08T03:57:14.431262,37,9532,FRAME,74.777,488,4.254,-2.628,400,200.0,,,
2026-09-08T03:57:14.448302,37,9533,FRAME,79.031,485.372,4.254,-2.628,400,200.0,,,
2026-09-08T03:57:14.465226,37,9534,FRAME,83.285,482.745,4.254,-2.628,400,200.0,,,
2026-09-08T03:57:14.482082,37,9535,FRAME,87.538,480.117,4.254,-2.628,400,200.0,,,
2026-09-08T03:57:14.497801,37,9536,FRAME,91.792,477.489,4.254,-2.628,400,200.0,,,
2026-09-08T03:57:14.514445,37,9537,FRAME,96.046,474.861,4.254,-2.628,400,200.0,,,
2026-09-08T03:57:14.531674,37,9538,FRAME,100.3,472.234,4.254,-2.628,400,200.0,,,
2026-09-08T03:57:14.548221,37,9539,FRAME,104.554,469.606,4.254,-2.628,400,200.0,,,
2026-09-08T03:57:14.565060,37,9540,FRAME,108.808,466.978,4.254,-2.628,400,200.0,,,
2026-09-08T03:57:14.582773,37,9541,FRAME,113.061,464.351,4.254,-2.628,400,200.0,,,
2026-09-08T03:57:14.598926,37,9542,FRAME,117.315,461.723,4.254,-2.628,400,200.0,,,
2026-09-08T03:57:14.615102,37,9543,FRAME,121.569,459.095,4.254,-2.628,400,200.0,,,
2026-09-08T03:57:14.631978,37,9544,FRAME,125.823,456.467,4.254,-2.628,400,200.0,,,
2026-09-08T03:57:14.648011,37,9545,FRAME,130.077,453.84,4.254,-2.628,400,200.0,,,
2026-09-08T03:57:14.664131,37,9546,FRAME,134.331,451.212,4.254,-2.628,400,200.0,,,
2026-09-08T03:57:14.681166,37,9547,FRAME,138.584,448.584,4.254,-2.628,400,200.0,,,
2026-09-08T03:57:14.698082,37,9548,FRAME,142.838,445.957,4.254,-2.628,400,200.0,,,
2026-09-08T03:57:14.714953,37,9549,FRAME,147.092,443.329,4.254,-2.628,393,200.0,,,
2026-09-08T03:57:14.731189,37,9550,FRAME,151.346,440.701,4.254,-2.628,386,200.0,,,
2026-09-08T03:57:14.748306,37,9551,FRAME,155.6,438.073,4.254,-2.628,379,200.0,,,
2026-09-08T03:57:14.765611,37,9552,FRAME,159.854,435.446,4.254,-2.628,372,200.0,,,
2026-09-08T03:57:14.782206,37,9553,FRAME,164.107,432.818,4.254,-2.628,365,200.0,,,
2026-09-08T03:57:14.799851,37,9554,FRAME,168.361,430.19,4.254,-2.628,358,200.0,,,
2026-09-08T03:57:14.816433,37,9555,FRAME,172.615,427.563,4.254,-2.628,351,200.0,,,
2026-09-08T03:57:14.833273,37,9556,FRAME,176.869,424.935,4.254,-2.628,344,200.0,,,
2026-09-08T03:57:14.849891,37,9557,FRAME,181.123,422.307,4.254,-2.628,337,200.0,,,
2026-09-08T03:57:14.866434,37,9558,FRAME,185.377,419.679,4.254,-2.628,330,200.0,,,
2026-09-08T03:57:14.883966,37,9559,FRAME,189.63,417.052,4.254,-2.628,330,200.0,,,
2026-09-08T03:57:14.899726,37,9560,FRAME,193.884,414.424,4.254,-2.628,330,200.0,,,
2026-09-08T03:57:14.915963,37,9561,FRAME,198.138,411.796,4.254,-2.628,330,200.0,,,
2026-09-08T03:57:14.932448,37,9562,FRAME,202.392,409.169,4.254,-2.628,330,200.0,,,
2026-09-08T03:57:14.949307,37,9563,FRAME,206.646,406.541,4.254,-2.628,330,200.0,,,
2026-09-08T03:57:14.965348,37,9564,FRAME,210.9,403.913,4.254,-2.628,330,200.0,,,
2026-09-08T03:57:14.982017,37,9565,FRAME,215.153,401.286,4.254,-2.628,330,200.0,,,
2026-09-08T03:57:14.998968,37,9566,FRAME,219.407,398.658,4.254,-2.628,330,200.0,,,
2026-09-08T03:57:15.015396,37,9567,FRAME,223.661,396.03,4.254,-2.628,330,200.0,,,
2026-09-08T03:57:15.032099,37,9568,FRAME,227.915,393.402,4.254,-2.628,330,200.0,,,
2026-09-08T03:57:15.048431,37,9569,FRAME,232.169,390.775,4.254,-2.628,330,200.0,,,
2026-09-08T03:57:15.065258,37,9570,FRAME,236.423,388.147,4.254,-2.628,330,200.0,,,
2026-09-08T03:57:15.081635,37,9571,FRAME,240.677,385.519,4.254,-2.628,330,200.0,,,
2026-09-08T03:57:15.097778,37,9572,FRAME,244.93,382.892,4.254,-2.628,330,200.0,,,
2026-09-08T03:57:15.114280,37,9573,FRAME,249.184,380.264,4.254,-2.628,330,200.0,,,
2026-09-08T03:57:15.131422,37,9574,FRAME,253.438,377.636,4.254,-2.628,330,200.0,,,
2026-09-08T03:57:15.148411,37,9575,FRAME,257.692,375.008,4.254,-2.628,330,200.0,,,
2026-09-08T03:57:15.165265,37,9576,FRAME,261.946,372.381,4.254,-2.628,330,200.0,,,
2026-09-08T03:57:15.182774,37,9577,FRAME,266.2,369.753,4.254,-2.628,330,200.0,,,
2026-09-08T03:57:15.199453,37,9578,FRAME,270.453,367.125,4.254,-2.628,330,200.0,,,
2026-09-08T03:57:15.216280,37,9579,FRAME,274.707,364.498,4.254,-2.628,330,200.0,,,
2026-09-08T03:57:15.233050,37,9580,FRAME,278.961,361.87,4.254,-2.628,330,200.0,,,
2026-09-08T03:57:15.249754,37,9581,FRAME,283.215,359.242,4.254,-2.628,330,200.0,,,
2026-09-08T03:57:15.266780,37,9582,FRAME,287.469,356.614,4.254,-2.628,330,200.0,,,
2026-09-08T03:57:15.283997,37,9583,FRAME,291.723,353.987,4.254,-2.628,330,200.0,,,
2026-09-08T03:57:15.299893,37,9584,FRAME,295.976,351.359,4.254,-2.628,330,200.0,,,
2026-09-08T03:57:15.316360,37,9585,FRAME,300.23,348.731,4.254,-2.628,330,200.0,,,
2026-09-08T03:57:15.333245,37,9586,FRAME,304.484,346.104,4.254,-2.628,330,200.0,,,
2026-09-08T03:57:15.350308,37,9587,FRAME,308.738,343.476,4.254,-2.628,330,200.0,,,
2026-09-08T03:57:15.367894,37,9588,FRAME,312.992,340.848,4.254,-2.628,330,200.0,,,
2026-09-08T03:57:15.384284,37,9589,FRAME,317.246,338.22,4.254,-2.628,330,200.0,,,
2026-09-08T03:57:15.401869,37,9590,FRAME,321.499,335.593,4.254,-2.628,330,200.0,,,
2026-09-08T03:57:15.418462,37,9591,FRAME,325.753,332.965,4.254,-2.628,330,200.0,,,
2026-09-08T03:57:15.434966,37,9592,FRAME,330.007,330.337,4.254,-2.628,330,200.0,,,
2026-09-08T03:57:15.451530,37,9593,FRAME,334.261,327.71,4.254,-2.628,330,200.0,,,
2026-09-08T03:57:15.468087,37,9594,FRAME,338.515,325.082,4.254,-2.628,330,200.0,,,
2026-09-08T03:57:15.484159,37,9595,FRAME,342.769,322.454,4.254,-2.628,330,200.0,,,
2026-09-08T03:57:15.501718,37,9596,FRAME,347.022,319.826,4.254,-2.628,330,200.0,,,
2026-09-08T03:57:15.518207,37,9597,FRAME,351.276,317.199,4.254,-2.628,330,200.0,,,
2026-09-08T03:57:15.535417,37,9598,FRAME,355.53,314.571,4.254,-2.628,330,200.0,,,
2026-09-08T03:57:15.552228,37,9599,FRAME,359.784,311.943,4.254,-2.628,330,200.0,,,
2026-09-08T03:57:15.569195,37,9600,FRAME,364.038,309.316,4.254,-2.628,330,200.0,,,
2026-09-08T03:57:15.585971,37,9601,FRAME,368.292,306.688,4.254,-2.628,330,200.0,,,
2026-09-08T03:57:15.601735,37,9602,FRAME,372.545,304.06,4.254,-2.628,330,200.0,,,
2026-09-08T03:57:15.617628,37,9603,FRAME,376.799,301.432,4.254,-2.628,330,200.0,,,
2026-09-08T03:57:15.634093,37,9604,FRAME,381.053,298.805,4.254,-2.628,330,200.0,,,
2026-09-08T03:57:15.649774,37,9605,FRAME,385.307,296.177,4.254,-2.628,330,200.0,,,
2026-09-08T03:57:15.665360,37,9606,FRAME,389.561,293.549,4.254,-2.628,330,200.0,,,
2026-09-08T03:57:15.681529,37,9607,FRAME,393.815,290.922,4.254,-2.628,330,200.0,,,
2026-09-08T03:57:15.698464,37,9608,FRAME,398.068,288.294,4.254,-2.628,330,200.0,,,
2026-09-08T03:57:15.714839,37,9609,FRAME,402.322,285.666,4.254,-2.628,330,200.0,,,
2026-09-08T03:57:15.731416,37,9610,FRAME,406.576,283.038,4.254,-2.628,330,200.0,,,
2026-09-08T03:57:15.748176,37,9611,FRAME,410.83,280.411,4.254,-2.628,330,200.0,,,
2026-09-08T03:57:15.765248,37,9612,FRAME,415.084,277.783,4.254,-2.628,330,200.0,,,
2026-09-08T03:57:15.782622,37,9613,FRAME,419.338,275.155,4.254,-2.628,330,200.0,,,
2026-09-08T03:57:15.799393,37,9614,FRAME,423.592,272.528,4.254,-2.628,330,200.0,,,
2026-09-08T03:57:15.815302,37,9615,FRAME,427.845,269.9,4.254,-2.628,330,200.0,,,
2026-09-08T03:57:15.832840,37,9616,FRAME,432.099,267.272,4.254,-2.628,330,200.0,,,
2026-09-08T03:57:15.849162,37,9617,FRAME,436.353,264.645,4.254,-2.628,330,200.0,,,
2026-09-08T03:57:15.865316,37,9618,FRAME,440.607,262.017,4.254,-2.628,330,200.0,,,
2026-09-08T03:57:15.882010,37,9619,FRAME,444.861,259.389,4.254,-2.628,330,200.0,,,
2026-09-08T03:57:15.898061,37,9620,FRAME,449.115,256.761,4.254,-2.628,330,200.0,,,
2026-09-08T03:57:15.914322,37,9621,FRAME,453.368,254.134,4.254,-2.628,330,200.0,,,
2026-09-08T03:57:15.930942,37,9622,FRAME,457.622,251.506,4.254,-2.628,330,200.0,,,
2026-09-08T03:57:15.947235,37,9623,FRAME,461.876,248.878,4.254,-2.628,330,200.0,,,
2026-09-08T03:57:15.964244,37,9624,FRAME,466.13,246.251,4.254,-2.628,330,200.0,,,
2026-09-08T03:57:15.981226,37,9625,FRAME,470.384,243.623,4.254,-2.628,330,200.0,,,
2026-09-08T03:57:15.998570,37,9626,FRAME,474.638,240.995,4.254,-2.628,330,200.0,,,
2026-09-08T03:57:16.015690,37,9627,FRAME,478.891,238.367,4.254,-2.628,330,200.0,,,
2026-09-08T03:57:16.032547,37,9628,FRAME,483.145,235.74,4.254,-2.628,330,200.0,,,
2026-09-08T03:57:16.048500,37,9629,FRAME,487.399,233.112,4.254,-2.628,330,200.0,,,
2026-09-08T03:57:16.065440,37,9630,FRAME,491.653,230.484,4.254,-2.628,330,200.0,,,
2026-09-08T03:57:16.082611,37,9631,FRAME,495.907,227.857,4.254,-2.628,330,200.0,,,
2026-09-08T03:57:16.098800,37,9632,FRAME,500.161,225.229,4.254,-2.628,330,200.0,,,
2026-09-08T03:57:16.115261,37,9633,FRAME,504.414,222.601,4.254,-2.628,330,200.0,,,
2026-09-08T03:57:16.132329,37,9634,FRAME,508.668,219.973,4.254,-2.628,330,200.0,,,
2026-09-08T03:57:16.150777,37,9635,FRAME,512.922,217.346,4.254,-2.628,330,200.0,,,
2026-09-08T03:57:16.166942,37,9636,FRAME,517.176,214.718,4.254,-2.628,330,200.0,,,
2026-09-08T03:57:16.182786,37,9637,FRAME,521.43,212.09,4.254,-2.628,330,200.0,,,
2026-09-08T03:57:16.198927,37,9638,FRAME,525.684,209.463,4.254,-2.628,330,200.0,,,
2026-09-08T03:57:16.215209,37,9639,FRAME,529.937,206.835,4.254,-2.628,330,200.0,,,
2026-09-08T03:57:16.232098,37,9640,FRAME,534.191,204.207,4.254,-2.628,330,200.0,,,
2026-09-08T03:57:16.248149,37,9641,FRAME,538.445,201.579,4.254,-2.628,330,200.0,,,
2026-09-08T03:57:16.264085,37,9642,FRAME,542.699,198.952,4.254,-2.628,330,200.0,,,
2026-09-08T03:57:16.280518,37,9643,FRAME,546.953,196.324,4.254,-2.628,330,200.0,,,
2026-09-08T03:57:16.297364,37,9644,FRAME,551.207,193.696,4.254,-2.628,330,200.0,,,
2026-09-08T03:57:16.314358,37,9645,FRAME,555.46,191.069,4.254,-2.628,330,200.0,,,
2026-09-08T03:57:16.331046,37,9646,FRAME,559.714,188.441,4.254,-2.628,330,200.0,,,
2026-09-08T03:57:16.347442,37,9647,FRAME,563.968,185.813,4.254,-2.628,330,200.0,,,
2026-09-08T03:57:16.364051,37,9648,FRAME,568.222,183.185,4.254,-2.628,330,200.0,,,
2026-09-08T03:57:16.380657,37,9649,FRAME,572.476,180.558,4.254,-2.628,330,200.0,,,
2026-09-08T03:57:16.396415,37,9650,FRAME,576.73,177.93,4.254,-2.628,330,200.0,,,
2026-09-08T03:57:16.414118,37,9651,FRAME,580.984,175.302,4.254,-2.628,330,200.0,,,
2026-09-08T03:57:16.430298,37,9652,FRAME,585.237,172.675,4.254,-2.628,330,200.0,,,
2026-09-08T03:57:16.447318,37,9653,FRAME,589.491,170.047,4.254,-2.628,330,200.0,,,
2026-09-08T03:57:16.463983,37,9654,FRAME,593.745,167.419,4.254,-2.628,330,200.0,,,
2026-09-08T03:57:16.480059,37,9655,FRAME,597.999,164.791,4.254,-2.628,330,200.0,,,
2026-09-08T03:57:16.496028,37,9656,FRAME,602.253,162.164,4.254,-2.628,330,200.0,,,
2026-09-08T03:57:16.511905,37,9657,FRAME,606.507,159.536,4.254,-2.628,330,200.0,,,
2026-09-08T03:57:16.528726,37,9658,FRAME,610.76,156.908,4.254,-2.628,330,200.0,,,
2026-09-08T03:57:16.545421,37,9659,FRAME,615.014,154.281,4.254,-2.628,330,200.0,,,
2026-09-08T03:57:16.561435,37,9660,FRAME,619.268,151.653,4.254,-2.628,330,200.0,,,
2026-09-08T03:57:16.578026,37,9661,FRAME,623.522,149.025,4.254,-2.628,330,200.0,,,
2026-09-08T03:57:16.593969,37,9662,FRAME,627.776,146.397,4.254,-2.628,330,200.0,,,
2026-09-08T03:57:16.610056,37,9663,FRAME,632.03,143.77,4.254,-2.628,330,200.0,,,
2026-09-08T03:57:16.626102,37,9664,FRAME,636.283,141.142,4.254,-2.628,330,200.0,,,
2026-09-08T03:57:16.642544,37,9665,FRAME,640.537,138.514,4.254,-2.628,330,200.0,,,
2026-09-08T03:57:16.659337,37,9666,FRAME,644.791,135.887,4.254,-2.628,330,200.0,,,
2026-09-08T03:57:16.675956,37,9667,FRAME,649.045,133.259,4.254,-2.628,330,200.0,,,
2026-09-08T03:57:16.691954,37,9668,FRAME,653.299,130.631,4.254,-2.628,330,200.0,,,
2026-09-08T03:57:16.708470,37,9669,FRAME,657.553,128.004,4.254,-2.628,330,200.0,,,
2026-09-08T03:57:16.724337,37,9670,FRAME,661.806,125.376,4.254,-2.628,330,200.0,,,
2026-09-08T03:57:16.740414,37,9671,FRAME,666.06,122.748,4.254,-2.628,330,200.0,,,
2026-09-08T03:57:16.756522,37,9672,FRAME,670.314,120.12,4.254,-2.628,330,200.0,,,
2026-09-08T03:57:16.773286,37,9673,FRAME,674.568,117.493,4.254,-2.628,330,200.0,,,
2026-09-08T03:57:16.790030,37,9674,FRAME,678.822,114.865,4.254,-2.628,330,200.0,,,
2026-09-08T03:57:16.807518,37,9675,FRAME,683.076,112.237,4.254,-2.628,330,200.0,,,
2026-09-08T03:57:16.824109,37,9676,FRAME,687.329,109.61,4.254,-2.628,330,200.0,,,
2026-09-08T03:57:16.840726,37,9677,FRAME,691.583,106.982,4.254,-2.628,330,200.0,,,
2026-09-08T03:57:16.857024,37,9678,FRAME,695.837,104.354,4.254,-2.628,330,200.0,,,
2026-09-08T03:57:16.873948,37,9679,FRAME,700.091,101.726,4.254,-2.628,330,200.0,,,
2026-09-08T03:57:16.890692,37,9680,FRAME,704.345,99.099,4.254,-2.628,330,200.0,,,
2026-09-08T03:57:16.906410,37,9681,FRAME,708.599,96.471,4.254,-2.628,330,200.0,,,
2026-09-08T03:57:16.923226,37,9682,FRAME,712.852,93.843,4.254,-2.628,330,200.0,,,
2026-09-08T03:57:16.939397,37,9683,FRAME,717.106,91.216,4.254,-2.628,330,200.0,,,
2026-09-08T03:57:16.955349,37,9684,FRAME,721.36,88.588,4.254,-2.628,330,200.0,,,
2026-09-08T03:57:16.971872,37,9685,FRAME,725.614,85.96,4.254,-2.628,330,200.0,,,
2026-09-08T03:57:16.988286,37,9686,FRAME,729.868,83.332,4.254,-2.628,330,200.0,,,
2026-09-08T03:57:17.004488,37,9687,FRAME,734.122,80.705,4.254,-2.628,330,200.0,,,
2026-09-08T03:57:17.021138,37,9688,FRAME,738.375,78.077,4.254,-2.628,330,200.0,,,
2026-09-08T03:57:17.037046,37,9689,FRAME,742.629,75.449,4.254,-2.628,330,200.0,,,
2026-09-08T03:57:17.054095,37,9690,FRAME,746.883,72.822,4.254,-2.628,330,200.0,,,
2026-09-08T03:57:17.070567,37,9691,FRAME,751.137,70.194,4.254,-2.628,330,200.0,,,
2026-09-08T03:57:17.086975,37,9692,FRAME,755.391,67.566,4.254,-2.628,330,200.0,,,
2026-09-08T03:57:17.103230,37,9693,FRAME,759.645,64.938,4.254,-2.628,330,200.0,,,
2026-09-08T03:57:17.120625,37,9694,FRAME,763.899,62.311,4.254,-2.628,330,200.0,,,
2026-09-08T03:57:17.137184,37,9695,FRAME,768.152,59.683,4.254,-2.628,330,200.0,,,
2026-09-08T03:57:17.154011,37,9696,FRAME,772.406,57.055,4.254,-2.628,330,200.0,,,
2026-09-08T03:57:17.170383,37,9697,FRAME,776.66,54.428,4.254,-2.628,330,200.0,,,
2026-09-08T03:57:17.187244,37,9698,FRAME,780.914,51.8,4.254,-2.628,330,200.0,,,
2026-09-08T03:57:17.204392,37,9699,FRAME,785.168,49.172,4.254,-2.628,330,200.0,,,
2026-09-08T03:57:17.221201,37,9700,FRAME,789.422,46.544,4.254,-2.628,330,200.0,,,
2026-09-08T03:57:17.238813,37,9701,FRAME,793.675,43.917,4.254,-2.628,330,200.0,,,
2026-09-08T03:57:17.254348,37,9702,FRAME,797.929,41.289,4.254,-2.628,330,200.0,,,
2026-09-08T03:57:17.271472,37,9703,FRAME,802.183,38.661,4.254,-2.628,330,200.0,,,
2026-09-08T03:57:17.271472,37,9704,MISS_RIGHT,802.183,38.661,4.254,-2.628,330,200.0,,,LEFT
2026-09-08T03:57:17.287919,38,9705,FRAME,423.437,185.222,-4.288,-2.572,330,200.0,,,
2026-09-08T03:57:17.304525,38,9706,FRAME,419.149,182.65,-4.288,-2.572,330,200.0,,,
2026-09-08T03:57:17.320595,38,9707,FRAME,414.862,180.078,-4.288,-2.572,330,200.0,,,
2026-09-08T03:57:17.336886,38,9708,FRAME,410.574,177.506,-4.288,-2.572,330,200.0,,,
2026-09-08T03:57:17.353286,38,9709,FRAME,406.286,174.933,-4.288,-2.572,330,200.0,,,
2026-09-08T03:57:17.370068,38,9710,FRAME,401.999,172.361,-4.288,-2.572,330,200.0,,,
2026-09-08T03:57:17.386214,38,9711,FRAME,397.711,169.789,-4.288,-2.572,330,200.0,,,
2026-09-08T03:57:17.402348,38,9712,FRAME,393.424,167.216,-4.288,-2.572,330,200.0,,,
2026-09-08T03:57:17.419336,38,9713,FRAME,389.136,164.644,-4.288,-2.572,330,200.0,,,
2026-09-08T03:57:17.436409,38,9714,FRAME,384.849,162.072,-4.288,-2.572,330,200.0,,,
2026-09-08T03:57:17.452989,38,9715,FRAME,380.561,159.499,-4.288,-2.572,330,200.0,,,
2026-09-08T03:57:17.469857,38,9716,FRAME,376.274,156.927,-4.288,-2.572,330,200.0,,,
2026-09-08T03:57:17.486525,38,9717,FRAME,371.986,154.355,-4.288,-2.572,330,200.0,,,
2026-09-08T03:57:17.502659,38,9718,FRAME,367.698,151.782,-4.288,-2.572,330,200.0,,,
2026-09-08T03:57:17.518593,38,9719,FRAME,363.411,149.21,-4.288,-2.572,330,200.0,,,
2026-09-08T03:57:17.535418,38,9720,FRAME,359.123,146.638,-4.288,-2.572,330,200.0,,,
2026-09-08T03:57:17.552763,38,9721,FRAME,354.836,144.065,-4.288,-2.572,330,200.0,,,
2026-09-08T03:57:17.569078,38,9722,FRAME,350.548,141.493,-4.288,-2.572,330,200.0,,,
2026-09-08T03:57:17.585385,38,9723,FRAME,346.261,138.921,-4.288,-2.572,330,200.0,,,
2026-09-08T03:57:17.602378,38,9724,FRAME,341.973,136.348,-4.288,-2.572,330,200.0,,,
2026-09-08T03:57:17.618462,38,9725,FRAME,337.686,133.776,-4.288,-2.572,330,200.0,,,
2026-09-08T03:57:17.635174,38,9726,FRAME,333.398,131.204,-4.288,-2.572,330,200.0,,,
2026-09-08T03:57:17.652252,38,9727,FRAME,329.11,128.631,-4.288,-2.572,330,200.0,,,
2026-09-08T03:57:17.669340,38,9728,FRAME,324.823,126.059,-4.288,-2.572,330,200.0,,,
2026-09-08T03:57:17.686024,38,9729,FRAME,320.535,123.487,-4.288,-2.572,330,200.0,,,
2026-09-08T03:57:17.702235,38,9730,FRAME,316.248,120.914,-4.288,-2.572,330,200.0,,,
2026-09-08T03:57:17.719356,38,9731,FRAME,311.96,118.342,-4.288,-2.572,330,200.0,,,
2026-09-08T03:57:17.736263,38,9732,FRAME,307.673,115.77,-4.288,-2.572,330,200.0,,,
2026-09-08T03:57:17.753327,38,9733,FRAME,303.385,113.197,-4.288,-2.572,330,200.0,,,
2026-09-08T03:57:17.769330,38,9734,FRAME,299.098,110.625,-4.288,-2.572,330,200.0,,,
2026-09-08T03:57:17.786419,38,9735,FRAME,294.81,108.053,-4.288,-2.572,330,200.0,,,
2026-09-08T03:57:17.803041,38,9736,FRAME,290.522,105.48,-4.288,-2.572,323,200.0,,,
2026-09-08T03:57:17.819210,38,9737,FRAME,286.235,102.908,-4.288,-2.572,316,200.0,,,
2026-09-08T03:57:17.836200,38,9738,FRAME,281.947,100.336,-4.288,-2.572,309,200.0,,,
2026-09-08T03:57:17.854230,38,9739,FRAME,277.66,97.763,-4.288,-2.572,302,200.0,,,
2026-09-08T03:57:17.871071,38,9740,FRAME,273.372,95.191,-4.288,-2.572,295,200.0,,,
2026-09-08T03:57:17.886997,38,9741,FRAME,269.085,92.619,-4.288,-2.572,288,200.0,,,
2026-09-08T03:57:17.904144,38,9742,FRAME,264.797,90.046,-4.288,-2.572,281,200.0,,,
2026-09-08T03:57:17.921088,38,9743,FRAME,260.509,87.474,-4.288,-2.572,274,200.0,,,
2026-09-08T03:57:17.938852,38,9744,FRAME,256.222,84.902,-4.288,-2.572,267,200.0,,,
2026-09-08T03:57:17.955416,38,9745,FRAME,251.934,82.33,-4.288,-2.572,260,200.0,,,
2026-09-08T03:57:17.972474,38,9746,FRAME,247.647,79.757,-4.288,-2.572,253,200.0,,,
2026-09-08T03:57:17.989392,38,9747,FRAME,243.359,77.185,-4.288,-2.572,246,200.0,,,
2026-09-08T03:57:18.005542,38,9748,FRAME,239.072,74.613,-4.288,-2.572,239,200.0,,,
2026-09-08T03:57:18.022299,38,9749,FRAME,234.784,72.04,-4.288,-2.572,232,200.0,,,
2026-09-08T03:57:18.039352,38,9750,FRAME,230.497,69.468,-4.288,-2.572,225,200.0,,,
2026-09-08T03:57:18.056199,38,9751,FRAME,226.209,66.896,-4.288,-2.572,218,200.0,,,
2026-09-08T03:57:18.072527,38,9752,FRAME,221.921,64.323,-4.288,-2.572,211,200.0,,,
2026-09-08T03:57:18.089301,38,9753,FRAME,217.634,61.751,-4.288,-2.572,204,200.0,,,
2026-09-08T03:57:18.105833,38,9754,FRAME,213.346,59.179,-4.288,-2.572,197,200.0,,,
2026-09-08T03:57:18.122878,38,9755,FRAME,209.059,56.606,-4.288,-2.572,190,200.0,,,
2026-09-08T03:57:18.139579,38,9756,FRAME,204.771,54.034,-4.288,-2.572,183,200.0,,,
2026-09-08T03:57:18.155730,38,9757,FRAME,200.484,51.462,-4.288,-2.572,176,200.0,,,
2026-09-08T03:57:18.172140,38,9758,FRAME,196.196,48.889,-4.288,-2.572,169,200.0,,,
2026-09-08T03:57:18.187738,38,9759,FRAME,191.909,46.317,-4.288,-2.572,162,200.0,,,
2026-09-08T03:57:18.203311,38,9760,FRAME,187.621,43.745,-4.288,-2.572,155,200.0,,,
2026-09-08T03:57:18.220429,38,9761,FRAME,183.333,41.172,-4.288,-2.572,148,200.0,,,
2026-09-08T03:57:18.236622,38,9762,FRAME,179.046,38.6,-4.288,-2.572,141,200.0,,,
2026-09-08T03:57:18.254145,38,9763,FRAME,174.758,36.028,-4.288,-2.572,134,200.0,,,
2026-09-08T03:57:18.271427,38,9764,FRAME,170.471,33.455,-4.288,-2.572,127,200.0,,,
2026-09-08T03:57:18.287866,38,9765,FRAME,166.183,30.883,-4.288,-2.572,120,200.0,,,
2026-09-08T03:57:18.303273,38,9766,FRAME,161.896,28.311,-4.288,-2.572,113,200.0,,,
2026-09-08T03:57:18.324392,38,9767,FRAME,157.608,25.738,-4.288,-2.572,106,200.0,,,
2026-09-08T03:57:18.339372,38,9768,FRAME,153.321,23.166,-4.288,-2.572,99,200.0,,,
2026-09-08T03:57:18.356481,38,9769,FRAME,149.033,20.594,-4.288,-2.572,92,200.0,,,
2026-09-08T03:57:18.373176,38,9770,FRAME,144.745,18.021,-4.288,-2.572,85,200.0,,,
2026-09-08T03:57:18.389330,38,9771,FRAME,140.458,15.449,-4.288,-2.572,78,200.0,,,
2026-09-08T03:57:18.406099,38,9772,FRAME,136.17,12.877,-4.288,-2.572,71,200.0,,,
2026-09-08T03:57:18.422375,38,9773,FRAME,131.883,10.304,-4.288,-2.572,64,200.0,,,
2026-09-08T03:57:18.438383,38,9774,FRAME,127.595,7.732,-4.288,-2.572,57,200.0,,,
2026-09-08T03:57:18.455018,38,9775,FRAME,123.308,5.16,-4.288,-2.572,57,200.0,,,
2026-09-08T03:57:18.471312,38,9776,FRAME,119.02,2.587,-4.288,-2.572,57,200.0,,,
2026-09-08T03:57:18.488876,38,9777,FRAME,114.733,0.015,-4.288,-2.572,57,200.0,,,
2026-09-08T03:57:18.505019,38,9778,WALL_BOUNCE,110.445,0,-4.288,2.572,57,200.0,,,
2026-09-08T03:57:18.505019,38,9779,FRAME,110.445,0,-4.288,2.572,57,200.0,,,
2026-09-08T03:57:18.522556,38,9780,FRAME,106.157,2.572,-4.288,2.572,57,200.0,,,
2026-09-08T03:57:18.539014,38,9781,FRAME,101.87,5.145,-4.288,2.572,57,200.0,,,
2026-09-08T03:57:18.555085,38,9782,FRAME,97.582,7.717,-4.288,2.572,57,200.0,,,
2026-09-08T03:57:18.571484,38,9783,FRAME,93.295,10.289,-4.288,2.572,57,200.0,,,
2026-09-08T03:57:18.588304,38,9784,FRAME,89.007,12.862,-4.288,2.572,57,200.0,,,
2026-09-08T03:57:18.605102,38,9785,FRAME,84.72,15.434,-4.288,2.572,57,200.0,,,
2026-09-08T03:57:18.621893,38,9786,FRAME,80.432,18.006,-4.288,2.572,57,200.0,,,
2026-09-08T03:57:18.638140,38,9787,FRAME,76.145,20.579,-4.288,2.572,57,200.0,,,
2026-09-08T03:57:18.654000,38,9788,FRAME,71.857,23.151,-4.288,2.572,57,200.0,,,
2026-09-08T03:57:18.670445,38,9789,FRAME,67.569,25.723,-4.288,2.572,57,200.0,,,
2026-09-08T03:57:18.687140,38,9790,FRAME,63.282,28.296,-4.288,2.572,57,200.0,,,
2026-09-08T03:57:18.704156,38,9791,FRAME,58.994,30.868,-4.288,2.572,57,200.0,,,
2026-09-08T03:57:18.720436,38,9792,FRAME,54.707,33.44,-4.288,2.572,57,200.0,,,
2026-09-08T03:57:18.737094,38,9793,FRAME,50.419,36.013,-4.288,2.572,57,200.0,,,
2026-09-08T03:57:18.754246,38,9794,FRAME,46.132,38.585,-4.288,2.572,57,200.0,,,
2026-09-08T03:57:18.771336,38,9795,FRAME,41.844,41.157,-4.288,2.572,57,200.0,,,
2026-09-08T03:57:18.788396,38,9796,FRAME,37.557,43.73,-4.288,2.572,57,200.0,,,
2026-09-08T03:57:18.805339,38,9797,LEFT_HIT,45,46.302,2.5,-4.33,57,200.0,-1,-60.0,
2026-09-08T03:57:18.805339,38,9798,FRAME,45,46.302,2.5,-4.33,57,200.0,,,
2026-09-08T03:57:18.822549,38,9799,FRAME,47.5,41.972,2.5,-4.33,57,200.0,,,
2026-09-08T03:57:18.839245,38,9800,FRAME,50.0,37.642,2.5,-4.33,57,200.0,,,
2026-09-08T03:57:18.856607,38,9801,FRAME,52.5,33.311,2.5,-4.33,57,200.0,,,
2026-09-08T03:57:18.873131,38,9802,FRAME,55.0,28.981,2.5,-4.33,57,200.0,,,
2026-09-08T03:57:18.890169,38,9803,FRAME,57.5,24.651,2.5,-4.33,57,200.0,,,
2026-09-08T03:57:18.907558,38,9804,FRAME,60.0,20.321,2.5,-4.33,64,200.0,,,
2026-09-08T03:57:18.924269,38,9805,FRAME,62.5,15.991,2.5,-4.33,71,200.0,,,
2026-09-08T03:57:18.941088,38,9806,FRAME,65.0,11.661,2.5,-4.33,78,200.0,,,
2026-09-08T03:57:18.958056,38,9807,FRAME,67.5,7.331,2.5,-4.33,85,200.0,,,
2026-09-08T03:57:18.974254,38,9808,FRAME,70.0,3.001,2.5,-4.33,92,200.0,,,
2026-09-08T03:57:18.990917,38,9809,WALL_BOUNCE,72.5,0,2.5,4.33,99,200.0,,,
2026-09-08T03:57:18.990917,38,9810,FRAME,72.5,0,2.5,4.33,99,200.0,,,
2026-09-08T03:57:19.006971,38,9811,FRAME,75.0,4.33,2.5,4.33,106,200.0,,,
2026-09-08T03:57:19.024008,38,9812,FRAME,77.5,8.66,2.5,4.33,113,200.0,,,
2026-09-08T03:57:19.040481,38,9813,FRAME,80.0,12.99,2.5,4.33,120,200.0,,,
2026-09-08T03:57:19.058024,38,9814,FRAME,82.5,17.321,2.5,4.33,120,200.0,,,
2026-09-08T03:57:19.074246,38,9815,FRAME,85.0,21.651,2.5,4.33,120,200.0,,,
2026-09-08T03:57:19.091035,38,9816,FRAME,87.5,25.981,2.5,4.33,120,200.0,,,
2026-09-08T03:57:19.106891,38,9817,FRAME,90.0,30.311,2.5,4.33,120,200.0,,,
2026-09-08T03:57:19.122692,38,9818,FRAME,92.5,34.641,2.5,4.33,120,200.0,,,
2026-09-08T03:57:19.139706,38,9819,FRAME,95.0,38.971,2.5,4.33,120,200.0,,,
2026-09-08T03:57:19.156003,38,9820,FRAME,97.5,43.301,2.5,4.33,120,200.0,,,
2026-09-08T03:57:19.171970,38,9821,FRAME,100.0,47.631,2.5,4.33,120,200.0,,,
2026-09-08T03:57:19.188061,38,9822,FRAME,102.5,51.962,2.5,4.33,120,200.0,,,
2026-09-08T03:57:19.204103,38,9823,FRAME,105.0,56.292,2.5,4.33,120,200.0,,,
2026-09-08T03:57:19.219733,38,9824,FRAME,107.5,60.622,2.5,4.33,120,200.0,,,
2026-09-08T03:57:19.236415,38,9825,FRAME,110.0,64.952,2.5,4.33,120,200.0,,,
2026-09-08T03:57:19.253137,38,9826,FRAME,112.5,69.282,2.5,4.33,120,200.0,,,
2026-09-08T03:57:19.269568,38,9827,FRAME,115.0,73.612,2.5,4.33,120,200.0,,,
2026-09-08T03:57:19.285400,38,9828,FRAME,117.5,77.942,2.5,4.33,120,200.0,,,
2026-09-08T03:57:19.302607,38,9829,FRAME,120.0,82.272,2.5,4.33,120,200.0,,,
2026-09-08T03:57:19.318315,38,9830,FRAME,122.5,86.603,2.5,4.33,120,200.0,,,
2026-09-08T03:57:19.335544,38,9831,FRAME,125.0,90.933,2.5,4.33,120,200.0,,,
2026-09-08T03:57:19.353006,38,9832,FRAME,127.5,95.263,2.5,4.33,120,200.0,,,
2026-09-08T03:57:19.368814,38,9833,FRAME,130.0,99.593,2.5,4.33,120,200.0,,,
2026-09-08T03:57:19.385269,38,9834,FRAME,132.5,103.923,2.5,4.33,120,200.0,,,
2026-09-08T03:57:19.402415,38,9835,FRAME,135.0,108.253,2.5,4.33,120,200.0,,,
2026-09-08T03:57:19.419953,38,9836,FRAME,137.5,112.583,2.5,4.33,120,200.0,,,
2026-09-08T03:57:19.435793,38,9837,FRAME,140.0,116.913,2.5,4.33,120,200.0,,,
2026-09-08T03:57:19.451837,38,9838,FRAME,142.5,121.244,2.5,4.33,120,200.0,,,
2026-09-08T03:57:19.467677,38,9839,FRAME,145.0,125.574,2.5,4.33,120,200.0,,,
2026-09-08T03:57:19.484323,38,9840,FRAME,147.5,129.904,2.5,4.33,120,200.0,,,
2026-09-08T03:57:19.501975,38,9841,FRAME,150.0,134.234,2.5,4.33,120,200.0,,,
2026-09-08T03:57:19.518629,38,9842,FRAME,152.5,138.564,2.5,4.33,120,200.0,,,
2026-09-08T03:57:19.534699,38,9843,FRAME,155.0,142.894,2.5,4.33,120,200.0,,,
2026-09-08T03:57:19.551451,38,9844,FRAME,157.5,147.224,2.5,4.33,120,200.0,,,
2026-09-08T03:57:19.568524,38,9845,FRAME,160.0,151.554,2.5,4.33,120,200.0,,,
2026-09-08T03:57:19.584963,38,9846,FRAME,162.5,155.885,2.5,4.33,120,200.0,,,
2026-09-08T03:57:19.601170,38,9847,FRAME,165.0,160.215,2.5,4.33,120,200.0,,,
2026-09-08T03:57:19.618950,38,9848,FRAME,167.5,164.545,2.5,4.33,120,200.0,,,
2026-09-08T03:57:19.634704,38,9849,FRAME,170.0,168.875,2.5,4.33,120,200.0,,,
2026-09-08T03:57:19.651468,38,9850,FRAME,172.5,173.205,2.5,4.33,120,200.0,,,
2026-09-08T03:57:19.668042,38,9851,FRAME,175.0,177.535,2.5,4.33,120,200.0,,,
2026-09-08T03:57:19.684202,38,9852,FRAME,177.5,181.865,2.5,4.33,120,200.0,,,
2026-09-08T03:57:19.701181,38,9853,FRAME,180.0,186.195,2.5,4.33,120,200.0,,,
2026-09-08T03:57:19.718178,38,9854,FRAME,182.5,190.526,2.5,4.33,120,200.0,,,
2026-09-08T03:57:19.735423,38,9855,FRAME,185.0,194.856,2.5,4.33,120,200.0,,,
2026-09-08T03:57:19.752743,38,9856,FRAME,187.5,199.186,2.5,4.33,120,200.0,,,
2026-09-08T03:57:19.769162,38,9857,FRAME,190.0,203.516,2.5,4.33,120,200.0,,,
2026-09-08T03:57:19.786800,38,9858,FRAME,192.5,207.846,2.5,4.33,120,200.0,,,
2026-09-08T03:57:19.802348,38,9859,FRAME,195.0,212.176,2.5,4.33,120,200.0,,,
2026-09-08T03:57:19.819318,38,9860,FRAME,197.5,216.506,2.5,4.33,120,200.0,,,
2026-09-08T03:57:19.836052,38,9861,FRAME,200.0,220.836,2.5,4.33,120,200.0,,,
2026-09-08T03:57:19.851903,38,9862,FRAME,202.5,225.167,2.5,4.33,120,200.0,,,
2026-09-08T03:57:19.867988,38,9863,FRAME,205.0,229.497,2.5,4.33,120,200.0,,,
2026-09-08T03:57:19.883933,38,9864,FRAME,207.5,233.827,2.5,4.33,120,200.0,,,
2026-09-08T03:57:19.900245,38,9865,FRAME,210.0,238.157,2.5,4.33,120,200.0,,,
2026-09-08T03:57:19.916451,38,9866,FRAME,212.5,242.487,2.5,4.33,120,200.0,,,
2026-09-08T03:57:19.933244,38,9867,FRAME,215.0,246.817,2.5,4.33,120,200.0,,,
2026-09-08T03:57:19.950559,38,9868,FRAME,217.5,251.147,2.5,4.33,120,200.0,,,
2026-09-08T03:57:19.967570,38,9869,FRAME,220.0,255.477,2.5,4.33,120,200.0,,,
2026-09-08T03:57:19.984391,38,9870,FRAME,222.5,259.808,2.5,4.33,120,200.0,,,
2026-09-08T03:57:20.000704,38,9871,FRAME,225.0,264.138,2.5,4.33,120,200.0,,,
2026-09-08T03:57:20.016794,38,9872,FRAME,227.5,268.468,2.5,4.33,120,200.0,,,
2026-09-08T03:57:20.033242,38,9873,FRAME,230.0,272.798,2.5,4.33,120,200.0,,,
2026-09-08T03:57:20.050224,38,9874,FRAME,232.5,277.128,2.5,4.33,120,200.0,,,
2026-09-08T03:57:20.067222,38,9875,FRAME,235.0,281.458,2.5,4.33,120,200.0,,,
2026-09-08T03:57:20.083275,38,9876,FRAME,237.5,285.788,2.5,4.33,120,200.0,,,
2026-09-08T03:57:20.099390,38,9877,FRAME,240.0,290.119,2.5,4.33,120,200.0,,,
2026-09-08T03:57:20.115476,38,9878,FRAME,242.5,294.449,2.5,4.33,120,200.0,,,
2026-09-08T03:57:20.132062,38,9879,FRAME,245.0,298.779,2.5,4.33,120,200.0,,,
2026-09-08T03:57:20.148217,38,9880,FRAME,247.5,303.109,2.5,4.33,120,200.0,,,
2026-09-08T03:57:20.165442,38,9881,FRAME,250.0,307.439,2.5,4.33,120,200.0,,,
2026-09-08T03:57:20.182163,38,9882,FRAME,252.5,311.769,2.5,4.33,120,200.0,,,
2026-09-08T03:57:20.198583,38,9883,FRAME,255.0,316.099,2.5,4.33,120,200.0,,,
2026-09-08T03:57:20.215361,38,9884,FRAME,257.5,320.429,2.5,4.33,120,200.0,,,
2026-09-08T03:57:20.232669,38,9885,FRAME,260.0,324.76,2.5,4.33,120,200.0,,,
2026-09-08T03:57:20.248867,38,9886,FRAME,262.5,329.09,2.5,4.33,120,200.0,,,
2026-09-08T03:57:20.265384,38,9887,FRAME,265.0,333.42,2.5,4.33,120,200.0,,,
2026-09-08T03:57:20.281710,38,9888,FRAME,267.5,337.75,2.5,4.33,120,200.0,,,
2026-09-08T03:57:20.298240,38,9889,FRAME,270.0,342.08,2.5,4.33,120,200.0,,,
2026-09-08T03:57:20.314725,38,9890,FRAME,272.5,346.41,2.5,4.33,120,200.0,,,
2026-09-08T03:57:20.330611,38,9891,FRAME,275.0,350.74,2.5,4.33,120,200.0,,,
2026-09-08T03:57:20.347155,38,9892,FRAME,277.5,355.07,2.5,4.33,120,200.0,,,
2026-09-08T03:57:20.364053,38,9893,FRAME,280.0,359.401,2.5,4.33,120,200.0,,,
2026-09-08T03:57:20.380112,38,9894,FRAME,282.5,363.731,2.5,4.33,120,200.0,,,
2026-09-08T03:57:20.396407,38,9895,FRAME,285.0,368.061,2.5,4.33,120,200.0,,,
2026-09-08T03:57:20.414022,38,9896,FRAME,287.5,372.391,2.5,4.33,120,200.0,,,
2026-09-08T03:57:20.430219,38,9897,FRAME,290.0,376.721,2.5,4.33,120,200.0,,,
2026-09-08T03:57:20.447479,38,9898,FRAME,292.5,381.051,2.5,4.33,120,200.0,,,
2026-09-08T03:57:20.463973,38,9899,FRAME,295.0,385.381,2.5,4.33,120,200.0,,,
2026-09-08T03:57:20.480001,38,9900,FRAME,297.5,389.711,2.5,4.33,120,200.0,,,
2026-09-08T03:57:20.496224,38,9901,FRAME,300.0,394.042,2.5,4.33,120,200.0,,,
2026-09-08T03:57:20.513961,38,9902,FRAME,302.5,398.372,2.5,4.33,120,200.0,,,
2026-09-08T03:57:20.530306,38,9903,FRAME,305.0,402.702,2.5,4.33,120,200.0,,,
2026-09-08T03:57:20.546418,38,9904,FRAME,307.5,407.032,2.5,4.33,120,200.0,,,
2026-09-08T03:57:20.562412,38,9905,FRAME,310.0,411.362,2.5,4.33,120,200.0,,,
2026-09-08T03:57:20.578433,38,9906,FRAME,312.5,415.692,2.5,4.33,120,200.0,,,
2026-09-08T03:57:20.595260,38,9907,FRAME,315.0,420.022,2.5,4.33,120,200.0,,,
2026-09-08T03:57:20.611783,38,9908,FRAME,317.5,424.352,2.5,4.33,120,200.0,,,
2026-09-08T03:57:20.628054,38,9909,FRAME,320.0,428.683,2.5,4.33,120,200.0,,,
2026-09-08T03:57:20.643458,38,9910,FRAME,322.5,433.013,2.5,4.33,120,200.0,,,
2026-09-08T03:57:20.659997,38,9911,FRAME,325.0,437.343,2.5,4.33,120,200.0,,,
2026-09-08T03:57:20.676324,38,9912,FRAME,327.5,441.673,2.5,4.33,120,200.0,,,
2026-09-08T03:57:20.694024,38,9913,FRAME,330.0,446.003,2.5,4.33,120,200.0,,,
2026-09-08T03:57:20.710224,38,9914,FRAME,332.5,450.333,2.5,4.33,120,200.0,,,
2026-09-08T03:57:20.727177,38,9915,FRAME,335.0,454.663,2.5,4.33,120,200.0,,,
2026-09-08T03:57:20.743661,38,9916,FRAME,337.5,458.993,2.5,4.33,120,200.0,,,
2026-09-08T03:57:20.760738,38,9917,FRAME,340.0,463.324,2.5,4.33,120,200.0,,,
2026-09-08T03:57:20.777958,38,9918,FRAME,342.5,467.654,2.5,4.33,120,200.0,,,
2026-09-08T03:57:20.793419,38,9919,FRAME,345.0,471.984,2.5,4.33,120,200.0,,,
2026-09-08T03:57:20.810730,38,9920,FRAME,347.5,476.314,2.5,4.33,120,200.0,,,
2026-09-08T03:57:20.827731,38,9921,FRAME,350.0,480.644,2.5,4.33,120,200.0,,,
2026-09-08T03:57:20.844240,38,9922,FRAME,352.5,484.974,2.5,4.33,120,200.0,,,
2026-09-08T03:57:20.861392,38,9923,WALL_BOUNCE,355.0,488,2.5,-4.33,120,200.0,,,
2026-09-08T03:57:20.861392,38,9924,FRAME,355.0,488,2.5,-4.33,120,200.0,,,
2026-09-08T03:57:20.878327,38,9925,FRAME,357.5,483.67,2.5,-4.33,120,200.0,,,
2026-09-08T03:57:20.895251,38,9926,FRAME,360.0,479.34,2.5,-4.33,120,200.0,,,
2026-09-08T03:57:20.912882,38,9927,FRAME,362.5,475.01,2.5,-4.33,120,200.0,,,
2026-09-08T03:57:20.928717,38,9928,FRAME,365.0,470.679,2.5,-4.33,120,200.0,,,
2026-09-08T03:57:20.945167,38,9929,FRAME,367.5,466.349,2.5,-4.33,120,200.0,,,
2026-09-08T03:57:20.963064,38,9930,FRAME,370.0,462.019,2.5,-4.33,120,200.0,,,
2026-09-08T03:57:20.979382,38,9931,FRAME,372.5,457.689,2.5,-4.33,120,200.0,,,
2026-09-08T03:57:20.996426,38,9932,FRAME,375.0,453.359,2.5,-4.33,120,200.0,,,
2026-09-08T03:57:21.012892,38,9933,FRAME,377.5,449.029,2.5,-4.33,120,200.0,,,
2026-09-08T03:57:21.028448,38,9934,FRAME,380.0,444.699,2.5,-4.33,120,200.0,,,
2026-09-08T03:57:21.045321,38,9935,FRAME,382.5,440.369,2.5,-4.33,120,200.0,,,
2026-09-08T03:57:21.061837,38,9936,FRAME,385.0,436.038,2.5,-4.33,120,200.0,,,
2026-09-08T03:57:21.078055,38,9937,FRAME,387.5,431.708,2.5,-4.33,120,200.0,,,
2026-09-08T03:57:21.093956,38,9938,FRAME,390.0,427.378,2.5,-4.33,120,200.0,,,
2026-09-08T03:57:21.110049,38,9939,FRAME,392.5,423.048,2.5,-4.33,120,200.0,,,
2026-09-08T03:57:21.126627,38,9940,FRAME,395.0,418.718,2.5,-4.33,120,200.0,,,
2026-09-08T03:57:21.143233,38,9941,FRAME,397.5,414.388,2.5,-4.33,120,200.0,,,
2026-09-08T03:57:21.160267,38,9942,FRAME,400.0,410.058,2.5,-4.33,120,200.0,,,
2026-09-08T03:57:21.177133,38,9943,FRAME,402.5,405.728,2.5,-4.33,120,200.0,,,
2026-09-08T03:57:21.192675,38,9944,FRAME,405.0,401.397,2.5,-4.33,120,200.0,,,
2026-09-08T03:57:21.208782,38,9945,FRAME,407.5,397.067,2.5,-4.33,120,200.0,,,
2026-09-08T03:57:21.224703,38,9946,FRAME,410.0,392.737,2.5,-4.33,120,200.0,,,
2026-09-08T03:57:21.241326,38,9947,FRAME,412.5,388.407,2.5,-4.33,120,200.0,,,
2026-09-08T03:57:21.258368,38,9948,FRAME,415.0,384.077,2.5,-4.33,120,200.0,,,
2026-09-08T03:57:21.275673,38,9949,FRAME,417.5,379.747,2.5,-4.33,120,200.0,,,
2026-09-08T03:57:21.292200,38,9950,FRAME,420.0,375.417,2.5,-4.33,120,200.0,,,
2026-09-08T03:57:21.309312,38,9951,FRAME,422.5,371.087,2.5,-4.33,120,200.0,,,
2026-09-08T03:57:21.325939,38,9952,FRAME,425.0,366.756,2.5,-4.33,120,200.0,,,
2026-09-08T03:57:21.341832,38,9953,FRAME,427.5,362.426,2.5,-4.33,120,200.0,,,
2026-09-08T03:57:21.358295,38,9954,FRAME,430.0,358.096,2.5,-4.33,120,200.0,,,
2026-09-08T03:57:21.375397,38,9955,FRAME,432.5,353.766,2.5,-4.33,120,200.0,,,
2026-09-08T03:57:21.392077,38,9956,FRAME,435.0,349.436,2.5,-4.33,120,200.0,,,
2026-09-08T03:57:21.408407,38,9957,FRAME,437.5,345.106,2.5,-4.33,120,200.0,,,
2026-09-08T03:57:21.425636,38,9958,FRAME,440.0,340.776,2.5,-4.33,120,200.0,,,
2026-09-08T03:57:21.442357,38,9959,FRAME,442.5,336.446,2.5,-4.33,120,200.0,,,
2026-09-08T03:57:21.459585,38,9960,FRAME,445.0,332.115,2.5,-4.33,120,200.0,,,
2026-09-08T03:57:21.475912,38,9961,FRAME,447.5,327.785,2.5,-4.33,120,200.0,,,
2026-09-08T03:57:21.491710,38,9962,FRAME,450.0,323.455,2.5,-4.33,120,200.0,,,
2026-09-08T03:57:21.508310,38,9963,FRAME,452.5,319.125,2.5,-4.33,120,200.0,,,
2026-09-08T03:57:21.525107,38,9964,FRAME,455.0,314.795,2.5,-4.33,120,200.0,,,
2026-09-08T03:57:21.541321,38,9965,FRAME,457.5,310.465,2.5,-4.33,120,200.0,,,
2026-09-08T03:57:21.558111,38,9966,FRAME,460.0,306.135,2.5,-4.33,120,200.0,,,
2026-09-08T03:57:21.574972,38,9967,FRAME,462.5,301.805,2.5,-4.33,120,200.0,,,
2026-09-08T03:57:21.591765,38,9968,FRAME,465.0,297.474,2.5,-4.33,120,200.0,,,
2026-09-08T03:57:21.607323,38,9969,FRAME,467.5,293.144,2.5,-4.33,120,200.0,,,
2026-09-08T03:57:21.624305,38,9970,FRAME,470.0,288.814,2.5,-4.33,120,200.0,,,
2026-09-08T03:57:21.641242,38,9971,FRAME,472.5,284.484,2.5,-4.33,120,200.0,,,
2026-09-08T03:57:21.658115,38,9972,FRAME,475.0,280.154,2.5,-4.33,120,200.0,,,
2026-09-08T03:57:21.675557,38,9973,FRAME,477.5,275.824,2.5,-4.33,120,200.0,,,
2026-09-08T03:57:21.691497,38,9974,FRAME,480.0,271.494,2.5,-4.33,120,200.0,,,
2026-09-08T03:57:21.707487,38,9975,FRAME,482.5,267.164,2.5,-4.33,120,200.0,,,
2026-09-08T03:57:21.724086,38,9976,FRAME,485.0,262.833,2.5,-4.33,120,200.0,,,
2026-09-08T03:57:21.740050,38,9977,FRAME,487.5,258.503,2.5,-4.33,120,200.0,,,
2026-09-08T03:57:21.756230,38,9978,FRAME,490.0,254.173,2.5,-4.33,120,200.0,,,
2026-09-08T03:57:21.773993,38,9979,FRAME,492.5,249.843,2.5,-4.33,120,200.0,,,
2026-09-08T03:57:21.789307,38,9980,FRAME,495.0,245.513,2.5,-4.33,120,200.0,,,
2026-09-08T03:57:21.806199,38,9981,FRAME,497.5,241.183,2.5,-4.33,120,200.0,,,
2026-09-08T03:57:21.823946,38,9982,FRAME,500.0,236.853,2.5,-4.33,120,200.0,,,
2026-09-08T03:57:21.839942,38,9983,FRAME,502.5,232.523,2.5,-4.33,120,200.0,,,
2026-09-08T03:57:21.856383,38,9984,FRAME,505.0,228.192,2.5,-4.33,120,200.0,,,
2026-09-08T03:57:21.873335,38,9985,FRAME,507.5,223.862,2.5,-4.33,120,200.0,,,
2026-09-08T03:57:21.889289,38,9986,FRAME,510.0,219.532,2.5,-4.33,120,200.0,,,
2026-09-08T03:57:21.905379,38,9987,FRAME,512.5,215.202,2.5,-4.33,120,200.0,,,
2026-09-08T03:57:21.922315,38,9988,FRAME,515.0,210.872,2.5,-4.33,120,200.0,,,
2026-09-08T03:57:21.939435,38,9989,FRAME,517.5,206.542,2.5,-4.33,120,200.0,,,
2026-09-08T03:57:21.955390,38,9990,FRAME,520.0,202.212,2.5,-4.33,120,200.0,,,
2026-09-08T03:57:21.973109,38,9991,FRAME,522.5,197.881,2.5,-4.33,120,200.0,,,
2026-09-08T03:57:21.988448,38,9992,FRAME,525.0,193.551,2.5,-4.33,120,200.0,,,
2026-09-08T03:57:22.005284,38,9993,FRAME,527.5,189.221,2.5,-4.33,120,200.0,,,
2026-09-08T03:57:22.022417,38,9994,FRAME,530.0,184.891,2.5,-4.33,120,200.0,,,
2026-09-08T03:57:22.040083,38,9995,FRAME,532.5,180.561,2.5,-4.33,120,200.0,,,
2026-09-08T03:57:22.056887,38,9996,FRAME,535.0,176.231,2.5,-4.33,120,200.0,,,
2026-09-08T03:57:22.073173,38,9997,FRAME,537.5,171.901,2.5,-4.33,120,200.0,,,
2026-09-08T03:57:22.090632,38,9998,FRAME,540.0,167.571,2.5,-4.33,120,200.0,,,
2026-09-08T03:57:22.107188,38,9999,FRAME,542.5,163.24,2.5,-4.33,120,200.0,,,
2026-09-08T03:57:22.124284,38,10000,FRAME,545.0,158.91,2.5,-4.33,120,200.0,,,
2026-09-08T03:57:22.141373,38,10001,FRAME,547.5,154.58,2.5,-4.33,120,200.0,,,
2026-09-08T03:57:22.158279,38,10002,FRAME,550.0,150.25,2.5,-4.33,120,200.0,,,
2026-09-08T03:57:22.175360,38,10003,FRAME,552.5,145.92,2.5,-4.33,120,200.0,,,
2026-09-08T03:57:22.192211,38,10004,FRAME,555.0,141.59,2.5,-4.33,120,200.0,,,
2026-09-08T03:57:22.209166,38,10005,FRAME,557.5,137.26,2.5,-4.33,120,200.0,,,
2026-09-08T03:57:22.225739,38,10006,FRAME,560.0,132.93,2.5,-4.33,120,200.0,,,
2026-09-08T03:57:22.241667,38,10007,FRAME,562.5,128.599,2.5,-4.33,120,200.0,,,
2026-09-08T03:57:22.257742,38,10008,FRAME,565.0,124.269,2.5,-4.33,120,200.0,,,
2026-09-08T03:57:22.274277,38,10009,FRAME,567.5,119.939,2.5,-4.33,120,200.0,,,
2026-09-08T03:57:22.290484,38,10010,FRAME,570.0,115.609,2.5,-4.33,120,200.0,,,
2026-09-08T03:57:22.306972,38,10011,FRAME,572.5,111.279,2.5,-4.33,120,200.0,,,
2026-09-08T03:57:22.322990,38,10012,FRAME,575.0,106.949,2.5,-4.33,120,200.0,,,
2026-09-08T03:57:22.339365,38,10013,FRAME,577.5,102.619,2.5,-4.33,120,200.0,,,
2026-09-08T03:57:22.357027,38,10014,FRAME,580.0,98.289,2.5,-4.33,120,200.0,,,
2026-09-08T03:57:22.372680,38,10015,FRAME,582.5,93.958,2.5,-4.33,120,200.0,,,
2026-09-08T03:57:22.388986,38,10016,FRAME,585.0,89.628,2.5,-4.33,120,200.0,,,
2026-09-08T03:57:22.405360,38,10017,FRAME,587.5,85.298,2.5,-4.33,120,200.0,,,
2026-09-08T03:57:22.422467,38,10018,FRAME,590.0,80.968,2.5,-4.33,120,200.0,,,
2026-09-08T03:57:22.439482,38,10019,FRAME,592.5,76.638,2.5,-4.33,120,200.0,,,
2026-09-08T03:57:22.456715,38,10020,FRAME,595.0,72.308,2.5,-4.33,120,200.0,,,
2026-09-08T03:57:22.473985,38,10021,FRAME,597.5,67.978,2.5,-4.33,120,200.0,,,
2026-09-08T03:57:22.489065,38,10022,FRAME,600.0,63.648,2.5,-4.33,120,200.0,,,
2026-09-08T03:57:22.505403,38,10023,FRAME,602.5,59.317,2.5,-4.33,120,200.0,,,
2026-09-08T03:57:22.522237,38,10024,FRAME,605.0,54.987,2.5,-4.33,120,200.0,,,
2026-09-08T03:57:22.539196,38,10025,FRAME,607.5,50.657,2.5,-4.33,120,200.0,,,
2026-09-08T03:57:22.556828,38,10026,FRAME,610.0,46.327,2.5,-4.33,120,200.0,,,
2026-09-08T03:57:22.574319,38,10027,FRAME,612.5,41.997,2.5,-4.33,120,200.0,,,
2026-09-08T03:57:22.591520,38,10028,FRAME,615.0,37.667,2.5,-4.33,120,200.0,,,
2026-09-08T03:57:22.607549,38,10029,FRAME,617.5,33.337,2.5,-4.33,120,200.0,,,
2026-09-08T03:57:22.623539,38,10030,FRAME,620.0,29.007,2.5,-4.33,120,200.0,,,
2026-09-08T03:57:22.640378,38,10031,FRAME,622.5,24.676,2.5,-4.33,120,200.0,,,
2026-09-08T03:57:22.656311,38,10032,FRAME,625.0,20.346,2.5,-4.33,120,200.0,,,
2026-09-08T03:57:22.672672,38,10033,FRAME,627.5,16.016,2.5,-4.33,120,200.0,,,
2026-09-08T03:57:22.688764,38,10034,FRAME,630.0,11.686,2.5,-4.33,120,200.0,,,
2026-09-08T03:57:22.704975,38,10035,FRAME,632.5,7.356,2.5,-4.33,120,200.0,,,
2026-09-08T03:57:22.721433,38,10036,FRAME,635.0,3.026,2.5,-4.33,120,200.0,,,
2026-09-08T03:57:22.738174,38,10037,WALL_BOUNCE,637.5,0,2.5,4.33,120,200.0,,,
2026-09-08T03:57:22.738174,38,10038,FRAME,637.5,0,2.5,4.33,120,200.0,,,
2026-09-08T03:57:22.755502,38,10039,FRAME,640.0,4.33,2.5,4.33,120,200.0,,,
2026-09-08T03:57:22.772308,38,10040,FRAME,642.5,8.66,2.5,4.33,120,200.0,,,
2026-09-08T03:57:22.788886,38,10041,FRAME,645.0,12.99,2.5,4.33,120,200.0,,,
2026-09-08T03:57:22.805397,38,10042,FRAME,647.5,17.321,2.5,4.33,120,200.0,,,
2026-09-08T03:57:22.821441,38,10043,FRAME,650.0,21.651,2.5,4.33,120,200.0,,,
2026-09-08T03:57:22.837469,38,10044,FRAME,652.5,25.981,2.5,4.33,120,200.0,,,
2026-09-08T03:57:22.853743,38,10045,FRAME,655.0,30.311,2.5,4.33,120,200.0,,,
2026-09-08T03:57:22.870417,38,10046,FRAME,657.5,34.641,2.5,4.33,120,200.0,,,
2026-09-08T03:57:22.887880,38,10047,FRAME,660.0,38.971,2.5,4.33,120,200.0,,,
2026-09-08T03:57:22.904292,38,10048,FRAME,662.5,43.301,2.5,4.33,120,200.0,,,
2026-09-08T03:57:22.920801,38,10049,FRAME,665.0,47.631,2.5,4.33,120,200.0,,,
2026-09-08T03:57:22.937416,38,10050,FRAME,667.5,51.962,2.5,4.33,120,200.0,,,
2026-09-08T03:57:22.954441,38,10051,FRAME,670.0,56.292,2.5,4.33,120,200.0,,,
2026-09-08T03:57:22.971231,38,10052,FRAME,672.5,60.622,2.5,4.33,120,200.0,,,
2026-09-08T03:57:22.987358,38,10053,FRAME,675.0,64.952,2.5,4.33,120,200.0,,,
2026-09-08T03:57:23.003394,38,10054,FRAME,677.5,69.282,2.5,4.33,120,200.0,,,
2026-09-08T03:57:23.020581,38,10055,FRAME,680.0,73.612,2.5,4.33,120,200.0,,,
2026-09-08T03:57:23.036646,38,10056,FRAME,682.5,77.942,2.5,4.33,120,200.0,,,
2026-09-08T03:57:23.053157,38,10057,FRAME,685.0,82.272,2.5,4.33,120,200.0,,,
2026-09-08T03:57:23.070197,38,10058,FRAME,687.5,86.603,2.5,4.33,120,200.0,,,
2026-09-08T03:57:23.087267,38,10059,FRAME,690.0,90.933,2.5,4.33,120,200.0,,,
2026-09-08T03:57:23.104341,38,10060,FRAME,692.5,95.263,2.5,4.33,120,200.0,,,
2026-09-08T03:57:23.121924,38,10061,FRAME,695.0,99.593,2.5,4.33,120,200.0,,,
2026-09-08T03:57:23.137981,38,10062,FRAME,697.5,103.923,2.5,4.33,120,200.0,,,
2026-09-08T03:57:23.154019,38,10063,FRAME,700.0,108.253,2.5,4.33,120,200.0,,,
2026-09-08T03:57:23.170638,38,10064,FRAME,702.5,112.583,2.5,4.33,120,200.0,,,
2026-09-08T03:57:23.186703,38,10065,FRAME,705.0,116.913,2.5,4.33,120,200.0,,,
2026-09-08T03:57:23.203216,38,10066,FRAME,707.5,121.244,2.5,4.33,120,200.0,,,
2026-09-08T03:57:23.220149,38,10067,FRAME,710.0,125.574,2.5,4.33,120,200.0,,,
2026-09-08T03:57:23.237191,38,10068,FRAME,712.5,129.904,2.5,4.33,120,200.0,,,
2026-09-08T03:57:23.254026,38,10069,FRAME,715.0,134.234,2.5,4.33,120,200.0,,,
2026-09-08T03:57:23.270551,38,10070,FRAME,717.5,138.564,2.5,4.33,120,200.0,,,
2026-09-08T03:57:23.287588,38,10071,FRAME,720.0,142.894,2.5,4.33,120,200.0,,,
2026-09-08T03:57:23.304113,38,10072,FRAME,722.5,147.224,2.5,4.33,120,200.0,,,
2026-09-08T03:57:23.320214,38,10073,FRAME,725.0,151.554,2.5,4.33,120,200.0,,,
2026-09-08T03:57:23.337475,38,10074,FRAME,727.5,155.885,2.5,4.33,120,200.0,,,
2026-09-08T03:57:23.354335,38,10075,FRAME,730.0,160.215,2.5,4.33,120,200.0,,,
2026-09-08T03:57:23.371551,38,10076,FRAME,732.5,164.545,2.5,4.33,120,200.0,,,
2026-09-08T03:57:23.388153,38,10077,FRAME,735.0,168.875,2.5,4.33,120,200.0,,,
2026-09-08T03:57:23.405726,38,10078,FRAME,737.5,173.205,2.5,4.33,120,200.0,,,
2026-09-08T03:57:23.422769,38,10079,FRAME,740.0,177.535,2.5,4.33,120,200.0,,,
2026-09-08T03:57:23.438830,38,10080,FRAME,742.5,181.865,2.5,4.33,120,200.0,,,
2026-09-08T03:57:23.454434,38,10081,FRAME,745.0,186.195,2.5,4.33,120,200.0,,,
2026-09-08T03:57:23.471379,38,10082,RIGHT_HIT,743,190.526,-2.5,-4.33,120,200.0,-1,-60.0,
2026-09-08T03:57:23.471379,38,10083,FRAME,743,190.526,-2.5,-4.33,120,200.0,,,
2026-09-08T03:57:23.488457,38,10084,FRAME,740.5,186.195,-2.5,-4.33,120,200.0,,,
2026-09-08T03:57:23.505326,38,10085,FRAME,738.0,181.865,-2.5,-4.33,120,200.0,,,
2026-09-08T03:57:23.523076,38,10086,FRAME,735.5,177.535,-2.5,-4.33,120,200.0,,,
2026-09-08T03:57:23.539020,38,10087,FRAME,733.0,173.205,-2.5,-4.33,120,200.0,,,
2026-09-08T03:57:23.555091,38,10088,FRAME,730.5,168.875,-2.5,-4.33,120,200.0,,,
2026-09-08T03:57:23.570599,38,10089,FRAME,728.0,164.545,-2.5,-4.33,120,200.0,,,
2026-09-08T03:57:23.586293,38,10090,FRAME,725.5,160.215,-2.5,-4.33,120,200.0,,,
2026-09-08T03:57:23.602826,38,10091,FRAME,723.0,155.885,-2.5,-4.33,120,200.0,,,
2026-09-08T03:57:23.618413,38,10092,FRAME,720.5,151.554,-2.5,-4.33,120,200.0,,,
2026-09-08T03:57:23.634997,38,10093,FRAME,718.0,147.224,-2.5,-4.33,120,200.0,,,
2026-09-08T03:57:23.650592,38,10094,FRAME,715.5,142.894,-2.5,-4.33,120,200.0,,,
2026-09-08T03:57:23.666663,38,10095,FRAME,713.0,138.564,-2.5,-4.33,120,200.0,,,
2026-09-08T03:57:23.683188,38,10096,FRAME,710.5,134.234,-2.5,-4.33,120,200.0,,,
2026-09-08T03:57:23.701020,38,10097,FRAME,708.0,129.904,-2.5,-4.33,120,200.0,,,
2026-09-08T03:57:23.717750,38,10098,FRAME,705.5,125.574,-2.5,-4.33,120,200.0,,,
2026-09-08T03:57:23.734269,38,10099,FRAME,703.0,121.244,-2.5,-4.33,120,200.0,,,
2026-09-08T03:57:23.750836,38,10100,FRAME,700.5,116.913,-2.5,-4.33,120,200.0,,,
2026-09-08T03:57:23.767437,38,10101,FRAME,698.0,112.583,-2.5,-4.33,120,200.0,,,
2026-09-08T03:57:23.784310,38,10102,FRAME,695.5,108.253,-2.5,-4.33,120,200.0,,,
2026-09-08T03:57:23.800860,38,10103,FRAME,693.0,103.923,-2.5,-4.33,120,200.0,,,
2026-09-08T03:57:23.816536,38,10104,FRAME,690.5,99.593,-2.5,-4.33,120,200.0,,,
2026-09-08T03:57:23.832658,38,10105,FRAME,688.0,95.263,-2.5,-4.33,120,200.0,,,
2026-09-08T03:57:23.848682,38,10106,FRAME,685.5,90.933,-2.5,-4.33,120,200.0,,,
2026-09-08T03:57:23.865394,38,10107,FRAME,683.0,86.603,-2.5,-4.33,120,200.0,,,
2026-09-08T03:57:23.882913,38,10108,FRAME,680.5,82.272,-2.5,-4.33,120,200.0,,,
2026-09-08T03:57:23.898515,38,10109,FRAME,678.0,77.942,-2.5,-4.33,120,200.0,,,
2026-09-08T03:57:23.915157,38,10110,FRAME,675.5,73.612,-2.5,-4.33,120,200.0,,,
2026-09-08T03:57:23.932241,38,10111,FRAME,673.0,69.282,-2.5,-4.33,120,200.0,,,
2026-09-08T03:57:23.950294,38,10112,FRAME,670.5,64.952,-2.5,-4.33,120,200.0,,,
2026-09-08T03:57:23.966642,38,10113,FRAME,668.0,60.622,-2.5,-4.33,120,200.0,,,
2026-09-08T03:57:23.983174,38,10114,FRAME,665.5,56.292,-2.5,-4.33,120,200.0,,,
2026-09-08T03:57:24.000634,38,10115,FRAME,663.0,51.962,-2.5,-4.33,120,200.0,,,
2026-09-08T03:57:24.017162,38,10116,FRAME,660.5,47.631,-2.5,-4.33,120,200.0,,,
2026-09-08T03:57:24.034341,38,10117,FRAME,658.0,43.301,-2.5,-4.33,120,200.0,,,
2026-09-08T03:57:24.050744,38,10118,FRAME,655.5,38.971,-2.5,-4.33,120,200.0,,,
2026-09-08T03:57:24.067195,38,10119,FRAME,653.0,34.641,-2.5,-4.33,120,200.0,,,
2026-09-08T03:57:24.085546,38,10120,FRAME,650.5,30.311,-2.5,-4.33,120,200.0,,,
2026-09-08T03:57:24.101006,38,10121,FRAME,648.0,25.981,-2.5,-4.33,120,200.0,,,
2026-09-08T03:57:24.117493,38,10122,FRAME,645.5,21.651,-2.5,-4.33,120,200.0,,,
2026-09-08T03:57:24.134311,38,10123,FRAME,643.0,17.321,-2.5,-4.33,120,200.0,,,
2026-09-08T03:57:24.150850,38,10124,FRAME,640.5,12.99,-2.5,-4.33,120,200.0,,,
2026-09-08T03:57:24.169040,38,10125,FRAME,638.0,8.66,-2.5,-4.33,120,200.0,,,
2026-09-08T03:57:24.184484,38,10126,FRAME,635.5,4.33,-2.5,-4.33,120,200.0,,,
2026-09-08T03:57:24.202256,38,10127,WALL_BOUNCE,633.0,0,-2.5,4.33,120,200.0,,,
2026-09-08T03:57:24.202256,38,10128,FRAME,633.0,0,-2.5,4.33,120,200.0,,,
2026-09-08T03:57:24.218925,38,10129,FRAME,630.5,4.33,-2.5,4.33,120,200.0,,,
2026-09-08T03:57:24.235467,38,10130,FRAME,628.0,8.66,-2.5,4.33,120,200.0,,,
2026-09-08T03:57:24.252287,38,10131,FRAME,625.5,12.99,-2.5,4.33,120,200.0,,,
2026-09-08T03:57:24.269352,38,10132,FRAME,623.0,17.321,-2.5,4.33,120,200.0,,,
2026-09-08T03:57:24.287095,38,10133,FRAME,620.5,21.651,-2.5,4.33,120,200.0,,,
2026-09-08T03:57:24.303107,38,10134,FRAME,618.0,25.981,-2.5,4.33,120,200.0,,,
2026-09-08T03:57:24.319337,38,10135,FRAME,615.5,30.311,-2.5,4.33,120,200.0,,,
2026-09-08T03:57:24.335935,38,10136,FRAME,613.0,34.641,-2.5,4.33,120,200.0,,,
2026-09-08T03:57:24.352450,38,10137,FRAME,610.5,38.971,-2.5,4.33,120,200.0,,,
2026-09-08T03:57:24.370496,38,10138,FRAME,608.0,43.301,-2.5,4.33,120,200.0,,,
2026-09-08T03:57:24.386263,38,10139,FRAME,605.5,47.631,-2.5,4.33,120,200.0,,,
2026-09-08T03:57:24.402860,38,10140,FRAME,603.0,51.962,-2.5,4.33,120,200.0,,,
2026-09-08T03:57:24.418537,38,10141,FRAME,600.5,56.292,-2.5,4.33,120,200.0,,,
2026-09-08T03:57:24.435315,38,10142,FRAME,598.0,60.622,-2.5,4.33,120,200.0,,,
2026-09-08T03:57:24.451588,38,10143,FRAME,595.5,64.952,-2.5,4.33,120,200.0,,,
2026-09-08T03:57:24.467309,38,10144,FRAME,593.0,69.282,-2.5,4.33,120,200.0,,,
2026-09-08T03:57:24.484355,38,10145,FRAME,590.5,73.612,-2.5,4.33,120,200.0,,,
2026-09-08T03:57:24.501979,38,10146,FRAME,588.0,77.942,-2.5,4.33,120,200.0,,,
2026-09-08T03:57:24.517778,38,10147,FRAME,585.5,82.272,-2.5,4.33,120,200.0,,,
2026-09-08T03:57:24.534254,38,10148,FRAME,583.0,86.603,-2.5,4.33,120,200.0,,,
2026-09-08T03:57:24.551305,38,10149,FRAME,580.5,90.933,-2.5,4.33,120,200.0,,,
2026-09-08T03:57:24.567751,38,10150,FRAME,578.0,95.263,-2.5,4.33,120,200.0,,,
2026-09-08T03:57:24.584253,38,10151,FRAME,575.5,99.593,-2.5,4.33,120,200.0,,,
2026-09-08T03:57:24.600976,38,10152,FRAME,573.0,103.923,-2.5,4.33,120,200.0,,,
2026-09-08T03:57:24.745369,38,10153,FRAME,570.5,108.253,-2.5,4.33,120,200.0,,,
