timestamp,rally,frame,event,ball_x,ball_y,ball_vx,ball_vy,left_paddle_y,right_paddle_y,hit_position,angle,scorer
2026-09-08T14:54:54.913397,1,1,FRAME,398.215,170.204,4.47,-2.239,200.0,193.0,,,
2026-09-08T14:54:54.926023,1,2,FRAME,402.685,167.965,4.47,-2.239,200.0,186.0,,,
2026-09-08T14:54:54.940132,1,3,FRAME,407.156,165.725,4.47,-2.239,200.0,179.0,,,
2026-09-08T14:54:54.957174,1,4,FRAME,411.626,163.486,4.47,-2.239,200.0,172.0,,,
2026-09-08T14:54:54.974476,1,5,FRAME,416.097,161.247,4.47,-2.239,200.0,165.0,,,
2026-09-08T14:54:54.991635,1,6,FRAME,420.567,159.007,4.47,-2.239,200.0,158.0,,,
2026-09-08T14:54:55.007596,1,7,FRAME,425.038,156.768,4.47,-2.239,200.0,151.0,,,
2026-09-08T14:54:55.024188,1,8,FRAME,429.508,154.528,4.47,-2.239,200.0,144.0,,,
2026-09-08T14:54:55.041401,1,9,FRAME,433.979,152.289,4.47,-2.239,200.0,137.0,,,
2026-09-08T14:54:55.057970,1,10,FRAME,438.449,150.05,4.47,-2.239,200.0,130.0,,,
2026-09-08T14:54:55.074224,1,11,FRAME,442.92,147.81,4.47,-2.239,200.0,123.0,,,
2026-09-08T14:54:55.090799,1,12,FRAME,447.39,145.571,4.47,-2.239,200.0,116.0,,,
2026-09-08T14:54:55.106988,1,13,FRAME,451.861,143.331,4.47,-2.239,200.0,109.0,,,
2026-09-08T14:54:55.123249,1,14,FRAME,456.331,141.092,4.47,-2.239,200.0,102.0,,,
2026-09-08T14:54:55.139978,1,15,FRAME,460.801,138.853,4.47,-2.239,200.0,95.0,,,
2026-09-08T14:54:55.155690,1,16,FRAME,465.272,136.613,4.47,-2.239,200.0,88.0,,,
2026-09-08T14:54:55.171390,1,17,FRAME,469.742,134.374,4.47,-2.239,200.0,81.0,,,
2026-09-08T14:54:55.188885,1,18,FRAME,474.213,132.134,4.47,-2.239,200.0,74.0,,,
2026-09-08T14:54:55.205786,1,19,FRAME,478.683,129.895,4.47,-2.239,200.0,67.0,,,
2026-09-08T14:54:55.221546,1,20,FRAME,483.154,127.656,4.47,-2.239,200.0,60.0,,,
2026-09-08T14:54:55.238453,1,21,FRAME,487.624,125.416,4.47,-2.239,200.0,53.0,,,
2026-09-08T14:54:55.255812,1,22,FRAME,492.095,123.177,4.47,-2.239,200.0,46.0,,,
2026-09-08T14:54:55.271863,1,23,FRAME,496.565,120.937,4.47,-2.239,200.0,39.0,,,
2026-09-08T14:54:55.288174,1,24,FRAME,501.036,118.698,4.47,-2.239,200.0,32.0,,,
2026-09-08T14:54:55.306069,1,25,FRAME,505.506,116.459,4.47,-2.239,200.0,25.0,,,
2026-09-08T14:54:55.323340,1,26,FRAME,509.977,114.219,4.47,-2.239,200.0,18.0,,,
2026-09-08T14:54:55.340065,1,27,FRAME,514.447,111.98,4.47,-2.239,200.0,11.0,,,
2026-09-08T14:54:55.357134,1,28,FRAME,518.918,109.74,4.47,-2.239,200.0,4.0,,,
2026-09-08T14:54:55.374125,1,29,FRAME,523.388,107.501,4.47,-2.239,200.0,0,,,
2026-09-08T14:54:55.390175,1,30,FRAME,527.858,105.262,4.47,-2.239,200.0,0,,,
2026-09-08T14:54:55.408713,1,31,FRAME,532.329,103.022,4.47,-2.239,200.0,0,,,
2026-09-08T14:54:55.424314,1,32,FRAME,536.799,100.783,4.47,-2.239,200.0,0,,,
2026-09-08T14:54:55.441097,1,33,FRAME,541.27,98.543,4.47,-2.239,200.0,0,,,
2026-09-08T14:54:55.458031,1,34,FRAME,545.74,96.304,4.47,-2.239,200.0,0,,,
2026-09-08T14:54:55.474557,1,35,FRAME,550.211,94.065,4.47,-2.239,200.0,0,,,
2026-09-08T14:54:55.492142,1,36,FRAME,554.681,91.825,4.47,-2.239,200.0,0,,,
2026-09-08T14:54:55.508183,1,37,FRAME,559.152,89.586,4.47,-2.239,200.0,0,,,
2026-09-08T14:54:55.526274,1,38,FRAME,563.622,87.346,4.47,-2.239,200.0,0,,,
2026-09-08T14:54:55.541795,1,39,FRAME,568.093,85.107,4.47,-2.239,200.0,0,,,
2026-09-08T14:54:55.557360,1,40,FRAME,572.563,82.868,4.47,-2.239,200.0,0,,,
2026-09-08T14:54:55.574517,1,41,FRAME,577.034,80.628,4.47,-2.239,200.0,0,,,
2026-09-08T14:54:55.590625,1,42,FRAME,581.504,78.389,4.47,-2.239,200.0,0,,,
2026-09-08T14:54:55.606912,1,43,FRAME,585.975,76.149,4.47,-2.239,200.0,0,,,
2026-09-08T14:54:55.623423,1,44,FRAME,590.445,73.91,4.47,-2.239,200.0,0,,,
2026-09-08T14:54:55.639662,1,45,FRAME,594.916,71.671,4.47,-2.239,200.0,0,,,
2026-09-08T14:54:55.655687,1,46,FRAME,599.386,69.431,4.47,-2.239,200.0,0,,,
2026-09-08T14:54:55.671682,1,47,FRAME,603.856,67.192,4.47,-2.239,200.0,0,,,
2026-09-08T14:54:55.687724,1,48,FRAME,608.327,64.952,4.47,-2.239,200.0,0,,,
2026-09-08T14:54:55.705364,1,49,FRAME,612.797,62.713,4.47,-2.239,200.0,0,,,
2026-09-08T14:54:55.722558,1,50,FRAME,617.268,60.474,4.47,-2.239,200.0,0,,,
2026-09-08T14:54:55.739955,1,51,FRAME,621.738,58.234,4.47,-2.239,200.0,0,,,
2026-09-08T14:54:55.756031,1,52,FRAME,626.209,55.995,4.47,-2.239,200.0,0,,,
2026-09-08T14:54:55.772791,1,53,FRAME,630.679,53.755,4.47,-2.239,200.0,0,,,
2026-09-08T14:54:55.789245,1,54,FRAME,635.15,51.516,4.47,-2.239,200.0,0,,,
2026-09-08T14:54:55.806130,1,55,FRAME,639.62,49.277,4.47,-2.239,200.0,0,,,
2026-09-08T14:54:55.822903,1,56,FRAME,644.091,47.037,4.47,-2.239,200.0,0,,,
2026-09-08T14:54:55.838697,1,57,FRAME,648.561,44.798,4.47,-2.239,200.0,0,,,
2026-09-08T14:54:55.855788,1,58,FRAME,653.032,42.558,4.47,-2.239,200.0,0,,,
2026-09-08T14:54:55.872469,1,59,FRAME,657.502,40.319,4.47,-2.239,200.0,0,,,
2026-09-08T14:54:55.889892,1,60,FRAME,661.973,38.08,4.47,-2.239,200.0,0,,,
2026-09-08T14:54:55.905575,1,61,FRAME,666.443,35.84,4.47,-2.239,200.0,0,,,
2026-09-08T14:54:55.922818,1,62,FRAME,670.913,33.601,4.47,-2.239,200.0,0,,,
2026-09-08T14:54:55.938526,1,63,FRAME,675.384,31.361,4.47,-2.239,200.0,0,,,
2026-09-08T14:54:55.955290,1,64,FRAME,679.854,29.122,4.47,-2.239,200.0,0,,,
2026-09-08T14:54:55.972702,1,65,FRAME,684.325,26.883,4.47,-2.239,200.0,0,,,
2026-09-08T14:54:55.988748,1,66,FRAME,688.795,24.643,4.47,-2.239,200.0,0,,,
2026-09-08T14:54:56.005623,1,67,FRAME,693.266,22.404,4.47,-2.239,200.0,0,,,
2026-09-08T14:54:56.024370,1,68,FRAME,697.736,20.164,4.47,-2.239,200.0,0,,,
2026-09-08T14:54:56.039378,1,69,FRAME,702.207,17.925,4.47,-2.239,200.0,0,,,
2026-09-08T14:54:56.056672,1,70,FRAME,706.677,15.686,4.47,-2.239,200.0,0,,,
2026-09-08T14:54:56.073861,1,71,FRAME,711.148,13.446,4.47,-2.239,200.0,0,,,
2026-09-08T14:54:56.090233,1,72,FRAME,715.618,11.207,4.47,-2.239,200.0,0,,,
2026-09-08T14:54:56.106795,1,73,FRAME,720.089,8.967,4.47,-2.239,200.0,0,,,
2026-09-08T14:54:56.122503,1,74,FRAME,724.559,6.728,4.47,-2.239,200.0,0,,,
2026-09-08T14:54:56.140459,1,75,FRAME,729.03,4.489,4.47,-2.239,207.0,0,,,
2026-09-08T14:54:56.156156,1,76,FRAME,733.5,2.249,4.47,-2.239,214.0,0,,,
2026-09-08T14:54:56.172854,1,77,FRAME,737.97,0.01,4.47,-2.239,221.0,0,,,
2026-09-08T14:54:56.189368,1,78,WALL_BOUNCE,742.441,0,4.47,2.239,228.0,0,,,
2026-09-08T14:54:56.189368,1,79,FRAME,742.441,0,4.47,2.239,228.0,0,,,
2026-09-08T14:54:56.206811,1,80,FRAME,746.911,2.239,4.47,2.239,235.0,0,,,
2026-09-08T14:54:56.222452,1,81,FRAME,751.382,4.479,4.47,2.239,242.0,0,,,
2026-09-08T14:54:56.239839,1,82,FRAME,755.852,6.718,4.47,2.239,249.0,0,,,
2026-09-08T14:54:56.255775,1,83,RIGHT_HIT,758,8.958,-3.713,-3.349,256.0,0,-0.701,-42.051,
2026-09-08T14:54:56.255775,1,84,FRAME,758,8.958,-3.713,-3.349,256.0,0,,,
2026-09-08T14:54:56.271575,1,85,FRAME,754.287,5.609,-3.713,-3.349,263.0,7,,,
2026-09-08T14:54:56.288792,1,86,FRAME,750.574,2.26,-3.713,-3.349,263.0,14,,,
2026-09-08T14:54:56.305622,1,87,WALL_BOUNCE,746.862,0,-3.713,3.349,263.0,21,,,
2026-09-08T14:54:56.305622,1,88,FRAME,746.862,0,-3.713,3.349,263.0,21,,,
2026-09-08T14:54:56.323096,1,89,FRAME,743.149,3.349,-3.713,3.349,263.0,28,,,
2026-09-08T14:54:56.339997,1,90,FRAME,739.436,6.698,-3.713,3.349,263.0,35,,,
2026-09-08T14:54:56.355607,1,91,FRAME,735.723,10.047,-3.713,3.349,263.0,42,,,
2026-09-08T14:54:56.372241,1,92,FRAME,732.011,13.396,-3.713,3.349,263.0,49,,,
2026-09-08T14:54:56.389471,1,93,FRAME,728.298,16.745,-3.713,3.349,263.0,56,,,
2026-09-08T14:54:56.406729,1,94,FRAME,724.585,20.094,-3.713,3.349,263.0,63,,,
2026-09-08T14:54:56.422540,1,95,FRAME,720.872,23.443,-3.713,3.349,263.0,70,,,
2026-09-08T14:54:56.439341,1,96,FRAME,717.16,26.792,-3.713,3.349,263.0,77,,,
2026-09-08T14:54:56.456114,1,97,FRAME,713.447,30.141,-3.713,3.349,263.0,84,,,
2026-09-08T14:54:56.472798,1,98,FRAME,709.734,33.49,-3.713,3.349,263.0,91,,,
2026-09-08T14:54:56.488670,1,99,FRAME,706.021,36.838,-3.713,3.349,263.0,98,,,
2026-09-08T14:54:56.505053,1,100,FRAME,702.309,40.187,-3.713,3.349,263.0,105,,,
2026-09-08T14:54:56.521084,1,101,FRAME,698.596,43.536,-3.713,3.349,256.0,112,,,
2026-09-08T14:54:56.536899,1,102,FRAME,694.883,46.885,-3.713,3.349,249.0,119,,,
2026-09-08T14:54:56.552818,1,103,FRAME,691.17,50.234,-3.713,3.349,242.0,126,,,
2026-09-08T14:54:56.568808,1,104,FRAME,687.458,53.583,-3.713,3.349,235.0,133,,,
2026-09-08T14:54:56.584411,1,105,FRAME,683.745,56.932,-3.713,3.349,228.0,140,,,
2026-09-08T14:54:56.601110,1,106,FRAME,680.032,60.281,-3.713,3.349,221.0,147,,,
2026-09-08T14:54:56.617067,1,107,FRAME,676.319,63.63,-3.713,3.349,214.0,154,,,
2026-09-08T14:54:56.632705,1,108,FRAME,672.607,66.979,-3.713,3.349,207.0,161,,,
2026-09-08T14:54:56.648783,1,109,FRAME,668.894,70.328,-3.713,3.349,200.0,168,,,
2026-09-08T14:54:56.665470,1,110,FRAME,665.181,73.677,-3.713,3.349,200.0,175,,,
2026-09-08T14:54:56.681337,1,111,FRAME,661.468,77.026,-3.713,3.349,200.0,182,,,
2026-09-08T14:54:56.698392,1,112,FRAME,657.756,80.375,-3.713,3.349,200.0,189,,,
2026-09-08T14:54:56.715092,1,113,FRAME,654.043,83.724,-3.713,3.349,200.0,196,,,
2026-09-08T14:54:56.732575,1,114,FRAME,650.33,87.073,-3.713,3.349,200.0,203,,,
2026-09-08T14:54:56.749542,1,115,FRAME,646.617,90.422,-3.713,3.349,200.0,196,,,
2026-09-08T14:54:56.766875,1,116,FRAME,642.905,93.771,-3.713,3.349,200.0,203,,,
2026-09-08T14:54:56.783091,1,117,FRAME,639.192,97.12,-3.713,3.349,200.0,196,,,
2026-09-08T14:54:56.798913,1,118,FRAME,635.479,100.469,-3.713,3.349,200.0,203,,,
2026-09-08T14:54:56.815604,1,119,FRAME,631.766,103.817,-3.713,3.349,193.0,196,,,
2026-09-08T14:54:56.832353,1,120,FRAME,628.054,107.166,-3.713,3.349,186.0,203,,,
2026-09-08T14:54:56.849588,1,121,FRAME,624.341,110.515,-3.713,3.349,179.0,196,,,
2026-09-08T14:54:56.866915,1,122,FRAME,620.628,113.864,-3.713,3.349,172.0,203,,,
2026-09-08T14:54:56.882877,1,123,FRAME,616.915,117.213,-3.713,3.349,165.0,196,,,
2026-09-08T14:54:56.898985,1,124,FRAME,613.203,120.562,-3.713,3.349,158.0,203,,,
2026-09-08T14:54:56.915265,1,125,FRAME,609.49,123.911,-3.713,3.349,151.0,196,,,
2026-09-08T14:54:56.931884,1,126,FRAME,605.777,127.26,-3.713,3.349,144.0,203,,,
2026-09-08T14:54:56.947728,1,127,FRAME,602.064,130.609,-3.713,3.349,137.0,196,,,
2026-09-08T14:54:56.964256,1,128,FRAME,598.352,133.958,-3.713,3.349,130.0,203,,,
2026-09-08T14:54:56.981647,1,129,FRAME,594.639,137.307,-3.713,3.349,123.0,196,,,
2026-09-08T14:54:56.998651,1,130,FRAME,590.926,140.656,-3.713,3.349,123.0,203,,,
2026-09-08T14:54:57.015523,1,131,FRAME,587.213,144.005,-3.713,3.349,123.0,196,,,
2026-09-08T14:54:57.032039,1,132,FRAME,583.501,147.354,-3.713,3.349,123.0,203,,,
2026-09-08T14:54:57.047746,1,133,FRAME,579.788,150.703,-3.713,3.349,123.0,196,,,
2026-09-08T14:54:57.063665,1,134,FRAME,576.075,154.052,-3.713,3.349,123.0,203,,,
2026-09-08T14:54:57.081102,1,135,FRAME,572.362,157.401,-3.713,3.349,123.0,196,,,
2026-09-08T14:54:57.097778,1,136,FRAME,568.65,160.75,-3.713,3.349,123.0,203,,,
2026-09-08T14:54:57.114226,1,137,FRAME,564.937,164.099,-3.713,3.349,123.0,196,,,
2026-09-08T14:54:57.130936,1,138,FRAME,561.224,167.448,-3.713,3.349,123.0,203,,,
2026-09-08T14:54:57.146849,1,139,FRAME,557.511,170.797,-3.713,3.349,116.0,196,,,
2026-09-08T14:54:57.162927,1,140,FRAME,553.799,174.145,-3.713,3.349,109.0,203,,,
2026-09-08T14:54:57.178747,1,141,FRAME,550.086,177.494,-3.713,3.349,102.0,196,,,
2026-09-08T14:54:57.195725,1,142,FRAME,546.373,180.843,-3.713,3.349,95.0,203,,,
2026-09-08T14:54:57.212023,1,143,FRAME,542.66,184.192,-3.713,3.349,88.0,196,,,
2026-09-08T14:54:57.228767,1,144,FRAME,538.948,187.541,-3.713,3.349,81.0,203,,,
2026-09-08T14:54:57.244452,1,145,FRAME,535.235,190.89,-3.713,3.349,74.0,196,,,
2026-09-08T14:54:57.261532,1,146,FRAME,531.522,194.239,-3.713,3.349,67.0,203,,,
2026-09-08T14:54:57.278835,1,147,FRAME,527.809,197.588,-3.713,3.349,67.0,196,,,
2026-09-08T14:54:57.295056,1,148,FRAME,524.097,200.937,-3.713,3.349,67.0,203,,,
2026-09-08T14:54:57.312065,1,149,FRAME,520.384,204.286,-3.713,3.349,67.0,196,,,
2026-09-08T14:54:57.330273,1,150,FRAME,516.671,207.635,-3.713,3.349,67.0,203,,,
2026-09-08T14:54:57.345769,1,151,FRAME,512.958,210.984,-3.713,3.349,74.0,196,,,
2026-09-08T14:54:57.361332,1,152,FRAME,509.246,214.333,-3.713,3.349,81.0,203,,,
2026-09-08T14:54:57.378710,1,153,FRAME,505.533,217.682,-3.713,3.349,88.0,196,,,
2026-09-08T14:54:57.395429,1,154,FRAME,501.82,221.031,-3.713,3.349,95.0,203,,,
2026-09-08T14:54:57.412155,1,155,FRAME,498.107,224.38,-3.713,3.349,102.0,196,,,
2026-09-08T14:54:57.429001,1,156,FRAME,494.395,227.729,-3.713,3.349,109.0,203,,,
2026-09-08T14:54:57.444423,1,157,FRAME,490.682,231.078,-3.713,3.349,116.0,196,,,
2026-09-08T14:54:57.461455,1,158,FRAME,486.969,234.427,-3.713,3.349,123.0,203,,,
2026-09-08T14:54:57.478448,1,159,FRAME,483.256,237.776,-3.713,3.349,130.0,196,,,
2026-09-08T14:54:57.495050,1,160,FRAME,479.544,241.124,-3.713,3.349,137.0,203,,,
2026-09-08T14:54:57.512347,1,161,FRAME,475.831,244.473,-3.713,3.349,144.0,196,,,
2026-09-08T14:54:57.529738,1,162,FRAME,472.118,247.822,-3.713,3.349,151.0,203,,,
2026-09-08T14:54:57.545466,1,163,FRAME,468.405,251.171,-3.713,3.349,158.0,196,,,
2026-09-08T14:54:57.562539,1,164,FRAME,464.693,254.52,-3.713,3.349,165.0,203,,,
2026-09-08T14:54:57.579380,1,165,FRAME,460.98,257.869,-3.713,3.349,172.0,196,,,
2026-09-08T14:54:57.595946,1,166,FRAME,457.267,261.218,-3.713,3.349,179.0,203,,,
2026-09-08T14:54:57.612000,1,167,FRAME,453.554,264.567,-3.713,3.349,186.0,196,,,
2026-09-08T14:54:57.628443,1,168,FRAME,449.842,267.916,-3.713,3.349,193.0,203,,,
2026-09-08T14:54:57.644973,1,169,FRAME,446.129,271.265,-3.713,3.349,200.0,196,,,
2026-09-08T14:54:57.660793,1,170,FRAME,442.416,274.614,-3.713,3.349,207.0,203,,,
2026-09-08T14:54:57.676865,1,171,FRAME,438.703,277.963,-3.713,3.349,214.0,196,,,
2026-09-08T14:54:57.692886,1,172,FRAME,434.991,281.312,-3.713,3.349,221.0,203,,,
2026-09-08T14:54:57.709331,1,173,FRAME,431.278,284.661,-3.713,3.349,228.0,196,,,
2026-09-08T14:54:57.726051,1,174,FRAME,427.565,288.01,-3.713,3.349,235.0,203,,,
2026-09-08T14:54:57.741463,1,175,FRAME,423.852,291.359,-3.713,3.349,242.0,196,,,
2026-09-08T14:54:57.758662,1,176,FRAME,420.14,294.708,-3.713,3.349,249.0,203,,,
2026-09-08T14:54:57.775944,1,177,FRAME,416.427,298.057,-3.713,3.349,256.0,196,,,
2026-09-08T14:54:57.792159,1,178,FRAME,412.714,301.406,-3.713,3.349,263.0,203,,,
2026-09-08T14:54:57.809358,1,179,FRAME,409.001,304.755,-3.713,3.349,270.0,196,,,
2026-09-08T14:54:57.826072,1,180,FRAME,405.289,308.104,-3.713,3.349,277.0,203,,,
2026-09-08T14:54:57.842819,1,181,FRAME,401.576,311.452,-3.713,3.349,284.0,196,,,
2026-09-08T14:54:57.859687,1,182,FRAME,397.863,314.801,-3.713,3.349,291.0,203,,,
2026-09-08T14:54:57.875192,1,183,FRAME,394.15,318.15,-3.713,3.349,298.0,196,,,
2026-09-08T14:54:57.892496,1,184,FRAME,390.438,321.499,-3.713,3.349,305.0,203,,,
2026-09-08T14:54:57.908571,1,185,FRAME,386.725,324.848,-3.713,3.349,312.0,196,,,
2026-09-08T14:54:57.925140,1,186,FRAME,383.012,328.197,-3.713,3.349,319.0,203,,,
2026-09-08T14:54:57.941703,1,187,FRAME,379.299,331.546,-3.713,3.349,326.0,196,,,
2026-09-08T14:54:57.958638,1,188,FRAME,375.587,334.895,-3.713,3.349,333.0,203,,,
2026-09-08T14:54:57.975223,1,189,FRAME,371.874,338.244,-3.713,3.349,340.0,196,,,
2026-09-08T14:54:57.992504,1,190,FRAME,368.161,341.593,-3.713,3.349,347.0,203,,,
2026-09-08T14:54:58.009837,1,191,FRAME,364.448,344.942,-3.713,3.349,354.0,196,,,
2026-09-08T14:54:58.026018,1,192,FRAME,360.736,348.291,-3.713,3.349,361.0,203,,,
2026-09-08T14:54:58.042083,1,193,FRAME,357.023,351.64,-3.713,3.349,368.0,196,,,
2026-09-08T14:54:58.057770,1,194,FRAME,353.31,354.989,-3.713,3.349,375.0,203,,,
2026-09-08T14:54:58.073716,1,195,FRAME,349.597,358.338,-3.713,3.349,382.0,196,,,
2026-09-08T14:54:58.090398,1,196,FRAME,345.885,361.687,-3.713,3.349,389.0,203,,,
2026-09-08T14:54:58.107032,1,197,FRAME,342.172,365.036,-3.713,3.349,396.0,196,,,
2026-09-08T14:54:58.122681,1,198,FRAME,338.459,368.385,-3.713,3.349,400,203,,,
2026-09-08T14:54:58.138893,1,199,FRAME,334.746,371.734,-3.713,3.349,400,196,,,
2026-09-08T14:54:58.155255,1,200,FRAME,331.034,375.083,-3.713,3.349,400,203,,,
2026-09-08T14:54:58.172333,1,201,FRAME,327.321,378.431,-3.713,3.349,400,196,,,
2026-09-08T14:54:58.189666,1,202,FRAME,323.608,381.78,-3.713,3.349,400,203,,,
2026-09-08T14:54:58.205715,1,203,FRAME,319.895,385.129,-3.713,3.349,400,196,,,
2026-09-08T14:54:58.221894,1,204,FRAME,316.183,388.478,-3.713,3.349,400,203,,,
2026-09-08T14:54:58.237554,1,205,FRAME,312.47,391.827,-3.713,3.349,400,196,,,
2026-09-08T14:54:58.255386,1,206,FRAME,308.757,395.176,-3.713,3.349,400,203,,,
2026-09-08T14:54:58.270841,1,207,FRAME,305.044,398.525,-3.713,3.349,400,196,,,
2026-09-08T14:54:58.286785,1,208,FRAME,301.332,401.874,-3.713,3.349,400,203,,,
2026-09-08T14:54:58.302772,1,209,FRAME,297.619,405.223,-3.713,3.349,400,196,,,
2026-09-08T14:54:58.318906,1,210,FRAME,293.906,408.572,-3.713,3.349,400,203,,,
2026-09-08T14:54:58.335132,1,211,FRAME,290.193,411.921,-3.713,3.349,400,196,,,
2026-09-08T14:54:58.352435,1,212,FRAME,286.481,415.27,-3.713,3.349,400,203,,,
2026-09-08T14:54:58.370012,1,213,FRAME,282.768,418.619,-3.713,3.349,400,196,,,
2026-09-08T14:54:58.386960,1,214,FRAME,279.055,421.968,-3.713,3.349,400,203,,,
2026-09-08T14:54:58.402610,1,215,FRAME,275.342,425.317,-3.713,3.349,400,196,,,
2026-09-08T14:54:58.420059,1,216,FRAME,271.63,428.666,-3.713,3.349,400,203,,,
2026-09-08T14:54:58.435516,1,217,FRAME,267.917,432.015,-3.713,3.349,400,196,,,
2026-09-08T14:54:58.453009,1,218,FRAME,264.204,435.364,-3.713,3.349,400,203,,,
2026-09-08T14:54:58.468996,1,219,FRAME,260.491,438.713,-3.713,3.349,400,196,,,
2026-09-08T14:54:58.485059,1,220,FRAME,256.779,442.062,-3.713,3.349,400,203,,,
2026-09-08T14:54:58.500752,1,221,FRAME,253.066,445.411,-3.713,3.349,400,196,,,
2026-09-08T14:54:58.517249,1,222,FRAME,249.353,448.759,-3.713,3.349,400,203,,,
2026-09-08T14:54:58.534074,1,223,FRAME,245.64,452.108,-3.713,3.349,400,196,,,
2026-09-08T14:54:58.549689,1,224,FRAME,241.928,455.457,-3.713,3.349,400,203,,,
2026-09-08T14:54:58.565434,1,225,FRAME,238.215,458.806,-3.713,3.349,400,196,,,
2026-09-08T14:54:58.582313,1,226,FRAME,234.502,462.155,-3.713,3.349,400,203,,,
2026-09-08T14:54:58.599103,1,227,FRAME,230.789,465.504,-3.713,3.349,400,196,,,
2026-09-08T14:54:58.615395,1,228,FRAME,227.076,468.853,-3.713,3.349,400,203,,,
2026-09-08T14:54:58.632911,1,229,FRAME,223.364,472.202,-3.713,3.349,400,196,,,
2026-09-08T14:54:58.649052,1,230,FRAME,219.651,475.551,-3.713,3.349,400,203,,,
2026-09-08T14:54:58.665621,1,231,FRAME,215.938,478.9,-3.713,3.349,400,196,,,
2026-09-08T14:54:58.682179,1,232,FRAME,212.225,482.249,-3.713,3.349,400,203,,,
2026-09-08T14:54:58.699129,1,233,FRAME,208.513,485.598,-3.713,3.349,400,196,,,
2026-09-08T14:54:58.716144,1,234,WALL_BOUNCE,204.8,488,-3.713,-3.349,400,203,,,
2026-09-08T14:54:58.716144,1,235,FRAME,204.8,488,-3.713,-3.349,400,203,,,
2026-09-08T14:54:58.732903,1,236,FRAME,201.087,484.651,-3.713,-3.349,400,196,,,
2026-09-08T14:54:58.749197,1,237,FRAME,197.374,481.302,-3.713,-3.349,400,203,,,
2026-09-08T14:54:58.765872,1,238,FRAME,193.662,477.953,-3.713,-3.349,400,196,,,
2026-09-08T14:54:58.782183,1,239,FRAME,189.949,474.604,-3.713,-3.349,400,203,,,
2026-09-08T14:54:58.799528,1,240,FRAME,186.236,471.255,-3.713,-3.349,400,196,,,
2026-09-08T14:54:58.817000,1,241,FRAME,182.523,467.906,-3.713,-3.349,393,203,,,
2026-09-08T14:54:58.833610,1,242,FRAME,178.811,464.557,-3.713,-3.349,386,196,,,
2026-09-08T14:54:58.850284,1,243,FRAME,175.098,461.208,-3.713,-3.349,379,203,,,
2026-09-08T14:54:58.867323,1,244,FRAME,171.385,457.859,-3.713,-3.349,372,196,,,
2026-09-08T14:54:58.885327,1,245,FRAME,167.672,454.51,-3.713,-3.349,365,203,,,
2026-09-08T14:54:58.902637,1,246,FRAME,163.96,451.162,-3.713,-3.349,358,196,,,
2026-09-08T14:54:58.920109,1,247,FRAME,160.247,447.813,-3.713,-3.349,351,203,,,
2026-09-08T14:54:58.937123,1,248,FRAME,156.534,444.464,-3.713,-3.349,351,196,,,
2026-09-08T14:54:58.955006,1,249,FRAME,152.821,441.115,-3.713,-3.349,351,203,,,
2026-09-08T14:54:58.971706,1,250,FRAME,149.109,437.766,-3.713,-3.349,351,196,,,
2026-09-08T14:54:58.987342,1,251,FRAME,145.396,434.417,-3.713,-3.349,351,203,,,
2026-09-08T14:54:59.003785,1,252,FRAME,141.683,431.068,-3.713,-3.349,351,196,,,
2026-09-08T14:54:59.020322,1,253,FRAME,137.97,427.719,-3.713,-3.349,351,203,,,
2026-09-08T14:54:59.036896,1,254,FRAME,134.258,424.37,-3.713,-3.349,344,196,,,
2026-09-08T14:54:59.053104,1,255,FRAME,130.545,421.021,-3.713,-3.349,337,203,,,
2026-09-08T14:54:59.070501,1,256,FRAME,126.832,417.672,-3.713,-3.349,330,196,,,
2026-09-08T14:54:59.087242,1,257,FRAME,123.119,414.323,-3.713,-3.349,323,203,,,
2026-09-08T14:54:59.104188,1,258,FRAME,119.407,410.974,-3.713,-3.349,316,196,,,
2026-09-08T14:54:59.121626,1,259,FRAME,115.694,407.625,-3.713,-3.349,309,203,,,
2026-09-08T14:54:59.138504,1,260,FRAME,111.981,404.276,-3.713,-3.349,309,196,,,
2026-09-08T14:54:59.155197,1,261,FRAME,108.268,400.927,-3.713,-3.349,309,203,,,
2026-09-08T14:54:59.171755,1,262,FRAME,104.556,397.578,-3.713,-3.349,309,196,,,
2026-09-08T14:54:59.187731,1,263,FRAME,100.843,394.229,-3.713,-3.349,309,203,,,
2026-09-08T14:54:59.204003,1,264,FRAME,97.13,390.88,-3.713,-3.349,309,196,,,
2026-09-08T14:54:59.220462,1,265,FRAME,93.417,387.531,-3.713,-3.349,309,203,,,
2026-09-08T14:54:59.236919,1,266,FRAME,89.705,384.183,-3.713,-3.349,309,196,,,
2026-09-08T14:54:59.253268,1,267,FRAME,85.992,380.834,-3.713,-3.349,309,203,,,
2026-09-08T14:54:59.269890,1,268,FRAME,82.279,377.485,-3.713,-3.349,309,196,,,
2026-09-08T14:54:59.285308,1,269,FRAME,78.566,374.136,-3.713,-3.349,309,203,,,
2026-09-08T14:54:59.302638,1,270,FRAME,74.854,370.787,-3.713,-3.349,309,196,,,
2026-09-08T14:54:59.320606,1,271,FRAME,71.141,367.438,-3.713,-3.349,309,203,,,
2026-09-08T14:54:59.337226,1,272,FRAME,67.428,364.089,-3.713,-3.349,309,196,,,
2026-09-08T14:54:59.355032,1,273,FRAME,63.715,360.74,-3.713,-3.349,309,203,,,
2026-09-08T14:54:59.370948,1,274,FRAME,60.003,357.391,-3.713,-3.349,309,196,,,
2026-09-08T14:54:59.387206,1,275,FRAME,56.29,354.042,-3.713,-3.349,309,203,,,
2026-09-08T14:54:59.402887,1,276,FRAME,52.577,350.693,-3.713,-3.349,309,196,,,
2026-09-08T14:54:59.418700,1,277,FRAME,48.864,347.344,-3.713,-3.349,309,203,,,
2026-09-08T14:54:59.435667,1,278,FRAME,45.152,343.995,-3.713,-3.349,309,196,,,
2026-09-08T14:54:59.452957,1,279,FRAME,41.439,340.646,-3.713,-3.349,316,203,,,
2026-09-08T14:54:59.470165,1,280,FRAME,37.726,337.297,-3.713,-3.349,323,196,,,
2026-09-08T14:54:59.485736,1,281,FRAME,34.013,333.948,-3.713,-3.349,330,203,,,
2026-09-08T14:54:59.501402,1,282,FRAME,30.301,330.599,-3.713,-3.349,337,196,,,
2026-09-08T14:54:59.518734,1,283,FRAME,26.588,327.25,-3.713,-3.349,344,203,,,
2026-09-08T14:54:59.535018,1,284,FRAME,22.875,323.901,-3.713,-3.349,351,196,,,
2026-09-08T14:54:59.551272,1,285,FRAME,19.162,320.552,-3.713,-3.349,358,203,,,
2026-09-08T14:54:59.568183,1,286,FRAME,15.45,317.203,-3.713,-3.349,365,196,,,
2026-09-08T14:54:59.585331,1,287,FRAME,11.737,313.855,-3.713,-3.349,372,203,,,
2026-09-08T14:54:59.602145,1,288,FRAME,8.024,310.506,-3.713,-3.349,379,196,,,
2026-09-08T14:54:59.619016,1,289,FRAME,4.311,307.157,-3.713,-3.349,386,203,,,
2026-09-08T14:54:59.634772,1,290,FRAME,0.599,303.808,-3.713,-3.349,393,196,,,
2026-09-08T14:54:59.650632,1,291,FRAME,-3.114,300.459,-3.713,-3.349,400,203,,,
2026-09-08T14:54:59.666512,1,292,FRAME,-6.827,297.11,-3.713,-3.349,400,196,,,
2026-09-08T14:54:59.683592,1,293,FRAME,-10.54,293.761,-3.713,-3.349,400,203,,,
2026-09-08T14:54:59.700680,1,294,MISS_LEFT,-14.252,290.412,-3.713,-3.349,400,196,,,RIGHT
2026-09-08T14:54:59.700680,2,295,FRAME,314.417,385.683,4.72,-1.649,400,196,,,
2026-09-08T14:54:59.716773,2,296,FRAME,319.137,384.034,4.72,-1.649,400,189,,,
2026-09-08T14:54:59.732827,2,297,FRAME,323.857,382.385,4.72,-1.649,400,196,,,
2026-09-08T14:54:59.748811,2,298,FRAME,328.577,380.736,4.72,-1.649,400,189,,,
2026-09-08T14:54:59.765030,2,299,FRAME,333.298,379.087,4.72,-1.649,400,196,,,
2026-09-08T14:54:59.781002,2,300,FRAME,338.018,377.439,4.72,-1.649,400,189,,,
2026-09-08T14:54:59.797093,2,301,FRAME,342.738,375.79,4.72,-1.649,393,196,,,
2026-09-08T14:54:59.813230,2,302,FRAME,347.459,374.141,4.72,-1.649,386,189,,,
2026-09-08T14:54:59.830057,2,303,FRAME,352.179,372.492,4.72,-1.649,379,196,,,
2026-09-08T14:54:59.845695,2,304,FRAME,356.899,370.843,4.72,-1.649,372,189,,,
2026-09-08T14:54:59.861472,2,305,FRAME,361.619,369.194,4.72,-1.649,365,196,,,
2026-09-08T14:54:59.878541,2,306,FRAME,366.34,367.545,4.72,-1.649,358,189,,,
2026-09-08T14:54:59.895083,2,307,FRAME,371.06,365.896,4.72,-1.649,351,196,,,
2026-09-08T14:54:59.911675,2,308,FRAME,375.78,364.247,4.72,-1.649,344,189,,,
2026-09-08T14:54:59.927976,2,309,FRAME,380.501,362.598,4.72,-1.649,337,196,,,
2026-09-08T14:54:59.945158,2,310,FRAME,385.221,360.949,4.72,-1.649,330,189,,,
2026-09-08T14:54:59.962405,2,311,FRAME,389.941,359.301,4.72,-1.649,323,196,,,
2026-09-08T14:54:59.979700,2,312,FRAME,394.661,357.652,4.72,-1.649,316,189,,,
2026-09-08T14:54:59.995688,2,313,FRAME,399.382,356.003,4.72,-1.649,309,196,,,
2026-09-08T14:55:00.011241,2,314,FRAME,404.102,354.354,4.72,-1.649,302,189,,,
2026-09-08T14:55:00.028056,2,315,FRAME,408.822,352.705,4.72,-1.649,295,196,,,
2026-09-08T14:55:00.044992,2,316,FRAME,413.543,351.056,4.72,-1.649,288,189,,,
2026-09-08T14:55:00.061441,2,317,FRAME,418.263,349.407,4.72,-1.649,281,196,,,
2026-09-08T14:55:00.078525,2,318,FRAME,422.983,347.758,4.72,-1.649,274,189,,,
2026-09-08T14:55:00.095386,2,319,FRAME,427.703,346.109,4.72,-1.649,267,196,,,
2026-09-08T14:55:00.110953,2,320,FRAME,432.424,344.46,4.72,-1.649,260,189,,,
2026-09-08T14:55:00.126648,2,321,FRAME,437.144,342.811,4.72,-1.649,253,196,,,
2026-09-08T14:55:00.142817,2,322,FRAME,441.864,341.163,4.72,-1.649,246,189,,,
2026-09-08T14:55:00.158773,2,323,FRAME,446.585,339.514,4.72,-1.649,239,196,,,
2026-09-08T14:55:00.175044,2,324,FRAME,451.305,337.865,4.72,-1.649,232,189,,,
2026-09-08T14:55:00.191474,2,325,FRAME,456.025,336.216,4.72,-1.649,225,196,,,
2026-09-08T14:55:00.208405,2,326,FRAME,460.745,334.567,4.72,-1.649,218,189,,,
2026-09-08T14:55:00.225369,2,327,FRAME,465.466,332.918,4.72,-1.649,211,196,,,
2026-09-08T14:55:00.242654,2,328,FRAME,470.186,331.269,4.72,-1.649,204,189,,,
2026-09-08T14:55:00.258359,2,329,FRAME,474.906,329.62,4.72,-1.649,197,196,,,
2026-09-08T14:55:00.274967,2,330,FRAME,479.627,327.971,4.72,-1.649,190,189,,,
2026-09-08T14:55:00.290790,2,331,FRAME,484.347,326.322,4.72,-1.649,183,196,,,
2026-09-08T14:55:00.306866,2,332,FRAME,489.067,324.673,4.72,-1.649,176,189,,,
2026-09-08T14:55:00.323185,2,333,FRAME,493.787,323.025,4.72,-1.649,169,196,,,
2026-09-08T14:55:00.340497,2,334,FRAME,498.508,321.376,4.72,-1.649,162,189,,,
2026-09-08T14:55:00.356984,2,335,FRAME,503.228,319.727,4.72,-1.649,155,196,,,
2026-09-08T14:55:00.373538,2,336,FRAME,507.948,318.078,4.72,-1.649,148,189,,,
2026-09-08T14:55:00.390451,2,337,FRAME,512.669,316.429,4.72,-1.649,141,196,,,
2026-09-08T14:55:00.408116,2,338,FRAME,517.389,314.78,4.72,-1.649,134,189,,,
2026-09-08T14:55:00.425406,2,339,FRAME,522.109,313.131,4.72,-1.649,127,196,,,
2026-09-08T14:55:00.440532,2,340,FRAME,526.829,311.482,4.72,-1.649,120,189,,,
2026-09-08T14:55:00.457492,2,341,FRAME,531.55,309.833,4.72,-1.649,113,196,,,
2026-09-08T14:55:00.474863,2,342,FRAME,536.27,308.184,4.72,-1.649,106,189,,,
2026-09-08T14:55:00.491209,2,343,FRAME,540.99,306.535,4.72,-1.649,99,196,,,
2026-09-08T14:55:00.508573,2,344,FRAME,545.711,304.887,4.72,-1.649,92,189,,,
2026-09-08T14:55:00.525383,2,345,FRAME,550.431,303.238,4.72,-1.649,85,196,,,
2026-09-08T14:55:00.540863,2,346,FRAME,555.151,301.589,4.72,-1.649,78,189,,,
2026-09-08T14:55:00.557392,2,347,FRAME,559.871,299.94,4.72,-1.649,71,196,,,
2026-09-08T14:55:00.575007,2,348,FRAME,564.592,298.291,4.72,-1.649,64,189,,,
2026-09-08T14:55:00.591572,2,349,FRAME,569.312,296.642,4.72,-1.649,64,196,,,
2026-09-08T14:55:00.607454,2,350,FRAME,574.032,294.993,4.72,-1.649,64,189,,,
2026-09-08T14:55:00.625423,2,351,FRAME,578.753,293.344,4.72,-1.649,64,196,,,
2026-09-08T14:55:00.642670,2,352,FRAME,583.473,291.695,4.72,-1.649,64,189,,,
2026-09-08T14:55:00.658541,2,353,FRAME,588.193,290.046,4.72,-1.649,64,196,,,
2026-09-08T14:55:00.675098,2,354,FRAME,592.913,288.397,4.72,-1.649,64,189,,,
2026-09-08T14:55:00.692393,2,355,FRAME,597.634,286.749,4.72,-1.649,71,196,,,
2026-09-08T14:55:00.709813,2,356,FRAME,602.354,285.1,4.72,-1.649,78,189,,,
2026-09-08T14:55:00.725734,2,357,FRAME,607.074,283.451,4.72,-1.649,85,196,,,
2026-09-08T14:55:00.742920,2,358,FRAME,611.795,281.802,4.72,-1.649,92,189,,,
2026-09-08T14:55:00.759713,2,359,FRAME,616.515,280.153,4.72,-1.649,99,196,,,
2026-09-08T14:55:00.776011,2,360,FRAME,621.235,278.504,4.72,-1.649,106,189,,,
2026-09-08T14:55:00.792019,2,361,FRAME,625.955,276.855,4.72,-1.649,113,196,,,
2026-09-08T14:55:00.807638,2,362,FRAME,630.676,275.206,4.72,-1.649,120,189,,,
2026-09-08T14:55:00.825402,2,363,FRAME,635.396,273.557,4.72,-1.649,127,196,,,
2026-09-08T14:55:00.842411,2,364,FRAME,640.116,271.908,4.72,-1.649,134,189,,,
2026-09-08T14:55:00.860009,2,365,FRAME,644.837,270.259,4.72,-1.649,141,196,,,
2026-09-08T14:55:00.876375,2,366,FRAME,649.557,268.61,4.72,-1.649,148,189,,,
2026-09-08T14:55:00.893041,2,367,FRAME,654.277,266.962,4.72,-1.649,155,196,,,
2026-09-08T14:55:00.909875,2,368,FRAME,658.997,265.313,4.72,-1.649,162,189,,,
2026-09-08T14:55:00.926405,2,369,FRAME,663.718,263.664,4.72,-1.649,169,196,,,
2026-09-08T14:55:00.942963,2,370,FRAME,668.438,262.015,4.72,-1.649,176,189,,,
2026-09-08T14:55:00.958685,2,371,FRAME,673.158,260.366,4.72,-1.649,183,196,,,
2026-09-08T14:55:00.975801,2,372,FRAME,677.879,258.717,4.72,-1.649,190,189,,,
2026-09-08T14:55:00.992339,2,373,FRAME,682.599,257.068,4.72,-1.649,197,196,,,
2026-09-08T14:55:01.009097,2,374,FRAME,687.319,255.419,4.72,-1.649,204,189,,,
2026-09-08T14:55:01.025890,2,375,FRAME,692.039,253.77,4.72,-1.649,211,196,,,
2026-09-08T14:55:01.041864,2,376,FRAME,696.76,252.121,4.72,-1.649,218,189,,,
2026-09-08T14:55:01.057827,2,377,FRAME,701.48,250.472,4.72,-1.649,225,196,,,
2026-09-08T14:55:01.074171,2,378,FRAME,706.2,248.824,4.72,-1.649,232,189,,,
2026-09-08T14:55:01.091451,2,379,FRAME,710.921,247.175,4.72,-1.649,239,196,,,
2026-09-08T14:55:01.108832,2,380,FRAME,715.641,245.526,4.72,-1.649,246,189,,,
2026-09-08T14:55:01.125841,2,381,FRAME,720.361,243.877,4.72,-1.649,246,196,,,
2026-09-08T14:55:01.141942,2,382,FRAME,725.081,242.228,4.72,-1.649,246,189,,,
2026-09-08T14:55:01.157877,2,383,FRAME,729.802,240.579,4.72,-1.649,246,196,,,
2026-09-08T14:55:01.173402,2,384,FRAME,734.522,238.93,4.72,-1.649,246,189,,,
2026-09-08T14:55:01.190702,2,385,FRAME,739.242,237.281,4.72,-1.649,246,196,,,
2026-09-08T14:55:01.207627,2,386,FRAME,743.963,235.632,4.72,-1.649,246,189,,,
2026-09-08T14:55:01.224417,2,387,FRAME,748.683,233.983,4.72,-1.649,246,189,,,
2026-09-08T14:55:01.241295,2,388,FRAME,753.403,232.334,4.72,-1.649,246,189,,,
2026-09-08T14:55:01.257847,2,389,RIGHT_HIT,758,230.686,-4.994,-0.242,246,189,-0.046,-2.777,
2026-09-08T14:55:01.257847,2,390,FRAME,758,230.686,-4.994,-0.242,246,189,,,
2026-09-08T14:55:01.274069,2,391,FRAME,753.006,230.443,-4.994,-0.242,246,196,,,
2026-09-08T14:55:01.291023,2,392,FRAME,748.012,230.201,-4.994,-0.242,239,203,,,
2026-09-08T14:55:01.307972,2,393,FRAME,743.018,229.959,-4.994,-0.242,232,196,,,
2026-09-08T14:55:01.324381,2,394,FRAME,738.023,229.716,-4.994,-0.242,225,203,,,
2026-09-08T14:55:01.341539,2,395,FRAME,733.029,229.474,-4.994,-0.242,218,196,,,
2026-09-08T14:55:01.358689,2,396,FRAME,728.035,229.232,-4.994,-0.242,211,203,,,
2026-09-08T14:55:01.374346,2,397,FRAME,723.041,228.99,-4.994,-0.242,204,196,,,
2026-09-08T14:55:01.391627,2,398,FRAME,718.047,228.747,-4.994,-0.242,197,203,,,
2026-09-08T14:55:01.408685,2,399,FRAME,713.053,228.505,-4.994,-0.242,190,196,,,
2026-09-08T14:55:01.424387,2,400,FRAME,708.059,228.263,-4.994,-0.242,183,203,,,
2026-09-08T14:55:01.441784,2,401,FRAME,703.065,228.021,-4.994,-0.242,176,196,,,
2026-09-08T14:55:01.457731,2,402,FRAME,698.07,227.778,-4.994,-0.242,169,203,,,
2026-09-08T14:55:01.473541,2,403,FRAME,693.076,227.536,-4.994,-0.242,162,196,,,
2026-09-08T14:55:01.490656,2,404,FRAME,688.082,227.294,-4.994,-0.242,155,203,,,
2026-09-08T14:55:01.506510,2,405,FRAME,683.088,227.051,-4.994,-0.242,148,196,,,
2026-09-08T14:55:01.524002,2,406,FRAME,678.094,226.809,-4.994,-0.242,141,203,,,
2026-09-08T14:55:01.539686,2,407,FRAME,673.1,226.567,-4.994,-0.242,134,196,,,
2026-09-08T14:55:01.555942,2,408,FRAME,668.106,226.325,-4.994,-0.242,134,203,,,
2026-09-08T14:55:01.571685,2,409,FRAME,663.112,226.082,-4.994,-0.242,134,196,,,
2026-09-08T14:55:01.588286,2,410,FRAME,658.117,225.84,-4.994,-0.242,134,203,,,
2026-09-08T14:55:01.605183,2,411,FRAME,653.123,225.598,-4.994,-0.242,134,196,,,
2026-09-08T14:55:01.621879,2,412,FRAME,648.129,225.356,-4.994,-0.242,134,203,,,
2026-09-08T14:55:01.638206,2,413,FRAME,643.135,225.113,-4.994,-0.242,134,196,,,
2026-09-08T14:55:01.655315,2,414,FRAME,638.141,224.871,-4.994,-0.242,134,203,,,
2026-09-08T14:55:01.673002,2,415,FRAME,633.147,224.629,-4.994,-0.242,134,196,,,
2026-09-08T14:55:01.688579,2,416,FRAME,628.153,224.386,-4.994,-0.242,134,203,,,
2026-09-08T14:55:01.705967,2,417,FRAME,623.159,224.144,-4.994,-0.242,141,196,,,
2026-09-08T14:55:01.721942,2,418,FRAME,618.164,223.902,-4.994,-0.242,148,203,,,
2026-09-08T14:55:01.737856,2,419,FRAME,613.17,223.66,-4.994,-0.242,155,196,,,
2026-09-08T14:55:01.753969,2,420,FRAME,608.176,223.417,-4.994,-0.242,162,203,,,
2026-09-08T14:55:01.770354,2,421,FRAME,603.182,223.175,-4.994,-0.242,169,196,,,
2026-09-08T14:55:01.787040,2,422,FRAME,598.188,222.933,-4.994,-0.242,176,203,,,
2026-09-08T14:55:01.804183,2,423,FRAME,593.194,222.691,-4.994,-0.242,183,196,,,
2026-09-08T14:55:01.820922,2,424,FRAME,588.2,222.448,-4.994,-0.242,190,203,,,
2026-09-08T14:55:01.836600,2,425,FRAME,583.206,222.206,-4.994,-0.242,197,196,,,
2026-09-08T14:55:01.853591,2,426,FRAME,578.211,221.964,-4.994,-0.242,204,203,,,
2026-09-08T14:55:01.870677,2,427,FRAME,573.217,221.721,-4.994,-0.242,211,196,,,
2026-09-08T14:55:01.887080,2,428,FRAME,568.223,221.479,-4.994,-0.242,218,203,,,
2026-09-08T14:55:01.902815,2,429,FRAME,563.229,221.237,-4.994,-0.242,225,196,,,
2026-09-08T14:55:01.918623,2,430,FRAME,558.235,220.995,-4.994,-0.242,232,203,,,
2026-09-08T14:55:01.936137,2,431,FRAME,553.241,220.752,-4.994,-0.242,232,196,,,
2026-09-08T14:55:01.953735,2,432,FRAME,548.247,220.51,-4.994,-0.242,232,203,,,
2026-09-08T14:55:01.969375,2,433,FRAME,543.253,220.268,-4.994,-0.242,232,196,,,
2026-09-08T14:55:01.986792,2,434,FRAME,538.258,220.026,-4.994,-0.242,232,203,,,
2026-09-08T14:55:02.002725,2,435,FRAME,533.264,219.783,-4.994,-0.242,232,196,,,
2026-09-08T14:55:02.018746,2,436,FRAME,528.27,219.541,-4.994,-0.242,232,203,,,
2026-09-08T14:55:02.035654,2,437,FRAME,523.276,219.299,-4.994,-0.242,232,196,,,
2026-09-08T14:55:02.053512,2,438,FRAME,518.282,219.056,-4.994,-0.242,232,203,,,
2026-09-08T14:55:02.068579,2,439,FRAME,513.288,218.814,-4.994,-0.242,232,196,,,
2026-09-08T14:55:02.085270,2,440,FRAME,508.294,218.572,-4.994,-0.242,232,203,,,
2026-09-08T14:55:02.101880,2,441,FRAME,503.3,218.33,-4.994,-0.242,232,196,,,
2026-09-08T14:55:02.117552,2,442,FRAME,498.305,218.087,-4.994,-0.242,232,203,,,
2026-09-08T14:55:02.135154,2,443,FRAME,493.311,217.845,-4.994,-0.242,232,196,,,
2026-09-08T14:55:02.152013,2,444,FRAME,488.317,217.603,-4.994,-0.242,232,203,,,
2026-09-08T14:55:02.167670,2,445,FRAME,483.323,217.361,-4.994,-0.242,225,196,,,
2026-09-08T14:55:02.183859,2,446,FRAME,478.329,217.118,-4.994,-0.242,218,203,,,
2026-09-08T14:55:02.199761,2,447,FRAME,473.335,216.876,-4.994,-0.242,211,196,,,
2026-09-08T14:55:02.216648,2,448,FRAME,468.341,216.634,-4.994,-0.242,204,203,,,
2026-09-08T14:55:02.233350,2,449,FRAME,463.347,216.391,-4.994,-0.242,197,196,,,
2026-09-08T14:55:02.250152,2,450,FRAME,458.352,216.149,-4.994,-0.242,190,203,,,
2026-09-08T14:55:02.267096,2,451,FRAME,453.358,215.907,-4.994,-0.242,183,196,,,
2026-09-08T14:55:02.282652,2,452,FRAME,448.364,215.665,-4.994,-0.242,176,203,,,
2026-09-08T14:55:02.300173,2,453,FRAME,443.37,215.422,-4.994,-0.242,169,196,,,
2026-09-08T14:55:02.316745,2,454,FRAME,438.376,215.18,-4.994,-0.242,162,203,,,
2026-09-08T14:55:02.333153,2,455,FRAME,433.382,214.938,-4.994,-0.242,155,196,,,
2026-09-08T14:55:02.350068,2,456,FRAME,428.388,214.696,-4.994,-0.242,148,203,,,
2026-09-08T14:55:02.366559,2,457,FRAME,423.393,214.453,-4.994,-0.242,148,196,,,
2026-09-08T14:55:02.381841,2,458,FRAME,418.399,214.211,-4.994,-0.242,148,203,,,
2026-09-08T14:55:02.398898,2,459,FRAME,413.405,213.969,-4.994,-0.242,148,196,,,
2026-09-08T14:55:02.416514,2,460,FRAME,408.411,213.726,-4.994,-0.242,148,203,,,
2026-09-08T14:55:02.432992,2,461,FRAME,403.417,213.484,-4.994,-0.242,148,196,,,
2026-09-08T14:55:02.448855,2,462,FRAME,398.423,213.242,-4.994,-0.242,148,203,,,
2026-09-08T14:55:02.465953,2,463,FRAME,393.429,213.0,-4.994,-0.242,148,196,,,
2026-09-08T14:55:02.481774,2,464,FRAME,388.435,212.757,-4.994,-0.242,148,203,,,
2026-09-08T14:55:02.498364,2,465,FRAME,383.44,212.515,-4.994,-0.242,148,196,,,
2026-09-08T14:55:02.513535,2,466,FRAME,378.446,212.273,-4.994,-0.242,148,203,,,
2026-09-08T14:55:02.529945,2,467,FRAME,373.452,212.03,-4.994,-0.242,155,196,,,
2026-09-08T14:55:02.546718,2,468,FRAME,368.458,211.788,-4.994,-0.242,162,203,,,
2026-09-08T14:55:02.563558,2,469,FRAME,363.464,211.546,-4.994,-0.242,169,196,,,
2026-09-08T14:55:02.580090,2,470,FRAME,358.47,211.304,-4.994,-0.242,176,203,,,
2026-09-08T14:55:02.595692,2,471,FRAME,353.476,211.061,-4.994,-0.242,183,196,,,
2026-09-08T14:55:02.612257,2,472,FRAME,348.482,210.819,-4.994,-0.242,190,203,,,
2026-09-08T14:55:02.629194,2,473,FRAME,343.487,210.577,-4.994,-0.242,197,196,,,
2026-09-08T14:55:02.646025,2,474,FRAME,338.493,210.335,-4.994,-0.242,204,203,,,
2026-09-08T14:55:02.663031,2,475,FRAME,333.499,210.092,-4.994,-0.242,211,196,,,
2026-09-08T14:55:02.678947,2,476,FRAME,328.505,209.85,-4.994,-0.242,218,203,,,
2026-09-08T14:55:02.695100,2,477,FRAME,323.511,209.608,-4.994,-0.242,225,196,,,
2026-09-08T14:55:02.711833,2,478,FRAME,318.517,209.365,-4.994,-0.242,232,203,,,
2026-09-08T14:55:02.727977,2,479,FRAME,313.523,209.123,-4.994,-0.242,239,196,,,
2026-09-08T14:55:02.745054,2,480,FRAME,308.529,208.881,-4.994,-0.242,239,203,,,
2026-09-08T14:55:02.761657,2,481,FRAME,303.534,208.639,-4.994,-0.242,232,196,,,
2026-09-08T14:55:02.777768,2,482,FRAME,298.54,208.396,-4.994,-0.242,225,203,,,
2026-09-08T14:55:02.793814,2,483,FRAME,293.546,208.154,-4.994,-0.242,218,196,,,
2026-09-08T14:55:02.809585,2,484,FRAME,288.552,207.912,-4.994,-0.242,211,203,,,
2026-09-08T14:55:02.825494,2,485,FRAME,283.558,207.67,-4.994,-0.242,204,196,,,
2026-09-08T14:55:02.842089,2,486,FRAME,278.564,207.427,-4.994,-0.242,197,203,,,
2026-09-08T14:55:02.859138,2,487,FRAME,273.57,207.185,-4.994,-0.242,190,196,,,
2026-09-08T14:55:02.875967,2,488,FRAME,268.576,206.943,-4.994,-0.242,183,203,,,
2026-09-08T14:55:02.891677,2,489,FRAME,263.581,206.7,-4.994,-0.242,176,196,,,
2026-09-08T14:55:02.907638,2,490,FRAME,258.587,206.458,-4.994,-0.242,169,203,,,
2026-09-08T14:55:02.925111,2,491,FRAME,253.593,206.216,-4.994,-0.242,169,196,,,
2026-09-08T14:55:02.941078,2,492,FRAME,248.599,205.974,-4.994,-0.242,169,203,,,
2026-09-08T14:55:02.956684,2,493,FRAME,243.605,205.731,-4.994,-0.242,169,196,,,
2026-09-08T14:55:02.973287,2,494,FRAME,238.611,205.489,-4.994,-0.242,169,203,,,
2026-09-08T14:55:02.990177,2,495,FRAME,233.617,205.247,-4.994,-0.242,169,196,,,
2026-09-08T14:55:03.007416,2,496,FRAME,228.623,205.005,-4.994,-0.242,169,203,,,
2026-09-08T14:55:03.024603,2,497,FRAME,223.628,204.762,-4.994,-0.242,162,196,,,
2026-09-08T14:55:03.041280,2,498,FRAME,218.634,204.52,-4.994,-0.242,155,203,,,
2026-09-08T14:55:03.058254,2,499,FRAME,213.64,204.278,-4.994,-0.242,148,196,,,
2026-09-08T14:55:03.074917,2,500,FRAME,208.646,204.035,-4.994,-0.242,141,203,,,
2026-09-08T14:55:03.090796,2,501,FRAME,203.652,203.793,-4.994,-0.242,141,196,,,
2026-09-08T14:55:03.107853,2,502,FRAME,198.658,203.551,-4.994,-0.242,141,203,,,
2026-09-08T14:55:03.125198,2,503,FRAME,193.664,203.309,-4.994,-0.242,141,196,,,
2026-09-08T14:55:03.142027,2,504,FRAME,188.67,203.066,-4.994,-0.242,141,203,,,
2026-09-08T14:55:03.157588,2,505,FRAME,183.675,202.824,-4.994,-0.242,141,196,,,
2026-09-08T14:55:03.175169,2,506,FRAME,178.681,202.582,-4.994,-0.242,141,203,,,
2026-09-08T14:55:03.193032,2,507,FRAME,173.687,202.34,-4.994,-0.242,141,196,,,
2026-09-08T14:55:03.208514,2,508,FRAME,168.693,202.097,-4.994,-0.242,141,203,,,
2026-09-08T14:55:03.225570,2,509,FRAME,163.699,201.855,-4.994,-0.242,141,196,,,
2026-09-08T14:55:03.242845,2,510,FRAME,158.705,201.613,-4.994,-0.242,141,203,,,
2026-09-08T14:55:03.259098,2,511,FRAME,153.711,201.37,-4.994,-0.242,141,196,,,
2026-09-08T14:55:03.276666,2,512,FRAME,148.717,201.128,-4.994,-0.242,141,203,,,
2026-09-08T14:55:03.294246,2,513,FRAME,143.722,200.886,-4.994,-0.242,141,196,,,
2026-09-08T14:55:03.311712,2,514,FRAME,138.728,200.644,-4.994,-0.242,141,203,,,
2026-09-08T14:55:03.328266,2,515,FRAME,133.734,200.401,-4.994,-0.242,134,196,,,
2026-09-08T14:55:03.345654,2,516,FRAME,128.74,200.159,-4.994,-0.242,127,203,,,
2026-09-08T14:55:03.361591,2,517,FRAME,123.746,199.917,-4.994,-0.242,120,196,,,
2026-09-08T14:55:03.378907,2,518,FRAME,118.752,199.675,-4.994,-0.242,113,203,,,
2026-09-08T14:55:03.396737,2,519,FRAME,113.758,199.432,-4.994,-0.242,106,196,,,
2026-09-08T14:55:03.412974,2,520,FRAME,108.764,199.19,-4.994,-0.242,99,203,,,
2026-09-08T14:55:03.430100,2,521,FRAME,103.769,198.948,-4.994,-0.242,99,196,,,
2026-09-08T14:55:03.445710,2,522,FRAME,98.775,198.705,-4.994,-0.242,99,203,,,
2026-09-08T14:55:03.461332,2,523,FRAME,93.781,198.463,-4.994,-0.242,99,196,,,
2026-09-08T14:55:03.478188,2,524,FRAME,88.787,198.221,-4.994,-0.242,99,203,,,
2026-09-08T14:55:03.495137,2,525,FRAME,83.793,197.979,-4.994,-0.242,99,196,,,
2026-09-08T14:55:03.512360,2,526,FRAME,78.799,197.736,-4.994,-0.242,99,203,,,
2026-09-08T14:55:03.528985,2,527,FRAME,73.805,197.494,-4.994,-0.242,99,196,,,
2026-09-08T14:55:03.545903,2,528,FRAME,68.81,197.252,-4.994,-0.242,99,203,,,
2026-09-08T14:55:03.562519,2,529,FRAME,63.816,197.01,-4.994,-0.242,99,196,,,
2026-09-08T14:55:03.579245,2,530,FRAME,58.822,196.767,-4.994,-0.242,99,203,,,
2026-09-08T14:55:03.595665,2,531,FRAME,53.828,196.525,-4.994,-0.242,92,196,,,
2026-09-08T14:55:03.611699,2,532,FRAME,48.834,196.283,-4.994,-0.242,85,203,,,
2026-09-08T14:55:03.629431,2,533,FRAME,43.84,196.04,-4.994,-0.242,78,196,,,
2026-09-08T14:55:03.647342,2,534,FRAME,38.846,195.798,-4.994,-0.242,71,203,,,
2026-09-08T14:55:03.665743,2,535,FRAME,33.852,195.556,-4.994,-0.242,71,196,,,
2026-09-08T14:55:03.682617,2,536,FRAME,28.857,195.314,-4.994,-0.242,71,203,,,
2026-09-08T14:55:03.699922,2,537,FRAME,23.863,195.071,-4.994,-0.242,71,196,,,
2026-09-08T14:55:03.715665,2,538,FRAME,18.869,194.829,-4.994,-0.242,71,203,,,
2026-09-08T14:55:03.731577,2,539,FRAME,13.875,194.587,-4.994,-0.242,78,196,,,
2026-09-08T14:55:03.747974,2,540,FRAME,8.881,194.345,-4.994,-0.242,85,203,,,
2026-09-08T14:55:03.764176,2,541,FRAME,3.887,194.102,-4.994,-0.242,92,196,,,
2026-09-08T14:55:03.780800,2,542,LEFT_HIT,30,193.86,2.5,4.33,99,203,1,60.0,
2026-09-08T14:55:03.780800,2,543,FRAME,30,193.86,2.5,4.33,99,203,,,
2026-09-08T14:55:03.796690,2,544,FRAME,32.5,198.19,2.5,4.33,106,210,,,
2026-09-08T14:55:03.812757,2,545,FRAME,35.0,202.52,2.5,4.33,113,217,,,
2026-09-08T14:55:03.829660,2,546,FRAME,37.5,206.85,2.5,4.33,120,224,,,
2026-09-08T14:55:03.847119,2,547,FRAME,40.0,211.18,2.5,4.33,127,231,,,
2026-09-08T14:55:03.863546,2,548,FRAME,42.5,215.511,2.5,4.33,134,238,,,
2026-09-08T14:55:03.879645,2,549,FRAME,45.0,219.841,2.5,4.33,141,245,,,
2026-09-08T14:55:03.895974,2,550,FRAME,47.5,224.171,2.5,4.33,148,252,,,
2026-09-08T14:55:03.912153,2,551,FRAME,50.0,228.501,2.5,4.33,155,259,,,
2026-09-08T14:55:03.928938,2,552,FRAME,52.5,232.831,2.5,4.33,162,266,,,
2026-09-08T14:55:03.945762,2,553,FRAME,55.0,237.161,2.5,4.33,169,273,,,
2026-09-08T14:55:03.962319,2,554,FRAME,57.5,241.491,2.5,4.33,176,280,,,
2026-09-08T14:55:03.979823,2,555,FRAME,60.0,245.822,2.5,4.33,183,287,,,
2026-09-08T14:55:03.995722,2,556,FRAME,62.5,250.152,2.5,4.33,190,294,,,
2026-09-08T14:55:04.012369,2,557,FRAME,65.0,254.482,2.5,4.33,197,301,,,
2026-09-08T14:55:04.029232,2,558,FRAME,67.5,258.812,2.5,4.33,204,308,,,
2026-09-08T14:55:04.045719,2,559,FRAME,70.0,263.142,2.5,4.33,211,315,,,
2026-09-08T14:55:04.062406,2,560,FRAME,72.5,267.472,2.5,4.33,218,322,,,
2026-09-08T14:55:04.079761,2,561,FRAME,75.0,271.802,2.5,4.33,225,329,,,
2026-09-08T14:55:04.095478,2,562,FRAME,77.5,276.132,2.5,4.33,232,336,,,
2026-09-08T14:55:04.112633,2,563,FRAME,80.0,280.463,2.5,4.33,239,343,,,
2026-09-08T14:55:04.129279,2,564,FRAME,82.5,284.793,2.5,4.33,246,350,,,
2026-09-08T14:55:04.146153,2,565,FRAME,85.0,289.123,2.5,4.33,253,357,,,
2026-09-08T14:55:04.163047,2,566,FRAME,87.5,293.453,2.5,4.33,260,364,,,
2026-09-08T14:55:04.178886,2,567,FRAME,90.0,297.783,2.5,4.33,267,371,,,
2026-09-08T14:55:04.195156,2,568,FRAME,92.5,302.113,2.5,4.33,274,378,,,
2026-09-08T14:55:04.211911,2,569,FRAME,95.0,306.443,2.5,4.33,281,385,,,
2026-09-08T14:55:04.227849,2,570,FRAME,97.5,310.773,2.5,4.33,288,392,,,
2026-09-08T14:55:04.243979,2,571,FRAME,100.0,315.104,2.5,4.33,295,399,,,
2026-09-08T14:55:04.259911,2,572,FRAME,102.5,319.434,2.5,4.33,302,400,,,
2026-09-08T14:55:04.276437,2,573,FRAME,105.0,323.764,2.5,4.33,309,400,,,
2026-09-08T14:55:04.291818,2,574,FRAME,107.5,328.094,2.5,4.33,316,400,,,
2026-09-08T14:55:04.308086,2,575,FRAME,110.0,332.424,2.5,4.33,323,400,,,
2026-09-08T14:55:04.323675,2,576,FRAME,112.5,336.754,2.5,4.33,330,400,,,
2026-09-08T14:55:04.339951,2,577,FRAME,115.0,341.084,2.5,4.33,337,400,,,
2026-09-08T14:55:04.357162,2,578,FRAME,117.5,345.414,2.5,4.33,344,400,,,
2026-09-08T14:55:04.373955,2,579,FRAME,120.0,349.745,2.5,4.33,351,400,,,
2026-09-08T14:55:04.391282,2,580,FRAME,122.5,354.075,2.5,4.33,358,400,,,
2026-09-08T14:55:04.409316,2,581,FRAME,125.0,358.405,2.5,4.33,365,400,,,
2026-09-08T14:55:04.427620,2,582,FRAME,127.5,362.735,2.5,4.33,365,400,,,
2026-09-08T14:55:04.445295,2,583,FRAME,130.0,367.065,2.5,4.33,365,400,,,
2026-09-08T14:55:04.462123,2,584,FRAME,132.5,371.395,2.5,4.33,365,400,,,
2026-09-08T14:55:04.478042,2,585,FRAME,135.0,375.725,2.5,4.33,365,400,,,
2026-09-08T14:55:04.494757,2,586,FRAME,137.5,380.055,2.5,4.33,365,400,,,
2026-09-08T14:55:04.511880,2,587,FRAME,140.0,384.386,2.5,4.33,365,400,,,
2026-09-08T14:55:04.527859,2,588,FRAME,142.5,388.716,2.5,4.33,365,400,,,
2026-09-08T14:55:04.543241,2,589,FRAME,145.0,393.046,2.5,4.33,365,400,,,
2026-09-08T14:55:04.560189,2,590,FRAME,147.5,397.376,2.5,4.33,365,400,,,
2026-09-08T14:55:04.576043,2,591,FRAME,150.0,401.706,2.5,4.33,365,400,,,
2026-09-08T14:55:04.592978,2,592,FRAME,152.5,406.036,2.5,4.33,365,400,,,
2026-09-08T14:55:04.608844,2,593,FRAME,155.0,410.366,2.5,4.33,365,400,,,
2026-09-08T14:55:04.624295,2,594,FRAME,157.5,414.696,2.5,4.33,365,400,,,
2026-09-08T14:55:04.641549,2,595,FRAME,160.0,419.027,2.5,4.33,365,400,,,
2026-09-08T14:55:04.658971,2,596,FRAME,162.5,423.357,2.5,4.33,365,400,,,
2026-09-08T14:55:04.675031,2,597,FRAME,165.0,427.687,2.5,4.33,365,400,,,
2026-09-08T14:55:04.692523,2,598,FRAME,167.5,432.017,2.5,4.33,365,400,,,
2026-09-08T14:55:04.709320,2,599,FRAME,170.0,436.347,2.5,4.33,358,400,,,
2026-09-08T14:55:04.726598,2,600,FRAME,172.5,440.677,2.5,4.33,351,400,,,
2026-09-08T14:55:04.743709,2,601,FRAME,175.0,445.007,2.5,4.33,344,400,,,
2026-09-08T14:55:04.759465,2,602,FRAME,177.5,449.337,2.5,4.33,337,400,,,
2026-09-08T14:55:04.777524,2,603,FRAME,180.0,453.668,2.5,4.33,330,400,,,
2026-09-08T14:55:04.795854,2,604,FRAME,182.5,457.998,2.5,4.33,323,400,,,
2026-09-08T14:55:04.812144,2,605,FRAME,185.0,462.328,2.5,4.33,316,400,,,
2026-09-08T14:55:04.829448,2,606,FRAME,187.5,466.658,2.5,4.33,309,400,,,
2026-09-08T14:55:04.846131,2,607,FRAME,190.0,470.988,2.5,4.33,302,400,,,
2026-09-08T14:55:04.863272,2,608,FRAME,192.5,475.318,2.5,4.33,295,400,,,
2026-09-08T14:55:04.880738,2,609,FRAME,195.0,479.648,2.5,4.33,288,400,,,
2026-09-08T14:55:04.897180,2,610,FRAME,197.5,483.978,2.5,4.33,281,400,,,
2026-09-08T14:55:04.913989,2,611,WALL_BOUNCE,200.0,488,2.5,-4.33,274,400,,,
2026-09-08T14:55:04.913989,2,612,FRAME,200.0,488,2.5,-4.33,274,400,,,
2026-09-08T14:55:04.929884,2,613,FRAME,202.5,483.67,2.5,-4.33,274,400,,,
2026-09-08T14:55:04.945753,2,614,FRAME,205.0,479.34,2.5,-4.33,274,400,,,
2026-09-08T14:55:04.961699,2,615,FRAME,207.5,475.01,2.5,-4.33,274,400,,,
2026-09-08T14:55:04.977711,2,616,FRAME,210.0,470.679,2.5,-4.33,274,400,,,
2026-09-08T14:55:04.993341,2,617,FRAME,212.5,466.349,2.5,-4.33,274,400,,,
2026-09-08T14:55:05.010798,2,618,FRAME,215.0,462.019,2.5,-4.33,274,400,,,
2026-09-08T14:55:05.026628,2,619,FRAME,217.5,457.689,2.5,-4.33,274,400,,,
2026-09-08T14:55:05.043735,2,620,FRAME,220.0,453.359,2.5,-4.33,274,400,,,
2026-09-08T14:55:05.059649,2,621,FRAME,222.5,449.029,2.5,-4.33,274,400,,,
2026-09-08T14:55:05.075628,2,622,FRAME,225.0,444.699,2.5,-4.33,274,400,,,
2026-09-08T14:55:05.092440,2,623,FRAME,227.5,440.369,2.5,-4.33,274,400,,,
2026-09-08T14:55:05.109666,2,624,FRAME,230.0,436.038,2.5,-4.33,274,400,,,
2026-09-08T14:55:05.125302,2,625,FRAME,232.5,431.708,2.5,-4.33,274,400,,,
2026-09-08T14:55:05.143691,2,626,FRAME,235.0,427.378,2.5,-4.33,281,400,,,
2026-09-08T14:55:05.159437,2,627,FRAME,237.5,423.048,2.5,-4.33,288,400,,,
2026-09-08T14:55:05.176918,2,628,FRAME,240.0,418.718,2.5,-4.33,295,400,,,
2026-09-08T14:55:05.193261,2,629,FRAME,242.5,414.388,2.5,-4.33,302,400,,,
2026-09-08T14:55:05.210082,2,630,FRAME,245.0,410.058,2.5,-4.33,309,400,,,
2026-09-08T14:55:05.227361,2,631,FRAME,247.5,405.728,2.5,-4.33,316,400,,,
2026-09-08T14:55:05.243921,2,632,FRAME,250.0,401.397,2.5,-4.33,323,400,,,
2026-09-08T14:55:05.259718,2,633,FRAME,252.5,397.067,2.5,-4.33,330,400,,,
2026-09-08T14:55:05.275821,2,634,FRAME,255.0,392.737,2.5,-4.33,337,400,,,
2026-09-08T14:55:05.291272,2,635,FRAME,257.5,388.407,2.5,-4.33,344,400,,,
2026-09-08T14:55:05.308899,2,636,FRAME,260.0,384.077,2.5,-4.33,351,400,,,
2026-09-08T14:55:05.325340,2,637,FRAME,262.5,379.747,2.5,-4.33,358,400,,,
2026-09-08T14:55:05.341951,2,638,FRAME,265.0,375.417,2.5,-4.33,365,400,,,
2026-09-08T14:55:05.357622,2,639,FRAME,267.5,371.087,2.5,-4.33,372,400,,,
2026-09-08T14:55:05.375047,2,640,FRAME,270.0,366.756,2.5,-4.33,379,400,,,
2026-09-08T14:55:05.392572,2,641,FRAME,272.5,362.426,2.5,-4.33,386,400,,,
2026-09-08T14:55:05.408371,2,642,FRAME,275.0,358.096,2.5,-4.33,393,400,,,
2026-09-08T14:55:05.425434,2,643,FRAME,277.5,353.766,2.5,-4.33,400,400,,,
2026-09-08T14:55:05.442558,2,644,FRAME,280.0,349.436,2.5,-4.33,400,400,,,
2026-09-08T14:55:05.459980,2,645,FRAME,282.5,345.106,2.5,-4.33,400,400,,,
2026-09-08T14:55:05.476666,2,646,FRAME,285.0,340.776,2.5,-4.33,400,400,,,
2026-09-08T14:55:05.492633,2,647,FRAME,287.5,336.446,2.5,-4.33,400,400,,,
2026-09-08T14:55:05.508572,2,648,FRAME,290.0,332.115,2.5,-4.33,400,400,,,
2026-09-08T14:55:05.525235,2,649,FRAME,292.5,327.785,2.5,-4.33,400,400,,,
2026-09-08T14:55:05.542131,2,650,FRAME,295.0,323.455,2.5,-4.33,400,400,,,
2026-09-08T14:55:05.559024,2,651,FRAME,297.5,319.125,2.5,-4.33,400,400,,,
2026-09-08T14:55:05.576152,2,652,FRAME,300.0,314.795,2.5,-4.33,400,400,,,
2026-09-08T14:55:05.592941,2,653,FRAME,302.5,310.465,2.5,-4.33,400,400,,,
2026-09-08T14:55:05.608708,2,654,FRAME,305.0,306.135,2.5,-4.33,400,400,,,
2026-09-08T14:55:05.625272,2,655,FRAME,307.5,301.805,2.5,-4.33,400,400,,,
2026-09-08T14:55:05.641885,2,656,FRAME,310.0,297.474,2.5,-4.33,400,400,,,
2026-09-08T14:55:05.657714,2,657,FRAME,312.5,293.144,2.5,-4.33,400,400,,,
2026-09-08T14:55:05.674988,2,658,FRAME,315.0,288.814,2.5,-4.33,400,400,,,
2026-09-08T14:55:05.692910,2,659,FRAME,317.5,284.484,2.5,-4.33,400,400,,,
2026-09-08T14:55:05.709263,2,660,FRAME,320.0,280.154,2.5,-4.33,400,400,,,
2026-09-08T14:55:05.726650,2,661,FRAME,322.5,275.824,2.5,-4.33,400,400,,,
2026-09-08T14:55:05.743105,2,662,FRAME,325.0,271.494,2.5,-4.33,400,400,,,
2026-09-08T14:55:05.759569,2,663,FRAME,327.5,267.164,2.5,-4.33,400,400,,,
2026-09-08T14:55:05.776019,2,664,FRAME,330.0,262.833,2.5,-4.33,400,400,,,
2026-09-08T14:55:05.793564,2,665,FRAME,332.5,258.503,2.5,-4.33,400,400,,,
2026-09-08T14:55:05.810563,2,666,FRAME,335.0,254.173,2.5,-4.33,400,400,,,
2026-09-08T14:55:05.827256,2,667,FRAME,337.5,249.843,2.5,-4.33,400,400,,,
2026-09-08T14:55:05.843943,2,668,FRAME,340.0,245.513,2.5,-4.33,400,400,,,
2026-09-08T14:55:05.860276,2,669,FRAME,342.5,241.183,2.5,-4.33,400,400,,,
2026-09-08T14:55:05.876972,2,670,FRAME,345.0,236.853,2.5,-4.33,400,400,,,
2026-09-08T14:55:05.892958,2,671,FRAME,347.5,232.523,2.5,-4.33,400,400,,,
2026-09-08T14:55:05.909287,2,672,FRAME,350.0,228.192,2.5,-4.33,400,400,,,
2026-09-08T14:55:05.924528,2,673,FRAME,352.5,223.862,2.5,-4.33,400,400,,,
2026-09-08T14:55:05.941741,2,674,FRAME,355.0,219.532,2.5,-4.33,400,400,,,
2026-09-08T14:55:05.957583,2,675,FRAME,357.5,215.202,2.5,-4.33,400,400,,,
2026-09-08T14:55:05.974586,2,676,FRAME,360.0,210.872,2.5,-4.33,400,400,,,
2026-09-08T14:55:05.991436,2,677,FRAME,362.5,206.542,2.5,-4.33,400,400,,,
2026-09-08T14:55:06.008708,2,678,FRAME,365.0,202.212,2.5,-4.33,400,400,,,
2026-09-08T14:55:06.025911,2,679,FRAME,367.5,197.881,2.5,-4.33,400,400,,,
2026-09-08T14:55:06.041599,2,680,FRAME,370.0,193.551,2.5,-4.33,400,400,,,
2026-09-08T14:55:06.058331,2,681,FRAME,372.5,189.221,2.5,-4.33,400,400,,,
2026-09-08T14:55:06.075208,2,682,FRAME,375.0,184.891,2.5,-4.33,400,400,,,
2026-09-08T14:55:06.092229,2,683,FRAME,377.5,180.561,2.5,-4.33,400,400,,,
2026-09-08T14:55:06.109090,2,684,FRAME,380.0,176.231,2.5,-4.33,400,400,,,
2026-09-08T14:55:06.126132,2,685,FRAME,382.5,171.901,2.5,-4.33,400,400,,,
2026-09-08T14:55:06.143431,2,686,FRAME,385.0,167.571,2.5,-4.33,400,400,,,
2026-09-08T14:55:06.160037,2,687,FRAME,387.5,163.24,2.5,-4.33,400,400,,,
2026-09-08T14:55:06.176026,2,688,FRAME,390.0,158.91,2.5,-4.33,400,400,,,
2026-09-08T14:55:06.192519,2,689,FRAME,392.5,154.58,2.5,-4.33,400,400,,,
2026-09-08T14:55:06.209572,2,690,FRAME,395.0,150.25,2.5,-4.33,400,400,,,
2026-09-08T14:55:06.226798,2,691,FRAME,397.5,145.92,2.5,-4.33,400,400,,,
2026-09-08T14:55:06.242914,2,692,FRAME,400.0,141.59,2.5,-4.33,400,400,,,
2026-09-08T14:55:06.258454,2,693,FRAME,402.5,137.26,2.5,-4.33,400,400,,,
2026-09-08T14:55:06.275730,2,694,FRAME,405.0,132.93,2.5,-4.33,400,400,,,
2026-09-08T14:55:06.300192,2,695,FRAME,407.5,128.599,2.5,-4.33,400,400,,,
2026-09-08T14:55:06.309122,2,696,FRAME,410.0,124.269,2.5,-4.33,400,400,,,
2026-09-08T14:55:06.325310,2,697,FRAME,412.5,119.939,2.5,-4.33,400,400,,,
2026-09-08T14:55:06.341973,2,698,FRAME,415.0,115.609,2.5,-4.33,400,400,,,
2026-09-08T14:55:06.357862,2,699,FRAME,417.5,111.279,2.5,-4.33,400,400,,,
2026-09-08T14:55:06.373955,2,700,FRAME,420.0,106.949,2.5,-4.33,400,400,,,
2026-09-08T14:55:06.390167,2,701,FRAME,422.5,102.619,2.5,-4.33,400,400,,,
2026-09-08T14:55:06.405674,2,702,FRAME,425.0,98.289,2.5,-4.33,400,400,,,
2026-09-08T14:55:06.422358,2,703,FRAME,427.5,93.958,2.5,-4.33,400,400,,,
2026-09-08T14:55:06.440218,2,704,FRAME,430.0,89.628,2.5,-4.33,400,400,,,
2026-09-08T14:55:06.459510,2,705,FRAME,432.5,85.298,2.5,-4.33,400,400,,,
2026-09-08T14:55:06.472634,2,706,FRAME,435.0,80.968,2.5,-4.33,400,400,,,
2026-09-08T14:55:06.496271,2,707,FRAME,437.5,76.638,2.5,-4.33,400,400,,,
2026-09-08T14:55:06.505873,2,708,FRAME,440.0,72.308,2.5,-4.33,400,400,,,
2026-09-08T14:55:06.521836,2,709,FRAME,442.5,67.978,2.5,-4.33,400,400,,,
2026-09-08T14:55:06.537627,2,710,FRAME,445.0,63.648,2.5,-4.33,400,400,,,
2026-09-08T14:55:06.554224,2,711,FRAME,447.5,59.317,2.5,-4.33,400,400,,,
2026-09-08T14:55:06.570742,2,712,FRAME,450.0,54.987,2.5,-4.33,400,400,,,
2026-09-08T14:55:06.587319,2,713,FRAME,452.5,50.657,2.5,-4.33,400,400,,,
2026-09-08T14:55:06.604247,2,714,FRAME,455.0,46.327,2.5,-4.33,400,400,,,
2026-09-08T14:55:06.621486,2,715,FRAME,457.5,41.997,2.5,-4.33,400,400,,,
2026-09-08T14:55:06.638004,2,716,FRAME,460.0,37.667,2.5,-4.33,400,400,,,
2026-09-08T14:55:06.653610,2,717,FRAME,462.5,33.337,2.5,-4.33,400,400,,,
2026-09-08T14:55:06.670142,2,718,FRAME,465.0,29.007,2.5,-4.33,400,400,,,
2026-09-08T14:55:06.685815,2,719,FRAME,467.5,24.676,2.5,-4.33,400,400,,,
2026-09-08T14:55:06.701832,2,720,FRAME,470.0,20.346,2.5,-4.33,400,400,,,
2026-09-08T14:55:06.717702,2,721,FRAME,472.5,16.016,2.5,-4.33,400,400,,,
2026-09-08T14:55:06.735242,2,722,FRAME,475.0,11.686,2.5,-4.33,400,400,,,
2026-09-08T14:55:06.751952,2,723,FRAME,477.5,7.356,2.5,-4.33,400,400,,,
2026-09-08T14:55:06.767706,2,724,FRAME,480.0,3.026,2.5,-4.33,400,400,,,
2026-09-08T14:55:06.783856,2,725,WALL_BOUNCE,482.5,0,2.5,4.33,400,400,,,
2026-09-08T14:55:06.783856,2,726,FRAME,482.5,0,2.5,4.33,400,400,,,
2026-09-08T14:55:06.799725,2,727,FRAME,485.0,4.33,2.5,4.33,400,400,,,
2026-09-08T14:55:06.815848,2,728,FRAME,487.5,8.66,2.5,4.33,400,400,,,
2026-09-08T14:55:06.831644,2,729,FRAME,490.0,12.99,2.5,4.33,400,400,,,
2026-09-08T14:55:06.847629,2,730,FRAME,492.5,17.321,2.5,4.33,400,400,,,
2026-09-08T14:55:06.865078,2,731,FRAME,495.0,21.651,2.5,4.33,400,400,,,
2026-09-08T14:55:06.880933,2,732,FRAME,497.5,25.981,2.5,4.33,400,400,,,
2026-09-08T14:55:06.897000,2,733,FRAME,500.0,30.311,2.5,4.33,400,400,,,
2026-09-08T14:55:06.912738,2,734,FRAME,502.5,34.641,2.5,4.33,400,400,,,
2026-09-08T14:55:06.928702,2,735,FRAME,505.0,38.971,2.5,4.33,400,400,,,
2026-09-08T14:55:06.945207,2,736,FRAME,507.5,43.301,2.5,4.33,400,400,,,
2026-09-08T14:55:06.961839,2,737,FRAME,510.0,47.631,2.5,4.33,400,400,,,
2026-09-08T14:55:06.978076,2,738,FRAME,512.5,51.962,2.5,4.33,400,400,,,
2026-09-08T14:55:06.993756,2,739,FRAME,515.0,56.292,2.5,4.33,400,400,,,
2026-09-08T14:55:07.009971,2,740,FRAME,517.5,60.622,2.5,4.33,400,400,,,
2026-09-08T14:55:07.025880,2,741,FRAME,520.0,64.952,2.5,4.33,400,400,,,
2026-09-08T14:55:07.041756,2,742,FRAME,522.5,69.282,2.5,4.33,400,400,,,
2026-09-08T14:55:07.057469,2,743,FRAME,525.0,73.612,2.5,4.33,400,400,,,
2026-09-08T14:55:07.074867,2,744,FRAME,527.5,77.942,2.5,4.33,400,400,,,
2026-09-08T14:55:07.090650,2,745,FRAME,530.0,82.272,2.5,4.33,400,400,,,
2026-09-08T14:55:07.106977,2,746,FRAME,532.5,86.603,2.5,4.33,400,400,,,
2026-09-08T14:55:07.122968,2,747,FRAME,535.0,90.933,2.5,4.33,400,400,,,
2026-09-08T14:55:07.138870,2,748,FRAME,537.5,95.263,2.5,4.33,400,400,,,
2026-09-08T14:55:07.155147,2,749,FRAME,540.0,99.593,2.5,4.33,400,400,,,
2026-09-08T14:55:07.172098,2,750,FRAME,542.5,103.923,2.5,4.33,400,400,,,
2026-09-08T14:55:07.189399,2,751,FRAME,545.0,108.253,2.5,4.33,400,400,,,
2026-09-08T14:55:07.206465,2,752,FRAME,547.5,112.583,2.5,4.33,400,400,,,
2026-09-08T14:55:07.223449,2,753,FRAME,550.0,116.913,2.5,4.33,400,400,,,
2026-09-08T14:55:07.239888,2,754,FRAME,552.5,121.244,2.5,4.33,400,400,,,
2026-09-08T14:55:07.256605,2,755,FRAME,555.0,125.574,2.5,4.33,400,400,,,
2026-09-08T14:55:07.272795,2,756,FRAME,557.5,129.904,2.5,4.33,400,400,,,
2026-09-08T14:55:07.288793,2,757,FRAME,560.0,134.234,2.5,4.33,400,400,,,
2026-09-08T14:55:07.305046,2,758,FRAME,562.5,138.564,2.5,4.33,400,400,,,
2026-09-08T14:55:07.321800,2,759,FRAME,565.0,142.894,2.5,4.33,400,400,,,
2026-09-08T14:55:07.338160,2,760,FRAME,567.5,147.224,2.5,4.33,400,400,,,
2026-09-08T14:55:07.355185,2,761,FRAME,570.0,151.554,2.5,4.33,400,400,,,
2026-09-08T14:55:07.372242,2,762,FRAME,572.5,155.885,2.5,4.33,400,400,,,
2026-09-08T14:55:07.388949,2,763,FRAME,575.0,160.215,2.5,4.33,400,400,,,
2026-09-08T14:55:07.404906,2,764,FRAME,577.5,164.545,2.5,4.33,400,400,,,
2026-09-08T14:55:07.422055,2,765,FRAME,580.0,168.875,2.5,4.33,400,400,,,
2026-09-08T14:55:07.439788,2,766,FRAME,582.5,173.205,2.5,4.33,400,400,,,
2026-09-08T14:55:07.455960,2,767,FRAME,585.0,177.535,2.5,4.33,400,400,,,
2026-09-08T14:55:07.472734,2,768,FRAME,587.5,181.865,2.5,4.33,400,400,,,
2026-09-08T14:55:07.488381,2,769,FRAME,590.0,186.195,2.5,4.33,400,400,,,
2026-09-08T14:55:07.505384,2,770,FRAME,592.5,190.526,2.5,4.33,400,400,,,
2026-09-08T14:55:07.522758,2,771,FRAME,595.0,194.856,2.5,4.33,400,400,,,
2026-09-08T14:55:07.539246,2,772,FRAME,597.5,199.186,2.5,4.33,400,400,,,
2026-09-08T14:55:07.556050,2,773,FRAME,600.0,203.516,2.5,4.33,400,400,,,
2026-09-08T14:55:07.572950,2,774,FRAME,602.5,207.846,2.5,4.33,400,400,,,
2026-09-08T14:55:07.588659,2,775,FRAME,605.0,212.176,2.5,4.33,400,400,,,
2026-09-08T14:55:07.605145,2,776,FRAME,607.5,216.506,2.5,4.33,400,400,,,
2026-09-08T14:55:07.621859,2,777,FRAME,610.0,220.836,2.5,4.33,400,400,,,
2026-09-08T14:55:07.637555,2,778,FRAME,612.5,225.167,2.5,4.33,400,400,,,
2026-09-08T14:55:07.654782,2,779,FRAME,615.0,229.497,2.5,4.33,400,400,,,
2026-09-08T14:55:07.670880,2,780,FRAME,617.5,233.827,2.5,4.33,400,400,,,
2026-09-08T14:55:07.687425,2,781,FRAME,620.0,238.157,2.5,4.33,400,400,,,
2026-09-08T14:55:07.704681,2,782,FRAME,622.5,242.487,2.5,4.33,400,400,,,
2026-09-08T14:55:07.721312,2,783,FRAME,625.0,246.817,2.5,4.33,400,400,,,
2026-09-08T14:55:07.738450,2,784,FRAME,627.5,251.147,2.5,4.33,400,400,,,
2026-09-08T14:55:07.755232,2,785,FRAME,630.0,255.477,2.5,4.33,400,400,,,
2026-09-08T14:55:07.771841,2,786,FRAME,632.5,259.808,2.5,4.33,400,400,,,
2026-09-08T14:55:07.787877,2,787,FRAME,635.0,264.138,2.5,4.33,400,400,,,
2026-09-08T14:55:07.804041,2,788,FRAME,637.5,268.468,2.5,4.33,400,400,,,
2026-09-08T14:55:07.819828,2,789,FRAME,640.0,272.798,2.5,4.33,400,400,,,
2026-09-08T14:55:07.835722,2,790,FRAME,642.5,277.128,2.5,4.33,400,400,,,
2026-09-08T14:55:07.852440,2,791,FRAME,645.0,281.458,2.5,4.33,400,400,,,
2026-09-08T14:55:07.869418,2,792,FRAME,647.5,285.788,2.5,4.33,400,400,,,
2026-09-08T14:55:07.885964,2,793,FRAME,650.0,290.119,2.5,4.33,400,400,,,
2026-09-08T14:55:07.901646,2,794,FRAME,652.5,294.449,2.5,4.33,400,400,,,
2026-09-08T14:55:07.918954,2,795,FRAME,655.0,298.779,2.5,4.33,400,400,,,
2026-09-08T14:55:07.934572,2,796,FRAME,657.5,303.109,2.5,4.33,400,400,,,
2026-09-08T14:55:07.951063,2,797,FRAME,660.0,307.439,2.5,4.33,400,400,,,
2026-09-08T14:55:07.966905,2,798,FRAME,662.5,311.769,2.5,4.33,400,400,,,
2026-09-08T14:55:07.982855,2,799,FRAME,665.0,316.099,2.5,4.33,400,400,,,
2026-09-08T14:55:07.998658,2,800,FRAME,667.5,320.429,2.5,4.33,400,400,,,
2026-09-08T14:55:08.016057,2,801,FRAME,670.0,324.76,2.5,4.33,400,400,,,
2026-09-08T14:55:08.031955,2,802,FRAME,672.5,329.09,2.5,4.33,400,400,,,
2026-09-08T14:55:08.047686,2,803,FRAME,675.0,333.42,2.5,4.33,400,400,,,
2026-09-08T14:55:08.064927,2,804,FRAME,677.5,337.75,2.5,4.33,400,400,,,
2026-09-08T14:55:08.081361,2,805,FRAME,680.0,342.08,2.5,4.33,400,400,,,
2026-09-08T14:55:08.098022,2,806,FRAME,682.5,346.41,2.5,4.33,400,400,,,
2026-09-08T14:55:08.113867,2,807,FRAME,685.0,350.74,2.5,4.33,400,400,,,
2026-09-08T14:55:08.130112,2,808,FRAME,687.5,355.07,2.5,4.33,400,400,,,
2026-09-08T14:55:08.146657,2,809,FRAME,690.0,359.401,2.5,4.33,400,400,,,
2026-09-08T14:55:08.163816,2,810,FRAME,692.5,363.731,2.5,4.33,400,400,,,
2026-09-08T14:55:08.180122,2,811,FRAME,695.0,368.061,2.5,4.33,400,400,,,
2026-09-08T14:55:08.195655,2,812,FRAME,697.5,372.391,2.5,4.33,400,400,,,
2026-09-08T14:55:08.212763,2,813,FRAME,700.0,376.721,2.5,4.33,400,400,,,
2026-09-08T14:55:08.229175,2,814,FRAME,702.5,381.051,2.5,4.33,400,400,,,
2026-09-08T14:55:08.246765,2,815,FRAME,705.0,385.381,2.5,4.33,400,400,,,
2026-09-08T14:55:08.263294,2,816,FRAME,707.5,389.711,2.5,4.33,400,400,,,
2026-09-08T14:55:08.279872,2,817,FRAME,710.0,394.042,2.5,4.33,400,400,,,
2026-09-08T14:55:08.295764,2,818,FRAME,712.5,398.372,2.5,4.33,400,400,,,
2026-09-08T14:55:08.312856,2,819,FRAME,715.0,402.702,2.5,4.33,400,400,,,
2026-09-08T14:55:08.328680,2,820,FRAME,717.5,407.032,2.5,4.33,400,400,,,
2026-09-08T14:55:08.346013,2,821,FRAME,720.0,411.362,2.5,4.33,400,400,,,
2026-09-08T14:55:08.361877,2,822,FRAME,722.5,415.692,2.5,4.33,400,400,,,
2026-09-08T14:55:08.377762,2,823,FRAME,725.0,420.022,2.5,4.33,400,400,,,
2026-09-08T14:55:08.394966,2,824,FRAME,727.5,424.352,2.5,4.33,400,400,,,
2026-09-08T14:55:08.411170,2,825,FRAME,730.0,428.683,2.5,4.33,400,400,,,
2026-09-08T14:55:08.428808,2,826,FRAME,732.5,433.013,2.5,4.33,400,400,,,
2026-09-08T14:55:08.445186,2,827,FRAME,735.0,437.343,2.5,4.33,400,400,,,
2026-09-08T14:55:08.461834,2,828,FRAME,737.5,441.673,2.5,4.33,400,400,,,
2026-09-08T14:55:08.478480,2,829,FRAME,740.0,446.003,2.5,4.33,400,400,,,
2026-09-08T14:55:08.495288,2,830,FRAME,742.5,450.333,2.5,4.33,400,400,,,
2026-09-08T14:55:08.512707,2,831,FRAME,745.0,454.663,2.5,4.33,400,400,,,
2026-09-08T14:55:08.529481,2,832,FRAME,747.5,458.993,2.5,4.33,400,400,,,
2026-09-08T14:55:08.546033,2,833,FRAME,750.0,463.324,2.5,4.33,400,400,,,
2026-09-08T14:55:08.561529,2,834,FRAME,752.5,467.654,2.5,4.33,400,400,,,
2026-09-08T14:55:08.578831,2,835,FRAME,755.0,471.984,2.5,4.33,400,400,,,
2026-09-08T14:55:08.595101,2,836,FRAME,757.5,476.314,2.5,4.33,400,400,,,
2026-09-08T14:55:08.610653,2,837,RIGHT_HIT,758,480.644,-3.598,3.472,400,400,0.733,43.973,
2026-09-08T14:55:08.610653,2,838,FRAME,758,480.644,-3.598,3.472,400,400,,,
2026-09-08T14:55:08.627248,2,839,FRAME,754.402,484.116,-3.598,3.472,400,393,,,
2026-09-08T14:55:08.644077,2,840,FRAME,750.803,487.587,-3.598,3.472,400,386,,,
2026-09-08T14:55:08.660838,2,841,WALL_BOUNCE,747.205,488,-3.598,-3.472,400,379,,,
2026-09-08T14:55:08.660838,2,842,FRAME,747.205,488,-3.598,-3.472,400,379,,,
2026-09-08T14:55:08.676584,2,843,FRAME,743.607,484.528,-3.598,-3.472,400,372,,,
2026-09-08T14:55:08.693802,2,844,FRAME,740.008,481.057,-3.598,-3.472,400,365,,,
2026-09-08T14:55:08.709797,2,845,FRAME,736.41,477.585,-3.598,-3.472,400,358,,,
2026-09-08T14:55:08.725801,2,846,FRAME,732.812,474.114,-3.598,-3.472,400,351,,,
2026-09-08T14:55:08.741803,2,847,FRAME,729.213,470.642,-3.598,-3.472,400,344,,,
2026-09-08T14:55:08.757707,2,848,FRAME,725.615,467.17,-3.598,-3.472,400,337,,,
2026-09-08T14:55:08.773477,2,849,FRAME,722.017,463.699,-3.598,-3.472,400,330,,,
2026-09-08T14:55:08.790010,2,850,FRAME,718.418,460.227,-3.598,-3.472,400,323,,,
2026-09-08T14:55:08.806692,2,851,FRAME,714.82,456.756,-3.598,-3.472,400,316,,,
2026-09-08T14:55:08.823728,2,852,FRAME,711.222,453.284,-3.598,-3.472,400,309,,,
2026-09-08T14:55:08.840990,2,853,FRAME,707.623,449.812,-3.598,-3.472,400,302,,,
2026-09-08T14:55:08.856517,2,854,FRAME,704.025,446.341,-3.598,-3.472,400,295,,,
2026-09-08T14:55:08.873890,2,855,FRAME,700.427,442.869,-3.598,-3.472,400,288,,,
2026-09-08T14:55:08.889791,2,856,FRAME,696.828,439.398,-3.598,-3.472,400,281,,,
2026-09-08T14:55:08.905700,2,857,FRAME,693.23,435.926,-3.598,-3.472,400,274,,,
2026-09-08T14:55:08.922299,2,858,FRAME,689.632,432.455,-3.598,-3.472,400,267,,,
2026-09-08T14:55:08.939725,2,859,FRAME,686.033,428.983,-3.598,-3.472,400,260,,,
2026-09-08T14:55:08.956545,2,860,FRAME,682.435,425.511,-3.598,-3.472,400,253,,,
2026-09-08T14:55:08.973640,2,861,FRAME,678.837,422.04,-3.598,-3.472,400,246,,,
2026-09-08T14:55:08.990819,2,862,FRAME,675.238,418.568,-3.598,-3.472,400,239,,,
2026-09-08T14:55:09.006473,2,863,FRAME,671.64,415.097,-3.598,-3.472,400,232,,,
2026-09-08T14:55:09.023976,2,864,FRAME,668.041,411.625,-3.598,-3.472,400,225,,,
2026-09-08T14:55:09.039991,2,865,FRAME,664.443,408.153,-3.598,-3.472,400,218,,,
2026-09-08T14:55:09.055653,2,866,FRAME,660.845,404.682,-3.598,-3.472,400,211,,,
2026-09-08T14:55:09.072201,2,867,FRAME,657.246,401.21,-3.598,-3.472,400,204,,,
2026-09-08T14:55:09.088925,2,868,FRAME,653.648,397.739,-3.598,-3.472,400,197,,,
2026-09-08T14:55:09.105231,2,869,FRAME,650.05,394.267,-3.598,-3.472,400,204,,,
2026-09-08T14:55:09.122284,2,870,FRAME,646.451,390.795,-3.598,-3.472,400,197,,,
2026-09-08T14:55:09.139115,2,871,FRAME,642.853,387.324,-3.598,-3.472,400,204,,,
2026-09-08T14:55:09.155141,2,872,FRAME,639.255,383.852,-3.598,-3.472,400,197,,,
2026-09-08T14:55:09.171290,2,873,FRAME,635.656,380.381,-3.598,-3.472,400,204,,,
2026-09-08T14:55:09.187990,2,874,FRAME,632.058,376.909,-3.598,-3.472,400,197,,,
2026-09-08T14:55:09.203624,2,875,FRAME,628.46,373.437,-3.598,-3.472,400,204,,,
2026-09-08T14:55:09.220114,2,876,FRAME,624.861,369.966,-3.598,-3.472,400,197,,,
2026-09-08T14:55:09.236661,2,877,FRAME,621.263,366.494,-3.598,-3.472,400,204,,,
2026-09-08T14:55:09.253655,2,878,FRAME,617.665,363.023,-3.598,-3.472,400,197,,,
2026-09-08T14:55:09.271176,2,879,FRAME,614.066,359.551,-3.598,-3.472,400,204,,,
2026-09-08T14:55:09.286509,2,880,FRAME,610.468,356.08,-3.598,-3.472,400,197,,,
2026-09-08T14:55:09.301747,2,881,FRAME,606.87,352.608,-3.598,-3.472,400,204,,,
2026-09-08T14:55:09.318486,2,882,FRAME,603.271,349.136,-3.598,-3.472,400,197,,,
2026-09-08T14:55:09.335033,2,883,FRAME,599.673,345.665,-3.598,-3.472,400,204,,,
2026-09-08T14:55:09.350637,2,884,FRAME,596.075,342.193,-3.598,-3.472,400,197,,,
2026-09-08T14:55:09.367560,2,885,FRAME,592.476,338.722,-3.598,-3.472,400,204,,,
2026-09-08T14:55:09.384137,2,886,FRAME,588.878,335.25,-3.598,-3.472,393,197,,,
2026-09-08T14:55:09.399740,2,887,FRAME,585.28,331.778,-3.598,-3.472,386,204,,,
2026-09-08T14:55:09.415854,2,888,FRAME,581.681,328.307,-3.598,-3.472,379,197,,,
2026-09-08T14:55:09.431487,2,889,FRAME,578.083,324.835,-3.598,-3.472,372,204,,,
2026-09-08T14:55:09.448237,2,890,FRAME,574.485,321.364,-3.598,-3.472,365,197,,,
2026-09-08T14:55:09.464960,2,891,FRAME,570.886,317.892,-3.598,-3.472,358,204,,,
2026-09-08T14:55:09.480422,2,892,FRAME,567.288,314.42,-3.598,-3.472,351,197,,,
2026-09-08T14:55:09.497456,2,893,FRAME,563.69,310.949,-3.598,-3.472,344,204,,,
2026-09-08T14:55:09.514031,2,894,FRAME,560.091,307.477,-3.598,-3.472,337,197,,,
2026-09-08T14:55:09.529697,2,895,FRAME,556.493,304.006,-3.598,-3.472,330,204,,,
2026-09-08T14:55:09.546713,2,896,FRAME,552.895,300.534,-3.598,-3.472,330,197,,,
2026-09-08T14:55:09.562843,2,897,FRAME,549.296,297.062,-3.598,-3.472,330,204,,,
2026-09-08T14:55:09.578760,2,898,FRAME,545.698,293.591,-3.598,-3.472,330,197,,,
2026-09-08T14:55:09.595264,2,899,FRAME,542.1,290.119,-3.598,-3.472,330,204,,,
2026-09-08T14:55:09.612557,2,900,FRAME,538.501,286.648,-3.598,-3.472,330,197,,,
2026-09-08T14:55:09.629397,2,901,FRAME,534.903,283.176,-3.598,-3.472,330,204,,,
2026-09-08T14:55:09.646033,2,902,FRAME,531.305,279.705,-3.598,-3.472,330,197,,,
2026-09-08T14:55:09.661524,2,903,FRAME,527.706,276.233,-3.598,-3.472,330,204,,,
2026-09-08T14:55:09.678144,2,904,FRAME,524.108,272.761,-3.598,-3.472,330,197,,,
2026-09-08T14:55:09.694046,2,905,FRAME,520.51,269.29,-3.598,-3.472,330,204,,,
2026-09-08T14:55:09.711235,2,906,FRAME,516.911,265.818,-3.598,-3.472,330,197,,,
2026-09-08T14:55:09.728139,2,907,FRAME,513.313,262.347,-3.598,-3.472,330,204,,,
2026-09-08T14:55:09.744980,2,908,FRAME,509.715,258.875,-3.598,-3.472,330,197,,,
2026-09-08T14:55:09.761101,2,909,FRAME,506.116,255.403,-3.598,-3.472,330,204,,,
2026-09-08T14:55:09.777061,2,910,FRAME,502.518,251.932,-3.598,-3.472,330,197,,,
2026-09-08T14:55:09.795236,2,911,FRAME,498.92,248.46,-3.598,-3.472,330,204,,,
2026-09-08T14:55:09.810627,2,912,FRAME,495.321,244.989,-3.598,-3.472,330,197,,,
2026-09-08T14:55:09.827820,2,913,FRAME,491.723,241.517,-3.598,-3.472,330,204,,,
2026-09-08T14:55:09.843552,2,914,FRAME,488.124,238.045,-3.598,-3.472,323,197,,,
2026-09-08T14:55:09.859555,2,915,FRAME,484.526,234.574,-3.598,-3.472,316,204,,,
2026-09-08T14:55:09.876696,2,916,FRAME,480.928,231.102,-3.598,-3.472,309,197,,,
2026-09-08T14:55:09.893353,2,917,FRAME,477.329,227.631,-3.598,-3.472,302,204,,,
2026-09-08T14:55:09.910782,2,918,FRAME,473.731,224.159,-3.598,-3.472,295,197,,,
2026-09-08T14:55:09.926344,2,919,FRAME,470.133,220.687,-3.598,-3.472,288,204,,,
2026-09-08T14:55:09.943338,2,920,FRAME,466.534,217.216,-3.598,-3.472,281,197,,,
2026-09-08T14:55:09.960689,2,921,FRAME,462.936,213.744,-3.598,-3.472,274,204,,,
2026-09-08T14:55:09.976908,2,922,FRAME,459.338,210.273,-3.598,-3.472,267,197,,,
2026-09-08T14:55:09.992686,2,923,FRAME,455.739,206.801,-3.598,-3.472,267,204,,,
2026-09-08T14:55:10.008719,2,924,FRAME,452.141,203.329,-3.598,-3.472,267,197,,,
2026-09-08T14:55:10.024994,2,925,FRAME,448.543,199.858,-3.598,-3.472,267,204,,,
2026-09-08T14:55:10.041409,2,926,FRAME,444.944,196.386,-3.598,-3.472,267,197,,,
2026-09-08T14:55:10.058206,2,927,FRAME,441.346,192.915,-3.598,-3.472,267,204,,,
2026-09-08T14:55:10.074943,2,928,FRAME,437.748,189.443,-3.598,-3.472,267,197,,,
2026-09-08T14:55:10.091164,2,929,FRAME,434.149,185.972,-3.598,-3.472,267,204,,,
2026-09-08T14:55:10.108135,2,930,FRAME,430.551,182.5,-3.598,-3.472,267,197,,,
2026-09-08T14:55:10.124982,2,931,FRAME,426.953,179.028,-3.598,-3.472,267,204,,,
2026-09-08T14:55:10.141362,2,932,FRAME,423.354,175.557,-3.598,-3.472,267,197,,,
2026-09-08T14:55:10.158385,2,933,FRAME,419.756,172.085,-3.598,-3.472,260,204,,,
2026-09-08T14:55:10.175198,2,934,FRAME,416.158,168.614,-3.598,-3.472,253,197,,,
2026-09-08T14:55:10.192220,2,935,FRAME,412.559,165.142,-3.598,-3.472,246,204,,,
2026-09-08T14:55:10.209288,2,936,FRAME,408.961,161.67,-3.598,-3.472,239,197,,,
2026-09-08T14:55:10.225848,2,937,FRAME,405.363,158.199,-3.598,-3.472,232,204,,,
2026-09-08T14:55:10.242390,2,938,FRAME,401.764,154.727,-3.598,-3.472,225,197,,,
2026-09-08T14:55:10.259684,2,939,FRAME,398.166,151.256,-3.598,-3.472,218,204,,,
2026-09-08T14:55:10.276686,2,940,FRAME,394.568,147.784,-3.598,-3.472,218,197,,,
2026-09-08T14:55:10.293098,2,941,FRAME,390.969,144.312,-3.598,-3.472,218,204,,,
2026-09-08T14:55:10.309266,2,942,FRAME,387.371,140.841,-3.598,-3.472,218,197,,,
2026-09-08T14:55:10.326780,2,943,FRAME,383.773,137.369,-3.598,-3.472,218,204,,,
2026-09-08T14:55:10.343244,2,944,FRAME,380.174,133.898,-3.598,-3.472,218,197,,,
2026-09-08T14:55:10.359766,2,945,FRAME,376.576,130.426,-3.598,-3.472,218,204,,,
2026-09-08T14:55:10.375954,2,946,FRAME,372.978,126.954,-3.598,-3.472,218,197,,,
2026-09-08T14:55:10.392755,2,947,FRAME,369.379,123.483,-3.598,-3.472,211,204,,,
2026-09-08T14:55:10.408922,2,948,FRAME,365.781,120.011,-3.598,-3.472,204,197,,,
2026-09-08T14:55:10.425005,2,949,FRAME,362.183,116.54,-3.598,-3.472,197,204,,,
2026-09-08T14:55:10.441256,2,950,FRAME,358.584,113.068,-3.598,-3.472,190,197,,,
2026-09-08T14:55:10.457841,2,951,FRAME,354.986,109.597,-3.598,-3.472,183,204,,,
2026-09-08T14:55:10.475919,2,952,FRAME,351.388,106.125,-3.598,-3.472,176,197,,,
2026-09-08T14:55:10.492553,2,953,FRAME,347.789,102.653,-3.598,-3.472,169,204,,,
2026-09-08T14:55:10.509838,2,954,FRAME,344.191,99.182,-3.598,-3.472,162,197,,,
2026-09-08T14:55:10.525964,2,955,FRAME,340.593,95.71,-3.598,-3.472,155,204,,,
2026-09-08T14:55:10.542384,2,956,FRAME,336.994,92.239,-3.598,-3.472,148,197,,,
2026-09-08T14:55:10.559143,2,957,FRAME,333.396,88.767,-3.598,-3.472,148,204,,,
2026-09-08T14:55:10.576035,2,958,FRAME,329.798,85.295,-3.598,-3.472,148,197,,,
2026-09-08T14:55:10.592604,2,959,FRAME,326.199,81.824,-3.598,-3.472,148,204,,,
2026-09-08T14:55:10.610188,2,960,FRAME,322.601,78.352,-3.598,-3.472,148,197,,,
2026-09-08T14:55:10.626633,2,961,FRAME,319.002,74.881,-3.598,-3.472,148,204,,,
2026-09-08T14:55:10.643493,2,962,FRAME,315.404,71.409,-3.598,-3.472,148,197,,,
2026-09-08T14:55:10.660303,2,963,FRAME,311.806,67.937,-3.598,-3.472,148,204,,,
2026-09-08T14:55:10.677346,2,964,FRAME,308.207,64.466,-3.598,-3.472,148,197,,,
2026-09-08T14:55:10.694225,2,965,FRAME,304.609,60.994,-3.598,-3.472,148,204,,,
2026-09-08T14:55:10.711630,2,966,FRAME,301.011,57.523,-3.598,-3.472,148,197,,,
2026-09-08T14:55:10.728226,2,967,FRAME,297.412,54.051,-3.598,-3.472,148,204,,,
2026-09-08T14:55:10.744879,2,968,FRAME,293.814,50.579,-3.598,-3.472,148,197,,,
2026-09-08T14:55:10.761145,2,969,FRAME,290.216,47.108,-3.598,-3.472,148,204,,,
2026-09-08T14:55:10.777364,2,970,FRAME,286.617,43.636,-3.598,-3.472,148,197,,,
2026-09-08T14:55:10.794053,2,971,FRAME,283.019,40.165,-3.598,-3.472,148,204,,,
2026-09-08T14:55:10.809828,2,972,FRAME,279.421,36.693,-3.598,-3.472,141,197,,,
2026-09-08T14:55:10.825959,2,973,FRAME,275.822,33.222,-3.598,-3.472,134,204,,,
2026-09-08T14:55:10.841787,2,974,FRAME,272.224,29.75,-3.598,-3.472,127,197,,,
2026-09-08T14:55:10.857480,2,975,FRAME,268.626,26.278,-3.598,-3.472,120,204,,,
2026-09-08T14:55:10.874238,2,976,FRAME,265.027,22.807,-3.598,-3.472,113,197,,,
2026-09-08T14:55:10.891600,2,977,FRAME,261.429,19.335,-3.598,-3.472,106,204,,,
2026-09-08T14:55:10.908301,2,978,FRAME,257.831,15.864,-3.598,-3.472,99,197,,,
2026-09-08T14:55:10.924712,2,979,FRAME,254.232,12.392,-3.598,-3.472,92,204,,,
2026-09-08T14:55:10.941688,2,980,FRAME,250.634,8.92,-3.598,-3.472,85,197,,,
2026-09-08T14:55:10.958403,2,981,FRAME,247.036,5.449,-3.598,-3.472,85,204,,,
2026-09-08T14:55:10.975064,2,982,FRAME,243.437,1.977,-3.598,-3.472,85,197,,,
2026-09-08T14:55:10.991748,2,983,WALL_BOUNCE,239.839,0,-3.598,3.472,85,204,,,
2026-09-08T14:55:10.991748,2,984,FRAME,239.839,0,-3.598,3.472,85,204,,,
2026-09-08T14:55:11.008890,2,985,FRAME,236.241,3.472,-3.598,3.472,85,197,,,
2026-09-08T14:55:11.025072,2,986,FRAME,232.642,6.943,-3.598,3.472,85,204,,,
2026-09-08T14:55:11.041314,2,987,FRAME,229.044,10.415,-3.598,3.472,85,197,,,
2026-09-08T14:55:11.058756,2,988,FRAME,225.446,13.886,-3.598,3.472,85,204,,,
2026-09-08T14:55:11.075951,2,989,FRAME,221.847,17.358,-3.598,3.472,85,197,,,
2026-09-08T14:55:11.091941,2,990,FRAME,218.249,20.83,-3.598,3.472,85,204,,,
2026-09-08T14:55:11.107937,2,991,FRAME,214.651,24.301,-3.598,3.472,85,197,,,
2026-09-08T14:55:11.123505,2,992,FRAME,211.052,27.773,-3.598,3.472,85,204,,,
2026-09-08T14:55:11.140588,2,993,FRAME,207.454,31.244,-3.598,3.472,85,197,,,
2026-09-08T14:55:11.157103,2,994,FRAME,203.856,34.716,-3.598,3.472,92,204,,,
2026-09-08T14:55:11.173725,2,995,FRAME,200.257,38.188,-3.598,3.472,99,197,,,
2026-09-08T14:55:11.190731,2,996,FRAME,196.659,41.659,-3.598,3.472,106,204,,,
2026-09-08T14:55:11.206900,2,997,FRAME,193.061,45.131,-3.598,3.472,113,197,,,
2026-09-08T14:55:11.222805,2,998,FRAME,189.462,48.602,-3.598,3.472,120,204,,,
2026-09-08T14:55:11.239492,2,999,FRAME,185.864,52.074,-3.598,3.472,127,197,,,
2026-09-08T14:55:11.256128,2,1000,FRAME,182.266,55.545,-3.598,3.472,134,204,,,
2026-09-08T14:55:11.272800,2,1001,FRAME,178.667,59.017,-3.598,3.472,134,197,,,
2026-09-08T14:55:11.288576,2,1002,FRAME,175.069,62.489,-3.598,3.472,134,204,,,
2026-09-08T14:55:11.305906,2,1003,FRAME,171.471,65.96,-3.598,3.472,134,197,,,
2026-09-08T14:55:11.322019,2,1004,FRAME,167.872,69.432,-3.598,3.472,134,204,,,
2026-09-08T14:55:11.338248,2,1005,FRAME,164.274,72.903,-3.598,3.472,134,197,,,
2026-09-08T14:55:11.355054,2,1006,FRAME,160.676,76.375,-3.598,3.472,134,204,,,
2026-09-08T14:55:11.371965,2,1007,FRAME,157.077,79.847,-3.598,3.472,134,197,,,
2026-09-08T14:55:11.387879,2,1008,FRAME,153.479,83.318,-3.598,3.472,134,204,,,
2026-09-08T14:55:11.403952,2,1009,FRAME,149.88,86.79,-3.598,3.472,134,197,,,
2026-09-08T14:55:11.419414,2,1010,FRAME,146.282,90.261,-3.598,3.472,134,204,,,
2026-09-08T14:55:11.436000,2,1011,FRAME,142.684,93.733,-3.598,3.472,134,197,,,
2026-09-08T14:55:11.452049,2,1012,FRAME,139.085,97.205,-3.598,3.472,134,204,,,
2026-09-08T14:55:11.467930,2,1013,FRAME,135.487,100.676,-3.598,3.472,134,197,,,
2026-09-08T14:55:11.483923,2,1014,FRAME,131.889,104.148,-3.598,3.472,134,204,,,
2026-09-08T14:55:11.499943,2,1015,FRAME,128.29,107.619,-3.598,3.472,134,197,,,
2026-09-08T14:55:11.515466,2,1016,FRAME,124.692,111.091,-3.598,3.472,134,204,,,
2026-09-08T14:55:11.532704,2,1017,FRAME,121.094,114.563,-3.598,3.472,134,197,,,
2026-09-08T14:55:11.549669,2,1018,FRAME,117.495,118.034,-3.598,3.472,134,204,,,
2026-09-08T14:55:11.567419,2,1019,FRAME,113.897,121.506,-3.598,3.472,134,197,,,
2026-09-08T14:55:11.584964,2,1020,FRAME,110.299,124.977,-3.598,3.472,134,204,,,
2026-09-08T14:55:11.600500,2,1021,FRAME,106.7,128.449,-3.598,3.472,134,197,,,
2026-09-08T14:55:11.617551,2,1022,FRAME,103.102,131.92,-3.598,3.472,134,204,,,
2026-09-08T14:55:11.635631,2,1023,FRAME,99.504,135.392,-3.598,3.472,134,197,,,
2026-09-08T14:55:11.650834,2,1024,FRAME,95.905,138.864,-3.598,3.472,134,204,,,
2026-09-08T14:55:11.667251,2,1025,FRAME,92.307,142.335,-3.598,3.472,134,197,,,
2026-09-08T14:55:11.685267,2,1026,FRAME,88.709,145.807,-3.598,3.472,134,204,,,
2026-09-08T14:55:11.701853,2,1027,FRAME,85.11,149.278,-3.598,3.472,134,197,,,
2026-09-08T14:55:11.718414,2,1028,FRAME,81.512,152.75,-3.598,3.472,134,204,,,
2026-09-08T14:55:11.735984,2,1029,FRAME,77.914,156.222,-3.598,3.472,134,197,,,
2026-09-08T14:55:11.752273,2,1030,FRAME,74.315,159.693,-3.598,3.472,134,204,,,
2026-09-08T14:55:11.768857,2,1031,FRAME,70.717,163.165,-3.598,3.472,134,197,,,
2026-09-08T14:55:11.785233,2,1032,FRAME,67.119,166.636,-3.598,3.472,134,204,,,
2026-09-08T14:55:11.801957,2,1033,FRAME,63.52,170.108,-3.598,3.472,134,197,,,
2026-09-08T14:55:11.817739,2,1034,FRAME,59.922,173.58,-3.598,3.472,134,204,,,
2026-09-08T14:55:11.833314,2,1035,FRAME,56.324,177.051,-3.598,3.472,134,197,,,
2026-09-08T14:55:11.849696,2,1036,FRAME,52.725,180.523,-3.598,3.472,134,204,,,
2026-09-08T14:55:11.867026,2,1037,FRAME,49.127,183.994,-3.598,3.472,134,197,,,
2026-09-08T14:55:11.883105,2,1038,FRAME,45.529,187.466,-3.598,3.472,134,204,,,
2026-09-08T14:55:11.899254,2,1039,FRAME,41.93,190.938,-3.598,3.472,134,197,,,
2026-09-08T14:55:11.917383,2,1040,FRAME,38.332,194.409,-3.598,3.472,134,204,,,
2026-09-08T14:55:11.935230,2,1041,FRAME,34.734,197.881,-3.598,3.472,134,197,,,
2026-09-08T14:55:11.952527,2,1042,FRAME,31.135,201.352,-3.598,3.472,134,204,,,
2026-09-08T14:55:11.969883,2,1043,LEFT_HIT,30,204.824,4.231,2.664,134,197,0.536,32.189,
2026-09-08T14:55:11.969883,2,1044,FRAME,30,204.824,4.231,2.664,134,197,,,
2026-09-08T14:55:11.986996,2,1045,FRAME,34.231,207.487,4.231,2.664,141,204,,,
2026-09-08T14:55:12.002712,2,1046,FRAME,38.463,210.151,4.231,2.664,148,211,,,
2026-09-08T14:55:12.018419,2,1047,FRAME,42.694,212.815,4.231,2.664,155,218,,,
2026-09-08T14:55:12.035038,2,1048,FRAME,46.926,215.478,4.231,2.664,162,225,,,
2026-09-08T14:55:12.051535,2,1049,FRAME,51.157,218.142,4.231,2.664,169,232,,,
2026-09-08T14:55:12.068827,2,1050,FRAME,55.389,220.805,4.231,2.664,176,239,,,
2026-09-08T14:55:12.085367,2,1051,FRAME,59.62,223.469,4.231,2.664,183,246,,,
2026-09-08T14:55:12.102780,2,1052,FRAME,63.852,226.132,4.231,2.664,190,253,,,
2026-09-08T14:55:12.118579,2,1053,FRAME,68.083,228.796,4.231,2.664,197,260,,,
2026-09-08T14:55:12.135121,2,1054,FRAME,72.315,231.459,4.231,2.664,204,267,,,
2026-09-08T14:55:12.150871,2,1055,FRAME,76.546,234.123,4.231,2.664,211,274,,,
2026-09-08T14:55:12.166772,2,1056,FRAME,80.778,236.786,4.231,2.664,218,281,,,
2026-09-08T14:55:12.183178,2,1057,FRAME,85.009,239.45,4.231,2.664,225,274,,,
2026-09-08T14:55:12.199908,2,1058,FRAME,89.241,242.114,4.231,2.664,232,281,,,
2026-09-08T14:55:12.215580,2,1059,FRAME,93.472,244.777,4.231,2.664,239,274,,,
2026-09-08T14:55:12.232346,2,1060,FRAME,97.704,247.441,4.231,2.664,246,281,,,
2026-09-08T14:55:12.248972,2,1061,FRAME,101.935,250.104,4.231,2.664,253,274,,,
2026-09-08T14:55:12.264634,2,1062,FRAME,106.167,252.768,4.231,2.664,260,281,,,
2026-09-08T14:55:12.281716,2,1063,FRAME,110.398,255.431,4.231,2.664,267,274,,,
2026-09-08T14:55:12.298402,2,1064,FRAME,114.63,258.095,4.231,2.664,274,281,,,
2026-09-08T14:55:12.314954,2,1065,FRAME,118.861,260.758,4.231,2.664,281,274,,,
2026-09-08T14:55:12.330749,2,1066,FRAME,123.093,263.422,4.231,2.664,288,281,,,
2026-09-08T14:55:12.346639,2,1067,FRAME,127.324,266.085,4.231,2.664,295,274,,,
2026-09-08T14:55:12.362734,2,1068,FRAME,131.556,268.749,4.231,2.664,302,281,,,
2026-09-08T14:55:12.378462,2,1069,FRAME,135.787,271.413,4.231,2.664,309,274,,,
2026-09-08T14:55:12.395652,2,1070,FRAME,140.019,274.076,4.231,2.664,316,281,,,
2026-09-08T14:55:12.410509,2,1071,FRAME,144.25,276.74,4.231,2.664,323,274,,,
2026-09-08T14:55:12.427735,2,1072,FRAME,148.482,279.403,4.231,2.664,330,281,,,
2026-09-08T14:55:12.445074,2,1073,FRAME,152.713,282.067,4.231,2.664,337,274,,,
2026-09-08T14:55:12.460776,2,1074,FRAME,156.945,284.73,4.231,2.664,344,281,,,
2026-09-08T14:55:12.477824,2,1075,FRAME,161.176,287.394,4.231,2.664,351,274,,,
2026-09-08T14:55:12.493210,2,1076,FRAME,165.408,290.057,4.231,2.664,358,281,,,
2026-09-08T14:55:12.510794,2,1077,FRAME,169.639,292.721,4.231,2.664,365,274,,,
2026-09-08T14:55:12.526827,2,1078,FRAME,173.871,295.384,4.231,2.664,372,281,,,
2026-09-08T14:55:12.542469,2,1079,FRAME,178.102,298.048,4.231,2.664,379,274,,,
2026-09-08T14:55:12.559324,2,1080,FRAME,182.334,300.712,4.231,2.664,379,281,,,
2026-09-08T14:55:12.576398,2,1081,FRAME,186.565,303.375,4.231,2.664,379,274,,,
2026-09-08T14:55:12.593434,2,1082,FRAME,190.797,306.039,4.231,2.664,379,281,,,
2026-09-08T14:55:12.609515,2,1083,FRAME,195.028,308.702,4.231,2.664,379,274,,,
2026-09-08T14:55:12.626659,2,1084,FRAME,199.26,311.366,4.231,2.664,379,281,,,
2026-09-08T14:55:12.643890,2,1085,FRAME,203.491,314.029,4.231,2.664,379,274,,,
2026-09-08T14:55:12.659486,2,1086,FRAME,207.723,316.693,4.231,2.664,379,281,,,
2026-09-08T14:55:12.676844,2,1087,FRAME,211.954,319.356,4.231,2.664,379,274,,,
2026-09-08T14:55:12.693435,2,1088,FRAME,216.186,322.02,4.231,2.664,379,281,,,
2026-09-08T14:55:12.710015,2,1089,FRAME,220.417,324.683,4.231,2.664,379,274,,,
2026-09-08T14:55:12.725700,2,1090,FRAME,224.649,327.347,4.231,2.664,379,281,,,
2026-09-08T14:55:12.741839,2,1091,FRAME,228.88,330.011,4.231,2.664,379,274,,,
2026-09-08T14:55:12.757842,2,1092,FRAME,233.112,332.674,4.231,2.664,379,281,,,
2026-09-08T14:55:12.774015,2,1093,FRAME,237.343,335.338,4.231,2.664,379,274,,,
2026-09-08T14:55:12.791035,2,1094,FRAME,241.575,338.001,4.231,2.664,379,281,,,
2026-09-08T14:55:12.806643,2,1095,FRAME,245.806,340.665,4.231,2.664,379,274,,,
2026-09-08T14:55:12.823741,2,1096,FRAME,250.038,343.328,4.231,2.664,372,281,,,
2026-09-08T14:55:12.840181,2,1097,FRAME,254.269,345.992,4.231,2.664,365,274,,,
2026-09-08T14:55:12.857517,2,1098,FRAME,258.501,348.655,4.231,2.664,358,281,,,
2026-09-08T14:55:12.873573,2,1099,FRAME,262.732,351.319,4.231,2.664,351,274,,,
2026-09-08T14:55:12.890307,2,1100,FRAME,266.964,353.982,4.231,2.664,344,281,,,
2026-09-08T14:55:12.906833,2,1101,FRAME,271.195,356.646,4.231,2.664,337,274,,,
2026-09-08T14:55:12.922434,2,1102,FRAME,275.427,359.31,4.231,2.664,330,281,,,
2026-09-08T14:55:12.940057,2,1103,FRAME,279.658,361.973,4.231,2.664,323,274,,,
2026-09-08T14:55:12.957337,2,1104,FRAME,283.89,364.637,4.231,2.664,316,281,,,
2026-09-08T14:55:12.974884,2,1105,FRAME,288.121,367.3,4.231,2.664,309,274,,,
2026-09-08T14:55:12.990614,2,1106,FRAME,292.353,369.964,4.231,2.664,302,281,,,
2026-09-08T14:55:13.007450,2,1107,FRAME,296.584,372.627,4.231,2.664,295,274,,,
2026-09-08T14:55:13.024124,2,1108,FRAME,300.816,375.291,4.231,2.664,288,281,,,
2026-09-08T14:55:13.040214,2,1109,FRAME,305.047,377.954,4.231,2.664,281,274,,,
2026-09-08T14:55:13.057446,2,1110,FRAME,309.278,380.618,4.231,2.664,274,281,,,
2026-09-08T14:55:13.075003,2,1111,FRAME,313.51,383.281,4.231,2.664,267,274,,,
2026-09-08T14:55:13.091221,2,1112,FRAME,317.741,385.945,4.231,2.664,260,281,,,
2026-09-08T14:55:13.108356,2,1113,FRAME,321.973,388.609,4.231,2.664,253,274,,,
2026-09-08T14:55:13.126413,2,1114,FRAME,326.204,391.272,4.231,2.664,253,281,,,
2026-09-08T14:55:13.141993,2,1115,FRAME,330.436,393.936,4.231,2.664,253,274,,,
2026-09-08T14:55:13.157892,2,1116,FRAME,334.667,396.599,4.231,2.664,253,281,,,
2026-09-08T14:55:13.173795,2,1117,FRAME,338.899,399.263,4.231,2.664,253,274,,,
2026-09-08T14:55:13.189506,2,1118,FRAME,343.13,401.926,4.231,2.664,253,281,,,
2026-09-08T14:55:13.206074,2,1119,FRAME,347.362,404.59,4.231,2.664,253,274,,,
2026-09-08T14:55:13.221796,2,1120,FRAME,351.593,407.253,4.231,2.664,253,281,,,
2026-09-08T14:55:13.237963,2,1121,FRAME,355.825,409.917,4.231,2.664,253,274,,,
2026-09-08T14:55:13.254156,2,1122,FRAME,360.056,412.58,4.231,2.664,253,281,,,
2026-09-08T14:55:13.271404,2,1123,FRAME,364.288,415.244,4.231,2.664,253,274,,,
2026-09-08T14:55:13.288487,2,1124,FRAME,368.519,417.908,4.231,2.664,253,281,,,
2026-09-08T14:55:13.305039,2,1125,FRAME,372.751,420.571,4.231,2.664,253,274,,,
2026-09-08T14:55:13.320617,2,1126,FRAME,376.982,423.235,4.231,2.664,253,281,,,
2026-09-08T14:55:13.337726,2,1127,FRAME,381.214,425.898,4.231,2.664,253,274,,,
2026-09-08T14:55:13.353767,2,1128,FRAME,385.445,428.562,4.231,2.664,253,281,,,
2026-09-08T14:55:13.369462,2,1129,FRAME,389.677,431.225,4.231,2.664,253,274,,,
2026-09-08T14:55:13.386573,2,1130,FRAME,393.908,433.889,4.231,2.664,253,281,,,
2026-09-08T14:55:13.403663,2,1131,FRAME,398.14,436.552,4.231,2.664,253,274,,,
2026-09-08T14:55:13.420799,2,1132,FRAME,402.371,439.216,4.231,2.664,253,281,,,
2026-09-08T14:55:13.436859,2,1133,FRAME,406.603,441.879,4.231,2.664,253,274,,,
2026-09-08T14:55:13.452431,2,1134,FRAME,410.834,444.543,4.231,2.664,253,281,,,
2026-09-08T14:55:13.469066,2,1135,FRAME,415.066,447.207,4.231,2.664,253,274,,,
2026-09-08T14:55:13.485108,2,1136,FRAME,419.297,449.87,4.231,2.664,253,281,,,
2026-09-08T14:55:13.501707,2,1137,FRAME,423.529,452.534,4.231,2.664,253,274,,,
2026-09-08T14:55:13.517906,2,1138,FRAME,427.76,455.197,4.231,2.664,253,281,,,
2026-09-08T14:55:13.534000,2,1139,FRAME,431.992,457.861,4.231,2.664,253,274,,,
2026-09-08T14:55:13.549716,2,1140,FRAME,436.223,460.524,4.231,2.664,253,281,,,
2026-09-08T14:55:13.565961,2,1141,FRAME,440.455,463.188,4.231,2.664,253,274,,,
2026-09-08T14:55:13.582378,2,1142,FRAME,444.686,465.851,4.231,2.664,253,281,,,
2026-09-08T14:55:13.599470,2,1143,FRAME,448.918,468.515,4.231,2.664,253,274,,,
2026-09-08T14:55:13.616021,2,1144,FRAME,453.149,471.178,4.231,2.664,253,281,,,
2026-09-08T14:55:13.631576,2,1145,FRAME,457.381,473.842,4.231,2.664,253,274,,,
2026-09-08T14:55:13.648673,2,1146,FRAME,461.612,476.505,4.231,2.664,253,281,,,
2026-09-08T14:55:13.665238,2,1147,FRAME,465.844,479.169,4.231,2.664,253,274,,,
2026-09-08T14:55:13.681889,2,1148,FRAME,470.075,481.833,4.231,2.664,253,281,,,
2026-09-08T14:55:13.698304,2,1149,FRAME,474.307,484.496,4.231,2.664,253,274,,,
2026-09-08T14:55:13.714862,2,1150,FRAME,478.538,487.16,4.231,2.664,253,281,,,
2026-09-08T14:55:13.730438,2,1151,WALL_BOUNCE,482.77,488,4.231,-2.664,253,274,,,
2026-09-08T14:55:13.730438,2,1152,FRAME,482.77,488,4.231,-2.664,253,274,,,
2026-09-08T14:55:13.747030,2,1153,FRAME,487.001,485.336,4.231,-2.664,253,281,,,
2026-09-08T14:55:13.762705,2,1154,FRAME,491.233,482.673,4.231,-2.664,253,274,,,
2026-09-08T14:55:13.778367,2,1155,FRAME,495.464,480.009,4.231,-2.664,253,281,,,
2026-09-08T14:55:13.794911,2,1156,FRAME,499.696,477.346,4.231,-2.664,253,274,,,
2026-09-08T14:55:13.810559,2,1157,FRAME,503.927,474.682,4.231,-2.664,253,281,,,
2026-09-08T14:55:13.827697,2,1158,FRAME,508.159,472.019,4.231,-2.664,253,274,,,
2026-09-08T14:55:13.844867,2,1159,FRAME,512.39,469.355,4.231,-2.664,253,281,,,
2026-09-08T14:55:13.860552,2,1160,FRAME,516.622,466.692,4.231,-2.664,253,274,,,
2026-09-08T14:55:13.877648,2,1161,FRAME,520.853,464.028,4.231,-2.664,253,281,,,
2026-09-08T14:55:13.895283,2,1162,FRAME,525.085,461.365,4.231,-2.664,253,274,,,
2026-09-08T14:55:13.912544,2,1163,FRAME,529.316,458.701,4.231,-2.664,253,281,,,
2026-09-08T14:55:13.929542,2,1164,FRAME,533.548,456.037,4.231,-2.664,253,274,,,
2026-09-08T14:55:13.946604,2,1165,FRAME,537.779,453.374,4.231,-2.664,253,281,,,
2026-09-08T14:55:13.963646,2,1166,FRAME,542.011,450.71,4.231,-2.664,253,274,,,
2026-09-08T14:55:13.980294,2,1167,FRAME,546.242,448.047,4.231,-2.664,253,281,,,
2026-09-08T14:55:13.996963,2,1168,FRAME,550.474,445.383,4.231,-2.664,253,274,,,
2026-09-08T14:55:14.013008,2,1169,FRAME,554.705,442.72,4.231,-2.664,253,281,,,
2026-09-08T14:55:14.028698,2,1170,FRAME,558.937,440.056,4.231,-2.664,253,274,,,
2026-09-08T14:55:14.045349,2,1171,FRAME,563.168,437.393,4.231,-2.664,253,281,,,
2026-09-08T14:55:14.062545,2,1172,FRAME,567.4,434.729,4.231,-2.664,253,274,,,
2026-09-08T14:55:14.079185,2,1173,FRAME,571.631,432.066,4.231,-2.664,253,281,,,
2026-09-08T14:55:14.096058,2,1174,FRAME,575.863,429.402,4.231,-2.664,253,274,,,
2026-09-08T14:55:14.112065,2,1175,FRAME,580.094,426.738,4.231,-2.664,253,281,,,
2026-09-08T14:55:14.127764,2,1176,FRAME,584.325,424.075,4.231,-2.664,253,274,,,
2026-09-08T14:55:14.143811,2,1177,FRAME,588.557,421.411,4.231,-2.664,253,281,,,
2026-09-08T14:55:14.159933,2,1178,FRAME,592.788,418.748,4.231,-2.664,253,274,,,
2026-09-08T14:55:14.175493,2,1179,FRAME,597.02,416.084,4.231,-2.664,253,281,,,
2026-09-08T14:55:14.192741,2,1180,FRAME,601.251,413.421,4.231,-2.664,253,274,,,
2026-09-08T14:55:14.208840,2,1181,FRAME,605.483,410.757,4.231,-2.664,253,281,,,
2026-09-08T14:55:14.224942,2,1182,FRAME,609.714,408.094,4.231,-2.664,253,274,,,
2026-09-08T14:55:14.241536,2,1183,FRAME,613.946,405.43,4.231,-2.664,253,281,,,
2026-09-08T14:55:14.258567,2,1184,FRAME,618.177,402.767,4.231,-2.664,253,274,,,
2026-09-08T14:55:14.275156,2,1185,FRAME,622.409,400.103,4.231,-2.664,253,281,,,
2026-09-08T14:55:14.292089,2,1186,FRAME,626.64,397.439,4.231,-2.664,253,274,,,
2026-09-08T14:55:14.308307,2,1187,FRAME,630.872,394.776,4.231,-2.664,253,281,,,
2026-09-08T14:55:14.324986,2,1188,FRAME,635.103,392.112,4.231,-2.664,253,274,,,
2026-09-08T14:55:14.341509,2,1189,FRAME,639.335,389.449,4.231,-2.664,253,281,,,
2026-09-08T14:55:14.358899,2,1190,FRAME,643.566,386.785,4.231,-2.664,253,274,,,
2026-09-08T14:55:14.374819,2,1191,FRAME,647.798,384.122,4.231,-2.664,253,281,,,
2026-09-08T14:55:14.390626,2,1192,FRAME,652.029,381.458,4.231,-2.664,253,274,,,
2026-09-08T14:55:14.407047,2,1193,FRAME,656.261,378.795,4.231,-2.664,253,281,,,
2026-09-08T14:55:14.422870,2,1194,FRAME,660.492,376.131,4.231,-2.664,253,274,,,
2026-09-08T14:55:14.438832,2,1195,FRAME,664.724,373.468,4.231,-2.664,253,281,,,
2026-09-08T14:55:14.455093,2,1196,FRAME,668.955,370.804,4.231,-2.664,253,274,,,
2026-09-08T14:55:14.470696,2,1197,FRAME,673.187,368.14,4.231,-2.664,253,281,,,
2026-09-08T14:55:14.487744,2,1198,FRAME,677.418,365.477,4.231,-2.664,253,274,,,
2026-09-08T14:55:14.504926,2,1199,FRAME,681.65,362.813,4.231,-2.664,253,281,,,
2026-09-08T14:55:14.521075,2,1200,FRAME,685.881,360.15,4.231,-2.664,253,274,,,
2026-09-08T14:55:14.536820,2,1201,FRAME,690.113,357.486,4.231,-2.664,253,281,,,
2026-09-08T14:55:14.552542,2,1202,FRAME,694.344,354.823,4.231,-2.664,253,274,,,
2026-09-08T14:55:14.569772,2,1203,FRAME,698.576,352.159,4.231,-2.664,253,281,,,
2026-09-08T14:55:14.586707,2,1204,FRAME,702.807,349.496,4.231,-2.664,253,274,,,
2026-09-08T14:55:14.603963,2,1205,FRAME,707.039,346.832,4.231,-2.664,253,281,,,
2026-09-08T14:55:14.621231,2,1206,FRAME,711.27,344.169,4.231,-2.664,253,274,,,
2026-09-08T14:55:14.637928,2,1207,FRAME,715.502,341.505,4.231,-2.664,253,281,,,
2026-09-08T14:55:14.653490,2,1208,FRAME,719.733,338.841,4.231,-2.664,253,274,,,
2026-09-08T14:55:14.670250,2,1209,FRAME,723.965,336.178,4.231,-2.664,253,281,,,
2026-09-08T14:55:14.686885,2,1210,FRAME,728.196,333.514,4.231,-2.664,253,274,,,
2026-09-08T14:55:14.703025,2,1211,FRAME,732.428,330.851,4.231,-2.664,253,281,,,
2026-09-08T14:55:14.718852,2,1212,FRAME,736.659,328.187,4.231,-2.664,253,274,,,
2026-09-08T14:55:14.735170,2,1213,FRAME,740.891,325.524,4.231,-2.664,253,281,,,
2026-09-08T14:55:14.752119,2,1214,FRAME,745.122,322.86,4.231,-2.664,253,274,,,
2026-09-08T14:55:14.769465,2,1215,FRAME,749.354,320.197,4.231,-2.664,253,274,,,
2026-09-08T14:55:14.785991,2,1216,FRAME,753.585,317.533,4.231,-2.664,253,274,,,
2026-09-08T14:55:14.803004,2,1217,FRAME,757.817,314.87,4.231,-2.664,253,274,,,
2026-09-08T14:55:14.819057,2,1218,RIGHT_HIT,758,312.206,-4.963,-0.605,253,274,-0.116,-6.953,
2026-09-08T14:55:14.819057,2,1219,FRAME,758,312.206,-4.963,-0.605,253,274,,,
2026-09-08T14:55:14.836004,2,1220,FRAME,753.037,311.601,-4.963,-0.605,253,267,,,
2026-09-08T14:55:14.851867,2,1221,FRAME,748.074,310.996,-4.963,-0.605,253,260,,,
2026-09-08T14:55:14.867753,2,1222,FRAME,743.11,310.39,-4.963,-0.605,253,253,,,
2026-09-08T14:55:14.883962,2,1223,FRAME,738.147,309.785,-4.963,-0.605,253,246,,,
2026-09-08T14:55:14.899436,2,1224,FRAME,733.184,309.18,-4.963,-0.605,253,239,,,
2026-09-08T14:55:14.915970,2,1225,FRAME,728.221,308.574,-4.963,-0.605,253,232,,,
2026-09-08T14:55:14.931696,2,1226,FRAME,723.257,307.969,-4.963,-0.605,253,225,,,
2026-09-08T14:55:14.948997,2,1227,FRAME,718.294,307.364,-4.963,-0.605,253,218,,,
2026-09-08T14:55:14.965056,2,1228,FRAME,713.331,306.759,-4.963,-0.605,253,211,,,
2026-09-08T14:55:14.980571,2,1229,FRAME,708.368,306.153,-4.963,-0.605,253,204,,,
2026-09-08T14:55:14.997746,2,1230,FRAME,703.404,305.548,-4.963,-0.605,253,197,,,
2026-09-08T14:55:15.013462,2,1231,FRAME,698.441,304.943,-4.963,-0.605,253,204,,,
2026-09-08T14:55:15.030727,2,1232,FRAME,693.478,304.338,-4.963,-0.605,253,197,,,
2026-09-08T14:55:15.047225,2,1233,FRAME,688.515,303.732,-4.963,-0.605,253,204,,,
2026-09-08T14:55:15.064047,2,1234,FRAME,683.552,303.127,-4.963,-0.605,253,197,,,
2026-09-08T14:55:15.080030,2,1235,FRAME,678.588,302.522,-4.963,-0.605,253,204,,,
2026-09-08T14:55:15.095912,2,1236,FRAME,673.625,301.917,-4.963,-0.605,253,197,,,
2026-09-08T14:55:15.111651,2,1237,FRAME,668.662,301.311,-4.963,-0.605,253,204,,,
2026-09-08T14:55:15.128034,2,1238,FRAME,663.699,300.706,-4.963,-0.605,253,197,,,
2026-09-08T14:55:15.144012,2,1239,FRAME,658.735,300.101,-4.963,-0.605,246,204,,,
2026-09-08T14:55:15.160366,2,1240,FRAME,653.772,299.496,-4.963,-0.605,239,197,,,
2026-09-08T14:55:15.177746,2,1241,FRAME,648.809,298.89,-4.963,-0.605,232,204,,,
2026-09-08T14:55:15.193339,2,1242,FRAME,643.846,298.285,-4.963,-0.605,225,197,,,
2026-09-08T14:55:15.210169,2,1243,FRAME,638.882,297.68,-4.963,-0.605,218,204,,,
2026-09-08T14:55:15.227154,2,1244,FRAME,633.919,297.075,-4.963,-0.605,211,197,,,
2026-09-08T14:55:15.244347,2,1245,FRAME,628.956,296.469,-4.963,-0.605,204,204,,,
2026-09-08T14:55:15.260769,2,1246,FRAME,623.993,295.864,-4.963,-0.605,197,197,,,
2026-09-08T14:55:15.277179,2,1247,FRAME,619.03,295.259,-4.963,-0.605,190,204,,,
2026-09-08T14:55:15.294254,2,1248,FRAME,614.066,294.654,-4.963,-0.605,183,197,,,
2026-09-08T14:55:15.310847,2,1249,FRAME,609.103,294.048,-4.963,-0.605,176,204,,,
2026-09-08T14:55:15.326807,2,1250,FRAME,604.14,293.443,-4.963,-0.605,169,197,,,
2026-09-08T14:55:15.342552,2,1251,FRAME,599.177,292.838,-4.963,-0.605,162,204,,,
2026-09-08T14:55:15.358889,2,1252,FRAME,594.213,292.233,-4.963,-0.605,155,197,,,
2026-09-08T14:55:15.375946,2,1253,FRAME,589.25,291.627,-4.963,-0.605,148,204,,,
2026-09-08T14:55:15.393892,2,1254,FRAME,584.287,291.022,-4.963,-0.605,148,197,,,
2026-09-08T14:55:15.410657,2,1255,FRAME,579.324,290.417,-4.963,-0.605,148,204,,,
2026-09-08T14:55:15.427230,2,1256,FRAME,574.36,289.812,-4.963,-0.605,148,197,,,
2026-09-08T14:55:15.445019,2,1257,FRAME,569.397,289.206,-4.963,-0.605,148,204,,,
2026-09-08T14:55:15.460803,2,1258,FRAME,564.434,288.601,-4.963,-0.605,148,197,,,
2026-09-08T14:55:15.476799,2,1259,FRAME,559.471,287.996,-4.963,-0.605,148,204,,,
2026-09-08T14:55:15.492502,2,1260,FRAME,554.508,287.391,-4.963,-0.605,148,197,,,
2026-09-08T14:55:15.509704,2,1261,FRAME,549.544,286.785,-4.963,-0.605,148,204,,,
2026-09-08T14:55:15.525798,2,1262,FRAME,544.581,286.18,-4.963,-0.605,148,197,,,
2026-09-08T14:55:15.542437,2,1263,FRAME,539.618,285.575,-4.963,-0.605,148,204,,,
2026-09-08T14:55:15.559794,2,1264,FRAME,534.655,284.97,-4.963,-0.605,148,197,,,
2026-09-08T14:55:15.577198,2,1265,FRAME,529.691,284.364,-4.963,-0.605,148,204,,,
2026-09-08T14:55:15.593854,2,1266,FRAME,524.728,283.759,-4.963,-0.605,148,197,,,
2026-09-08T14:55:15.609427,2,1267,FRAME,519.765,283.154,-4.963,-0.605,148,204,,,
2026-09-08T14:55:15.626181,2,1268,FRAME,514.802,282.548,-4.963,-0.605,148,197,,,
2026-09-08T14:55:15.643824,2,1269,FRAME,509.838,281.943,-4.963,-0.605,148,204,,,
2026-09-08T14:55:15.660176,2,1270,FRAME,504.875,281.338,-4.963,-0.605,148,197,,,
2026-09-08T14:55:15.677640,2,1271,FRAME,499.912,280.733,-4.963,-0.605,148,204,,,
2026-09-08T14:55:15.695166,2,1272,FRAME,494.949,280.127,-4.963,-0.605,148,197,,,
2026-09-08T14:55:15.712345,2,1273,FRAME,489.986,279.522,-4.963,-0.605,148,204,,,
2026-09-08T14:55:15.729729,2,1274,FRAME,485.022,278.917,-4.963,-0.605,148,197,,,
2026-09-08T14:55:15.745344,2,1275,FRAME,480.059,278.312,-4.963,-0.605,148,204,,,
2026-09-08T14:55:15.762470,2,1276,FRAME,475.096,277.706,-4.963,-0.605,148,197,,,
2026-09-08T14:55:15.779933,2,1277,FRAME,470.133,277.101,-4.963,-0.605,148,204,,,
2026-09-08T14:55:15.796528,2,1278,FRAME,465.169,276.496,-4.963,-0.605,148,197,,,
2026-09-08T14:55:15.813533,2,1279,FRAME,460.206,275.891,-4.963,-0.605,148,204,,,
2026-09-08T14:55:15.830368,2,1280,FRAME,455.243,275.285,-4.963,-0.605,148,197,,,
2026-09-08T14:55:15.847060,2,1281,FRAME,450.28,274.68,-4.963,-0.605,148,204,,,
2026-09-08T14:55:15.864002,2,1282,FRAME,445.316,274.075,-4.963,-0.605,148,197,,,
2026-09-08T14:55:15.880934,2,1283,FRAME,440.353,273.47,-4.963,-0.605,148,204,,,
2026-09-08T14:55:15.896884,2,1284,FRAME,435.39,272.864,-4.963,-0.605,148,197,,,
2026-09-08T14:55:15.912540,2,1285,FRAME,430.427,272.259,-4.963,-0.605,148,204,,,
2026-09-08T14:55:15.929685,2,1286,FRAME,425.464,271.654,-4.963,-0.605,148,197,,,
2026-09-08T14:55:15.947274,2,1287,FRAME,420.5,271.049,-4.963,-0.605,141,204,,,
2026-09-08T14:55:15.963295,2,1288,FRAME,415.537,270.443,-4.963,-0.605,134,197,,,
2026-09-08T14:55:15.980404,2,1289,FRAME,410.574,269.838,-4.963,-0.605,127,204,,,
2026-09-08T14:55:15.997848,2,1290,FRAME,405.611,269.233,-4.963,-0.605,120,197,,,
2026-09-08T14:55:16.013968,2,1291,FRAME,400.647,268.628,-4.963,-0.605,113,204,,,
2026-09-08T14:55:16.029558,2,1292,FRAME,395.684,268.022,-4.963,-0.605,106,197,,,
2026-09-08T14:55:16.045826,2,1293,FRAME,390.721,267.417,-4.963,-0.605,99,204,,,
2026-09-08T14:55:16.061552,2,1294,FRAME,385.758,266.812,-4.963,-0.605,92,197,,,
2026-09-08T14:55:16.078006,2,1295,FRAME,380.794,266.207,-4.963,-0.605,92,204,,,
2026-09-08T14:55:16.094189,2,1296,FRAME,375.831,265.601,-4.963,-0.605,92,197,,,
2026-09-08T14:55:16.110854,2,1297,FRAME,370.868,264.996,-4.963,-0.605,92,204,,,
2026-09-08T14:55:16.126374,2,1298,FRAME,365.905,264.391,-4.963,-0.605,92,197,,,
2026-09-08T14:55:16.143477,2,1299,FRAME,360.941,263.786,-4.963,-0.605,92,204,,,
2026-09-08T14:55:16.160024,2,1300,FRAME,355.978,263.18,-4.963,-0.605,92,197,,,
2026-09-08T14:55:16.175549,2,1301,FRAME,351.015,262.575,-4.963,-0.605,92,204,,,
2026-09-08T14:55:16.192692,2,1302,FRAME,346.052,261.97,-4.963,-0.605,92,197,,,
2026-09-08T14:55:16.209751,2,1303,FRAME,341.089,261.365,-4.963,-0.605,92,204,,,
2026-09-08T14:55:16.227029,2,1304,FRAME,336.125,260.759,-4.963,-0.605,92,197,,,
2026-09-08T14:55:16.242430,2,1305,FRAME,331.162,260.154,-4.963,-0.605,92,204,,,
2026-09-08T14:55:16.259803,2,1306,FRAME,326.199,259.549,-4.963,-0.605,92,197,,,
2026-09-08T14:55:16.276321,2,1307,FRAME,321.236,258.943,-4.963,-0.605,92,204,,,
2026-09-08T14:55:16.292866,2,1308,FRAME,316.272,258.338,-4.963,-0.605,92,197,,,
2026-09-08T14:55:16.308852,2,1309,FRAME,311.309,257.733,-4.963,-0.605,92,204,,,
2026-09-08T14:55:16.325161,2,1310,FRAME,306.346,257.128,-4.963,-0.605,92,197,,,
2026-09-08T14:55:16.342374,2,1311,FRAME,301.383,256.522,-4.963,-0.605,92,204,,,
2026-09-08T14:55:16.358972,2,1312,FRAME,296.419,255.917,-4.963,-0.605,92,197,,,
2026-09-08T14:55:16.375357,2,1313,FRAME,291.456,255.312,-4.963,-0.605,92,204,,,
2026-09-08T14:55:16.392764,2,1314,FRAME,286.493,254.707,-4.963,-0.605,92,197,,,
2026-09-08T14:55:16.408766,2,1315,FRAME,281.53,254.101,-4.963,-0.605,92,204,,,
2026-09-08T14:55:16.424274,2,1316,FRAME,276.567,253.496,-4.963,-0.605,92,197,,,
2026-09-08T14:55:16.441657,2,1317,FRAME,271.603,252.891,-4.963,-0.605,92,204,,,
2026-09-08T14:55:16.458458,2,1318,FRAME,266.64,252.286,-4.963,-0.605,92,197,,,
2026-09-08T14:55:16.475118,2,1319,FRAME,261.677,251.68,-4.963,-0.605,92,204,,,
2026-09-08T14:55:16.491711,2,1320,FRAME,256.714,251.075,-4.963,-0.605,99,197,,,
2026-09-08T14:55:16.508014,2,1321,FRAME,251.75,250.47,-4.963,-0.605,106,204,,,
2026-09-08T14:55:16.523871,2,1322,FRAME,246.787,249.865,-4.963,-0.605,113,197,,,
2026-09-08T14:55:16.540200,2,1323,FRAME,241.824,249.259,-4.963,-0.605,120,204,,,
2026-09-08T14:55:16.556940,2,1324,FRAME,236.861,248.654,-4.963,-0.605,127,197,,,
2026-09-08T14:55:16.573202,2,1325,FRAME,231.897,248.049,-4.963,-0.605,134,204,,,
2026-09-08T14:55:16.590212,2,1326,FRAME,226.934,247.444,-4.963,-0.605,141,197,,,
2026-09-08T14:55:16.607019,2,1327,FRAME,221.971,246.838,-4.963,-0.605,141,204,,,
2026-09-08T14:55:16.622812,2,1328,FRAME,217.008,246.233,-4.963,-0.605,141,197,,,
2026-09-08T14:55:16.638578,2,1329,FRAME,212.045,245.628,-4.963,-0.605,141,204,,,
2026-09-08T14:55:16.655422,2,1330,FRAME,207.081,245.023,-4.963,-0.605,141,197,,,
2026-09-08T14:55:16.671899,2,1331,FRAME,202.118,244.417,-4.963,-0.605,141,204,,,
2026-09-08T14:55:16.687893,2,1332,FRAME,197.155,243.812,-4.963,-0.605,141,197,,,
2026-09-08T14:55:16.703603,2,1333,FRAME,192.192,243.207,-4.963,-0.605,141,204,,,
2026-09-08T14:55:16.721092,2,1334,FRAME,187.228,242.602,-4.963,-0.605,141,197,,,
2026-09-08T14:55:16.737113,2,1335,FRAME,182.265,241.996,-4.963,-0.605,141,204,,,
2026-09-08T14:55:16.753505,2,1336,FRAME,177.302,241.391,-4.963,-0.605,141,197,,,
2026-09-08T14:55:16.770964,2,1337,FRAME,172.339,240.786,-4.963,-0.605,141,204,,,
2026-09-08T14:55:16.787423,2,1338,FRAME,167.375,240.181,-4.963,-0.605,141,197,,,
2026-09-08T14:55:16.803208,2,1339,FRAME,162.412,239.575,-4.963,-0.605,141,204,,,
2026-09-08T14:55:16.820125,2,1340,FRAME,157.449,238.97,-4.963,-0.605,141,197,,,
2026-09-08T14:55:16.837793,2,1341,FRAME,152.486,238.365,-4.963,-0.605,141,204,,,
2026-09-08T14:55:16.854103,2,1342,FRAME,147.523,237.76,-4.963,-0.605,141,197,,,
2026-09-08T14:55:16.871164,2,1343,FRAME,142.559,237.154,-4.963,-0.605,141,204,,,
2026-09-08T14:55:16.887684,2,1344,FRAME,137.596,236.549,-4.963,-0.605,141,197,,,
2026-09-08T14:55:16.905211,2,1345,FRAME,132.633,235.944,-4.963,-0.605,141,204,,,
2026-09-08T14:55:16.921737,2,1346,FRAME,127.67,235.339,-4.963,-0.605,141,197,,,
2026-09-08T14:55:16.938771,2,1347,FRAME,122.706,234.733,-4.963,-0.605,141,204,,,
2026-09-08T14:55:16.955790,2,1348,FRAME,117.743,234.128,-4.963,-0.605,141,197,,,
2026-09-08T14:55:16.972307,2,1349,FRAME,112.78,233.523,-4.963,-0.605,141,204,,,
2026-09-08T14:55:16.989041,2,1350,FRAME,107.817,232.917,-4.963,-0.605,141,197,,,
2026-09-08T14:55:17.005158,2,1351,FRAME,102.853,232.312,-4.963,-0.605,141,204,,,
2026-09-08T14:55:17.021978,2,1352,FRAME,97.89,231.707,-4.963,-0.605,141,197,,,
2026-09-08T14:55:17.038239,2,1353,FRAME,92.927,231.102,-4.963,-0.605,141,204,,,
2026-09-08T14:55:17.055609,2,1354,FRAME,87.964,230.496,-4.963,-0.605,141,197,,,
2026-09-08T14:55:17.072187,2,1355,FRAME,83.001,229.891,-4.963,-0.605,141,204,,,
2026-09-08T14:55:17.089335,2,1356,FRAME,78.037,229.286,-4.963,-0.605,141,197,,,
2026-09-08T14:55:17.105741,2,1357,FRAME,73.074,228.681,-4.963,-0.605,141,204,,,
2026-09-08T14:55:17.121892,2,1358,FRAME,68.111,228.075,-4.963,-0.605,141,197,,,
2026-09-08T14:55:17.138111,2,1359,FRAME,63.148,227.47,-4.963,-0.605,148,204,,,
2026-09-08T14:55:17.154221,2,1360,FRAME,58.184,226.865,-4.963,-0.605,155,197,,,
2026-09-08T14:55:17.171301,2,1361,FRAME,53.221,226.26,-4.963,-0.605,162,204,,,
2026-09-08T14:55:17.187740,2,1362,FRAME,48.258,225.654,-4.963,-0.605,169,197,,,
2026-09-08T14:55:17.204952,2,1363,FRAME,43.295,225.049,-4.963,-0.605,176,204,,,
2026-09-08T14:55:17.221169,2,1364,FRAME,38.331,224.444,-4.963,-0.605,183,197,,,
2026-09-08T14:55:17.238586,2,1365,FRAME,33.368,223.839,-4.963,-0.605,190,204,,,
2026-09-08T14:55:17.255263,2,1366,LEFT_HIT,30,223.233,4.658,-1.818,197,197,-0.355,-21.32,
2026-09-08T14:55:17.255263,2,1367,FRAME,30,223.233,4.658,-1.818,197,197,,,
2026-09-08T14:55:17.272087,2,1368,FRAME,34.658,221.416,4.658,-1.818,204,190,,,
2026-09-08T14:55:17.289176,2,1369,FRAME,39.316,219.598,4.658,-1.818,211,183,,,
2026-09-08T14:55:17.305804,2,1370,FRAME,43.973,217.78,4.658,-1.818,218,176,,,
2026-09-08T14:55:17.322499,2,1371,FRAME,48.631,215.962,4.658,-1.818,225,169,,,
2026-09-08T14:55:17.337570,2,1372,FRAME,53.289,214.144,4.658,-1.818,232,162,,,
2026-09-08T14:55:17.354018,2,1373,FRAME,57.947,212.326,4.658,-1.818,239,155,,,
2026-09-08T14:55:17.370704,2,1374,FRAME,62.605,210.508,4.658,-1.818,246,148,,,
2026-09-08T14:55:17.387743,2,1375,FRAME,67.263,208.69,4.658,-1.818,253,141,,,
2026-09-08T14:55:17.405884,2,1376,FRAME,71.92,206.873,4.658,-1.818,260,134,,,
2026-09-08T14:55:17.422604,2,1377,FRAME,76.578,205.055,4.658,-1.818,267,127,,,
2026-09-08T14:55:17.439961,2,1378,FRAME,81.236,203.237,4.658,-1.818,274,120,,,
2026-09-08T14:55:17.455724,2,1379,FRAME,85.894,201.419,4.658,-1.818,281,113,,,
2026-09-08T14:55:17.471969,2,1380,FRAME,90.552,199.601,4.658,-1.818,288,106,,,
2026-09-08T14:55:17.487859,2,1381,FRAME,95.21,197.783,4.658,-1.818,295,99,,,
2026-09-08T14:55:17.503943,2,1382,FRAME,99.867,195.965,4.658,-1.818,302,92,,,
2026-09-08T14:55:17.520203,2,1383,FRAME,104.525,194.147,4.658,-1.818,309,85,,,
2026-09-08T14:55:17.536038,2,1384,FRAME,109.183,192.33,4.658,-1.818,316,78,,,
2026-09-08T14:55:17.551546,2,1385,FRAME,113.841,190.512,4.658,-1.818,323,71,,,
2026-09-08T14:55:17.567749,2,1386,FRAME,118.499,188.694,4.658,-1.818,330,64,,,
2026-09-08T14:55:17.583855,2,1387,FRAME,123.156,186.876,4.658,-1.818,337,57,,,
2026-09-08T14:55:17.599589,2,1388,FRAME,127.814,185.058,4.658,-1.818,344,50,,,
2026-09-08T14:55:17.616160,2,1389,FRAME,132.472,183.24,4.658,-1.818,351,43,,,
2026-09-08T14:55:17.632364,2,1390,FRAME,137.13,181.422,4.658,-1.818,358,36,,,
2026-09-08T14:55:17.648841,2,1391,FRAME,141.788,179.604,4.658,-1.818,365,29,,,
2026-09-08T14:55:17.665832,2,1392,FRAME,146.446,177.786,4.658,-1.818,372,22,,,
2026-09-08T14:55:17.681728,2,1393,FRAME,151.103,175.969,4.658,-1.818,379,15,,,
2026-09-08T14:55:17.697613,2,1394,FRAME,155.761,174.151,4.658,-1.818,386,8,,,
2026-09-08T14:55:17.715664,2,1395,FRAME,160.419,172.333,4.658,-1.818,393,15,,,
2026-09-08T14:55:17.731991,2,1396,FRAME,165.077,170.515,4.658,-1.818,400,8,,,
2026-09-08T14:55:17.747468,2,1397,FRAME,169.735,168.697,4.658,-1.818,400,15,,,
2026-09-08T14:55:17.764894,2,1398,FRAME,174.393,166.879,4.658,-1.818,400,8,,,
2026-09-08T14:55:17.780821,2,1399,FRAME,179.05,165.061,4.658,-1.818,400,15,,,
2026-09-08T14:55:17.797532,2,1400,FRAME,183.708,163.243,4.658,-1.818,400,8,,,
2026-09-08T14:55:17.815433,2,1401,FRAME,188.366,161.426,4.658,-1.818,400,15,,,
2026-09-08T14:55:17.830973,2,1402,FRAME,193.024,159.608,4.658,-1.818,400,8,,,
2026-09-08T14:55:17.847135,2,1403,FRAME,197.682,157.79,4.658,-1.818,400,15,,,
2026-09-08T14:55:17.862982,2,1404,FRAME,202.339,155.972,4.658,-1.818,400,8,,,
2026-09-08T14:55:17.878981,2,1405,FRAME,206.997,154.154,4.658,-1.818,400,15,,,
2026-09-08T14:55:17.895712,2,1406,FRAME,211.655,152.336,4.658,-1.818,400,8,,,
2026-09-08T14:55:17.911928,2,1407,FRAME,216.313,150.518,4.658,-1.818,400,15,,,
2026-09-08T14:55:17.928066,2,1408,FRAME,220.971,148.7,4.658,-1.818,400,8,,,
2026-09-08T14:55:17.945320,2,1409,FRAME,225.629,146.883,4.658,-1.818,400,15,,,
2026-09-08T14:55:17.962030,2,1410,FRAME,230.286,145.065,4.658,-1.818,400,8,,,
2026-09-08T14:55:17.979216,2,1411,FRAME,234.944,143.247,4.658,-1.818,400,15,,,
2026-09-08T14:55:17.995942,2,1412,FRAME,239.602,141.429,4.658,-1.818,400,8,,,
2026-09-08T14:55:18.011545,2,1413,FRAME,244.26,139.611,4.658,-1.818,400,15,,,
2026-09-08T14:55:18.028444,2,1414,FRAME,248.918,137.793,4.658,-1.818,400,8,,,
2026-09-08T14:55:18.045166,2,1415,FRAME,253.576,135.975,4.658,-1.818,400,15,,,
2026-09-08T14:55:18.062049,2,1416,FRAME,258.233,134.157,4.658,-1.818,400,8,,,
2026-09-08T14:55:18.079251,2,1417,FRAME,262.891,132.34,4.658,-1.818,400,15,,,
2026-09-08T14:55:18.096197,2,1418,FRAME,267.549,130.522,4.658,-1.818,400,8,,,
2026-09-08T14:55:18.112686,2,1419,FRAME,272.207,128.704,4.658,-1.818,400,15,,,
2026-09-08T14:55:18.128819,2,1420,FRAME,276.865,126.886,4.658,-1.818,400,8,,,
2026-09-08T14:55:18.144768,2,1421,FRAME,281.523,125.068,4.658,-1.818,400,15,,,
2026-09-08T14:55:18.161227,2,1422,FRAME,286.18,123.25,4.658,-1.818,400,8,,,
2026-09-08T14:55:18.178215,2,1423,FRAME,290.838,121.432,4.658,-1.818,400,15,,,
2026-09-08T14:55:18.194943,2,1424,FRAME,295.496,119.614,4.658,-1.818,400,8,,,
2026-09-08T14:55:18.210729,2,1425,FRAME,300.154,117.797,4.658,-1.818,400,15,,,
2026-09-08T14:55:18.227242,2,1426,FRAME,304.812,115.979,4.658,-1.818,400,8,,,
2026-09-08T14:55:18.244617,2,1427,FRAME,309.469,114.161,4.658,-1.818,400,15,,,
2026-09-08T14:55:18.261099,2,1428,FRAME,314.127,112.343,4.658,-1.818,400,8,,,
2026-09-08T14:55:18.278227,2,1429,FRAME,318.785,110.525,4.658,-1.818,400,15,,,
2026-09-08T14:55:18.295097,2,1430,FRAME,323.443,108.707,4.658,-1.818,400,8,,,
2026-09-08T14:55:18.311055,2,1431,FRAME,328.101,106.889,4.658,-1.818,400,15,,,
2026-09-08T14:55:18.327409,2,1432,FRAME,332.759,105.071,4.658,-1.818,400,8,,,
2026-09-08T14:55:18.344220,2,1433,FRAME,337.416,103.254,4.658,-1.818,400,15,,,
2026-09-08T14:55:18.361381,2,1434,FRAME,342.074,101.436,4.658,-1.818,400,8,,,
2026-09-08T14:55:18.378400,2,1435,FRAME,346.732,99.618,4.658,-1.818,400,15,,,
2026-09-08T14:55:18.395298,2,1436,FRAME,351.39,97.8,4.658,-1.818,400,8,,,
2026-09-08T14:55:18.412346,2,1437,FRAME,356.048,95.982,4.658,-1.818,400,15,,,
2026-09-08T14:55:18.429771,2,1438,FRAME,360.706,94.164,4.658,-1.818,400,8,,,
2026-09-08T14:55:18.446223,2,1439,FRAME,365.363,92.346,4.658,-1.818,400,15,,,
2026-09-08T14:55:18.463477,2,1440,FRAME,370.021,90.528,4.658,-1.818,400,8,,,
2026-09-08T14:55:18.479982,2,1441,FRAME,374.679,88.711,4.658,-1.818,400,15,,,
2026-09-08T14:55:18.495655,2,1442,FRAME,379.337,86.893,4.658,-1.818,400,8,,,
2026-09-08T14:55:18.512524,2,1443,FRAME,383.995,85.075,4.658,-1.818,400,15,,,
2026-09-08T14:55:18.528931,2,1444,FRAME,388.652,83.257,4.658,-1.818,400,8,,,
2026-09-08T14:55:18.545817,2,1445,FRAME,393.31,81.439,4.658,-1.818,400,15,,,
2026-09-08T14:55:18.561811,2,1446,FRAME,397.968,79.621,4.658,-1.818,400,8,,,
2026-09-08T14:55:18.577467,2,1447,FRAME,402.626,77.803,4.658,-1.818,400,15,,,
2026-09-08T14:55:18.595075,2,1448,FRAME,407.284,75.985,4.658,-1.818,400,8,,,
2026-09-08T14:55:18.611368,2,1449,FRAME,411.942,74.168,4.658,-1.818,400,15,,,
2026-09-08T14:55:18.628603,2,1450,FRAME,416.599,72.35,4.658,-1.818,400,8,,,
2026-09-08T14:55:18.645595,2,1451,FRAME,421.257,70.532,4.658,-1.818,400,15,,,
2026-09-08T14:55:18.661848,2,1452,FRAME,425.915,68.714,4.658,-1.818,400,8,,,
2026-09-08T14:55:18.678859,2,1453,FRAME,430.573,66.896,4.658,-1.818,400,15,,,
2026-09-08T14:55:18.694498,2,1454,FRAME,435.231,65.078,4.658,-1.818,400,8,,,
2026-09-08T14:55:18.711700,2,1455,FRAME,439.889,63.26,4.658,-1.818,400,15,,,
2026-09-08T14:55:18.729067,2,1456,FRAME,444.546,61.442,4.658,-1.818,400,8,,,
2026-09-08T14:55:18.745418,2,1457,FRAME,449.204,59.625,4.658,-1.818,400,15,,,
2026-09-08T14:55:18.761938,2,1458,FRAME,453.862,57.807,4.658,-1.818,400,8,,,
2026-09-08T14:55:18.777479,2,1459,FRAME,458.52,55.989,4.658,-1.818,400,15,,,
2026-09-08T14:55:18.795354,2,1460,FRAME,463.178,54.171,4.658,-1.818,400,8,,,
2026-09-08T14:55:18.812453,2,1461,FRAME,467.835,52.353,4.658,-1.818,400,15,,,
2026-09-08T14:55:18.829678,2,1462,FRAME,472.493,50.535,4.658,-1.818,400,8,,,
2026-09-08T14:55:18.846691,2,1463,FRAME,477.151,48.717,4.658,-1.818,400,15,,,
2026-09-08T14:55:18.863356,2,1464,FRAME,481.809,46.899,4.658,-1.818,400,8,,,
2026-09-08T14:55:18.879890,2,1465,FRAME,486.467,45.082,4.658,-1.818,400,15,,,
2026-09-08T14:55:18.895432,2,1466,FRAME,491.125,43.264,4.658,-1.818,400,8,,,
2026-09-08T14:55:18.912759,2,1467,FRAME,495.782,41.446,4.658,-1.818,400,15,,,
2026-09-08T14:55:18.928701,2,1468,FRAME,500.44,39.628,4.658,-1.818,400,8,,,
2026-09-08T14:55:18.945258,2,1469,FRAME,505.098,37.81,4.658,-1.818,400,15,,,
2026-09-08T14:55:18.961927,2,1470,FRAME,509.756,35.992,4.658,-1.818,400,8,,,
2026-09-08T14:55:18.978299,2,1471,FRAME,514.414,34.174,4.658,-1.818,400,15,,,
2026-09-08T14:55:18.995239,2,1472,FRAME,519.072,32.356,4.658,-1.818,400,8,,,
2026-09-08T14:55:19.011785,2,1473,FRAME,523.729,30.539,4.658,-1.818,400,15,,,
2026-09-08T14:55:19.027851,2,1474,FRAME,528.387,28.721,4.658,-1.818,400,8,,,
2026-09-08T14:55:19.043936,2,1475,FRAME,533.045,26.903,4.658,-1.818,400,15,,,
2026-09-08T14:55:19.059541,2,1476,FRAME,537.703,25.085,4.658,-1.818,400,8,,,
2026-09-08T14:55:19.076743,2,1477,FRAME,542.361,23.267,4.658,-1.818,400,15,,,
2026-09-08T14:55:19.094018,2,1478,FRAME,547.018,21.449,4.658,-1.818,400,8,,,
2026-09-08T14:55:19.109891,2,1479,FRAME,551.676,19.631,4.658,-1.818,400,15,,,
2026-09-08T14:55:19.125743,2,1480,FRAME,556.334,17.813,4.658,-1.818,400,8,,,
2026-09-08T14:55:19.141626,2,1481,FRAME,560.992,15.996,4.658,-1.818,400,15,,,
2026-09-08T14:55:19.158775,2,1482,FRAME,565.65,14.178,4.658,-1.818,400,8,,,
2026-09-08T14:55:19.174988,2,1483,FRAME,570.308,12.36,4.658,-1.818,400,15,,,
2026-09-08T14:55:19.191232,2,1484,FRAME,574.965,10.542,4.658,-1.818,400,8,,,
2026-09-08T14:55:19.208319,2,1485,FRAME,579.623,8.724,4.658,-1.818,400,15,,,
2026-09-08T14:55:19.224922,2,1486,FRAME,584.281,6.906,4.658,-1.818,400,8,,,
2026-09-08T14:55:19.240725,2,1487,FRAME,588.939,5.088,4.658,-1.818,400,15,,,
2026-09-08T14:55:19.257810,2,1488,FRAME,593.597,3.27,4.658,-1.818,400,8,,,
2026-09-08T14:55:19.274030,2,1489,FRAME,598.255,1.453,4.658,-1.818,400,15,,,
2026-09-08T14:55:19.289728,2,1490,WALL_BOUNCE,602.912,0,4.658,1.818,400,8,,,
2026-09-08T14:55:19.289728,2,1491,FRAME,602.912,0,4.658,1.818,400,8,,,
2026-09-08T14:55:19.307161,2,1492,FRAME,607.57,1.818,4.658,1.818,400,15,,,
2026-09-08T14:55:19.324014,2,1493,FRAME,612.228,3.636,4.658,1.818,400,8,,,
2026-09-08T14:55:19.339690,2,1494,FRAME,616.886,5.454,4.658,1.818,400,15,,,
2026-09-08T14:55:19.355553,2,1495,FRAME,621.544,7.272,4.658,1.818,400,8,,,
2026-09-08T14:55:19.372438,2,1496,FRAME,626.202,9.089,4.658,1.818,400,15,,,
2026-09-08T14:55:19.389469,2,1497,FRAME,630.859,10.907,4.658,1.818,400,8,,,
2026-09-08T14:55:19.406854,2,1498,FRAME,635.517,12.725,4.658,1.818,400,15,,,
2026-09-08T14:55:19.422477,2,1499,FRAME,640.175,14.543,4.658,1.818,400,8,,,
2026-09-08T14:55:19.439712,2,1500,FRAME,644.833,16.361,4.658,1.818,400,15,,,
2026-09-08T14:55:19.455252,2,1501,FRAME,649.491,18.179,4.658,1.818,400,8,,,
2026-09-08T14:55:19.471835,2,1502,FRAME,654.148,19.997,4.658,1.818,400,15,,,
2026-09-08T14:55:19.487232,2,1503,FRAME,658.806,21.815,4.658,1.818,400,8,,,
2026-09-08T14:55:19.504915,2,1504,FRAME,663.464,23.632,4.658,1.818,400,15,,,
2026-09-08T14:55:19.520710,2,1505,FRAME,668.122,25.45,4.658,1.818,400,8,,,
2026-09-08T14:55:19.537297,2,1506,FRAME,672.78,27.268,4.658,1.818,400,15,,,
2026-09-08T14:55:19.555108,2,1507,FRAME,677.438,29.086,4.658,1.818,400,8,,,
2026-09-08T14:55:19.571802,2,1508,FRAME,682.095,30.904,4.658,1.818,400,15,,,
2026-09-08T14:55:19.588267,2,1509,FRAME,686.753,32.722,4.658,1.818,400,8,,,
2026-09-08T14:55:19.604818,2,1510,FRAME,691.411,34.54,4.658,1.818,400,15,,,
2026-09-08T14:55:19.621015,2,1511,FRAME,696.069,36.358,4.658,1.818,400,8,,,
2026-09-08T14:55:19.636766,2,1512,FRAME,700.727,38.175,4.658,1.818,400,15,,,
2026-09-08T14:55:19.653621,2,1513,FRAME,705.385,39.993,4.658,1.818,400,8,,,
2026-09-08T14:55:19.670968,2,1514,FRAME,710.042,41.811,4.658,1.818,400,15,,,
2026-09-08T14:55:19.686982,2,1515,FRAME,714.7,43.629,4.658,1.818,400,8,,,
2026-09-08T14:55:19.702730,2,1516,FRAME,719.358,45.447,4.658,1.818,400,15,,,
2026-09-08T14:55:19.719926,2,1517,FRAME,724.016,47.265,4.658,1.818,400,8,,,
2026-09-08T14:55:19.735745,2,1518,FRAME,728.674,49.083,4.658,1.818,400,15,,,
2026-09-08T14:55:19.751452,2,1519,FRAME,733.331,50.901,4.658,1.818,400,8,,,
2026-09-08T14:55:19.768440,2,1520,FRAME,737.989,52.718,4.658,1.818,400,15,,,
2026-09-08T14:55:19.785703,2,1521,FRAME,742.647,54.536,4.658,1.818,400,8,,,
2026-09-08T14:55:19.802249,2,1522,FRAME,747.305,56.354,4.658,1.818,400,15,,,
2026-09-08T14:55:19.819130,2,1523,FRAME,751.963,58.172,4.658,1.818,400,15,,,
2026-09-08T14:55:19.835071,2,1524,FRAME,756.621,59.99,4.658,1.818,400,15,,,
2026-09-08T14:55:19.851476,2,1525,RIGHT_HIT,758,61.808,-4.991,0.294,400,15,0.056,3.369,
2026-09-08T14:55:19.851476,2,1526,FRAME,758,61.808,-4.991,0.294,400,15,,,
2026-09-08T14:55:19.868274,2,1527,FRAME,753.009,62.102,-4.991,0.294,400,22,,,
2026-09-08T14:55:19.884871,2,1528,FRAME,748.017,62.396,-4.991,0.294,400,29,,,
2026-09-08T14:55:19.900339,2,1529,FRAME,743.026,62.689,-4.991,0.294,400,36,,,
2026-09-08T14:55:19.917504,2,1530,FRAME,738.035,62.983,-4.991,0.294,400,43,,,
2026-09-08T14:55:19.934238,2,1531,FRAME,733.043,63.277,-4.991,0.294,400,50,,,
2026-09-08T14:55:19.951511,2,1532,FRAME,728.052,63.571,-4.991,0.294,400,57,,,
2026-09-08T14:55:19.968516,2,1533,FRAME,723.061,63.865,-4.991,0.294,400,64,,,
2026-09-08T14:55:19.986349,2,1534,FRAME,718.069,64.159,-4.991,0.294,400,71,,,
2026-09-08T14:55:20.003609,2,1535,FRAME,713.078,64.453,-4.991,0.294,393,78,,,
2026-09-08T14:55:20.019605,2,1536,FRAME,708.086,64.746,-4.991,0.294,386,85,,,
2026-09-08T14:55:20.036674,2,1537,FRAME,703.095,65.04,-4.991,0.294,379,92,,,
2026-09-08T14:55:20.054034,2,1538,FRAME,698.104,65.334,-4.991,0.294,372,99,,,
2026-09-08T14:55:20.070335,2,1539,FRAME,693.112,65.628,-4.991,0.294,365,106,,,
2026-09-08T14:55:20.087455,2,1540,FRAME,688.121,65.922,-4.991,0.294,358,113,,,
2026-09-08T14:55:20.106063,2,1541,FRAME,683.13,66.216,-4.991,0.294,351,120,,,
2026-09-08T14:55:20.121555,2,1542,FRAME,678.138,66.51,-4.991,0.294,344,127,,,
2026-09-08T14:55:20.138752,2,1543,FRAME,673.147,66.803,-4.991,0.294,337,134,,,
2026-09-08T14:55:20.154778,2,1544,FRAME,668.156,67.097,-4.991,0.294,330,141,,,
2026-09-08T14:55:20.170707,2,1545,FRAME,663.164,67.391,-4.991,0.294,323,148,,,
2026-09-08T14:55:20.187191,2,1546,FRAME,658.173,67.685,-4.991,0.294,316,155,,,
2026-09-08T14:55:20.205007,2,1547,FRAME,653.182,67.979,-4.991,0.294,309,162,,,
2026-09-08T14:55:20.221213,2,1548,FRAME,648.19,68.273,-4.991,0.294,302,169,,,
2026-09-08T14:55:20.236765,2,1549,FRAME,643.199,68.567,-4.991,0.294,295,176,,,
2026-09-08T14:55:20.253323,2,1550,FRAME,638.207,68.86,-4.991,0.294,288,183,,,
2026-09-08T14:55:20.270938,2,1551,FRAME,633.216,69.154,-4.991,0.294,281,190,,,
2026-09-08T14:55:20.287185,2,1552,FRAME,628.225,69.448,-4.991,0.294,274,197,,,
2026-09-08T14:55:20.303760,2,1553,FRAME,623.233,69.742,-4.991,0.294,267,204,,,
2026-09-08T14:55:20.320800,2,1554,FRAME,618.242,70.036,-4.991,0.294,260,197,,,
2026-09-08T14:55:20.336598,2,1555,FRAME,613.251,70.33,-4.991,0.294,253,204,,,
2026-09-08T14:55:20.353361,2,1556,FRAME,608.259,70.624,-4.991,0.294,246,197,,,
2026-09-08T14:55:20.370663,2,1557,FRAME,603.268,70.917,-4.991,0.294,239,204,,,
2026-09-08T14:55:20.387770,2,1558,FRAME,598.277,71.211,-4.991,0.294,232,197,,,
2026-09-08T14:55:20.404027,2,1559,FRAME,593.285,71.505,-4.991,0.294,225,204,,,
2026-09-08T14:55:20.420135,2,1560,FRAME,588.294,71.799,-4.991,0.294,218,197,,,
2026-09-08T14:55:20.437132,2,1561,FRAME,583.303,72.093,-4.991,0.294,211,204,,,
2026-09-08T14:55:20.453411,2,1562,FRAME,578.311,72.387,-4.991,0.294,204,197,,,
2026-09-08T14:55:20.470580,2,1563,FRAME,573.32,72.681,-4.991,0.294,197,204,,,
2026-09-08T14:55:20.487655,2,1564,FRAME,568.328,72.975,-4.991,0.294,190,197,,,
2026-09-08T14:55:20.504059,2,1565,FRAME,563.337,73.268,-4.991,0.294,183,204,,,
2026-09-08T14:55:20.521444,2,1566,FRAME,558.346,73.562,-4.991,0.294,176,197,,,
2026-09-08T14:55:20.538990,2,1567,FRAME,553.354,73.856,-4.991,0.294,169,204,,,
2026-09-08T14:55:20.555322,2,1568,FRAME,548.363,74.15,-4.991,0.294,162,197,,,
2026-09-08T14:55:20.572344,2,1569,FRAME,543.372,74.444,-4.991,0.294,155,204,,,
2026-09-08T14:55:20.589371,2,1570,FRAME,538.38,74.738,-4.991,0.294,148,197,,,
2026-09-08T14:55:20.607203,2,1571,FRAME,533.389,75.032,-4.991,0.294,141,204,,,
2026-09-08T14:55:20.623460,2,1572,FRAME,528.398,75.325,-4.991,0.294,134,197,,,
2026-09-08T14:55:20.640410,2,1573,FRAME,523.406,75.619,-4.991,0.294,127,204,,,
2026-09-08T14:55:20.657033,2,1574,FRAME,518.415,75.913,-4.991,0.294,120,197,,,
2026-09-08T14:55:20.673261,2,1575,FRAME,513.424,76.207,-4.991,0.294,113,204,,,
2026-09-08T14:55:20.690331,2,1576,FRAME,508.432,76.501,-4.991,0.294,106,197,,,
2026-09-08T14:55:20.707693,2,1577,FRAME,503.441,76.795,-4.991,0.294,99,204,,,
2026-09-08T14:55:20.724860,2,1578,FRAME,498.449,77.089,-4.991,0.294,92,197,,,
2026-09-08T14:55:20.741841,2,1579,FRAME,493.458,77.382,-4.991,0.294,85,204,,,
2026-09-08T14:55:20.758479,2,1580,FRAME,488.467,77.676,-4.991,0.294,78,197,,,
2026-09-08T14:55:20.775882,2,1581,FRAME,483.475,77.97,-4.991,0.294,71,204,,,
2026-09-08T14:55:20.792272,2,1582,FRAME,478.484,78.264,-4.991,0.294,71,197,,,
2026-09-08T14:55:20.810120,2,1583,FRAME,473.493,78.558,-4.991,0.294,71,204,,,
2026-09-08T14:55:20.826986,2,1584,FRAME,468.501,78.852,-4.991,0.294,71,197,,,
2026-09-08T14:55:20.842476,2,1585,FRAME,463.51,79.146,-4.991,0.294,71,204,,,
2026-09-08T14:55:20.859858,2,1586,FRAME,458.519,79.439,-4.991,0.294,71,197,,,
2026-09-08T14:55:20.875980,2,1587,FRAME,453.527,79.733,-4.991,0.294,71,204,,,
2026-09-08T14:55:20.891686,2,1588,FRAME,448.536,80.027,-4.991,0.294,71,197,,,
2026-09-08T14:55:20.909095,2,1589,FRAME,443.545,80.321,-4.991,0.294,71,204,,,
2026-09-08T14:55:20.926132,2,1590,FRAME,438.553,80.615,-4.991,0.294,71,197,,,
2026-09-08T14:55:20.942876,2,1591,FRAME,433.562,80.909,-4.991,0.294,71,204,,,
2026-09-08T14:55:20.959526,2,1592,FRAME,428.57,81.203,-4.991,0.294,71,197,,,
2026-09-08T14:55:20.976049,2,1593,FRAME,423.579,81.496,-4.991,0.294,71,204,,,
2026-09-08T14:55:20.991858,2,1594,FRAME,418.588,81.79,-4.991,0.294,71,197,,,
2026-09-08T14:55:21.007733,2,1595,FRAME,413.596,82.084,-4.991,0.294,71,204,,,
2026-09-08T14:55:21.025578,2,1596,FRAME,408.605,82.378,-4.991,0.294,71,197,,,
2026-09-08T14:55:21.042129,2,1597,FRAME,403.614,82.672,-4.991,0.294,71,204,,,
2026-09-08T14:55:21.057801,2,1598,FRAME,398.622,82.966,-4.991,0.294,71,197,,,
2026-09-08T14:55:21.074884,2,1599,FRAME,393.631,83.26,-4.991,0.294,71,204,,,
2026-09-08T14:55:21.090563,2,1600,FRAME,388.64,83.554,-4.991,0.294,71,197,,,
2026-09-08T14:55:21.107068,2,1601,FRAME,383.648,83.847,-4.991,0.294,71,204,,,
2026-09-08T14:55:21.122492,2,1602,FRAME,378.657,84.141,-4.991,0.294,71,197,,,
2026-09-08T14:55:21.139163,2,1603,FRAME,373.666,84.435,-4.991,0.294,71,204,,,
2026-09-08T14:55:21.156601,2,1604,FRAME,368.674,84.729,-4.991,0.294,71,197,,,
2026-09-08T14:55:21.173232,2,1605,FRAME,363.683,85.023,-4.991,0.294,71,204,,,
2026-09-08T14:55:21.190034,2,1606,FRAME,358.691,85.317,-4.991,0.294,71,197,,,
2026-09-08T14:55:21.205545,2,1607,FRAME,353.7,85.611,-4.991,0.294,71,204,,,
2026-09-08T14:55:21.222774,2,1608,FRAME,348.709,85.904,-4.991,0.294,71,197,,,
2026-09-08T14:55:21.239984,2,1609,FRAME,343.717,86.198,-4.991,0.294,71,204,,,
2026-09-08T14:55:21.255986,2,1610,FRAME,338.726,86.492,-4.991,0.294,71,197,,,
2026-09-08T14:55:21.271743,2,1611,FRAME,333.735,86.786,-4.991,0.294,71,204,,,
2026-09-08T14:55:21.288634,2,1612,FRAME,328.743,87.08,-4.991,0.294,71,197,,,
2026-09-08T14:55:21.305185,2,1613,FRAME,323.752,87.374,-4.991,0.294,71,204,,,
2026-09-08T14:55:21.321811,2,1614,FRAME,318.761,87.668,-4.991,0.294,71,197,,,
2026-09-08T14:55:21.337196,2,1615,FRAME,313.769,87.961,-4.991,0.294,71,204,,,
2026-09-08T14:55:21.354355,2,1616,FRAME,308.778,88.255,-4.991,0.294,71,197,,,
2026-09-08T14:55:21.371641,2,1617,FRAME,303.787,88.549,-4.991,0.294,71,204,,,
2026-09-08T14:55:21.388814,2,1618,FRAME,298.795,88.843,-4.991,0.294,71,197,,,
2026-09-08T14:55:21.404904,2,1619,FRAME,293.804,89.137,-4.991,0.294,71,204,,,
2026-09-08T14:55:21.420820,2,1620,FRAME,288.812,89.431,-4.991,0.294,71,197,,,
2026-09-08T14:55:21.437158,2,1621,FRAME,283.821,89.725,-4.991,0.294,71,204,,,
2026-09-08T14:55:21.453671,2,1622,FRAME,278.83,90.018,-4.991,0.294,71,197,,,
2026-09-08T14:55:21.470861,2,1623,FRAME,273.838,90.312,-4.991,0.294,71,204,,,
2026-09-08T14:55:21.486707,2,1624,FRAME,268.847,90.606,-4.991,0.294,71,197,,,
2026-09-08T14:55:21.503727,2,1625,FRAME,263.856,90.9,-4.991,0.294,71,204,,,
2026-09-08T14:55:21.520533,2,1626,FRAME,258.864,91.194,-4.991,0.294,71,197,,,
2026-09-08T14:55:21.537221,2,1627,FRAME,253.873,91.488,-4.991,0.294,71,204,,,
2026-09-08T14:55:21.553823,2,1628,FRAME,248.882,91.782,-4.991,0.294,71,197,,,
2026-09-08T14:55:21.569505,2,1629,FRAME,243.89,92.075,-4.991,0.294,71,204,,,
2026-09-08T14:55:21.586877,2,1630,FRAME,238.899,92.369,-4.991,0.294,71,197,,,
2026-09-08T14:55:21.602789,2,1631,FRAME,233.908,92.663,-4.991,0.294,71,204,,,
2026-09-08T14:55:21.620055,2,1632,FRAME,228.916,92.957,-4.991,0.294,71,197,,,
2026-09-08T14:55:21.636023,2,1633,FRAME,223.925,93.251,-4.991,0.294,71,204,,,
2026-09-08T14:55:21.651887,2,1634,FRAME,218.933,93.545,-4.991,0.294,71,197,,,
2026-09-08T14:55:21.667755,2,1635,FRAME,213.942,93.839,-4.991,0.294,71,204,,,
2026-09-08T14:55:21.684840,2,1636,FRAME,208.951,94.132,-4.991,0.294,71,197,,,
2026-09-08T14:55:21.700546,2,1637,FRAME,203.959,94.426,-4.991,0.294,71,204,,,
2026-09-08T14:55:21.717139,2,1638,FRAME,198.968,94.72,-4.991,0.294,71,197,,,
2026-09-08T14:55:21.732657,2,1639,FRAME,193.977,95.014,-4.991,0.294,71,204,,,
2026-09-08T14:55:21.749907,2,1640,FRAME,188.985,95.308,-4.991,0.294,71,197,,,
2026-09-08T14:55:21.765521,2,1641,FRAME,183.994,95.602,-4.991,0.294,71,204,,,
2026-09-08T14:55:21.782425,2,1642,FRAME,179.003,95.896,-4.991,0.294,71,197,,,
2026-09-08T14:55:21.799805,2,1643,FRAME,174.011,96.19,-4.991,0.294,71,204,,,
2026-09-08T14:55:21.815338,2,1644,FRAME,169.02,96.483,-4.991,0.294,71,197,,,
2026-09-08T14:55:21.832002,2,1645,FRAME,164.029,96.777,-4.991,0.294,71,204,,,
2026-09-08T14:55:21.848076,2,1646,FRAME,159.037,97.071,-4.991,0.294,71,197,,,
2026-09-08T14:55:21.863685,2,1647,FRAME,154.046,97.365,-4.991,0.294,71,204,,,
2026-09-08T14:55:21.880390,2,1648,FRAME,149.054,97.659,-4.991,0.294,71,197,,,
2026-09-08T14:55:21.896985,2,1649,FRAME,144.063,97.953,-4.991,0.294,71,204,,,
2026-09-08T14:55:21.912511,2,1650,FRAME,139.072,98.247,-4.991,0.294,71,197,,,
2026-09-08T14:55:21.929099,2,1651,FRAME,134.08,98.54,-4.991,0.294,71,204,,,
2026-09-08T14:55:21.945141,2,1652,FRAME,129.089,98.834,-4.991,0.294,71,197,,,
2026-09-08T14:55:21.961012,2,1653,FRAME,124.098,99.128,-4.991,0.294,71,204,,,
2026-09-08T14:55:21.976793,2,1654,FRAME,119.106,99.422,-4.991,0.294,71,197,,,
2026-09-08T14:55:21.993887,2,1655,FRAME,114.115,99.716,-4.991,0.294,71,204,,,
2026-09-08T14:55:22.009872,2,1656,FRAME,109.124,100.01,-4.991,0.294,71,197,,,
2026-09-08T14:55:22.025766,2,1657,FRAME,104.132,100.304,-4.991,0.294,71,204,,,
2026-09-08T14:55:22.042898,2,1658,FRAME,99.141,100.597,-4.991,0.294,71,197,,,
2026-09-08T14:55:22.058873,2,1659,FRAME,94.15,100.891,-4.991,0.294,71,204,,,
2026-09-08T14:55:22.075145,2,1660,FRAME,89.158,101.185,-4.991,0.294,71,197,,,
2026-09-08T14:55:22.091914,2,1661,FRAME,84.167,101.479,-4.991,0.294,71,204,,,
2026-09-08T14:55:22.108070,2,1662,FRAME,79.175,101.773,-4.991,0.294,71,197,,,
2026-09-08T14:55:22.123802,2,1663,FRAME,74.184,102.067,-4.991,0.294,71,204,,,
2026-09-08T14:55:22.140072,2,1664,FRAME,69.193,102.361,-4.991,0.294,71,197,,,
2026-09-08T14:55:22.155906,2,1665,FRAME,64.201,102.654,-4.991,0.294,71,204,,,
2026-09-08T14:55:22.171526,2,1666,FRAME,59.21,102.948,-4.991,0.294,71,197,,,
2026-09-08T14:55:22.188943,2,1667,FRAME,54.219,103.242,-4.991,0.294,71,204,,,
2026-09-08T14:55:22.205172,2,1668,FRAME,49.227,103.536,-4.991,0.294,71,197,,,
2026-09-08T14:55:22.222121,2,1669,FRAME,44.236,103.83,-4.991,0.294,71,204,,,
2026-09-08T14:55:22.239645,2,1670,FRAME,39.245,104.124,-4.991,0.294,71,197,,,
2026-09-08T14:55:22.255878,2,1671,FRAME,34.253,104.418,-4.991,0.294,71,204,,,
2026-09-08T14:55:22.271365,2,1672,LEFT_HIT,30,104.711,4.884,-1.069,71,197,-0.206,-12.346,
2026-09-08T14:55:22.271365,2,1673,FRAME,30,104.711,4.884,-1.069,71,197,,,
2026-09-08T14:55:22.288045,2,1674,FRAME,34.884,103.642,4.884,-1.069,71,190,,,
2026-09-08T14:55:22.303526,2,1675,FRAME,39.769,102.573,4.884,-1.069,78,183,,,
2026-09-08T14:55:22.320466,2,1676,FRAME,44.653,101.504,4.884,-1.069,85,176,,,
2026-09-08T14:55:22.337790,2,1677,FRAME,49.537,100.435,4.884,-1.069,92,169,,,
2026-09-08T14:55:22.354583,2,1678,FRAME,54.422,99.366,4.884,-1.069,99,162,,,
2026-09-08T14:55:22.371921,2,1679,FRAME,59.306,98.297,4.884,-1.069,106,155,,,
2026-09-08T14:55:22.387756,2,1680,FRAME,64.191,97.228,4.884,-1.069,113,148,,,
2026-09-08T14:55:22.404092,2,1681,FRAME,69.075,96.159,4.884,-1.069,120,141,,,
2026-09-08T14:55:22.421405,2,1682,FRAME,73.959,95.09,4.884,-1.069,127,134,,,
2026-09-08T14:55:22.437999,2,1683,FRAME,78.844,94.021,4.884,-1.069,134,127,,,
2026-09-08T14:55:22.453624,2,1684,FRAME,83.728,92.951,4.884,-1.069,141,120,,,
2026-09-08T14:55:22.470895,2,1685,FRAME,88.612,91.882,4.884,-1.069,148,113,,,
2026-09-08T14:55:22.487245,2,1686,FRAME,93.497,90.813,4.884,-1.069,155,106,,,
2026-09-08T14:55:22.504243,2,1687,FRAME,98.381,89.744,4.884,-1.069,162,99,,,
2026-09-08T14:55:22.521043,2,1688,FRAME,103.266,88.675,4.884,-1.069,169,92,,,
2026-09-08T14:55:22.536579,2,1689,FRAME,108.15,87.606,4.884,-1.069,176,85,,,
2026-09-08T14:55:22.553816,2,1690,FRAME,113.034,86.537,4.884,-1.069,183,78,,,
2026-09-08T14:55:22.570122,2,1691,FRAME,117.919,85.468,4.884,-1.069,190,71,,,
2026-09-08T14:55:22.586087,2,1692,FRAME,122.803,84.399,4.884,-1.069,197,64,,,
2026-09-08T14:55:22.601955,2,1693,FRAME,127.687,83.33,4.884,-1.069,204,57,,,
2026-09-08T14:55:22.617782,2,1694,FRAME,132.572,82.261,4.884,-1.069,211,50,,,
2026-09-08T14:55:22.633636,2,1695,FRAME,137.456,81.191,4.884,-1.069,218,43,,,
2026-09-08T14:55:22.650777,2,1696,FRAME,142.34,80.122,4.884,-1.069,225,36,,,
2026-09-08T14:55:22.667823,2,1697,FRAME,147.225,79.053,4.884,-1.069,232,29,,,
2026-09-08T14:55:22.683504,2,1698,FRAME,152.109,77.984,4.884,-1.069,239,22,,,
2026-09-08T14:55:22.700344,2,1699,FRAME,156.994,76.915,4.884,-1.069,246,15,,,
2026-09-08T14:55:22.717132,2,1700,FRAME,161.878,75.846,4.884,-1.069,253,8,,,
2026-09-08T14:55:22.732760,2,1701,FRAME,166.762,74.777,4.884,-1.069,253,1,,,
2026-09-08T14:55:22.749145,2,1702,FRAME,171.647,73.708,4.884,-1.069,253,8,,,
2026-09-08T14:55:22.765311,2,1703,FRAME,176.531,72.639,4.884,-1.069,253,1,,,
2026-09-08T14:55:22.782722,2,1704,FRAME,181.415,71.57,4.884,-1.069,253,8,,,
2026-09-08T14:55:22.799144,2,1705,FRAME,186.3,70.501,4.884,-1.069,253,1,,,
2026-09-08T14:55:22.815144,2,1706,FRAME,191.184,69.431,4.884,-1.069,253,8,,,
2026-09-08T14:55:22.830880,2,1707,FRAME,196.068,68.362,4.884,-1.069,253,1,,,
2026-09-08T14:55:22.846933,2,1708,FRAME,200.953,67.293,4.884,-1.069,253,8,,,
2026-09-08T14:55:22.863162,2,1709,FRAME,205.837,66.224,4.884,-1.069,253,1,,,
2026-09-08T14:55:22.879855,2,1710,FRAME,210.722,65.155,4.884,-1.069,253,8,,,
2026-09-08T14:55:22.895876,2,1711,FRAME,215.606,64.086,4.884,-1.069,253,1,,,
2026-09-08T14:55:22.911740,2,1712,FRAME,220.49,63.017,4.884,-1.069,253,8,,,
2026-09-08T14:55:22.928641,2,1713,FRAME,225.375,61.948,4.884,-1.069,253,1,,,
2026-09-08T14:55:22.945521,2,1714,FRAME,230.259,60.879,4.884,-1.069,253,8,,,
2026-09-08T14:55:22.962765,2,1715,FRAME,235.143,59.81,4.884,-1.069,253,1,,,
2026-09-08T14:55:22.978530,2,1716,FRAME,240.028,58.741,4.884,-1.069,253,8,,,
2026-09-08T14:55:22.996056,2,1717,FRAME,244.912,57.671,4.884,-1.069,253,1,,,
2026-09-08T14:55:23.012893,2,1718,FRAME,249.797,56.602,4.884,-1.069,253,8,,,
2026-09-08T14:55:23.028909,2,1719,FRAME,254.681,55.533,4.884,-1.069,253,1,,,
2026-09-08T14:55:23.044875,2,1720,FRAME,259.565,54.464,4.884,-1.069,253,8,,,
2026-09-08T14:55:23.060346,2,1721,FRAME,264.45,53.395,4.884,-1.069,253,1,,,
2026-09-08T14:55:23.077900,2,1722,FRAME,269.334,52.326,4.884,-1.069,253,8,,,
2026-09-08T14:55:23.094021,2,1723,FRAME,274.218,51.257,4.884,-1.069,253,1,,,
2026-09-08T14:55:23.111183,2,1724,FRAME,279.103,50.188,4.884,-1.069,253,8,,,
2026-09-08T14:55:23.128378,2,1725,FRAME,283.987,49.119,4.884,-1.069,253,1,,,
2026-09-08T14:55:23.145250,2,1726,FRAME,288.871,48.05,4.884,-1.069,253,8,,,
2026-09-08T14:55:23.162030,2,1727,FRAME,293.756,46.981,4.884,-1.069,253,1,,,
2026-09-08T14:55:23.178379,2,1728,FRAME,298.64,45.911,4.884,-1.069,253,8,,,
2026-09-08T14:55:23.194899,2,1729,FRAME,303.525,44.842,4.884,-1.069,253,1,,,
2026-09-08T14:55:23.211205,2,1730,FRAME,308.409,43.773,4.884,-1.069,253,8,,,
2026-09-08T14:55:23.228317,2,1731,FRAME,313.293,42.704,4.884,-1.069,253,1,,,
2026-09-08T14:55:23.244945,2,1732,FRAME,318.178,41.635,4.884,-1.069,253,8,,,
2026-09-08T14:55:23.261068,2,1733,FRAME,323.062,40.566,4.884,-1.069,253,1,,,
2026-09-08T14:55:23.277636,2,1734,FRAME,327.946,39.497,4.884,-1.069,253,8,,,
2026-09-08T14:55:23.294268,2,1735,FRAME,332.831,38.428,4.884,-1.069,253,1,,,
2026-09-08T14:55:23.311203,2,1736,FRAME,337.715,37.359,4.884,-1.069,253,8,,,
2026-09-08T14:55:23.328183,2,1737,FRAME,342.6,36.29,4.884,-1.069,253,1,,,
2026-09-08T14:55:23.345263,2,1738,FRAME,347.484,35.221,4.884,-1.069,253,8,,,
2026-09-08T14:55:23.361670,2,1739,FRAME,352.368,34.151,4.884,-1.069,253,1,,,
2026-09-08T14:55:23.378710,2,1740,FRAME,357.253,33.082,4.884,-1.069,253,8,,,
2026-09-08T14:55:23.394847,2,1741,FRAME,362.137,32.013,4.884,-1.069,253,1,,,
2026-09-08T14:55:23.411221,2,1742,FRAME,367.021,30.944,4.884,-1.069,253,8,,,
2026-09-08T14:55:23.428237,2,1743,FRAME,371.906,29.875,4.884,-1.069,253,1,,,
2026-09-08T14:55:23.444831,2,1744,FRAME,376.79,28.806,4.884,-1.069,253,8,,,
2026-09-08T14:55:23.460246,2,1745,FRAME,381.674,27.737,4.884,-1.069,253,1,,,
2026-09-08T14:55:23.476980,2,1746,FRAME,386.559,26.668,4.884,-1.069,253,8,,,
2026-09-08T14:55:23.492799,2,1747,FRAME,391.443,25.599,4.884,-1.069,253,1,,,
2026-09-08T14:55:23.509171,2,1748,FRAME,396.328,24.53,4.884,-1.069,253,8,,,
2026-09-08T14:55:23.525926,2,1749,FRAME,401.212,23.461,4.884,-1.069,253,1,,,
2026-09-08T14:55:23.541929,2,1750,FRAME,406.096,22.391,4.884,-1.069,253,8,,,
2026-09-08T14:55:23.558200,2,1751,FRAME,410.981,21.322,4.884,-1.069,253,1,,,
2026-09-08T14:55:23.575200,2,1752,FRAME,415.865,20.253,4.884,-1.069,253,8,,,
2026-09-08T14:55:23.591978,2,1753,FRAME,420.749,19.184,4.884,-1.069,253,1,,,
2026-09-08T14:55:23.607608,2,1754,FRAME,425.634,18.115,4.884,-1.069,253,8,,,
2026-09-08T14:55:23.625224,2,1755,FRAME,430.518,17.046,4.884,-1.069,253,1,,,
2026-09-08T14:55:23.641820,2,1756,FRAME,435.402,15.977,4.884,-1.069,253,8,,,
2026-09-08T14:55:23.657523,2,1757,FRAME,440.287,14.908,4.884,-1.069,253,1,,,
2026-09-08T14:55:23.675300,2,1758,FRAME,445.171,13.839,4.884,-1.069,253,8,,,
2026-09-08T14:55:23.692550,2,1759,FRAME,450.056,12.77,4.884,-1.069,253,1,,,
2026-09-08T14:55:23.708978,2,1760,FRAME,454.94,11.701,4.884,-1.069,253,8,,,
2026-09-08T14:55:23.725323,2,1761,FRAME,459.824,10.631,4.884,-1.069,253,1,,,
2026-09-08T14:55:23.742075,2,1762,FRAME,464.709,9.562,4.884,-1.069,253,8,,,
2026-09-08T14:55:23.758460,2,1763,FRAME,469.593,8.493,4.884,-1.069,253,1,,,
2026-09-08T14:55:23.775040,2,1764,FRAME,474.477,7.424,4.884,-1.069,253,8,,,
2026-09-08T14:55:23.790891,2,1765,FRAME,479.362,6.355,4.884,-1.069,253,1,,,
2026-09-08T14:55:23.806727,2,1766,FRAME,484.246,5.286,4.884,-1.069,253,8,,,
2026-09-08T14:55:23.822798,2,1767,FRAME,489.131,4.217,4.884,-1.069,253,1,,,
2026-09-08T14:55:23.840006,2,1768,FRAME,494.015,3.148,4.884,-1.069,253,8,,,
2026-09-08T14:55:23.855591,2,1769,FRAME,498.899,2.079,4.884,-1.069,253,1,,,
2026-09-08T14:55:23.871591,2,1770,FRAME,503.784,1.01,4.884,-1.069,253,8,,,
2026-09-08T14:55:23.888731,2,1771,WALL_BOUNCE,508.668,0,4.884,1.069,253,1,,,
2026-09-08T14:55:23.888731,2,1772,FRAME,508.668,0,4.884,1.069,253,1,,,
2026-09-08T14:55:23.905135,2,1773,FRAME,513.552,1.069,4.884,1.069,253,8,,,
2026-09-08T14:55:23.921705,2,1774,FRAME,518.437,2.138,4.884,1.069,253,1,,,
2026-09-08T14:55:23.938307,2,1775,FRAME,523.321,3.207,4.884,1.069,253,8,,,
2026-09-08T14:55:23.954716,2,1776,FRAME,528.205,4.276,4.884,1.069,253,1,,,
2026-09-08T14:55:23.971975,2,1777,FRAME,533.09,5.345,4.884,1.069,253,8,,,
2026-09-08T14:55:23.987961,2,1778,FRAME,537.974,6.415,4.884,1.069,253,1,,,
2026-09-08T14:55:24.003463,2,1779,FRAME,542.859,7.484,4.884,1.069,253,8,,,
2026-09-08T14:55:24.019969,2,1780,FRAME,547.743,8.553,4.884,1.069,253,1,,,
2026-09-08T14:55:24.036176,2,1781,FRAME,552.627,9.622,4.884,1.069,253,8,,,
2026-09-08T14:55:24.052753,2,1782,FRAME,557.512,10.691,4.884,1.069,253,1,,,
2026-09-08T14:55:24.069046,2,1783,FRAME,562.396,11.76,4.884,1.069,253,8,,,
2026-09-08T14:55:24.085109,2,1784,FRAME,567.28,12.829,4.884,1.069,253,1,,,
2026-09-08T14:55:24.101429,2,1785,FRAME,572.165,13.898,4.884,1.069,253,8,,,
2026-09-08T14:55:24.117950,2,1786,FRAME,577.049,14.967,4.884,1.069,253,1,,,
2026-09-08T14:55:24.134063,2,1787,FRAME,581.934,16.036,4.884,1.069,253,8,,,
2026-09-08T14:55:24.149759,2,1788,FRAME,586.818,17.105,4.884,1.069,253,1,,,
2026-09-08T14:55:24.165940,2,1789,FRAME,591.702,18.175,4.884,1.069,253,8,,,
2026-09-08T14:55:24.181902,2,1790,FRAME,596.587,19.244,4.884,1.069,253,1,,,
2026-09-08T14:55:24.198193,2,1791,FRAME,601.471,20.313,4.884,1.069,253,8,,,
2026-09-08T14:55:24.215220,2,1792,FRAME,606.355,21.382,4.884,1.069,253,1,,,
2026-09-08T14:55:24.232148,2,1793,FRAME,611.24,22.451,4.884,1.069,253,8,,,
2026-09-08T14:55:24.248081,2,1794,FRAME,616.124,23.52,4.884,1.069,253,1,,,
2026-09-08T14:55:24.263945,2,1795,FRAME,621.008,24.589,4.884,1.069,253,8,,,
2026-09-08T14:55:24.280094,2,1796,FRAME,625.893,25.658,4.884,1.069,253,1,,,
2026-09-08T14:55:24.296684,2,1797,FRAME,630.777,26.727,4.884,1.069,253,8,,,
2026-09-08T14:55:24.313327,2,1798,FRAME,635.662,27.796,4.884,1.069,253,1,,,
2026-09-08T14:55:24.330768,2,1799,FRAME,640.546,28.865,4.884,1.069,253,8,,,
2026-09-08T14:55:24.347067,2,1800,FRAME,645.43,29.935,4.884,1.069,253,1,,,
2026-09-08T14:55:24.362487,2,1801,FRAME,650.315,31.004,4.884,1.069,253,8,,,
2026-09-08T14:55:24.379440,2,1802,FRAME,655.199,32.073,4.884,1.069,253,1,,,
2026-09-08T14:55:24.396706,2,1803,FRAME,660.083,33.142,4.884,1.069,253,8,,,
2026-09-08T14:55:24.413519,2,1804,FRAME,664.968,34.211,4.884,1.069,253,1,,,
2026-09-08T14:55:24.430245,2,1805,FRAME,669.852,35.28,4.884,1.069,253,8,,,
2026-09-08T14:55:24.446634,2,1806,FRAME,674.736,36.349,4.884,1.069,253,1,,,
2026-09-08T14:55:24.463478,2,1807,FRAME,679.621,37.418,4.884,1.069,253,8,,,
2026-09-08T14:55:24.480806,2,1808,FRAME,684.505,38.487,4.884,1.069,253,1,,,
2026-09-08T14:55:24.497225,2,1809,FRAME,689.39,39.556,4.884,1.069,253,8,,,
2026-09-08T14:55:24.514135,2,1810,FRAME,694.274,40.625,4.884,1.069,253,1,,,
2026-09-08T14:55:24.530956,2,1811,FRAME,699.158,41.695,4.884,1.069,253,8,,,
2026-09-08T14:55:24.546835,2,1812,FRAME,704.043,42.764,4.884,1.069,253,1,,,
2026-09-08T14:55:24.563487,2,1813,FRAME,708.927,43.833,4.884,1.069,253,8,,,
2026-09-08T14:55:24.579999,2,1814,FRAME,713.811,44.902,4.884,1.069,253,1,,,
2026-09-08T14:55:24.596050,2,1815,FRAME,718.696,45.971,4.884,1.069,253,8,,,
2026-09-08T14:55:24.612345,2,1816,FRAME,723.58,47.04,4.884,1.069,253,1,,,
2026-09-08T14:55:24.629542,2,1817,FRAME,728.465,48.109,4.884,1.069,253,8,,,
2026-09-08T14:55:24.647190,2,1818,FRAME,733.349,49.178,4.884,1.069,253,1,,,
2026-09-08T14:55:24.663995,2,1819,FRAME,738.233,50.247,4.884,1.069,253,8,,,
2026-09-08T14:55:24.679831,2,1820,FRAME,743.118,51.316,4.884,1.069,253,1,,,
2026-09-08T14:55:24.696049,2,1821,FRAME,748.002,52.385,4.884,1.069,253,1,,,
2026-09-08T14:55:24.712358,2,1822,FRAME,752.886,53.455,4.884,1.069,253,1,,,
2026-09-08T14:55:24.729235,2,1823,FRAME,757.771,54.524,4.884,1.069,253,1,,,
2026-09-08T14:55:24.745798,2,1824,RIGHT_HIT,758,55.593,-4.877,1.1,253,1,0.212,12.711,
2026-09-08T14:55:24.745798,2,1825,FRAME,758,55.593,-4.877,1.1,253,1,,,
2026-09-08T14:55:24.761752,2,1826,FRAME,753.123,56.693,-4.877,1.1,253,8,,,
2026-09-08T14:55:24.778759,2,1827,FRAME,748.245,57.793,-4.877,1.1,253,15,,,
2026-09-08T14:55:24.795102,2,1828,FRAME,743.368,58.893,-4.877,1.1,253,22,,,
2026-09-08T14:55:24.811191,2,1829,FRAME,738.49,59.994,-4.877,1.1,253,29,,,
2026-09-08T14:55:24.828364,2,1830,FRAME,733.613,61.094,-4.877,1.1,253,36,,,
2026-09-08T14:55:24.845125,2,1831,FRAME,728.735,62.194,-4.877,1.1,253,43,,,
2026-09-08T14:55:24.860796,2,1832,FRAME,723.858,63.294,-4.877,1.1,253,50,,,
2026-09-08T14:55:24.878084,2,1833,FRAME,718.98,64.394,-4.877,1.1,253,57,,,
2026-09-08T14:55:24.893665,2,1834,FRAME,714.103,65.494,-4.877,1.1,253,64,,,
2026-09-08T14:55:24.910948,2,1835,FRAME,709.225,66.595,-4.877,1.1,253,71,,,
2026-09-08T14:55:24.927171,2,1836,FRAME,704.348,67.695,-4.877,1.1,253,78,,,
2026-09-08T14:55:24.944068,2,1837,FRAME,699.471,68.795,-4.877,1.1,246,85,,,
2026-09-08T14:55:24.960424,2,1838,FRAME,694.593,69.895,-4.877,1.1,239,92,,,
2026-09-08T14:55:24.976939,2,1839,FRAME,689.716,70.995,-4.877,1.1,232,99,,,
2026-09-08T14:55:24.993062,2,1840,FRAME,684.838,72.096,-4.877,1.1,225,106,,,
2026-09-08T14:55:25.008535,2,1841,FRAME,679.961,73.196,-4.877,1.1,218,113,,,
2026-09-08T14:55:25.024938,2,1842,FRAME,675.083,74.296,-4.877,1.1,211,120,,,
2026-09-08T14:55:25.041062,2,1843,FRAME,670.206,75.396,-4.877,1.1,211,127,,,
2026-09-08T14:55:25.057068,2,1844,FRAME,665.328,76.496,-4.877,1.1,211,134,,,
2026-09-08T14:55:25.072656,2,1845,FRAME,660.451,77.597,-4.877,1.1,211,141,,,
2026-09-08T14:55:25.090247,2,1846,FRAME,655.573,78.697,-4.877,1.1,211,148,,,
2026-09-08T14:55:25.106864,2,1847,FRAME,650.696,79.797,-4.877,1.1,211,155,,,
2026-09-08T14:55:25.122945,2,1848,FRAME,645.819,80.897,-4.877,1.1,211,162,,,
2026-09-08T14:55:25.138529,2,1849,FRAME,640.941,81.997,-4.877,1.1,211,169,,,
2026-09-08T14:55:25.155507,2,1850,FRAME,636.064,83.098,-4.877,1.1,211,176,,,
2026-09-08T14:55:25.172760,2,1851,FRAME,631.186,84.198,-4.877,1.1,211,183,,,
2026-09-08T14:55:25.189754,2,1852,FRAME,626.309,85.298,-4.877,1.1,211,190,,,
2026-09-08T14:55:25.206911,2,1853,FRAME,621.431,86.398,-4.877,1.1,211,197,,,
2026-09-08T14:55:25.222504,2,1854,FRAME,616.554,87.498,-4.877,1.1,211,204,,,
2026-09-08T14:55:25.239177,2,1855,FRAME,611.676,88.598,-4.877,1.1,211,197,,,
2026-09-08T14:55:25.256119,2,1856,FRAME,606.799,89.699,-4.877,1.1,211,204,,,
2026-09-08T14:55:25.272054,2,1857,FRAME,601.921,90.799,-4.877,1.1,211,197,,,
2026-09-08T14:55:25.287985,2,1858,FRAME,597.044,91.899,-4.877,1.1,211,204,,,
2026-09-08T14:55:25.303604,2,1859,FRAME,592.166,92.999,-4.877,1.1,211,197,,,
2026-09-08T14:55:25.320202,2,1860,FRAME,587.289,94.099,-4.877,1.1,211,204,,,
2026-09-08T14:55:25.337627,2,1861,FRAME,582.412,95.2,-4.877,1.1,204,197,,,
2026-09-08T14:55:25.352836,2,1862,FRAME,577.534,96.3,-4.877,1.1,197,204,,,
2026-09-08T14:55:25.368903,2,1863,FRAME,572.657,97.4,-4.877,1.1,190,197,,,
2026-09-08T14:55:25.385372,2,1864,FRAME,567.779,98.5,-4.877,1.1,183,204,,,
2026-09-08T14:55:25.401965,2,1865,FRAME,562.902,99.6,-4.877,1.1,176,197,,,
2026-09-08T14:55:25.418034,2,1866,FRAME,558.024,100.701,-4.877,1.1,169,204,,,
2026-09-08T14:55:25.433467,2,1867,FRAME,553.147,101.801,-4.877,1.1,162,197,,,
2026-09-08T14:55:25.450351,2,1868,FRAME,548.269,102.901,-4.877,1.1,155,204,,,
2026-09-08T14:55:25.466922,2,1869,FRAME,543.392,104.001,-4.877,1.1,148,197,,,
2026-09-08T14:55:25.483195,2,1870,FRAME,538.514,105.101,-4.877,1.1,141,204,,,
2026-09-08T14:55:25.499870,2,1871,FRAME,533.637,106.202,-4.877,1.1,134,197,,,
2026-09-08T14:55:25.515680,2,1872,FRAME,528.76,107.302,-4.877,1.1,127,204,,,
2026-09-08T14:55:25.532891,2,1873,FRAME,523.882,108.402,-4.877,1.1,120,197,,,
2026-09-08T14:55:25.548570,2,1874,FRAME,519.005,109.502,-4.877,1.1,120,204,,,
2026-09-08T14:55:25.564863,2,1875,FRAME,514.127,110.602,-4.877,1.1,120,197,,,
2026-09-08T14:55:25.580473,2,1876,FRAME,509.25,111.702,-4.877,1.1,120,204,,,
2026-09-08T14:55:25.597434,2,1877,FRAME,504.372,112.803,-4.877,1.1,120,197,,,
2026-09-08T14:55:25.615129,2,1878,FRAME,499.495,113.903,-4.877,1.1,120,204,,,
2026-09-08T14:55:25.631754,2,1879,FRAME,494.617,115.003,-4.877,1.1,120,197,,,
2026-09-08T14:55:25.647489,2,1880,FRAME,489.74,116.103,-4.877,1.1,120,204,,,
2026-09-08T14:55:25.664183,2,1881,FRAME,484.862,117.203,-4.877,1.1,120,197,,,
2026-09-08T14:55:25.680982,2,1882,FRAME,479.985,118.304,-4.877,1.1,120,204,,,
2026-09-08T14:55:25.696792,2,1883,FRAME,475.108,119.404,-4.877,1.1,120,197,,,
2026-09-08T14:55:25.712908,2,1884,FRAME,470.23,120.504,-4.877,1.1,120,204,,,
2026-09-08T14:55:25.728631,2,1885,FRAME,465.353,121.604,-4.877,1.1,120,197,,,
2026-09-08T14:55:25.745599,2,1886,FRAME,460.475,122.704,-4.877,1.1,120,204,,,
2026-09-08T14:55:25.762272,2,1887,FRAME,455.598,123.805,-4.877,1.1,120,197,,,
2026-09-08T14:55:25.778814,2,1888,FRAME,450.72,124.905,-4.877,1.1,120,204,,,
2026-09-08T14:55:25.795066,2,1889,FRAME,445.843,126.005,-4.877,1.1,120,197,,,
2026-09-08T14:55:25.810521,2,1890,FRAME,440.965,127.105,-4.877,1.1,120,204,,,
2026-09-08T14:55:25.827711,2,1891,FRAME,436.088,128.205,-4.877,1.1,120,197,,,
2026-09-08T14:55:25.843940,2,1892,FRAME,431.21,129.306,-4.877,1.1,120,204,,,
2026-09-08T14:55:25.859424,2,1893,FRAME,426.333,130.406,-4.877,1.1,120,197,,,
2026-09-08T14:55:25.876858,2,1894,FRAME,421.456,131.506,-4.877,1.1,120,204,,,
2026-09-08T14:55:25.892600,2,1895,FRAME,416.578,132.606,-4.877,1.1,120,197,,,
2026-09-08T14:55:25.909502,2,1896,FRAME,411.701,133.706,-4.877,1.1,120,204,,,
2026-09-08T14:55:25.926731,2,1897,FRAME,406.823,134.807,-4.877,1.1,120,197,,,
2026-09-08T14:55:25.943777,2,1898,FRAME,401.946,135.907,-4.877,1.1,120,204,,,
2026-09-08T14:55:25.959637,2,1899,FRAME,397.068,137.007,-4.877,1.1,120,197,,,
2026-09-08T14:55:25.977208,2,1900,FRAME,392.191,138.107,-4.877,1.1,120,204,,,
2026-09-08T14:55:25.993719,2,1901,FRAME,387.313,139.207,-4.877,1.1,120,197,,,
2026-09-08T14:55:26.010576,2,1902,FRAME,382.436,140.307,-4.877,1.1,120,204,,,
2026-09-08T14:55:26.027492,2,1903,FRAME,377.558,141.408,-4.877,1.1,120,197,,,
2026-09-08T14:55:26.044730,2,1904,FRAME,372.681,142.508,-4.877,1.1,120,204,,,
2026-09-08T14:55:26.061279,2,1905,FRAME,367.804,143.608,-4.877,1.1,120,197,,,
2026-09-08T14:55:26.077889,2,1906,FRAME,362.926,144.708,-4.877,1.1,120,204,,,
2026-09-08T14:55:26.094038,2,1907,FRAME,358.049,145.808,-4.877,1.1,120,197,,,
2026-09-08T14:55:26.110060,2,1908,FRAME,353.171,146.909,-4.877,1.1,120,204,,,
2026-09-08T14:55:26.125779,2,1909,FRAME,348.294,148.009,-4.877,1.1,120,197,,,
2026-09-08T14:55:26.142247,2,1910,FRAME,343.416,149.109,-4.877,1.1,120,204,,,
2026-09-08T14:55:26.159561,2,1911,FRAME,338.539,150.209,-4.877,1.1,120,197,,,
2026-09-08T14:55:26.176667,2,1912,FRAME,333.661,151.309,-4.877,1.1,120,204,,,
2026-09-08T14:55:26.192826,2,1913,FRAME,328.784,152.41,-4.877,1.1,120,197,,,
2026-09-08T14:55:26.208590,2,1914,FRAME,323.906,153.51,-4.877,1.1,120,204,,,
2026-09-08T14:55:26.225056,2,1915,FRAME,319.029,154.61,-4.877,1.1,120,197,,,
2026-09-08T14:55:26.242438,2,1916,FRAME,314.151,155.71,-4.877,1.1,120,204,,,
2026-09-08T14:55:26.259894,2,1917,FRAME,309.274,156.81,-4.877,1.1,120,197,,,
2026-09-08T14:55:26.275984,2,1918,FRAME,304.397,157.911,-4.877,1.1,120,204,,,
2026-09-08T14:55:26.291602,2,1919,FRAME,299.519,159.011,-4.877,1.1,120,197,,,
2026-09-08T14:55:26.309060,2,1920,FRAME,294.642,160.111,-4.877,1.1,120,204,,,
2026-09-08T14:55:26.325746,2,1921,FRAME,289.764,161.211,-4.877,1.1,120,197,,,
2026-09-08T14:55:26.341624,2,1922,FRAME,284.887,162.311,-4.877,1.1,120,204,,,
2026-09-08T14:55:26.358148,2,1923,FRAME,280.009,163.411,-4.877,1.1,120,197,,,
2026-09-08T14:55:26.375170,2,1924,FRAME,275.132,164.512,-4.877,1.1,120,204,,,
2026-09-08T14:55:26.391720,2,1925,FRAME,270.254,165.612,-4.877,1.1,120,197,,,
2026-09-08T14:55:26.407936,2,1926,FRAME,265.377,166.712,-4.877,1.1,120,204,,,
2026-09-08T14:55:26.424171,2,1927,FRAME,260.499,167.812,-4.877,1.1,120,197,,,
2026-09-08T14:55:26.440720,2,1928,FRAME,255.622,168.912,-4.877,1.1,120,204,,,
2026-09-08T14:55:26.457759,2,1929,FRAME,250.745,170.013,-4.877,1.1,120,197,,,
2026-09-08T14:55:26.473401,2,1930,FRAME,245.867,171.113,-4.877,1.1,120,204,,,
2026-09-08T14:55:26.490754,2,1931,FRAME,240.99,172.213,-4.877,1.1,120,197,,,
2026-09-08T14:55:26.507808,2,1932,FRAME,236.112,173.313,-4.877,1.1,120,204,,,
2026-09-08T14:55:26.523611,2,1933,FRAME,231.235,174.413,-4.877,1.1,120,197,,,
2026-09-08T14:55:26.540886,2,1934,FRAME,226.357,175.514,-4.877,1.1,120,204,,,
2026-09-08T14:55:26.557104,2,1935,FRAME,221.48,176.614,-4.877,1.1,120,197,,,
2026-09-08T14:55:26.572677,2,1936,FRAME,216.602,177.714,-4.877,1.1,120,204,,,
2026-09-08T14:55:26.590057,2,1937,FRAME,211.725,178.814,-4.877,1.1,120,197,,,
2026-09-08T14:55:26.606380,2,1938,FRAME,206.847,179.914,-4.877,1.1,120,204,,,
2026-09-08T14:55:26.622150,2,1939,FRAME,201.97,181.015,-4.877,1.1,120,197,,,
2026-09-08T14:55:26.639078,2,1940,FRAME,197.093,182.115,-4.877,1.1,120,204,,,
2026-09-08T14:55:26.654489,2,1941,FRAME,192.215,183.215,-4.877,1.1,120,197,,,
2026-09-08T14:55:26.671858,2,1942,FRAME,187.338,184.315,-4.877,1.1,120,204,,,
2026-09-08T14:55:26.688002,2,1943,FRAME,182.46,185.415,-4.877,1.1,120,197,,,
2026-09-08T14:55:26.704965,2,1944,FRAME,177.583,186.516,-4.877,1.1,120,204,,,
2026-09-08T14:55:26.720927,2,1945,FRAME,172.705,187.616,-4.877,1.1,120,197,,,
2026-09-08T14:55:26.737050,2,1946,FRAME,167.828,188.716,-4.877,1.1,120,204,,,
2026-09-08T14:55:26.753081,2,1947,FRAME,162.95,189.816,-4.877,1.1,120,197,,,
2026-09-08T14:55:26.770535,2,1948,FRAME,158.073,190.916,-4.877,1.1,120,204,,,
2026-09-08T14:55:26.787862,2,1949,FRAME,153.195,192.016,-4.877,1.1,120,197,,,
2026-09-08T14:55:26.803336,2,1950,FRAME,148.318,193.117,-4.877,1.1,120,204,,,
2026-09-08T14:55:26.820083,2,1951,FRAME,143.441,194.217,-4.877,1.1,120,197,,,
2026-09-08T14:55:26.835643,2,1952,FRAME,138.563,195.317,-4.877,1.1,120,204,,,
2026-09-08T14:55:26.852855,2,1953,FRAME,133.686,196.417,-4.877,1.1,120,197,,,
2026-09-08T14:55:26.868794,2,1954,FRAME,128.808,197.517,-4.877,1.1,120,204,,,
2026-09-08T14:55:26.884883,2,1955,FRAME,123.931,198.618,-4.877,1.1,120,197,,,
2026-09-08T14:55:26.900796,2,1956,FRAME,119.053,199.718,-4.877,1.1,120,204,,,
2026-09-08T14:55:26.917045,2,1957,FRAME,114.176,200.818,-4.877,1.1,120,197,,,
2026-09-08T14:55:26.932818,2,1958,FRAME,109.298,201.918,-4.877,1.1,120,204,,,
2026-09-08T14:55:26.948329,2,1959,FRAME,104.421,203.018,-4.877,1.1,120,197,,,
2026-09-08T14:55:26.965234,2,1960,FRAME,99.543,204.119,-4.877,1.1,120,204,,,
2026-09-08T14:55:26.982171,2,1961,FRAME,94.666,205.219,-4.877,1.1,120,197,,,
2026-09-08T14:55:26.999376,2,1962,FRAME,89.789,206.319,-4.877,1.1,120,204,,,
2026-09-08T14:55:27.016090,2,1963,FRAME,84.911,207.419,-4.877,1.1,120,197,,,
2026-09-08T14:55:27.032782,2,1964,FRAME,80.034,208.519,-4.877,1.1,120,204,,,
2026-09-08T14:55:27.048339,2,1965,FRAME,75.156,209.62,-4.877,1.1,120,197,,,
2026-09-08T14:55:27.065040,2,1966,FRAME,70.279,210.72,-4.877,1.1,120,204,,,
2026-09-08T14:55:27.080844,2,1967,FRAME,65.401,211.82,-4.877,1.1,120,197,,,
2026-09-08T14:55:27.096865,2,1968,FRAME,60.524,212.92,-4.877,1.1,120,204,,,
2026-09-08T14:55:27.113111,2,1969,FRAME,55.646,214.02,-4.877,1.1,120,197,,,
2026-09-08T14:55:27.129752,2,1970,FRAME,50.769,215.12,-4.877,1.1,120,204,,,
2026-09-08T14:55:27.146968,2,1971,FRAME,45.891,216.221,-4.877,1.1,120,197,,,
2026-09-08T14:55:27.162558,2,1972,FRAME,41.014,217.321,-4.877,1.1,120,204,,,
2026-09-08T14:55:27.179776,2,1973,FRAME,36.136,218.421,-4.877,1.1,120,197,,,
2026-09-08T14:55:27.195724,2,1974,FRAME,31.259,219.521,-4.877,1.1,120,204,,,
2026-09-08T14:55:27.212622,2,1975,FRAME,26.382,220.621,-4.877,1.1,120,197,,,
2026-09-08T14:55:27.229879,2,1976,FRAME,21.504,221.722,-4.877,1.1,120,204,,,
2026-09-08T14:55:27.245741,2,1977,FRAME,16.627,222.822,-4.877,1.1,120,197,,,
2026-09-08T14:55:27.261518,2,1978,FRAME,11.749,223.922,-4.877,1.1,120,204,,,
2026-09-08T14:55:27.278893,2,1979,FRAME,6.872,225.022,-4.877,1.1,120,197,,,
2026-09-08T14:55:27.295006,2,1980,FRAME,1.994,226.122,-4.877,1.1,120,204,,,
2026-09-08T14:55:27.310610,2,1981,FRAME,-2.883,227.223,-4.877,1.1,120,197,,,
2026-09-08T14:55:27.327696,2,1982,FRAME,-7.761,228.323,-4.877,1.1,120,204,,,
2026-09-08T14:55:27.344954,2,1983,MISS_LEFT,-12.638,229.423,-4.877,1.1,120,197,,,RIGHT
2026-09-08T14:55:27.345468,3,1984,FRAME,312.438,387.317,4.487,-2.206,120,197,,,
2026-09-08T14:55:27.361163,3,1985,FRAME,316.925,385.112,4.487,-2.206,120,190,,,
2026-09-08T14:55:27.377812,3,1986,FRAME,321.412,382.906,4.487,-2.206,120,183,,,
2026-09-08T14:55:27.394063,3,1987,FRAME,325.899,380.7,4.487,-2.206,120,176,,,
2026-09-08T14:55:27.410782,3,1988,FRAME,330.386,378.494,4.487,-2.206,120,169,,,
2026-09-08T14:55:27.426774,3,1989,FRAME,334.873,376.288,4.487,-2.206,120,162,,,
2026-09-08T14:55:27.442417,3,1990,FRAME,339.361,374.083,4.487,-2.206,120,155,,,
2026-09-08T14:55:27.458989,3,1991,FRAME,343.848,371.877,4.487,-2.206,120,148,,,
2026-09-08T14:55:27.475218,3,1992,FRAME,348.335,369.671,4.487,-2.206,120,141,,,
2026-09-08T14:55:27.491818,3,1993,FRAME,352.822,367.465,4.487,-2.206,120,134,,,
2026-09-08T14:55:27.507657,3,1994,FRAME,357.309,365.259,4.487,-2.206,120,127,,,
2026-09-08T14:55:27.523862,3,1995,FRAME,361.796,363.054,4.487,-2.206,120,134,,,
2026-09-08T14:55:27.540025,3,1996,FRAME,366.283,360.848,4.487,-2.206,120,127,,,
2026-09-08T14:55:27.556890,3,1997,FRAME,370.771,358.642,4.487,-2.206,120,134,,,
2026-09-08T14:55:27.572683,3,1998,FRAME,375.258,356.436,4.487,-2.206,120,127,,,
2026-09-08T14:55:27.589188,3,1999,FRAME,379.745,354.23,4.487,-2.206,120,134,,,
2026-09-08T14:55:27.606128,3,2000,FRAME,384.232,352.025,4.487,-2.206,120,127,,,
2026-09-08T14:55:27.623381,3,2001,FRAME,388.719,349.819,4.487,-2.206,120,134,,,
2026-09-08T14:55:27.640644,3,2002,FRAME,393.206,347.613,4.487,-2.206,120,127,,,
2026-09-08T14:55:27.657066,3,2003,FRAME,397.693,345.407,4.487,-2.206,120,134,,,
2026-09-08T14:55:27.674148,3,2004,FRAME,402.18,343.201,4.487,-2.206,120,127,,,
2026-09-08T14:55:27.691428,3,2005,FRAME,406.668,340.996,4.487,-2.206,120,134,,,
2026-09-08T14:55:27.708037,3,2006,FRAME,411.155,338.79,4.487,-2.206,120,127,,,
2026-09-08T14:55:27.725809,3,2007,FRAME,415.642,336.584,4.487,-2.206,120,134,,,
2026-09-08T14:55:27.741924,3,2008,FRAME,420.129,334.378,4.487,-2.206,120,127,,,
2026-09-08T14:55:27.757497,3,2009,FRAME,424.616,332.172,4.487,-2.206,120,134,,,
2026-09-08T14:55:27.775327,3,2010,FRAME,429.103,329.966,4.487,-2.206,120,127,,,
2026-09-08T14:55:27.791995,3,2011,FRAME,433.59,327.761,4.487,-2.206,120,134,,,
2026-09-08T14:55:27.809110,3,2012,FRAME,438.078,325.555,4.487,-2.206,120,127,,,
2026-09-08T14:55:27.825934,3,2013,FRAME,442.565,323.349,4.487,-2.206,120,134,,,
2026-09-08T14:55:27.841622,3,2014,FRAME,447.052,321.143,4.487,-2.206,120,127,,,
2026-09-08T14:55:27.859003,3,2015,FRAME,451.539,318.937,4.487,-2.206,120,134,,,
2026-09-08T14:55:27.876718,3,2016,FRAME,456.026,316.732,4.487,-2.206,120,127,,,
2026-09-08T14:55:27.892619,3,2017,FRAME,460.513,314.526,4.487,-2.206,120,134,,,
2026-09-08T14:55:27.909874,3,2018,FRAME,465.0,312.32,4.487,-2.206,120,127,,,
2026-09-08T14:55:27.925993,3,2019,FRAME,469.488,310.114,4.487,-2.206,120,134,,,
2026-09-08T14:55:27.941426,3,2020,FRAME,473.975,307.908,4.487,-2.206,120,127,,,
2026-09-08T14:55:27.958590,3,2021,FRAME,478.462,305.703,4.487,-2.206,120,134,,,
2026-09-08T14:55:27.975291,3,2022,FRAME,482.949,303.497,4.487,-2.206,120,127,,,
2026-09-08T14:55:27.991774,3,2023,FRAME,487.436,301.291,4.487,-2.206,120,134,,,
2026-09-08T14:55:28.007665,3,2024,FRAME,491.923,299.085,4.487,-2.206,120,127,,,
2026-09-08T14:55:28.023630,3,2025,FRAME,496.41,296.879,4.487,-2.206,120,134,,,
2026-09-08T14:55:28.039526,3,2026,FRAME,500.898,294.674,4.487,-2.206,120,127,,,
2026-09-08T14:55:28.056111,3,2027,FRAME,505.385,292.468,4.487,-2.206,120,134,,,
2026-09-08T14:55:28.072218,3,2028,FRAME,509.872,290.262,4.487,-2.206,120,127,,,
2026-09-08T14:55:28.089160,3,2029,FRAME,514.359,288.056,4.487,-2.206,120,134,,,
2026-09-08T14:55:28.105768,3,2030,FRAME,518.846,285.85,4.487,-2.206,120,127,,,
2026-09-08T14:55:28.121865,3,2031,FRAME,523.333,283.645,4.487,-2.206,120,134,,,
2026-09-08T14:55:28.137716,3,2032,FRAME,527.82,281.439,4.487,-2.206,120,127,,,
2026-09-08T14:55:28.154063,3,2033,FRAME,532.308,279.233,4.487,-2.206,120,134,,,
2026-09-08T14:55:28.170169,3,2034,FRAME,536.795,277.027,4.487,-2.206,127,127,,,
2026-09-08T14:55:28.187805,3,2035,FRAME,541.282,274.821,4.487,-2.206,134,134,,,
2026-09-08T14:55:28.203681,3,2036,FRAME,545.769,272.616,4.487,-2.206,141,127,,,
2026-09-08T14:55:28.219775,3,2037,FRAME,550.256,270.41,4.487,-2.206,148,134,,,
2026-09-08T14:55:28.235542,3,2038,FRAME,554.743,268.204,4.487,-2.206,155,127,,,
2026-09-08T14:55:28.252610,3,2039,FRAME,559.23,265.998,4.487,-2.206,162,134,,,
2026-09-08T14:55:28.269687,3,2040,FRAME,563.718,263.792,4.487,-2.206,169,127,,,
2026-09-08T14:55:28.286697,3,2041,FRAME,568.205,261.587,4.487,-2.206,176,134,,,
2026-09-08T14:55:28.303984,3,2042,FRAME,572.692,259.381,4.487,-2.206,183,127,,,
2026-09-08T14:55:28.319822,3,2043,FRAME,577.179,257.175,4.487,-2.206,190,134,,,
2026-09-08T14:55:28.335960,3,2044,FRAME,581.666,254.969,4.487,-2.206,190,127,,,
2026-09-08T14:55:28.352554,3,2045,FRAME,586.153,252.763,4.487,-2.206,190,134,,,
2026-09-08T14:55:28.368950,3,2046,FRAME,590.64,250.557,4.487,-2.206,190,127,,,
2026-09-08T14:55:28.385133,3,2047,FRAME,595.128,248.352,4.487,-2.206,190,134,,,
2026-09-08T14:55:28.401883,3,2048,FRAME,599.615,246.146,4.487,-2.206,190,127,,,
2026-09-08T14:55:28.417805,3,2049,FRAME,604.102,243.94,4.487,-2.206,190,134,,,
2026-09-08T14:55:28.433791,3,2050,FRAME,608.589,241.734,4.487,-2.206,190,127,,,
2026-09-08T14:55:28.449306,3,2051,FRAME,613.076,239.528,4.487,-2.206,190,134,,,
2026-09-08T14:55:28.466938,3,2052,FRAME,617.563,237.323,4.487,-2.206,190,127,,,
2026-09-08T14:55:28.482933,3,2053,FRAME,622.05,235.117,4.487,-2.206,190,134,,,
2026-09-08T14:55:28.498807,3,2054,FRAME,626.537,232.911,4.487,-2.206,190,127,,,
2026-09-08T14:55:28.515176,3,2055,FRAME,631.025,230.705,4.487,-2.206,190,134,,,
2026-09-08T14:55:28.532536,3,2056,FRAME,635.512,228.499,4.487,-2.206,190,127,,,
2026-09-08T14:55:28.549479,3,2057,FRAME,639.999,226.294,4.487,-2.206,190,134,,,
2026-09-08T14:55:28.566125,3,2058,FRAME,644.486,224.088,4.487,-2.206,190,127,,,
2026-09-08T14:55:28.582892,3,2059,FRAME,648.973,221.882,4.487,-2.206,190,134,,,
2026-09-08T14:55:28.599114,3,2060,FRAME,653.46,219.676,4.487,-2.206,190,127,,,
2026-09-08T14:55:28.615895,3,2061,FRAME,657.947,217.47,4.487,-2.206,190,134,,,
2026-09-08T14:55:28.631878,3,2062,FRAME,662.435,215.265,4.487,-2.206,190,127,,,
2026-09-08T14:55:28.648362,3,2063,FRAME,666.922,213.059,4.487,-2.206,190,134,,,
2026-09-08T14:55:28.664974,3,2064,FRAME,671.409,210.853,4.487,-2.206,190,127,,,
2026-09-08T14:55:28.680804,3,2065,FRAME,675.896,208.647,4.487,-2.206,190,134,,,
2026-09-08T14:55:28.696442,3,2066,FRAME,680.383,206.441,4.487,-2.206,190,127,,,
2026-09-08T14:55:28.713148,3,2067,FRAME,684.87,204.236,4.487,-2.206,190,134,,,
2026-09-08T14:55:28.728711,3,2068,FRAME,689.357,202.03,4.487,-2.206,190,127,,,
2026-09-08T14:55:28.745580,3,2069,FRAME,693.845,199.824,4.487,-2.206,190,134,,,
2026-09-08T14:55:28.762550,3,2070,FRAME,698.332,197.618,4.487,-2.206,190,127,,,
2026-09-08T14:55:28.779049,3,2071,FRAME,702.819,195.412,4.487,-2.206,190,134,,,
2026-09-08T14:55:28.795856,3,2072,FRAME,707.306,193.207,4.487,-2.206,190,127,,,
2026-09-08T14:55:28.812006,3,2073,FRAME,711.793,191.001,4.487,-2.206,190,134,,,
2026-09-08T14:55:28.828786,3,2074,FRAME,716.28,188.795,4.487,-2.206,190,127,,,
2026-09-08T14:55:28.845266,3,2075,FRAME,720.767,186.589,4.487,-2.206,190,134,,,
2026-09-08T14:55:28.862313,3,2076,FRAME,725.255,184.383,4.487,-2.206,190,127,,,
2026-09-08T14:55:28.879483,3,2077,FRAME,729.742,182.178,4.487,-2.206,190,134,,,
2026-09-08T14:55:28.895892,3,2078,FRAME,734.229,179.972,4.487,-2.206,190,127,,,
2026-09-08T14:55:28.911792,3,2079,FRAME,738.716,177.766,4.487,-2.206,190,134,,,
2026-09-08T14:55:28.927849,3,2080,FRAME,743.203,175.56,4.487,-2.206,190,127,,,
2026-09-08T14:55:28.943798,3,2081,FRAME,747.69,173.354,4.487,-2.206,190,127,,,
2026-09-08T14:55:28.959554,3,2082,FRAME,752.177,171.148,4.487,-2.206,190,127,,,
2026-09-08T14:55:28.976914,3,2083,FRAME,756.665,168.943,4.487,-2.206,190,127,,,
2026-09-08T14:55:28.992640,3,2084,RIGHT_HIT,758,166.737,-4.98,-0.446,190,127,-0.085,-5.116,
2026-09-08T14:55:28.992640,3,2085,FRAME,758,166.737,-4.98,-0.446,190,127,,,
2026-09-08T14:55:29.009669,3,2086,FRAME,753.02,166.291,-4.98,-0.446,190,134,,,
2026-09-08T14:55:29.025630,3,2087,FRAME,748.04,165.845,-4.98,-0.446,190,141,,,
2026-09-08T14:55:29.042692,3,2088,FRAME,743.06,165.399,-4.98,-0.446,190,148,,,
2026-09-08T14:55:29.059316,3,2089,FRAME,738.08,164.954,-4.98,-0.446,190,155,,,
2026-09-08T14:55:29.076655,3,2090,FRAME,733.1,164.508,-4.98,-0.446,190,162,,,
2026-09-08T14:55:29.093805,3,2091,FRAME,728.12,164.062,-4.98,-0.446,190,169,,,
2026-09-08T14:55:29.109748,3,2092,FRAME,723.139,163.616,-4.98,-0.446,190,176,,,
2026-09-08T14:55:29.126042,3,2093,FRAME,718.159,163.17,-4.98,-0.446,190,183,,,
2026-09-08T14:55:29.142641,3,2094,FRAME,713.179,162.724,-4.98,-0.446,190,190,,,
2026-09-08T14:55:29.158979,3,2095,FRAME,708.199,162.278,-4.98,-0.446,190,197,,,
2026-09-08T14:55:29.175276,3,2096,FRAME,703.219,161.833,-4.98,-0.446,190,204,,,
2026-09-08T14:55:29.191703,3,2097,FRAME,698.239,161.387,-4.98,-0.446,190,197,,,
2026-09-08T14:55:29.207823,3,2098,FRAME,693.259,160.941,-4.98,-0.446,190,204,,,
2026-09-08T14:55:29.223402,3,2099,FRAME,688.279,160.495,-4.98,-0.446,190,197,,,
2026-09-08T14:55:29.240646,3,2100,FRAME,683.299,160.049,-4.98,-0.446,190,204,,,
2026-09-08T14:55:29.257151,3,2101,FRAME,678.319,159.603,-4.98,-0.446,190,197,,,
2026-09-08T14:55:29.274125,3,2102,FRAME,673.339,159.158,-4.98,-0.446,190,204,,,
2026-09-08T14:55:29.290697,3,2103,FRAME,668.359,158.712,-4.98,-0.446,190,197,,,
2026-09-08T14:55:29.307871,3,2104,FRAME,663.378,158.266,-4.98,-0.446,190,204,,,
2026-09-08T14:55:29.323855,3,2105,FRAME,658.398,157.82,-4.98,-0.446,190,197,,,
2026-09-08T14:55:29.339676,3,2106,FRAME,653.418,157.374,-4.98,-0.446,190,204,,,
2026-09-08T14:55:29.357044,3,2107,FRAME,648.438,156.928,-4.98,-0.446,190,197,,,
2026-09-08T14:55:29.372790,3,2108,FRAME,643.458,156.483,-4.98,-0.446,190,204,,,
2026-09-08T14:55:29.389902,3,2109,FRAME,638.478,156.037,-4.98,-0.446,190,197,,,
2026-09-08T14:55:29.405780,3,2110,FRAME,633.498,155.591,-4.98,-0.446,190,204,,,
2026-09-08T14:55:29.421599,3,2111,FRAME,628.518,155.145,-4.98,-0.446,190,197,,,
2026-09-08T14:55:29.437980,3,2112,FRAME,623.538,154.699,-4.98,-0.446,190,204,,,
2026-09-08T14:55:29.454171,3,2113,FRAME,618.558,154.253,-4.98,-0.446,190,197,,,
2026-09-08T14:55:29.470784,3,2114,FRAME,613.578,153.808,-4.98,-0.446,190,204,,,
2026-09-08T14:55:29.486534,3,2115,FRAME,608.598,153.362,-4.98,-0.446,190,197,,,
2026-09-08T14:55:29.503118,3,2116,FRAME,603.617,152.916,-4.98,-0.446,190,204,,,
2026-09-08T14:55:29.519680,3,2117,FRAME,598.637,152.47,-4.98,-0.446,190,197,,,
2026-09-08T14:55:29.536783,3,2118,FRAME,593.657,152.024,-4.98,-0.446,190,204,,,
2026-09-08T14:55:29.552991,3,2119,FRAME,588.677,151.578,-4.98,-0.446,190,197,,,
2026-09-08T14:55:29.569089,3,2120,FRAME,583.697,151.133,-4.98,-0.446,190,204,,,
2026-09-08T14:55:29.584745,3,2121,FRAME,578.717,150.687,-4.98,-0.446,190,197,,,
2026-09-08T14:55:29.601797,3,2122,FRAME,573.737,150.241,-4.98,-0.446,190,204,,,
2026-09-08T14:55:29.618117,3,2123,FRAME,568.757,149.795,-4.98,-0.446,190,197,,,
2026-09-08T14:55:29.635018,3,2124,FRAME,563.777,149.349,-4.98,-0.446,190,204,,,
2026-09-08T14:55:29.651724,3,2125,FRAME,558.797,148.903,-4.98,-0.446,190,197,,,
2026-09-08T14:55:29.669066,3,2126,FRAME,553.817,148.457,-4.98,-0.446,190,204,,,
2026-09-08T14:55:29.685118,3,2127,FRAME,548.837,148.012,-4.98,-0.446,190,197,,,
2026-09-08T14:55:29.702077,3,2128,FRAME,543.856,147.566,-4.98,-0.446,190,204,,,
2026-09-08T14:55:29.718013,3,2129,FRAME,538.876,147.12,-4.98,-0.446,190,197,,,
2026-09-08T14:55:29.734845,3,2130,FRAME,533.896,146.674,-4.98,-0.446,190,204,,,
2026-09-08T14:55:29.750727,3,2131,FRAME,528.916,146.228,-4.98,-0.446,190,197,,,
2026-09-08T14:55:29.767086,3,2132,FRAME,523.936,145.782,-4.98,-0.446,190,204,,,
2026-09-08T14:55:29.783107,3,2133,FRAME,518.956,145.337,-4.98,-0.446,190,197,,,
2026-09-08T14:55:29.799669,3,2134,FRAME,513.976,144.891,-4.98,-0.446,190,204,,,
2026-09-08T14:55:29.816767,3,2135,FRAME,508.996,144.445,-4.98,-0.446,190,197,,,
2026-09-08T14:55:29.832834,3,2136,FRAME,504.016,143.999,-4.98,-0.446,190,204,,,
2026-09-08T14:55:29.848410,3,2137,FRAME,499.036,143.553,-4.98,-0.446,190,197,,,
2026-09-08T14:55:29.865293,3,2138,FRAME,494.056,143.107,-4.98,-0.446,190,204,,,
2026-09-08T14:55:29.881959,3,2139,FRAME,489.076,142.662,-4.98,-0.446,190,197,,,
2026-09-08T14:55:29.898176,3,2140,FRAME,484.095,142.216,-4.98,-0.446,190,204,,,
2026-09-08T14:55:29.915249,3,2141,FRAME,479.115,141.77,-4.98,-0.446,190,197,,,
2026-09-08T14:55:29.931853,3,2142,FRAME,474.135,141.324,-4.98,-0.446,190,204,,,
2026-09-08T14:55:29.948151,3,2143,FRAME,469.155,140.878,-4.98,-0.446,190,197,,,
2026-09-08T14:55:29.965443,3,2144,FRAME,464.175,140.432,-4.98,-0.446,190,204,,,
2026-09-08T14:55:29.982018,3,2145,FRAME,459.195,139.987,-4.98,-0.446,190,197,,,
2026-09-08T14:55:29.999109,3,2146,FRAME,454.215,139.541,-4.98,-0.446,190,204,,,
2026-09-08T14:55:30.015725,3,2147,FRAME,449.235,139.095,-4.98,-0.446,190,197,,,
2026-09-08T14:55:30.031794,3,2148,FRAME,444.255,138.649,-4.98,-0.446,190,204,,,
2026-09-08T14:55:30.048335,3,2149,FRAME,439.275,138.203,-4.98,-0.446,190,197,,,
2026-09-08T14:55:30.065022,3,2150,FRAME,434.295,137.757,-4.98,-0.446,190,204,,,
2026-09-08T14:55:30.080764,3,2151,FRAME,429.315,137.312,-4.98,-0.446,190,197,,,
2026-09-08T14:55:30.097226,3,2152,FRAME,424.334,136.866,-4.98,-0.446,190,204,,,
2026-09-08T14:55:30.114272,3,2153,FRAME,419.354,136.42,-4.98,-0.446,190,197,,,
2026-09-08T14:55:30.130764,3,2154,FRAME,414.374,135.974,-4.98,-0.446,190,204,,,
2026-09-08T14:55:30.147064,3,2155,FRAME,409.394,135.528,-4.98,-0.446,190,197,,,
2026-09-08T14:55:30.163437,3,2156,FRAME,404.414,135.082,-4.98,-0.446,190,204,,,
2026-09-08T14:55:30.180666,3,2157,FRAME,399.434,134.636,-4.98,-0.446,190,197,,,
2026-09-08T14:55:30.197434,3,2158,FRAME,394.454,134.191,-4.98,-0.446,190,204,,,
2026-09-08T14:55:30.215096,3,2159,FRAME,389.474,133.745,-4.98,-0.446,190,197,,,
2026-09-08T14:55:30.231734,3,2160,FRAME,384.494,133.299,-4.98,-0.446,190,204,,,
2026-09-08T14:55:30.248194,3,2161,FRAME,379.514,132.853,-4.98,-0.446,190,197,,,
2026-09-08T14:55:30.264996,3,2162,FRAME,374.534,132.407,-4.98,-0.446,190,204,,,
2026-09-08T14:55:30.280381,3,2163,FRAME,369.554,131.961,-4.98,-0.446,190,197,,,
2026-09-08T14:55:30.297192,3,2164,FRAME,364.573,131.516,-4.98,-0.446,190,204,,,
2026-09-08T14:55:30.314089,3,2165,FRAME,359.593,131.07,-4.98,-0.446,190,197,,,
2026-09-08T14:55:30.331013,3,2166,FRAME,354.613,130.624,-4.98,-0.446,190,204,,,
2026-09-08T14:55:30.347646,3,2167,FRAME,349.633,130.178,-4.98,-0.446,190,197,,,
2026-09-08T14:55:30.365406,3,2168,FRAME,344.653,129.732,-4.98,-0.446,190,204,,,
2026-09-08T14:55:30.382557,3,2169,FRAME,339.673,129.286,-4.98,-0.446,190,197,,,
2026-09-08T14:55:30.399926,3,2170,FRAME,334.693,128.841,-4.98,-0.446,190,204,,,
2026-09-08T14:55:30.415755,3,2171,FRAME,329.713,128.395,-4.98,-0.446,190,197,,,
2026-09-08T14:55:30.432113,3,2172,FRAME,324.733,127.949,-4.98,-0.446,190,204,,,
2026-09-08T14:55:30.449003,3,2173,FRAME,319.753,127.503,-4.98,-0.446,190,197,,,
2026-09-08T14:55:30.465777,3,2174,FRAME,314.773,127.057,-4.98,-0.446,190,204,,,
2026-09-08T14:55:30.482052,3,2175,FRAME,309.793,126.611,-4.98,-0.446,190,197,,,
2026-09-08T14:55:30.498542,3,2176,FRAME,304.812,126.166,-4.98,-0.446,190,204,,,
2026-09-08T14:55:30.515156,3,2177,FRAME,299.832,125.72,-4.98,-0.446,190,197,,,
2026-09-08T14:55:30.530962,3,2178,FRAME,294.852,125.274,-4.98,-0.446,190,204,,,
2026-09-08T14:55:30.547447,3,2179,FRAME,289.872,124.828,-4.98,-0.446,190,197,,,
2026-09-08T14:55:30.564123,3,2180,FRAME,284.892,124.382,-4.98,-0.446,190,204,,,
2026-09-08T14:55:30.581007,3,2181,FRAME,279.912,123.936,-4.98,-0.446,190,197,,,
2026-09-08T14:55:30.597004,3,2182,FRAME,274.932,123.49,-4.98,-0.446,190,204,,,
2026-09-08T14:55:30.612948,3,2183,FRAME,269.952,123.045,-4.98,-0.446,190,197,,,
2026-09-08T14:55:30.629096,3,2184,FRAME,264.972,122.599,-4.98,-0.446,190,204,,,
2026-09-08T14:55:30.645167,3,2185,FRAME,259.992,122.153,-4.98,-0.446,190,197,,,
2026-09-08T14:55:30.661809,3,2186,FRAME,255.012,121.707,-4.98,-0.446,190,204,,,
2026-09-08T14:55:30.677817,3,2187,FRAME,250.032,121.261,-4.98,-0.446,190,197,,,
2026-09-08T14:55:30.694029,3,2188,FRAME,245.051,120.815,-4.98,-0.446,190,204,,,
2026-09-08T14:55:30.709830,3,2189,FRAME,240.071,120.37,-4.98,-0.446,190,197,,,
2026-09-08T14:55:30.725881,3,2190,FRAME,235.091,119.924,-4.98,-0.446,190,204,,,
2026-09-08T14:55:30.741895,3,2191,FRAME,230.111,119.478,-4.98,-0.446,190,197,,,
2026-09-08T14:55:30.757684,3,2192,FRAME,225.131,119.032,-4.98,-0.446,190,204,,,
2026-09-08T14:55:30.774978,3,2193,FRAME,220.151,118.586,-4.98,-0.446,190,197,,,
2026-09-08T14:55:30.791010,3,2194,FRAME,215.171,118.14,-4.98,-0.446,190,204,,,
2026-09-08T14:55:30.806769,3,2195,FRAME,210.191,117.695,-4.98,-0.446,190,197,,,
2026-09-08T14:55:30.823969,3,2196,FRAME,205.211,117.249,-4.98,-0.446,190,204,,,
2026-09-08T14:55:30.839793,3,2197,FRAME,200.231,116.803,-4.98,-0.446,190,197,,,
2026-09-08T14:55:30.855749,3,2198,FRAME,195.251,116.357,-4.98,-0.446,190,204,,,
2026-09-08T14:55:30.871372,3,2199,FRAME,190.271,115.911,-4.98,-0.446,190,197,,,
2026-09-08T14:55:30.888389,3,2200,FRAME,185.29,115.465,-4.98,-0.446,190,204,,,
2026-09-08T14:55:30.904883,3,2201,FRAME,180.31,115.02,-4.98,-0.446,190,197,,,
2026-09-08T14:55:30.920996,3,2202,FRAME,175.33,114.574,-4.98,-0.446,190,204,,,
2026-09-08T14:55:30.938307,3,2203,FRAME,170.35,114.128,-4.98,-0.446,190,197,,,
2026-09-08T14:55:30.955093,3,2204,FRAME,165.37,113.682,-4.98,-0.446,190,204,,,
2026-09-08T14:55:30.972622,3,2205,FRAME,160.39,113.236,-4.98,-0.446,190,197,,,
2026-09-08T14:55:30.989977,3,2206,FRAME,155.41,112.79,-4.98,-0.446,190,204,,,
2026-09-08T14:55:31.005712,3,2207,FRAME,150.43,112.345,-4.98,-0.446,190,197,,,
2026-09-08T14:55:31.021333,3,2208,FRAME,145.45,111.899,-4.98,-0.446,190,204,,,
2026-09-08T14:55:31.038737,3,2209,FRAME,140.47,111.453,-4.98,-0.446,190,197,,,
2026-09-08T14:55:31.054853,3,2210,FRAME,135.49,111.007,-4.98,-0.446,190,204,,,
2026-09-08T14:55:31.070770,3,2211,FRAME,130.51,110.561,-4.98,-0.446,190,197,,,
2026-09-08T14:55:31.086844,3,2212,FRAME,125.529,110.115,-4.98,-0.446,190,204,,,
2026-09-08T14:55:31.102905,3,2213,FRAME,120.549,109.669,-4.98,-0.446,190,197,,,
2026-09-08T14:55:31.119167,3,2214,FRAME,115.569,109.224,-4.98,-0.446,190,204,,,
2026-09-08T14:55:31.135706,3,2215,FRAME,110.589,108.778,-4.98,-0.446,190,197,,,
2026-09-08T14:55:31.152742,3,2216,FRAME,105.609,108.332,-4.98,-0.446,190,204,,,
2026-09-08T14:55:31.169694,3,2217,FRAME,100.629,107.886,-4.98,-0.446,190,197,,,
2026-09-08T14:55:31.186995,3,2218,FRAME,95.649,107.44,-4.98,-0.446,190,204,,,
2026-09-08T14:55:31.202748,3,2219,FRAME,90.669,106.994,-4.98,-0.446,190,197,,,
2026-09-08T14:55:31.219268,3,2220,FRAME,85.689,106.549,-4.98,-0.446,190,204,,,
2026-09-08T14:55:31.236609,3,2221,FRAME,80.709,106.103,-4.98,-0.446,190,197,,,
2026-09-08T14:55:31.253728,3,2222,FRAME,75.729,105.657,-4.98,-0.446,190,204,,,
2026-09-08T14:55:31.270632,3,2223,FRAME,70.749,105.211,-4.98,-0.446,190,197,,,
2026-09-08T14:55:31.287901,3,2224,FRAME,65.768,104.765,-4.98,-0.446,190,204,,,
2026-09-08T14:55:31.303940,3,2225,FRAME,60.788,104.319,-4.98,-0.446,190,197,,,
2026-09-08T14:55:31.319689,3,2226,FRAME,55.808,103.874,-4.98,-0.446,190,204,,,
2026-09-08T14:55:31.335692,3,2227,FRAME,50.828,103.428,-4.98,-0.446,190,197,,,
2026-09-08T14:55:31.352782,3,2228,FRAME,45.848,102.982,-4.98,-0.446,190,204,,,
2026-09-08T14:55:31.368699,3,2229,FRAME,40.868,102.536,-4.98,-0.446,190,197,,,
2026-09-08T14:55:31.385731,3,2230,FRAME,35.888,102.09,-4.98,-0.446,190,204,,,
2026-09-08T14:55:31.401954,3,2231,FRAME,30.908,101.644,-4.98,-0.446,190,197,,,
2026-09-08T14:55:31.417997,3,2232,FRAME,25.928,101.199,-4.98,-0.446,190,204,,,
2026-09-08T14:55:31.434063,3,2233,FRAME,20.948,100.753,-4.98,-0.446,190,197,,,
2026-09-08T14:55:31.449777,3,2234,FRAME,15.968,100.307,-4.98,-0.446,190,204,,,
2026-09-08T14:55:31.465884,3,2235,FRAME,10.988,99.861,-4.98,-0.446,190,197,,,
2026-09-08T14:55:31.482432,3,2236,FRAME,6.007,99.415,-4.98,-0.446,190,204,,,
2026-09-08T14:55:31.499405,3,2237,FRAME,1.027,98.969,-4.98,-0.446,190,197,,,
2026-09-08T14:55:31.517102,3,2238,FRAME,-3.953,98.523,-4.98,-0.446,190,204,,,
2026-09-08T14:55:31.532898,3,2239,FRAME,-8.933,98.078,-4.98,-0.446,190,197,,,
2026-09-08T14:55:31.548939,3,2240,MISS_LEFT,-13.913,97.632,-4.98,-0.446,190,204,,,RIGHT
2026-09-08T14:55:31.548939,4,2241,FRAME,400.464,299.997,4.823,-1.317,190,204,,,
2026-09-08T14:55:31.565024,4,2242,FRAME,405.287,298.68,4.823,-1.317,190,197,,,
2026-09-08T14:55:31.582324,4,2243,FRAME,410.111,297.363,4.823,-1.317,190,190,,,
2026-09-08T14:55:31.599423,4,2244,FRAME,414.934,296.045,4.823,-1.317,190,183,,,
2026-09-08T14:55:31.617577,4,2245,FRAME,419.757,294.728,4.823,-1.317,183,176,,,
2026-09-08T14:55:31.632979,4,2246,FRAME,424.581,293.411,4.823,-1.317,176,169,,,
2026-09-08T14:55:31.649135,4,2247,FRAME,429.404,292.094,4.823,-1.317,169,162,,,
2026-09-08T14:55:31.665854,4,2248,FRAME,434.228,290.777,4.823,-1.317,162,169,,,
2026-09-08T14:55:31.682133,4,2249,FRAME,439.051,289.46,4.823,-1.317,162,162,,,
2026-09-08T14:55:31.699392,4,2250,FRAME,443.874,288.143,4.823,-1.317,162,169,,,
2026-09-08T14:55:31.716339,4,2251,FRAME,448.698,286.825,4.823,-1.317,162,162,,,
2026-09-08T14:55:31.733795,4,2252,FRAME,453.521,285.508,4.823,-1.317,162,169,,,
2026-09-08T14:55:31.749784,4,2253,FRAME,458.345,284.191,4.823,-1.317,162,162,,,
2026-09-08T14:55:31.766118,4,2254,FRAME,463.168,282.874,4.823,-1.317,162,169,,,
2026-09-08T14:55:31.782759,4,2255,FRAME,467.991,281.557,4.823,-1.317,162,162,,,
2026-09-08T14:55:31.798607,4,2256,FRAME,472.815,280.24,4.823,-1.317,162,169,,,
2026-09-08T14:55:31.815272,4,2257,FRAME,477.638,278.923,4.823,-1.317,162,162,,,
2026-09-08T14:55:31.832325,4,2258,FRAME,482.462,277.605,4.823,-1.317,162,169,,,
2026-09-08T14:55:31.849605,4,2259,FRAME,487.285,276.288,4.823,-1.317,162,162,,,
2026-09-08T14:55:31.866921,4,2260,FRAME,492.108,274.971,4.823,-1.317,162,169,,,
2026-09-08T14:55:31.882836,4,2261,FRAME,496.932,273.654,4.823,-1.317,162,162,,,
2026-09-08T14:55:31.898557,4,2262,FRAME,501.755,272.337,4.823,-1.317,162,169,,,
2026-09-08T14:55:31.915183,4,2263,FRAME,506.579,271.02,4.823,-1.317,162,162,,,
2026-09-08T14:55:31.931718,4,2264,FRAME,511.402,269.703,4.823,-1.317,162,169,,,
2026-09-08T14:55:31.948283,4,2265,FRAME,516.225,268.385,4.823,-1.317,162,162,,,
2026-09-08T14:55:31.965306,4,2266,FRAME,521.049,267.068,4.823,-1.317,162,169,,,
2026-09-08T14:55:31.982782,4,2267,FRAME,525.872,265.751,4.823,-1.317,162,162,,,
2026-09-08T14:55:31.999192,4,2268,FRAME,530.696,264.434,4.823,-1.317,162,169,,,
2026-09-08T14:55:32.016011,4,2269,FRAME,535.519,263.117,4.823,-1.317,162,162,,,
2026-09-08T14:55:32.031752,4,2270,FRAME,540.342,261.8,4.823,-1.317,162,169,,,
2026-09-08T14:55:32.048046,4,2271,FRAME,545.166,260.483,4.823,-1.317,162,162,,,
2026-09-08T14:55:32.063756,4,2272,FRAME,549.989,259.166,4.823,-1.317,162,169,,,
2026-09-08T14:55:32.080891,4,2273,FRAME,554.812,257.848,4.823,-1.317,155,162,,,
2026-09-08T14:55:32.096991,4,2274,FRAME,559.636,256.531,4.823,-1.317,148,169,,,
2026-09-08T14:55:32.113237,4,2275,FRAME,564.459,255.214,4.823,-1.317,141,162,,,
2026-09-08T14:55:32.129937,4,2276,FRAME,569.283,253.897,4.823,-1.317,134,169,,,
2026-09-08T14:55:32.145521,4,2277,FRAME,574.106,252.58,4.823,-1.317,127,162,,,
2026-09-08T14:55:32.162772,4,2278,FRAME,578.929,251.263,4.823,-1.317,120,169,,,
2026-09-08T14:55:32.178377,4,2279,FRAME,583.753,249.946,4.823,-1.317,113,162,,,
2026-09-08T14:55:32.194811,4,2280,FRAME,588.576,248.628,4.823,-1.317,106,169,,,
2026-09-08T14:55:32.210339,4,2281,FRAME,593.4,247.311,4.823,-1.317,99,162,,,
2026-09-08T14:55:32.227188,4,2282,FRAME,598.223,245.994,4.823,-1.317,92,169,,,
2026-09-08T14:55:32.244128,4,2283,FRAME,603.046,244.677,4.823,-1.317,85,162,,,
2026-09-08T14:55:32.261151,4,2284,FRAME,607.87,243.36,4.823,-1.317,78,169,,,
2026-09-08T14:55:32.276688,4,2285,FRAME,612.693,242.043,4.823,-1.317,71,162,,,
2026-09-08T14:55:32.293868,4,2286,FRAME,617.517,240.726,4.823,-1.317,64,169,,,
2026-09-08T14:55:32.310207,4,2287,FRAME,622.34,239.408,4.823,-1.317,57,162,,,
2026-09-08T14:55:32.327615,4,2288,FRAME,627.163,238.091,4.823,-1.317,57,169,,,
2026-09-08T14:55:32.343757,4,2289,FRAME,631.987,236.774,4.823,-1.317,57,162,,,
2026-09-08T14:55:32.360089,4,2290,FRAME,636.81,235.457,4.823,-1.317,57,169,,,
2026-09-08T14:55:32.376439,4,2291,FRAME,641.634,234.14,4.823,-1.317,57,162,,,
2026-09-08T14:55:32.393236,4,2292,FRAME,646.457,232.823,4.823,-1.317,57,169,,,
2026-09-08T14:55:32.410783,4,2293,FRAME,651.28,231.506,4.823,-1.317,57,162,,,
2026-09-08T14:55:32.428010,4,2294,FRAME,656.104,230.188,4.823,-1.317,57,169,,,
2026-09-08T14:55:32.444047,4,2295,FRAME,660.927,228.871,4.823,-1.317,57,162,,,
2026-09-08T14:55:32.459703,4,2296,FRAME,665.751,227.554,4.823,-1.317,57,169,,,
2026-09-08T14:55:32.476372,4,2297,FRAME,670.574,226.237,4.823,-1.317,57,162,,,
2026-09-08T14:55:32.493053,4,2298,FRAME,675.397,224.92,4.823,-1.317,57,169,,,
2026-09-08T14:55:32.509033,4,2299,FRAME,680.221,223.603,4.823,-1.317,57,162,,,
2026-09-08T14:55:32.524969,4,2300,FRAME,685.044,222.286,4.823,-1.317,57,169,,,
2026-09-08T14:55:32.541031,4,2301,FRAME,689.868,220.969,4.823,-1.317,57,162,,,
2026-09-08T14:55:32.557066,4,2302,FRAME,694.691,219.651,4.823,-1.317,64,169,,,
2026-09-08T14:55:32.572708,4,2303,FRAME,699.514,218.334,4.823,-1.317,71,162,,,
2026-09-08T14:55:32.588771,4,2304,FRAME,704.338,217.017,4.823,-1.317,78,169,,,
2026-09-08T14:55:32.606500,4,2305,FRAME,709.161,215.7,4.823,-1.317,85,162,,,
2026-09-08T14:55:32.623310,4,2306,FRAME,713.985,214.383,4.823,-1.317,92,169,,,
2026-09-08T14:55:32.639764,4,2307,FRAME,718.808,213.066,4.823,-1.317,99,162,,,
2026-09-08T14:55:32.656198,4,2308,FRAME,723.631,211.749,4.823,-1.317,106,169,,,
2026-09-08T14:55:32.673581,4,2309,FRAME,728.455,210.431,4.823,-1.317,113,162,,,
2026-09-08T14:55:32.690409,4,2310,FRAME,733.278,209.114,4.823,-1.317,120,169,,,
2026-09-08T14:55:32.707741,4,2311,FRAME,738.102,207.797,4.823,-1.317,127,162,,,
2026-09-08T14:55:32.723822,4,2312,FRAME,742.925,206.48,4.823,-1.317,134,169,,,
2026-09-08T14:55:32.739504,4,2313,FRAME,747.748,205.163,4.823,-1.317,141,162,,,
2026-09-08T14:55:32.756796,4,2314,FRAME,752.572,203.846,4.823,-1.317,148,162,,,
2026-09-08T14:55:32.773171,4,2315,FRAME,757.395,202.529,4.823,-1.317,155,162,,,
2026-09-08T14:55:32.790366,4,2316,RIGHT_HIT,758,201.211,-4.975,-0.501,162,162,-0.096,-5.746,
2026-09-08T14:55:32.790366,4,2317,FRAME,758,201.211,-4.975,-0.501,162,162,,,
2026-09-08T14:55:32.806867,4,2318,FRAME,753.025,200.711,-4.975,-0.501,169,169,,,
2026-09-08T14:55:32.822740,4,2319,FRAME,748.05,200.21,-4.975,-0.501,176,176,,,
2026-09-08T14:55:32.838727,4,2320,FRAME,743.075,199.71,-4.975,-0.501,183,183,,,
2026-09-08T14:55:32.854912,4,2321,FRAME,738.1,199.209,-4.975,-0.501,190,190,,,
2026-09-08T14:55:32.870764,4,2322,FRAME,733.126,198.708,-4.975,-0.501,197,197,,,
2026-09-08T14:55:32.887838,4,2323,FRAME,728.151,198.208,-4.975,-0.501,204,204,,,
2026-09-08T14:55:32.903454,4,2324,FRAME,723.176,197.707,-4.975,-0.501,211,197,,,
2026-09-08T14:55:32.920670,4,2325,FRAME,718.201,197.206,-4.975,-0.501,218,204,,,
2026-09-08T14:55:32.937122,4,2326,FRAME,713.226,196.706,-4.975,-0.501,225,197,,,
2026-09-08T14:55:32.955067,4,2327,FRAME,708.251,196.205,-4.975,-0.501,232,204,,,
2026-09-08T14:55:32.971742,4,2328,FRAME,703.276,195.705,-4.975,-0.501,239,197,,,
2026-09-08T14:55:32.987806,4,2329,FRAME,698.301,195.204,-4.975,-0.501,246,204,,,
2026-09-08T14:55:33.003984,4,2330,FRAME,693.327,194.703,-4.975,-0.501,253,197,,,
2026-09-08T14:55:33.020149,4,2331,FRAME,688.352,194.203,-4.975,-0.501,260,204,,,
2026-09-08T14:55:33.035711,4,2332,FRAME,683.377,193.702,-4.975,-0.501,267,197,,,
2026-09-08T14:55:33.053122,4,2333,FRAME,678.402,193.202,-4.975,-0.501,274,204,,,
2026-09-08T14:55:33.069851,4,2334,FRAME,673.427,192.701,-4.975,-0.501,281,197,,,
2026-09-08T14:55:33.085612,4,2335,FRAME,668.452,192.2,-4.975,-0.501,288,204,,,
2026-09-08T14:55:33.101619,4,2336,FRAME,663.477,191.7,-4.975,-0.501,295,197,,,
2026-09-08T14:55:33.118280,4,2337,FRAME,658.502,191.199,-4.975,-0.501,302,204,,,
2026-09-08T14:55:33.135477,4,2338,FRAME,653.528,190.698,-4.975,-0.501,309,197,,,
2026-09-08T14:55:33.152817,4,2339,FRAME,648.553,190.198,-4.975,-0.501,316,204,,,
2026-09-08T14:55:33.169151,4,2340,FRAME,643.578,189.697,-4.975,-0.501,323,197,,,
2026-09-08T14:55:33.186654,4,2341,FRAME,638.603,189.197,-4.975,-0.501,330,204,,,
2026-09-08T14:55:33.202958,4,2342,FRAME,633.628,188.696,-4.975,-0.501,337,197,,,
2026-09-08T14:55:33.218907,4,2343,FRAME,628.653,188.195,-4.975,-0.501,344,204,,,
2026-09-08T14:55:33.235707,4,2344,FRAME,623.678,187.695,-4.975,-0.501,351,197,,,
2026-09-08T14:55:33.252445,4,2345,FRAME,618.703,187.194,-4.975,-0.501,358,204,,,
2026-09-08T14:55:33.269873,4,2346,FRAME,613.729,186.694,-4.975,-0.501,365,197,,,
2026-09-08T14:55:33.286247,4,2347,FRAME,608.754,186.193,-4.975,-0.501,372,204,,,
2026-09-08T14:55:33.303936,4,2348,FRAME,603.779,185.692,-4.975,-0.501,379,197,,,
2026-09-08T14:55:33.321094,4,2349,FRAME,598.804,185.192,-4.975,-0.501,386,204,,,
2026-09-08T14:55:33.338276,4,2350,FRAME,593.829,184.691,-4.975,-0.501,393,197,,,
2026-09-08T14:55:33.355541,4,2351,FRAME,588.854,184.19,-4.975,-0.501,393,204,,,
2026-09-08T14:55:33.371675,4,2352,FRAME,583.879,183.69,-4.975,-0.501,393,197,,,
2026-09-08T14:55:33.387478,4,2353,FRAME,578.904,183.189,-4.975,-0.501,393,204,,,
2026-09-08T14:55:33.405197,4,2354,FRAME,573.93,182.689,-4.975,-0.501,393,197,,,
2026-09-08T14:55:33.422012,4,2355,FRAME,568.955,182.188,-4.975,-0.501,386,204,,,
2026-09-08T14:55:33.438815,4,2356,FRAME,563.98,181.687,-4.975,-0.501,379,197,,,
2026-09-08T14:55:33.455428,4,2357,FRAME,559.005,181.187,-4.975,-0.501,372,204,,,
2026-09-08T14:55:33.472840,4,2358,FRAME,554.03,180.686,-4.975,-0.501,365,197,,,
2026-09-08T14:55:33.488529,4,2359,FRAME,549.055,180.185,-4.975,-0.501,358,204,,,
2026-09-08T14:55:33.505381,4,2360,FRAME,544.08,179.685,-4.975,-0.501,351,197,,,
2026-09-08T14:55:33.522226,4,2361,FRAME,539.105,179.184,-4.975,-0.501,344,204,,,
2026-09-08T14:55:33.539006,4,2362,FRAME,534.131,178.684,-4.975,-0.501,337,197,,,
2026-09-08T14:55:33.556023,4,2363,FRAME,529.156,178.183,-4.975,-0.501,330,204,,,
2026-09-08T14:55:33.572961,4,2364,FRAME,524.181,177.682,-4.975,-0.501,323,197,,,
2026-09-08T14:55:33.588982,4,2365,FRAME,519.206,177.182,-4.975,-0.501,316,204,,,
2026-09-08T14:55:33.604907,4,2366,FRAME,514.231,176.681,-4.975,-0.501,309,197,,,
2026-09-08T14:55:33.620744,4,2367,FRAME,509.256,176.181,-4.975,-0.501,302,204,,,
2026-09-08T14:55:33.636890,4,2368,FRAME,504.281,175.68,-4.975,-0.501,295,197,,,
2026-09-08T14:55:33.652339,4,2369,FRAME,499.306,175.179,-4.975,-0.501,288,204,,,
2026-09-08T14:55:33.669663,4,2370,FRAME,494.332,174.679,-4.975,-0.501,281,197,,,
2026-09-08T14:55:33.685349,4,2371,FRAME,489.357,174.178,-4.975,-0.501,274,204,,,
2026-09-08T14:55:33.701915,4,2372,FRAME,484.382,173.677,-4.975,-0.501,267,197,,,
2026-09-08T14:55:33.717715,4,2373,FRAME,479.407,173.177,-4.975,-0.501,260,204,,,
2026-09-08T14:55:33.735146,4,2374,FRAME,474.432,172.676,-4.975,-0.501,253,197,,,
2026-09-08T14:55:33.751846,4,2375,FRAME,469.457,172.176,-4.975,-0.501,246,204,,,
2026-09-08T14:55:33.767855,4,2376,FRAME,464.482,171.675,-4.975,-0.501,239,197,,,
2026-09-08T14:55:33.784232,4,2377,FRAME,459.507,171.174,-4.975,-0.501,232,204,,,
2026-09-08T14:55:33.800995,4,2378,FRAME,454.533,170.674,-4.975,-0.501,225,197,,,
2026-09-08T14:55:33.817137,4,2379,FRAME,449.558,170.173,-4.975,-0.501,218,204,,,
2026-09-08T14:55:33.835093,4,2380,FRAME,444.583,169.673,-4.975,-0.501,211,197,,,
2026-09-08T14:55:33.851324,4,2381,FRAME,439.608,169.172,-4.975,-0.501,204,204,,,
2026-09-08T14:55:33.868472,4,2382,FRAME,434.633,168.671,-4.975,-0.501,197,197,,,
2026-09-08T14:55:33.885407,4,2383,FRAME,429.658,168.171,-4.975,-0.501,190,204,,,
2026-09-08T14:55:33.902106,4,2384,FRAME,424.683,167.67,-4.975,-0.501,183,197,,,
2026-09-08T14:55:33.918992,4,2385,FRAME,419.708,167.169,-4.975,-0.501,176,204,,,
2026-09-08T14:55:33.936016,4,2386,FRAME,414.734,166.669,-4.975,-0.501,169,197,,,
2026-09-08T14:55:33.953076,4,2387,FRAME,409.759,166.168,-4.975,-0.501,162,204,,,
2026-09-08T14:55:33.969694,4,2388,FRAME,404.784,165.668,-4.975,-0.501,155,197,,,
2026-09-08T14:55:33.985555,4,2389,FRAME,399.809,165.167,-4.975,-0.501,148,204,,,
2026-09-08T14:55:34.002657,4,2390,FRAME,394.834,164.666,-4.975,-0.501,141,197,,,
2026-09-08T14:55:34.018608,4,2391,FRAME,389.859,164.166,-4.975,-0.501,134,204,,,
2026-09-08T14:55:34.035117,4,2392,FRAME,384.884,163.665,-4.975,-0.501,127,197,,,
2026-09-08T14:55:34.050770,4,2393,FRAME,379.909,163.164,-4.975,-0.501,120,204,,,
2026-09-08T14:55:34.067258,4,2394,FRAME,374.935,162.664,-4.975,-0.501,113,197,,,
2026-09-08T14:55:34.084003,4,2395,FRAME,369.96,162.163,-4.975,-0.501,106,204,,,
2026-09-08T14:55:34.099999,4,2396,FRAME,364.985,161.663,-4.975,-0.501,99,197,,,
2026-09-08T14:55:34.115702,4,2397,FRAME,360.01,161.162,-4.975,-0.501,92,204,,,
2026-09-08T14:55:34.131411,4,2398,FRAME,355.035,160.661,-4.975,-0.501,85,197,,,
2026-09-08T14:55:34.148665,4,2399,FRAME,350.06,160.161,-4.975,-0.501,78,204,,,
2026-09-08T14:55:34.165932,4,2400,FRAME,345.085,159.66,-4.975,-0.501,71,197,,,
2026-09-08T14:55:34.182465,4,2401,FRAME,340.11,159.16,-4.975,-0.501,64,204,,,
2026-09-08T14:55:34.199360,4,2402,FRAME,335.136,158.659,-4.975,-0.501,57,197,,,
2026-09-08T14:55:34.216482,4,2403,FRAME,330.161,158.158,-4.975,-0.501,57,204,,,
2026-09-08T14:55:34.234077,4,2404,FRAME,325.186,157.658,-4.975,-0.501,57,197,,,
2026-09-08T14:55:34.251453,4,2405,FRAME,320.211,157.157,-4.975,-0.501,57,204,,,
2026-09-08T14:55:34.268175,4,2406,FRAME,315.236,156.656,-4.975,-0.501,57,197,,,
2026-09-08T14:55:34.285059,4,2407,FRAME,310.261,156.156,-4.975,-0.501,57,204,,,
2026-09-08T14:55:34.301096,4,2408,FRAME,305.286,155.655,-4.975,-0.501,57,197,,,
2026-09-08T14:55:34.318401,4,2409,FRAME,300.311,155.155,-4.975,-0.501,57,204,,,
2026-09-08T14:55:34.335299,4,2410,FRAME,295.337,154.654,-4.975,-0.501,57,197,,,
2026-09-08T14:55:34.352136,4,2411,FRAME,290.362,154.153,-4.975,-0.501,57,204,,,
2026-09-08T14:55:34.369750,4,2412,FRAME,285.387,153.653,-4.975,-0.501,57,197,,,
2026-09-08T14:55:34.386172,4,2413,FRAME,280.412,153.152,-4.975,-0.501,57,204,,,
2026-09-08T14:55:34.402788,4,2414,FRAME,275.437,152.652,-4.975,-0.501,57,197,,,
2026-09-08T14:55:34.418476,4,2415,FRAME,270.462,152.151,-4.975,-0.501,57,204,,,
2026-09-08T14:55:34.435960,4,2416,FRAME,265.487,151.65,-4.975,-0.501,57,197,,,
2026-09-08T14:55:34.451405,4,2417,FRAME,260.512,151.15,-4.975,-0.501,57,204,,,
2026-09-08T14:55:34.468648,4,2418,FRAME,255.538,150.649,-4.975,-0.501,57,197,,,
2026-09-08T14:55:34.485491,4,2419,FRAME,250.563,150.148,-4.975,-0.501,57,204,,,
2026-09-08T14:55:34.502623,4,2420,FRAME,245.588,149.648,-4.975,-0.501,57,197,,,
2026-09-08T14:55:34.520038,4,2421,FRAME,240.613,149.147,-4.975,-0.501,57,204,,,
2026-09-08T14:55:34.537095,4,2422,FRAME,235.638,148.647,-4.975,-0.501,57,197,,,
2026-09-08T14:55:34.552839,4,2423,FRAME,230.663,148.146,-4.975,-0.501,57,204,,,
2026-09-08T14:55:34.568887,4,2424,FRAME,225.688,147.645,-4.975,-0.501,57,197,,,
2026-09-08T14:55:34.585089,4,2425,FRAME,220.713,147.145,-4.975,-0.501,57,204,,,
2026-09-08T14:55:34.601992,4,2426,FRAME,215.739,146.644,-4.975,-0.501,57,197,,,
2026-09-08T14:55:34.618144,4,2427,FRAME,210.764,146.143,-4.975,-0.501,57,204,,,
2026-09-08T14:55:34.635400,4,2428,FRAME,205.789,145.643,-4.975,-0.501,57,197,,,
2026-09-08T14:55:34.652666,4,2429,FRAME,200.814,145.142,-4.975,-0.501,57,204,,,
2026-09-08T14:55:34.668617,4,2430,FRAME,195.839,144.642,-4.975,-0.501,57,197,,,
2026-09-08T14:55:34.685517,4,2431,FRAME,190.864,144.141,-4.975,-0.501,57,204,,,
2026-09-08T14:55:34.703028,4,2432,FRAME,185.889,143.64,-4.975,-0.501,57,197,,,
2026-09-08T14:55:34.720045,4,2433,FRAME,180.914,143.14,-4.975,-0.501,57,204,,,
2026-09-08T14:55:34.735763,4,2434,FRAME,175.94,142.639,-4.975,-0.501,57,197,,,
2026-09-08T14:55:34.751965,4,2435,FRAME,170.965,142.139,-4.975,-0.501,57,204,,,
2026-09-08T14:55:34.767733,4,2436,FRAME,165.99,141.638,-4.975,-0.501,57,197,,,
2026-09-08T14:55:34.784099,4,2437,FRAME,161.015,141.137,-4.975,-0.501,57,204,,,
2026-09-08T14:55:34.801008,4,2438,FRAME,156.04,140.637,-4.975,-0.501,57,197,,,
2026-09-08T14:55:34.816999,4,2439,FRAME,151.065,140.136,-4.975,-0.501,57,204,,,
2026-09-08T14:55:34.833189,4,2440,FRAME,146.09,139.635,-4.975,-0.501,57,197,,,
2026-09-08T14:55:34.849884,4,2441,FRAME,141.115,139.135,-4.975,-0.501,57,204,,,
2026-09-08T14:55:34.865658,4,2442,FRAME,136.141,138.634,-4.975,-0.501,57,197,,,
2026-09-08T14:55:34.882808,4,2443,FRAME,131.166,138.134,-4.975,-0.501,57,204,,,
2026-09-08T14:55:34.899196,4,2444,FRAME,126.191,137.633,-4.975,-0.501,57,197,,,
2026-09-08T14:55:34.916813,4,2445,FRAME,121.216,137.132,-4.975,-0.501,57,204,,,
2026-09-08T14:55:34.932712,4,2446,FRAME,116.241,136.632,-4.975,-0.501,57,197,,,
2026-09-08T14:55:34.949064,4,2447,FRAME,111.266,136.131,-4.975,-0.501,57,204,,,
2026-09-08T14:55:34.965999,4,2448,FRAME,106.291,135.631,-4.975,-0.501,57,197,,,
2026-09-08T14:55:34.981780,4,2449,FRAME,101.316,135.13,-4.975,-0.501,57,204,,,
2026-09-08T14:55:34.997617,4,2450,FRAME,96.342,134.629,-4.975,-0.501,57,197,,,
2026-09-08T14:55:35.015140,4,2451,FRAME,91.367,134.129,-4.975,-0.501,57,204,,,
2026-09-08T14:55:35.030734,4,2452,FRAME,86.392,133.628,-4.975,-0.501,57,197,,,
2026-09-08T14:55:35.047224,4,2453,FRAME,81.417,133.127,-4.975,-0.501,57,204,,,
2026-09-08T14:55:35.064150,4,2454,FRAME,76.442,132.627,-4.975,-0.501,57,197,,,
2026-09-08T14:55:35.081156,4,2455,FRAME,71.467,132.126,-4.975,-0.501,57,204,,,
2026-09-08T14:55:35.097847,4,2456,FRAME,66.492,131.626,-4.975,-0.501,57,197,,,
2026-09-08T14:55:35.113630,4,2457,FRAME,61.517,131.125,-4.975,-0.501,64,204,,,
2026-09-08T14:55:35.129715,4,2458,FRAME,56.543,130.624,-4.975,-0.501,71,197,,,
2026-09-08T14:55:35.145587,4,2459,FRAME,51.568,130.124,-4.975,-0.501,78,204,,,
2026-09-08T14:55:35.162745,4,2460,FRAME,46.593,129.623,-4.975,-0.501,85,197,,,
2026-09-08T14:55:35.180045,4,2461,FRAME,41.618,129.122,-4.975,-0.501,92,204,,,
2026-09-08T14:55:35.197144,4,2462,FRAME,36.643,128.622,-4.975,-0.501,99,197,,,
2026-09-08T14:55:35.215135,4,2463,FRAME,31.668,128.121,-4.975,-0.501,106,204,,,
2026-09-08T14:55:35.232134,4,2464,LEFT_HIT,30,127.621,4.083,-2.886,113,197,-0.588,-35.255,
2026-09-08T14:55:35.232134,4,2465,FRAME,30,127.621,4.083,-2.886,113,197,,,
2026-09-08T14:55:35.247879,4,2466,FRAME,34.083,124.735,4.083,-2.886,120,204,,,
2026-09-08T14:55:35.264129,4,2467,FRAME,38.166,121.848,4.083,-2.886,127,211,,,
2026-09-08T14:55:35.279838,4,2468,FRAME,42.249,118.962,4.083,-2.886,134,218,,,
2026-09-08T14:55:35.295998,4,2469,FRAME,46.332,116.076,4.083,-2.886,141,225,,,
2026-09-08T14:55:35.311733,4,2470,FRAME,50.415,113.19,4.083,-2.886,148,232,,,
2026-09-08T14:55:35.327901,4,2471,FRAME,54.498,110.304,4.083,-2.886,155,239,,,
2026-09-08T14:55:35.343624,4,2472,FRAME,58.581,107.418,4.083,-2.886,162,246,,,
2026-09-08T14:55:35.359283,4,2473,FRAME,62.664,104.532,4.083,-2.886,169,253,,,
2026-09-08T14:55:35.376824,4,2474,FRAME,66.746,101.646,4.083,-2.886,176,260,,,
2026-09-08T14:55:35.392766,4,2475,FRAME,70.829,98.76,4.083,-2.886,183,267,,,
2026-09-08T14:55:35.409213,4,2476,FRAME,74.912,95.874,4.083,-2.886,190,274,,,
2026-09-08T14:55:35.426821,4,2477,FRAME,78.995,92.987,4.083,-2.886,197,281,,,
2026-09-08T14:55:35.442941,4,2478,FRAME,83.078,90.101,4.083,-2.886,204,288,,,
2026-09-08T14:55:35.458736,4,2479,FRAME,87.161,87.215,4.083,-2.886,211,295,,,
2026-09-08T14:55:35.475199,4,2480,FRAME,91.244,84.329,4.083,-2.886,218,302,,,
2026-09-08T14:55:35.492516,4,2481,FRAME,95.327,81.443,4.083,-2.886,225,309,,,
2026-09-08T14:55:35.509421,4,2482,FRAME,99.41,78.557,4.083,-2.886,232,316,,,
2026-09-08T14:55:35.526951,4,2483,FRAME,103.493,75.671,4.083,-2.886,239,323,,,
2026-09-08T14:55:35.543004,4,2484,FRAME,107.576,72.785,4.083,-2.886,246,330,,,
2026-09-08T14:55:35.559962,4,2485,FRAME,111.659,69.899,4.083,-2.886,253,337,,,
2026-09-08T14:55:35.575515,4,2486,FRAME,115.742,67.012,4.083,-2.886,260,330,,,
2026-09-08T14:55:35.592016,4,2487,FRAME,119.825,64.126,4.083,-2.886,267,337,,,
2026-09-08T14:55:35.607850,4,2488,FRAME,123.908,61.24,4.083,-2.886,274,330,,,
2026-09-08T14:55:35.624205,4,2489,FRAME,127.991,58.354,4.083,-2.886,281,337,,,
2026-09-08T14:55:35.641633,4,2490,FRAME,132.074,55.468,4.083,-2.886,288,330,,,
2026-09-08T14:55:35.659079,4,2491,FRAME,136.157,52.582,4.083,-2.886,295,337,,,
2026-09-08T14:55:35.675409,4,2492,FRAME,140.239,49.696,4.083,-2.886,302,330,,,
2026-09-08T14:55:35.692771,4,2493,FRAME,144.322,46.81,4.083,-2.886,309,337,,,
2026-09-08T14:55:35.709098,4,2494,FRAME,148.405,43.924,4.083,-2.886,316,330,,,
2026-09-08T14:55:35.725943,4,2495,FRAME,152.488,41.038,4.083,-2.886,323,337,,,
2026-09-08T14:55:35.742377,4,2496,FRAME,156.571,38.151,4.083,-2.886,330,330,,,
2026-09-08T14:55:35.759896,4,2497,FRAME,160.654,35.265,4.083,-2.886,337,337,,,
2026-09-08T14:55:35.776058,4,2498,FRAME,164.737,32.379,4.083,-2.886,344,330,,,
2026-09-08T14:55:35.792033,4,2499,FRAME,168.82,29.493,4.083,-2.886,344,337,,,
2026-09-08T14:55:35.808278,4,2500,FRAME,172.903,26.607,4.083,-2.886,344,330,,,
2026-09-08T14:55:35.824976,4,2501,FRAME,176.986,23.721,4.083,-2.886,344,337,,,
2026-09-08T14:55:35.841359,4,2502,FRAME,181.069,20.835,4.083,-2.886,344,330,,,
2026-09-08T14:55:35.858738,4,2503,FRAME,185.152,17.949,4.083,-2.886,344,337,,,
2026-09-08T14:55:35.875194,4,2504,FRAME,189.235,15.063,4.083,-2.886,344,330,,,
2026-09-08T14:55:35.892066,4,2505,FRAME,193.318,12.177,4.083,-2.886,344,337,,,
2026-09-08T14:55:35.908817,4,2506,FRAME,197.401,9.29,4.083,-2.886,344,330,,,
2026-09-08T14:55:35.924987,4,2507,FRAME,201.484,6.404,4.083,-2.886,344,337,,,
2026-09-08T14:55:35.940681,4,2508,FRAME,205.567,3.518,4.083,-2.886,344,330,,,
2026-09-08T14:55:35.957674,4,2509,FRAME,209.649,0.632,4.083,-2.886,344,337,,,
2026-09-08T14:55:35.974241,4,2510,WALL_BOUNCE,213.732,0,4.083,2.886,344,330,,,
2026-09-08T14:55:35.974241,4,2511,FRAME,213.732,0,4.083,2.886,344,330,,,
2026-09-08T14:55:35.990960,4,2512,FRAME,217.815,2.886,4.083,2.886,344,337,,,
2026-09-08T14:55:36.006593,4,2513,FRAME,221.898,5.772,4.083,2.886,344,330,,,
2026-09-08T14:55:36.023319,4,2514,FRAME,225.981,8.658,4.083,2.886,344,337,,,
2026-09-08T14:55:36.040662,4,2515,FRAME,230.064,11.544,4.083,2.886,344,330,,,
2026-09-08T14:55:36.057751,4,2516,FRAME,234.147,14.431,4.083,2.886,344,337,,,
2026-09-08T14:55:36.075476,4,2517,FRAME,238.23,17.317,4.083,2.886,344,330,,,
2026-09-08T14:55:36.092586,4,2518,FRAME,242.313,20.203,4.083,2.886,344,337,,,
2026-09-08T14:55:36.109668,4,2519,FRAME,246.396,23.089,4.083,2.886,344,330,,,
2026-09-08T14:55:36.126196,4,2520,FRAME,250.479,25.975,4.083,2.886,344,337,,,
2026-09-08T14:55:36.143212,4,2521,FRAME,254.562,28.861,4.083,2.886,344,330,,,
2026-09-08T14:55:36.159895,4,2522,FRAME,258.645,31.747,4.083,2.886,344,337,,,
2026-09-08T14:55:36.175802,4,2523,FRAME,262.728,34.633,4.083,2.886,344,330,,,
2026-09-08T14:55:36.191605,4,2524,FRAME,266.811,37.519,4.083,2.886,344,337,,,
2026-09-08T14:55:36.209162,4,2525,FRAME,270.894,40.405,4.083,2.886,344,330,,,
2026-09-08T14:55:36.226026,4,2526,FRAME,274.977,43.292,4.083,2.886,344,337,,,
2026-09-08T14:55:36.243157,4,2527,FRAME,279.06,46.178,4.083,2.886,344,330,,,
2026-09-08T14:55:36.258886,4,2528,FRAME,283.142,49.064,4.083,2.886,337,337,,,
2026-09-08T14:55:36.275992,4,2529,FRAME,287.225,51.95,4.083,2.886,330,330,,,
2026-09-08T14:55:36.292199,4,2530,FRAME,291.308,54.836,4.083,2.886,323,337,,,
2026-09-08T14:55:36.308979,4,2531,FRAME,295.391,57.722,4.083,2.886,316,330,,,
2026-09-08T14:55:36.325264,4,2532,FRAME,299.474,60.608,4.083,2.886,309,337,,,
2026-09-08T14:55:36.341970,4,2533,FRAME,303.557,63.494,4.083,2.886,302,330,,,
2026-09-08T14:55:36.357922,4,2534,FRAME,307.64,66.38,4.083,2.886,295,337,,,
2026-09-08T14:55:36.373638,4,2535,FRAME,311.723,69.266,4.083,2.886,288,330,,,
2026-09-08T14:55:36.390827,4,2536,FRAME,315.806,72.153,4.083,2.886,281,337,,,
2026-09-08T14:55:36.407009,4,2537,FRAME,319.889,75.039,4.083,2.886,274,330,,,
2026-09-08T14:55:36.422726,4,2538,FRAME,323.972,77.925,4.083,2.886,267,337,,,
2026-09-08T14:55:36.440068,4,2539,FRAME,328.055,80.811,4.083,2.886,260,330,,,
2026-09-08T14:55:36.456024,4,2540,FRAME,332.138,83.697,4.083,2.886,253,337,,,
2026-09-08T14:55:36.473170,4,2541,FRAME,336.221,86.583,4.083,2.886,246,330,,,
2026-09-08T14:55:36.489735,4,2542,FRAME,340.304,89.469,4.083,2.886,239,337,,,
2026-09-08T14:55:36.505794,4,2543,FRAME,344.387,92.355,4.083,2.886,232,330,,,
2026-09-08T14:55:36.521442,4,2544,FRAME,348.47,95.241,4.083,2.886,225,337,,,
2026-09-08T14:55:36.538131,4,2545,FRAME,352.552,98.127,4.083,2.886,218,330,,,
2026-09-08T14:55:36.555324,4,2546,FRAME,356.635,101.014,4.083,2.886,211,337,,,
2026-09-08T14:55:36.572547,4,2547,FRAME,360.718,103.9,4.083,2.886,204,330,,,
2026-09-08T14:55:36.590064,4,2548,FRAME,364.801,106.786,4.083,2.886,197,337,,,
2026-09-08T14:55:36.606860,4,2549,FRAME,368.884,109.672,4.083,2.886,190,330,,,
2026-09-08T14:55:36.623183,4,2550,FRAME,372.967,112.558,4.083,2.886,183,337,,,
2026-09-08T14:55:36.640278,4,2551,FRAME,377.05,115.444,4.083,2.886,176,330,,,
2026-09-08T14:55:36.657071,4,2552,FRAME,381.133,118.33,4.083,2.886,169,337,,,
2026-09-08T14:55:36.673123,4,2553,FRAME,385.216,121.216,4.083,2.886,162,330,,,
2026-09-08T14:55:36.688872,4,2554,FRAME,389.299,124.102,4.083,2.886,155,337,,,
2026-09-08T14:55:36.705109,4,2555,FRAME,393.382,126.988,4.083,2.886,148,330,,,
2026-09-08T14:55:36.720710,4,2556,FRAME,397.465,129.875,4.083,2.886,141,337,,,
2026-09-08T14:55:36.738151,4,2557,FRAME,401.548,132.761,4.083,2.886,134,330,,,
2026-09-08T14:55:36.754824,4,2558,FRAME,405.631,135.647,4.083,2.886,127,337,,,
2026-09-08T14:55:36.771267,4,2559,FRAME,409.714,138.533,4.083,2.886,120,330,,,
2026-09-08T14:55:36.787177,4,2560,FRAME,413.797,141.419,4.083,2.886,120,337,,,
2026-09-08T14:55:36.805190,4,2561,FRAME,417.88,144.305,4.083,2.886,120,330,,,
2026-09-08T14:55:36.821818,4,2562,FRAME,421.963,147.191,4.083,2.886,120,337,,,
2026-09-08T14:55:36.837423,4,2563,FRAME,426.045,150.077,4.083,2.886,120,330,,,
2026-09-08T14:55:36.855297,4,2564,FRAME,430.128,152.963,4.083,2.886,120,337,,,
2026-09-08T14:55:36.872734,4,2565,FRAME,434.211,155.849,4.083,2.886,120,330,,,
2026-09-08T14:55:36.889796,4,2566,FRAME,438.294,158.736,4.083,2.886,120,337,,,
2026-09-08T14:55:36.907325,4,2567,FRAME,442.377,161.622,4.083,2.886,120,330,,,
2026-09-08T14:55:36.924873,4,2568,FRAME,446.46,164.508,4.083,2.886,120,337,,,
2026-09-08T14:55:36.940560,4,2569,FRAME,450.543,167.394,4.083,2.886,120,330,,,
2026-09-08T14:55:36.957488,4,2570,FRAME,454.626,170.28,4.083,2.886,120,337,,,
2026-09-08T14:55:36.974170,4,2571,FRAME,458.709,173.166,4.083,2.886,120,330,,,
2026-09-08T14:55:36.990940,4,2572,FRAME,462.792,176.052,4.083,2.886,120,337,,,
2026-09-08T14:55:37.006864,4,2573,FRAME,466.875,178.938,4.083,2.886,120,330,,,
2026-09-08T14:55:37.022563,4,2574,FRAME,470.958,181.824,4.083,2.886,120,337,,,
2026-09-08T14:55:37.039848,4,2575,FRAME,475.041,184.71,4.083,2.886,120,330,,,
2026-09-08T14:55:37.055643,4,2576,FRAME,479.124,187.597,4.083,2.886,120,337,,,
2026-09-08T14:55:37.072936,4,2577,FRAME,483.207,190.483,4.083,2.886,120,330,,,
2026-09-08T14:55:37.088760,4,2578,FRAME,487.29,193.369,4.083,2.886,120,337,,,
2026-09-08T14:55:37.105266,4,2579,FRAME,491.373,196.255,4.083,2.886,120,330,,,
2026-09-08T14:55:37.121775,4,2580,FRAME,495.455,199.141,4.083,2.886,120,337,,,
2026-09-08T14:55:37.137894,4,2581,FRAME,499.538,202.027,4.083,2.886,120,330,,,
2026-09-08T14:55:37.153588,4,2582,FRAME,503.621,204.913,4.083,2.886,120,337,,,
2026-09-08T14:55:37.170845,4,2583,FRAME,507.704,207.799,4.083,2.886,120,330,,,
2026-09-08T14:55:37.186707,4,2584,FRAME,511.787,210.685,4.083,2.886,120,337,,,
2026-09-08T14:55:37.202837,4,2585,FRAME,515.87,213.571,4.083,2.886,120,330,,,
2026-09-08T14:55:37.218644,4,2586,FRAME,519.953,216.458,4.083,2.886,120,337,,,
2026-09-08T14:55:37.235784,4,2587,FRAME,524.036,219.344,4.083,2.886,120,330,,,
2026-09-08T14:55:37.251945,4,2588,FRAME,528.119,222.23,4.083,2.886,120,337,,,
2026-09-08T14:55:37.268492,4,2589,FRAME,532.202,225.116,4.083,2.886,120,330,,,
2026-09-08T14:55:37.285152,4,2590,FRAME,536.285,228.002,4.083,2.886,120,337,,,
2026-09-08T14:55:37.302230,4,2591,FRAME,540.368,230.888,4.083,2.886,120,330,,,
2026-09-08T14:55:37.318802,4,2592,FRAME,544.451,233.774,4.083,2.886,120,337,,,
2026-09-08T14:55:37.334923,4,2593,FRAME,548.534,236.66,4.083,2.886,120,330,,,
2026-09-08T14:55:37.351219,4,2594,FRAME,552.617,239.546,4.083,2.886,120,337,,,
2026-09-08T14:55:37.367717,4,2595,FRAME,556.7,242.432,4.083,2.886,120,330,,,
2026-09-08T14:55:37.383350,4,2596,FRAME,560.783,245.319,4.083,2.886,120,337,,,
2026-09-08T14:55:37.400474,4,2597,FRAME,564.866,248.205,4.083,2.886,120,330,,,
2026-09-08T14:55:37.417745,4,2598,FRAME,568.948,251.091,4.083,2.886,120,337,,,
2026-09-08T14:55:37.435049,4,2599,FRAME,573.031,253.977,4.083,2.886,120,330,,,
2026-09-08T14:55:37.451364,4,2600,FRAME,577.114,256.863,4.083,2.886,120,337,,,
2026-09-08T14:55:37.468569,4,2601,FRAME,581.197,259.749,4.083,2.886,120,330,,,
2026-09-08T14:55:37.485269,4,2602,FRAME,585.28,262.635,4.083,2.886,120,337,,,
2026-09-08T14:55:37.502455,4,2603,FRAME,589.363,265.521,4.083,2.886,120,330,,,
2026-09-08T14:55:37.519367,4,2604,FRAME,593.446,268.407,4.083,2.886,120,337,,,
2026-09-08T14:55:37.535901,4,2605,FRAME,597.529,271.293,4.083,2.886,120,330,,,
2026-09-08T14:55:37.551392,4,2606,FRAME,601.612,274.18,4.083,2.886,120,337,,,
2026-09-08T14:55:37.568062,4,2607,FRAME,605.695,277.066,4.083,2.886,120,330,,,
2026-09-08T14:55:37.583631,4,2608,FRAME,609.778,279.952,4.083,2.886,120,337,,,
2026-09-08T14:55:37.601055,4,2609,FRAME,613.861,282.838,4.083,2.886,120,330,,,
2026-09-08T14:55:37.617372,4,2610,FRAME,617.944,285.724,4.083,2.886,120,337,,,
2026-09-08T14:55:37.634203,4,2611,FRAME,622.027,288.61,4.083,2.886,120,330,,,
2026-09-08T14:55:37.650794,4,2612,FRAME,626.11,291.496,4.083,2.886,120,337,,,
2026-09-08T14:55:37.666747,4,2613,FRAME,630.193,294.382,4.083,2.886,120,330,,,
2026-09-08T14:55:37.683395,4,2614,FRAME,634.276,297.268,4.083,2.886,120,337,,,
2026-09-08T14:55:37.700213,4,2615,FRAME,638.358,300.154,4.083,2.886,120,330,,,
2026-09-08T14:55:37.717872,4,2616,FRAME,642.441,303.041,4.083,2.886,120,337,,,
2026-09-08T14:55:37.734048,4,2617,FRAME,646.524,305.927,4.083,2.886,120,330,,,
2026-09-08T14:55:37.749785,4,2618,FRAME,650.607,308.813,4.083,2.886,120,337,,,
2026-09-08T14:55:37.765683,4,2619,FRAME,654.69,311.699,4.083,2.886,120,330,,,
2026-09-08T14:55:37.782856,4,2620,FRAME,658.773,314.585,4.083,2.886,120,337,,,
2026-09-08T14:55:37.799070,4,2621,FRAME,662.856,317.471,4.083,2.886,120,330,,,
2026-09-08T14:55:37.814995,4,2622,FRAME,666.939,320.357,4.083,2.886,120,337,,,
2026-09-08T14:55:37.830937,4,2623,FRAME,671.022,323.243,4.083,2.886,120,330,,,
2026-09-08T14:55:37.846570,4,2624,FRAME,675.105,326.129,4.083,2.886,120,337,,,
2026-09-08T14:55:37.863462,4,2625,FRAME,679.188,329.015,4.083,2.886,120,330,,,
2026-09-08T14:55:37.879933,4,2626,FRAME,683.271,331.902,4.083,2.886,120,337,,,
2026-09-08T14:55:37.895797,4,2627,FRAME,687.354,334.788,4.083,2.886,120,330,,,
2026-09-08T14:55:37.911387,4,2628,FRAME,691.437,337.674,4.083,2.886,120,337,,,
2026-09-08T14:55:37.928784,4,2629,FRAME,695.52,340.56,4.083,2.886,120,330,,,
2026-09-08T14:55:37.944526,4,2630,FRAME,699.603,343.446,4.083,2.886,120,337,,,
2026-09-08T14:55:37.961615,4,2631,FRAME,703.686,346.332,4.083,2.886,120,330,,,
2026-09-08T14:55:37.978415,4,2632,FRAME,707.769,349.218,4.083,2.886,120,337,,,
2026-09-08T14:55:37.995325,4,2633,FRAME,711.851,352.104,4.083,2.886,120,330,,,
2026-09-08T14:55:38.011923,4,2634,FRAME,715.934,354.99,4.083,2.886,120,337,,,
2026-09-08T14:55:38.027895,4,2635,FRAME,720.017,357.877,4.083,2.886,120,330,,,
2026-09-08T14:55:38.044143,4,2636,FRAME,724.1,360.763,4.083,2.886,120,337,,,
2026-09-08T14:55:38.060629,4,2637,FRAME,728.183,363.649,4.083,2.886,120,330,,,
2026-09-08T14:55:38.077674,4,2638,FRAME,732.266,366.535,4.083,2.886,120,337,,,
2026-09-08T14:55:38.094849,4,2639,FRAME,736.349,369.421,4.083,2.886,120,330,,,
2026-09-08T14:55:38.110961,4,2640,FRAME,740.432,372.307,4.083,2.886,120,337,,,
2026-09-08T14:55:38.126668,4,2641,FRAME,744.515,375.193,4.083,2.886,120,330,,,
2026-09-08T14:55:38.144329,4,2642,FRAME,748.598,378.079,4.083,2.886,120,330,,,
2026-09-08T14:55:38.161720,4,2643,FRAME,752.681,380.965,4.083,2.886,120,330,,,
2026-09-08T14:55:38.178770,4,2644,FRAME,756.764,383.851,4.083,2.886,120,330,,,
2026-09-08T14:55:38.195054,4,2645,RIGHT_HIT,758,386.738,-4.823,1.318,120,330,0.255,15.285,
2026-09-08T14:55:38.195054,4,2646,FRAME,758,386.738,-4.823,1.318,120,330,,,
2026-09-08T14:55:38.210676,4,2647,FRAME,753.177,388.056,-4.823,1.318,120,323,,,
2026-09-08T14:55:38.227919,4,2648,FRAME,748.354,389.374,-4.823,1.318,120,316,,,
2026-09-08T14:55:38.243429,4,2649,FRAME,743.531,390.692,-4.823,1.318,120,309,,,
2026-09-08T14:55:38.260391,4,2650,FRAME,738.707,392.01,-4.823,1.318,120,302,,,
2026-09-08T14:55:38.276931,4,2651,FRAME,733.884,393.328,-4.823,1.318,120,295,,,
2026-09-08T14:55:38.292617,4,2652,FRAME,729.061,394.646,-4.823,1.318,120,288,,,
2026-09-08T14:55:38.309767,4,2653,FRAME,724.238,395.964,-4.823,1.318,120,281,,,
2026-09-08T14:55:38.327287,4,2654,FRAME,719.415,397.282,-4.823,1.318,120,274,,,
2026-09-08T14:55:38.343751,4,2655,FRAME,714.592,398.6,-4.823,1.318,120,267,,,
2026-09-08T14:55:38.360938,4,2656,FRAME,709.769,399.919,-4.823,1.318,120,260,,,
2026-09-08T14:55:38.377004,4,2657,FRAME,704.946,401.237,-4.823,1.318,120,253,,,
2026-09-08T14:55:38.393214,4,2658,FRAME,700.122,402.555,-4.823,1.318,127,246,,,
2026-09-08T14:55:38.408410,4,2659,FRAME,695.299,403.873,-4.823,1.318,134,239,,,
2026-09-08T14:55:38.425328,4,2660,FRAME,690.476,405.191,-4.823,1.318,141,232,,,
2026-09-08T14:55:38.442712,4,2661,FRAME,685.653,406.509,-4.823,1.318,148,225,,,
2026-09-08T14:55:38.459657,4,2662,FRAME,680.83,407.827,-4.823,1.318,155,218,,,
2026-09-08T14:55:38.476072,4,2663,FRAME,676.007,409.145,-4.823,1.318,162,211,,,
2026-09-08T14:55:38.491980,4,2664,FRAME,671.184,410.463,-4.823,1.318,169,204,,,
2026-09-08T14:55:38.508358,4,2665,FRAME,666.36,411.781,-4.823,1.318,176,197,,,
2026-09-08T14:55:38.524870,4,2666,FRAME,661.537,413.1,-4.823,1.318,183,204,,,
2026-09-08T14:55:38.541006,4,2667,FRAME,656.714,414.418,-4.823,1.318,190,197,,,
2026-09-08T14:55:38.557323,4,2668,FRAME,651.891,415.736,-4.823,1.318,197,204,,,
2026-09-08T14:55:38.573687,4,2669,FRAME,647.068,417.054,-4.823,1.318,204,197,,,
2026-09-08T14:55:38.591131,4,2670,FRAME,642.245,418.372,-4.823,1.318,211,204,,,
2026-09-08T14:55:38.606856,4,2671,FRAME,637.422,419.69,-4.823,1.318,218,197,,,
2026-09-08T14:55:38.622754,4,2672,FRAME,632.599,421.008,-4.823,1.318,225,204,,,
2026-09-08T14:55:38.639612,4,2673,FRAME,627.775,422.326,-4.823,1.318,232,197,,,
2026-09-08T14:55:38.656597,4,2674,FRAME,622.952,423.644,-4.823,1.318,239,204,,,
2026-09-08T14:55:38.674008,4,2675,FRAME,618.129,424.963,-4.823,1.318,246,197,,,
2026-09-08T14:55:38.690147,4,2676,FRAME,613.306,426.281,-4.823,1.318,253,204,,,
2026-09-08T14:55:38.705790,4,2677,FRAME,608.483,427.599,-4.823,1.318,260,197,,,
2026-09-08T14:55:38.723065,4,2678,FRAME,603.66,428.917,-4.823,1.318,267,204,,,
2026-09-08T14:55:38.738650,4,2679,FRAME,598.837,430.235,-4.823,1.318,274,197,,,
2026-09-08T14:55:38.755905,4,2680,FRAME,594.014,431.553,-4.823,1.318,281,204,,,
2026-09-08T14:55:38.772132,4,2681,FRAME,589.19,432.871,-4.823,1.318,288,197,,,
2026-09-08T14:55:38.788979,4,2682,FRAME,584.367,434.189,-4.823,1.318,295,204,,,
2026-09-08T14:55:38.805171,4,2683,FRAME,579.544,435.507,-4.823,1.318,302,197,,,
2026-09-08T14:55:38.822243,4,2684,FRAME,574.721,436.825,-4.823,1.318,309,204,,,
2026-09-08T14:55:38.838912,4,2685,FRAME,569.898,438.144,-4.823,1.318,316,197,,,
2026-09-08T14:55:38.855093,4,2686,FRAME,565.075,439.462,-4.823,1.318,323,204,,,
2026-09-08T14:55:38.870670,4,2687,FRAME,560.252,440.78,-4.823,1.318,330,197,,,
2026-09-08T14:55:38.887176,4,2688,FRAME,555.428,442.098,-4.823,1.318,337,204,,,
2026-09-08T14:55:38.905036,4,2689,FRAME,550.605,443.416,-4.823,1.318,344,197,,,
2026-09-08T14:55:38.920919,4,2690,FRAME,545.782,444.734,-4.823,1.318,351,204,,,
2026-09-08T14:55:38.936826,4,2691,FRAME,540.959,446.052,-4.823,1.318,358,197,,,
2026-09-08T14:55:38.952620,4,2692,FRAME,536.136,447.37,-4.823,1.318,365,204,,,
2026-09-08T14:55:38.969762,4,2693,FRAME,531.313,448.688,-4.823,1.318,372,197,,,
2026-09-08T14:55:38.985955,4,2694,FRAME,526.49,450.006,-4.823,1.318,379,204,,,
2026-09-08T14:55:39.001619,4,2695,FRAME,521.667,451.325,-4.823,1.318,386,197,,,
2026-09-08T14:55:39.018796,4,2696,FRAME,516.843,452.643,-4.823,1.318,393,204,,,
2026-09-08T14:55:39.035346,4,2697,FRAME,512.02,453.961,-4.823,1.318,400,197,,,
2026-09-08T14:55:39.052270,4,2698,FRAME,507.197,455.279,-4.823,1.318,400,204,,,
2026-09-08T14:55:39.068933,4,2699,FRAME,502.374,456.597,-4.823,1.318,400,197,,,
2026-09-08T14:55:39.084987,4,2700,FRAME,497.551,457.915,-4.823,1.318,400,204,,,
2026-09-08T14:55:39.100822,4,2701,FRAME,492.728,459.233,-4.823,1.318,400,197,,,
2026-09-08T14:55:39.116826,4,2702,FRAME,487.905,460.551,-4.823,1.318,400,204,,,
2026-09-08T14:55:39.132942,4,2703,FRAME,483.081,461.869,-4.823,1.318,400,197,,,
2026-09-08T14:55:39.149080,4,2704,FRAME,478.258,463.188,-4.823,1.318,400,204,,,
2026-09-08T14:55:39.165321,4,2705,FRAME,473.435,464.506,-4.823,1.318,400,197,,,
2026-09-08T14:55:39.182763,4,2706,FRAME,468.612,465.824,-4.823,1.318,400,204,,,
2026-09-08T14:55:39.198671,4,2707,FRAME,463.789,467.142,-4.823,1.318,400,197,,,
2026-09-08T14:55:39.216186,4,2708,FRAME,458.966,468.46,-4.823,1.318,400,204,,,
2026-09-08T14:55:39.233060,4,2709,FRAME,454.143,469.778,-4.823,1.318,400,197,,,
2026-09-08T14:55:39.249073,4,2710,FRAME,449.32,471.096,-4.823,1.318,400,204,,,
2026-09-08T14:55:39.265322,4,2711,FRAME,444.496,472.414,-4.823,1.318,400,197,,,
2026-09-08T14:55:39.282603,4,2712,FRAME,439.673,473.732,-4.823,1.318,400,204,,,
2026-09-08T14:55:39.299246,4,2713,FRAME,434.85,475.05,-4.823,1.318,400,197,,,
2026-09-08T14:55:39.316105,4,2714,FRAME,430.027,476.369,-4.823,1.318,400,204,,,
2026-09-08T14:55:39.331872,4,2715,FRAME,425.204,477.687,-4.823,1.318,400,197,,,
2026-09-08T14:55:39.347910,4,2716,FRAME,420.381,479.005,-4.823,1.318,393,204,,,
2026-09-08T14:55:39.364276,4,2717,FRAME,415.558,480.323,-4.823,1.318,386,197,,,
2026-09-08T14:55:39.380928,4,2718,FRAME,410.734,481.641,-4.823,1.318,379,204,,,
2026-09-08T14:55:39.396764,4,2719,FRAME,405.911,482.959,-4.823,1.318,372,197,,,
2026-09-08T14:55:39.413694,4,2720,FRAME,401.088,484.277,-4.823,1.318,365,204,,,
2026-09-08T14:55:39.430101,4,2721,FRAME,396.265,485.595,-4.823,1.318,358,197,,,
2026-09-08T14:55:39.445919,4,2722,FRAME,391.442,486.913,-4.823,1.318,351,204,,,
2026-09-08T14:55:39.462080,4,2723,WALL_BOUNCE,386.619,488,-4.823,-1.318,344,197,,,
2026-09-08T14:55:39.462080,4,2724,FRAME,386.619,488,-4.823,-1.318,344,197,,,
2026-09-08T14:55:39.477839,4,2725,FRAME,381.796,486.682,-4.823,-1.318,337,204,,,
2026-09-08T14:55:39.494063,4,2726,FRAME,376.973,485.364,-4.823,-1.318,330,197,,,
2026-09-08T14:55:39.510130,4,2727,FRAME,372.149,484.046,-4.823,-1.318,323,204,,,
2026-09-08T14:55:39.527046,4,2728,FRAME,367.326,482.728,-4.823,-1.318,316,197,,,
2026-09-08T14:55:39.543204,4,2729,FRAME,362.503,481.409,-4.823,-1.318,309,204,,,
2026-09-08T14:55:39.559963,4,2730,FRAME,357.68,480.091,-4.823,-1.318,302,197,,,
2026-09-08T14:55:39.575627,4,2731,FRAME,352.857,478.773,-4.823,-1.318,295,204,,,
2026-09-08T14:55:39.591669,4,2732,FRAME,348.034,477.455,-4.823,-1.318,288,197,,,
2026-09-08T14:55:39.608210,4,2733,FRAME,343.211,476.137,-4.823,-1.318,281,204,,,
2026-09-08T14:55:39.624795,4,2734,FRAME,338.388,474.819,-4.823,-1.318,274,197,,,
2026-09-08T14:55:39.640466,4,2735,FRAME,333.564,473.501,-4.823,-1.318,267,204,,,
2026-09-08T14:55:39.657449,4,2736,FRAME,328.741,472.183,-4.823,-1.318,260,197,,,
2026-09-08T14:55:39.674334,4,2737,FRAME,323.918,470.865,-4.823,-1.318,253,204,,,
2026-09-08T14:55:39.690744,4,2738,FRAME,319.095,469.547,-4.823,-1.318,246,197,,,
2026-09-08T14:55:39.706748,4,2739,FRAME,314.272,468.228,-4.823,-1.318,239,204,,,
2026-09-08T14:55:39.723290,4,2740,FRAME,309.449,466.91,-4.823,-1.318,239,197,,,
2026-09-08T14:55:39.740188,4,2741,FRAME,304.626,465.592,-4.823,-1.318,239,204,,,
2026-09-08T14:55:39.756751,4,2742,FRAME,299.802,464.274,-4.823,-1.318,239,197,,,
2026-09-08T14:55:39.773489,4,2743,FRAME,294.979,462.956,-4.823,-1.318,239,204,,,
2026-09-08T14:55:39.790110,4,2744,FRAME,290.156,461.638,-4.823,-1.318,239,197,,,
2026-09-08T14:55:39.805720,4,2745,FRAME,285.333,460.32,-4.823,-1.318,239,204,,,
2026-09-08T14:55:39.823076,4,2746,FRAME,280.51,459.002,-4.823,-1.318,239,197,,,
2026-09-08T14:55:39.838630,4,2747,FRAME,275.687,457.684,-4.823,-1.318,239,204,,,
2026-09-08T14:55:39.855221,4,2748,FRAME,270.864,456.366,-4.823,-1.318,239,197,,,
2026-09-08T14:55:39.872267,4,2749,FRAME,266.041,455.047,-4.823,-1.318,239,204,,,
2026-09-08T14:55:39.888788,4,2750,FRAME,261.217,453.729,-4.823,-1.318,239,197,,,
2026-09-08T14:55:39.905675,4,2751,FRAME,256.394,452.411,-4.823,-1.318,239,204,,,
2026-09-08T14:55:39.922894,4,2752,FRAME,251.571,451.093,-4.823,-1.318,239,197,,,
2026-09-08T14:55:39.938605,4,2753,FRAME,246.748,449.775,-4.823,-1.318,239,204,,,
2026-09-08T14:55:39.955363,4,2754,FRAME,241.925,448.457,-4.823,-1.318,239,197,,,
2026-09-08T14:55:39.971867,4,2755,FRAME,237.102,447.139,-4.823,-1.318,239,204,,,
2026-09-08T14:55:39.988097,4,2756,FRAME,232.279,445.821,-4.823,-1.318,239,197,,,
2026-09-08T14:55:40.004797,4,2757,FRAME,227.455,444.503,-4.823,-1.318,239,204,,,
2026-09-08T14:55:40.020784,4,2758,FRAME,222.632,443.184,-4.823,-1.318,239,197,,,
2026-09-08T14:55:40.037873,4,2759,FRAME,217.809,441.866,-4.823,-1.318,239,204,,,
2026-09-08T14:55:40.054368,4,2760,FRAME,212.986,440.548,-4.823,-1.318,246,197,,,
2026-09-08T14:55:40.069531,4,2761,FRAME,208.163,439.23,-4.823,-1.318,253,204,,,
2026-09-08T14:55:40.086735,4,2762,FRAME,203.34,437.912,-4.823,-1.318,260,197,,,
2026-09-08T14:55:40.103600,4,2763,FRAME,198.517,436.594,-4.823,-1.318,267,204,,,
2026-09-08T14:55:40.120898,4,2764,FRAME,193.694,435.276,-4.823,-1.318,274,197,,,
2026-09-08T14:55:40.136673,4,2765,FRAME,188.87,433.958,-4.823,-1.318,281,204,,,
2026-09-08T14:55:40.153869,4,2766,FRAME,184.047,432.64,-4.823,-1.318,288,197,,,
2026-09-08T14:55:40.169500,4,2767,FRAME,179.224,431.322,-4.823,-1.318,295,204,,,
2026-09-08T14:55:40.186943,4,2768,FRAME,174.401,430.003,-4.823,-1.318,295,197,,,
2026-09-08T14:55:40.203219,4,2769,FRAME,169.578,428.685,-4.823,-1.318,295,204,,,
2026-09-08T14:55:40.219931,4,2770,FRAME,164.755,427.367,-4.823,-1.318,295,197,,,
2026-09-08T14:55:40.235607,4,2771,FRAME,159.932,426.049,-4.823,-1.318,295,204,,,
2026-09-08T14:55:40.252510,4,2772,FRAME,155.109,424.731,-4.823,-1.318,295,197,,,
2026-09-08T14:55:40.269609,4,2773,FRAME,150.285,423.413,-4.823,-1.318,295,204,,,
2026-09-08T14:55:40.287016,4,2774,FRAME,145.462,422.095,-4.823,-1.318,295,197,,,
2026-09-08T14:55:40.302467,4,2775,FRAME,140.639,420.777,-4.823,-1.318,295,204,,,
2026-09-08T14:55:40.319660,4,2776,FRAME,135.816,419.459,-4.823,-1.318,295,197,,,
2026-09-08T14:55:40.335960,4,2777,FRAME,130.993,418.14,-4.823,-1.318,295,204,,,
2026-09-08T14:55:40.351774,4,2778,FRAME,126.17,416.822,-4.823,-1.318,295,197,,,
2026-09-08T14:55:40.367996,4,2779,FRAME,121.347,415.504,-4.823,-1.318,295,204,,,
2026-09-08T14:55:40.383730,4,2780,FRAME,116.523,414.186,-4.823,-1.318,295,197,,,
2026-09-08T14:55:40.400117,4,2781,FRAME,111.7,412.868,-4.823,-1.318,295,204,,,
2026-09-08T14:55:40.415886,4,2782,FRAME,106.877,411.55,-4.823,-1.318,295,197,,,
2026-09-08T14:55:40.432142,4,2783,FRAME,102.054,410.232,-4.823,-1.318,295,204,,,
2026-09-08T14:55:40.448652,4,2784,FRAME,97.231,408.914,-4.823,-1.318,295,197,,,
2026-09-08T14:55:40.465068,4,2785,FRAME,92.408,407.596,-4.823,-1.318,295,204,,,
2026-09-08T14:55:40.480808,4,2786,FRAME,87.585,406.278,-4.823,-1.318,295,197,,,
2026-09-08T14:55:40.497035,4,2787,FRAME,82.762,404.959,-4.823,-1.318,295,204,,,
2026-09-08T14:55:40.512672,4,2788,FRAME,77.938,403.641,-4.823,-1.318,295,197,,,
2026-09-08T14:55:40.529280,4,2789,FRAME,73.115,402.323,-4.823,-1.318,295,204,,,
2026-09-08T14:55:40.545823,4,2790,FRAME,68.292,401.005,-4.823,-1.318,295,197,,,
2026-09-08T14:55:40.561352,4,2791,FRAME,63.469,399.687,-4.823,-1.318,295,204,,,
2026-09-08T14:55:40.578542,4,2792,FRAME,58.646,398.369,-4.823,-1.318,295,197,,,
2026-09-08T14:55:40.595421,4,2793,FRAME,53.823,397.051,-4.823,-1.318,295,204,,,
2026-09-08T14:55:40.612210,4,2794,FRAME,49.0,395.733,-4.823,-1.318,295,197,,,
2026-09-08T14:55:40.628838,4,2795,FRAME,44.176,394.415,-4.823,-1.318,295,204,,,
2026-09-08T14:55:40.645027,4,2796,FRAME,39.353,393.097,-4.823,-1.318,295,197,,,
2026-09-08T14:55:40.661001,4,2797,FRAME,34.53,391.778,-4.823,-1.318,295,204,,,
2026-09-08T14:55:40.676697,4,2798,LEFT_HIT,30,390.46,2.984,4.012,302,197,0.889,53.352,
2026-09-08T14:55:40.677320,4,2799,FRAME,30,390.46,2.984,4.012,302,197,,,
2026-09-08T14:55:40.692729,4,2800,FRAME,32.984,394.472,2.984,4.012,309,204,,,
2026-09-08T14:55:40.709185,4,2801,FRAME,35.969,398.484,2.984,4.012,316,211,,,
2026-09-08T14:55:40.725748,4,2802,FRAME,38.953,402.495,2.984,4.012,323,218,,,
2026-09-08T14:55:40.741391,4,2803,FRAME,41.938,406.507,2.984,4.012,330,225,,,
2026-09-08T14:55:40.758496,4,2804,FRAME,44.922,410.518,2.984,4.012,337,232,,,
2026-09-08T14:55:40.775314,4,2805,FRAME,47.907,414.53,2.984,4.012,344,239,,,
2026-09-08T14:55:40.791983,4,2806,FRAME,50.891,418.542,2.984,4.012,351,246,,,
2026-09-08T14:55:40.808232,4,2807,FRAME,53.876,422.553,2.984,4.012,358,253,,,
2026-09-08T14:55:40.824936,4,2808,FRAME,56.86,426.565,2.984,4.012,365,260,,,
2026-09-08T14:55:40.840719,4,2809,FRAME,59.845,430.576,2.984,4.012,372,267,,,
2026-09-08T14:55:40.857897,4,2810,FRAME,62.829,434.588,2.984,4.012,379,274,,,
2026-09-08T14:55:40.874005,4,2811,FRAME,65.814,438.6,2.984,4.012,386,281,,,
2026-09-08T14:55:40.890295,4,2812,FRAME,68.798,442.611,2.984,4.012,393,288,,,
2026-09-08T14:55:40.907068,4,2813,FRAME,71.782,446.623,2.984,4.012,400,295,,,
2026-09-08T14:55:40.923422,4,2814,FRAME,74.767,450.634,2.984,4.012,400,302,,,
2026-09-08T14:55:40.940378,4,2815,FRAME,77.751,454.646,2.984,4.012,400,309,,,
2026-09-08T14:55:40.957398,4,2816,FRAME,80.736,458.658,2.984,4.012,400,316,,,
2026-09-08T14:55:40.972740,4,2817,FRAME,83.72,462.669,2.984,4.012,400,323,,,
2026-09-08T14:55:40.989521,4,2818,FRAME,86.705,466.681,2.984,4.012,400,330,,,
2026-09-08T14:55:41.006639,4,2819,FRAME,89.689,470.692,2.984,4.012,400,323,,,
2026-09-08T14:55:41.023285,4,2820,FRAME,92.674,474.704,2.984,4.012,400,330,,,
2026-09-08T14:55:41.040246,4,2821,FRAME,95.658,478.716,2.984,4.012,400,323,,,
2026-09-08T14:55:41.056913,4,2822,FRAME,98.643,482.727,2.984,4.012,400,330,,,
2026-09-08T14:55:41.073182,4,2823,FRAME,101.627,486.739,2.984,4.012,400,323,,,
2026-09-08T14:55:41.090572,4,2824,WALL_BOUNCE,104.611,488,2.984,-4.012,400,330,,,
2026-09-08T14:55:41.090572,4,2825,FRAME,104.611,488,2.984,-4.012,400,330,,,
2026-09-08T14:55:41.107089,4,2826,FRAME,107.596,483.988,2.984,-4.012,400,323,,,
2026-09-08T14:55:41.122765,4,2827,FRAME,110.58,479.977,2.984,-4.012,400,330,,,
2026-09-08T14:55:41.140158,4,2828,FRAME,113.565,475.965,2.984,-4.012,400,323,,,
2026-09-08T14:55:41.156041,4,2829,FRAME,116.549,471.954,2.984,-4.012,400,330,,,
2026-09-08T14:55:41.172181,4,2830,FRAME,119.534,467.942,2.984,-4.012,400,323,,,
2026-09-08T14:55:41.188763,4,2831,FRAME,122.518,463.93,2.984,-4.012,400,330,,,
2026-09-08T14:55:41.205307,4,2832,FRAME,125.503,459.919,2.984,-4.012,400,323,,,
2026-09-08T14:55:41.222771,4,2833,FRAME,128.487,455.907,2.984,-4.012,400,330,,,
2026-09-08T14:55:41.239020,4,2834,FRAME,131.472,451.896,2.984,-4.012,400,323,,,
2026-09-08T14:55:41.254869,4,2835,FRAME,134.456,447.884,2.984,-4.012,400,330,,,
2026-09-08T14:55:41.271032,4,2836,FRAME,137.441,443.872,2.984,-4.012,400,323,,,
2026-09-08T14:55:41.286707,4,2837,FRAME,140.425,439.861,2.984,-4.012,400,330,,,
2026-09-08T14:55:41.304088,4,2838,FRAME,143.409,435.849,2.984,-4.012,400,323,,,
2026-09-08T14:55:41.320427,4,2839,FRAME,146.394,431.837,2.984,-4.012,400,330,,,
2026-09-08T14:55:41.337675,4,2840,FRAME,149.378,427.826,2.984,-4.012,400,323,,,
2026-09-08T14:55:41.355092,4,2841,FRAME,152.363,423.814,2.984,-4.012,400,330,,,
2026-09-08T14:55:41.370881,4,2842,FRAME,155.347,419.803,2.984,-4.012,400,323,,,
2026-09-08T14:55:41.386988,4,2843,FRAME,158.332,415.791,2.984,-4.012,400,330,,,
2026-09-08T14:55:41.402674,4,2844,FRAME,161.316,411.779,2.984,-4.012,400,323,,,
2026-09-08T14:55:41.419134,4,2845,FRAME,164.301,407.768,2.984,-4.012,400,330,,,
2026-09-08T14:55:41.434933,4,2846,FRAME,167.285,403.756,2.984,-4.012,400,323,,,
2026-09-08T14:55:41.451288,4,2847,FRAME,170.27,399.745,2.984,-4.012,400,330,,,
2026-09-08T14:55:41.467884,4,2848,FRAME,173.254,395.733,2.984,-4.012,400,323,,,
2026-09-08T14:55:41.484273,4,2849,FRAME,176.239,391.721,2.984,-4.012,400,330,,,
2026-09-08T14:55:41.500835,4,2850,FRAME,179.223,387.71,2.984,-4.012,400,323,,,
2026-09-08T14:55:41.516490,4,2851,FRAME,182.207,383.698,2.984,-4.012,400,330,,,
2026-09-08T14:55:41.533749,4,2852,FRAME,185.192,379.687,2.984,-4.012,400,323,,,
2026-09-08T14:55:41.549614,4,2853,FRAME,188.176,375.675,2.984,-4.012,400,330,,,
2026-09-08T14:55:41.566805,4,2854,FRAME,191.161,371.663,2.984,-4.012,400,323,,,
2026-09-08T14:55:41.582569,4,2855,FRAME,194.145,367.652,2.984,-4.012,400,330,,,
2026-09-08T14:55:41.599642,4,2856,FRAME,197.13,363.64,2.984,-4.012,400,323,,,
2026-09-08T14:55:41.616890,4,2857,FRAME,200.114,359.629,2.984,-4.012,400,330,,,
2026-09-08T14:55:41.632656,4,2858,FRAME,203.099,355.617,2.984,-4.012,400,323,,,
2026-09-08T14:55:41.649898,4,2859,FRAME,206.083,351.605,2.984,-4.012,400,330,,,
2026-09-08T14:55:41.665959,4,2860,FRAME,209.068,347.594,2.984,-4.012,400,323,,,
2026-09-08T14:55:41.682294,4,2861,FRAME,212.052,343.582,2.984,-4.012,400,330,,,
2026-09-08T14:55:41.698952,4,2862,FRAME,215.037,339.57,2.984,-4.012,400,323,,,
2026-09-08T14:55:41.715237,4,2863,FRAME,218.021,335.559,2.984,-4.012,400,330,,,
2026-09-08T14:55:41.731772,4,2864,FRAME,221.005,331.547,2.984,-4.012,400,323,,,
2026-09-08T14:55:41.748839,4,2865,FRAME,223.99,327.536,2.984,-4.012,400,330,,,
2026-09-08T14:55:41.764947,4,2866,FRAME,226.974,323.524,2.984,-4.012,400,323,,,
2026-09-08T14:55:41.780814,4,2867,FRAME,229.959,319.512,2.984,-4.012,400,330,,,
2026-09-08T14:55:41.797027,4,2868,FRAME,232.943,315.501,2.984,-4.012,400,323,,,
2026-09-08T14:55:41.812797,4,2869,FRAME,235.928,311.489,2.984,-4.012,400,330,,,
2026-09-08T14:55:41.828862,4,2870,FRAME,238.912,307.478,2.984,-4.012,400,323,,,
2026-09-08T14:55:41.844984,4,2871,FRAME,241.897,303.466,2.984,-4.012,400,330,,,
2026-09-08T14:55:41.860594,4,2872,FRAME,244.881,299.454,2.984,-4.012,400,323,,,
2026-09-08T14:55:41.877192,4,2873,FRAME,247.866,295.443,2.984,-4.012,400,330,,,
2026-09-08T14:55:41.894120,4,2874,FRAME,250.85,291.431,2.984,-4.012,400,323,,,
2026-09-08T14:55:41.909525,4,2875,FRAME,253.834,287.42,2.984,-4.012,400,330,,,
2026-09-08T14:55:41.925964,4,2876,FRAME,256.819,283.408,2.984,-4.012,400,323,,,
2026-09-08T14:55:41.942140,4,2877,FRAME,259.803,279.396,2.984,-4.012,400,330,,,
2026-09-08T14:55:41.959193,4,2878,FRAME,262.788,275.385,2.984,-4.012,400,323,,,
2026-09-08T14:55:41.975990,4,2879,FRAME,265.772,271.373,2.984,-4.012,400,330,,,
2026-09-08T14:55:41.991676,4,2880,FRAME,268.757,267.362,2.984,-4.012,400,323,,,
2026-09-08T14:55:42.008861,4,2881,FRAME,271.741,263.35,2.984,-4.012,400,330,,,
2026-09-08T14:55:42.025148,4,2882,FRAME,274.726,259.338,2.984,-4.012,400,323,,,
2026-09-08T14:55:42.041405,4,2883,FRAME,277.71,255.327,2.984,-4.012,400,330,,,
2026-09-08T14:55:42.058890,4,2884,FRAME,280.695,251.315,2.984,-4.012,400,323,,,
2026-09-08T14:55:42.075087,4,2885,FRAME,283.679,247.304,2.984,-4.012,400,330,,,
2026-09-08T14:55:42.090885,4,2886,FRAME,286.664,243.292,2.984,-4.012,400,323,,,
2026-09-08T14:55:42.106961,4,2887,FRAME,289.648,239.28,2.984,-4.012,400,330,,,
2026-09-08T14:55:42.123325,4,2888,FRAME,292.632,235.269,2.984,-4.012,400,323,,,
2026-09-08T14:55:42.140770,4,2889,FRAME,295.617,231.257,2.984,-4.012,400,330,,,
2026-09-08T14:55:42.157094,4,2890,FRAME,298.601,227.245,2.984,-4.012,400,323,,,
2026-09-08T14:55:42.172847,4,2891,FRAME,301.586,223.234,2.984,-4.012,400,330,,,
2026-09-08T14:55:42.189267,4,2892,FRAME,304.57,219.222,2.984,-4.012,400,323,,,
2026-09-08T14:55:42.206749,4,2893,FRAME,307.555,215.211,2.984,-4.012,400,330,,,
2026-09-08T14:55:42.224034,4,2894,FRAME,310.539,211.199,2.984,-4.012,400,323,,,
2026-09-08T14:55:42.239810,4,2895,FRAME,313.524,207.187,2.984,-4.012,400,330,,,
2026-09-08T14:55:42.256031,4,2896,FRAME,316.508,203.176,2.984,-4.012,400,323,,,
2026-09-08T14:55:42.271924,4,2897,FRAME,319.493,199.164,2.984,-4.012,400,330,,,
2026-09-08T14:55:42.287683,4,2898,FRAME,322.477,195.153,2.984,-4.012,400,323,,,
2026-09-08T14:55:42.305198,4,2899,FRAME,325.462,191.141,2.984,-4.012,400,330,,,
2026-09-08T14:55:42.321825,4,2900,FRAME,328.446,187.129,2.984,-4.012,400,323,,,
2026-09-08T14:55:42.337272,4,2901,FRAME,331.43,183.118,2.984,-4.012,400,330,,,
2026-09-08T14:55:42.353950,4,2902,FRAME,334.415,179.106,2.984,-4.012,400,323,,,
2026-09-08T14:55:42.369687,4,2903,FRAME,337.399,175.095,2.984,-4.012,400,330,,,
2026-09-08T14:55:42.387154,4,2904,FRAME,340.384,171.083,2.984,-4.012,400,323,,,
2026-09-08T14:55:42.402753,4,2905,FRAME,343.368,167.071,2.984,-4.012,400,330,,,
2026-09-08T14:55:42.419719,4,2906,FRAME,346.353,163.06,2.984,-4.012,400,323,,,
2026-09-08T14:55:42.436942,4,2907,FRAME,349.337,159.048,2.984,-4.012,400,330,,,
2026-09-08T14:55:42.453292,4,2908,FRAME,352.322,155.037,2.984,-4.012,400,323,,,
2026-09-08T14:55:42.470004,4,2909,FRAME,355.306,151.025,2.984,-4.012,400,330,,,
2026-09-08T14:55:42.486112,4,2910,FRAME,358.291,147.013,2.984,-4.012,400,323,,,
2026-09-08T14:55:42.503646,4,2911,FRAME,361.275,143.002,2.984,-4.012,400,330,,,
2026-09-08T14:55:42.520149,4,2912,FRAME,364.259,138.99,2.984,-4.012,400,323,,,
2026-09-08T14:55:42.537805,4,2913,FRAME,367.244,134.978,2.984,-4.012,400,330,,,
2026-09-08T14:55:42.553762,4,2914,FRAME,370.228,130.967,2.984,-4.012,400,323,,,
2026-09-08T14:55:42.569230,4,2915,FRAME,373.213,126.955,2.984,-4.012,400,330,,,
2026-09-08T14:55:42.585686,4,2916,FRAME,376.197,122.944,2.984,-4.012,400,323,,,
2026-09-08T14:55:42.603102,4,2917,FRAME,379.182,118.932,2.984,-4.012,400,330,,,
2026-09-08T14:55:42.618866,4,2918,FRAME,382.166,114.92,2.984,-4.012,400,323,,,
2026-09-08T14:55:42.635034,4,2919,FRAME,385.151,110.909,2.984,-4.012,400,330,,,
2026-09-08T14:55:42.650718,4,2920,FRAME,388.135,106.897,2.984,-4.012,400,323,,,
2026-09-08T14:55:42.666808,4,2921,FRAME,391.12,102.886,2.984,-4.012,400,330,,,
2026-09-08T14:55:42.682557,4,2922,FRAME,394.104,98.874,2.984,-4.012,400,323,,,
2026-09-08T14:55:42.699662,4,2923,FRAME,397.089,94.862,2.984,-4.012,400,330,,,
2026-09-08T14:55:42.716666,4,2924,FRAME,400.073,90.851,2.984,-4.012,400,323,,,
2026-09-08T14:55:42.733797,4,2925,FRAME,403.057,86.839,2.984,-4.012,400,330,,,
2026-09-08T14:55:42.750672,4,2926,FRAME,406.042,82.828,2.984,-4.012,400,323,,,
2026-09-08T14:55:42.767037,4,2927,FRAME,409.026,78.816,2.984,-4.012,400,330,,,
2026-09-08T14:55:42.783509,4,2928,FRAME,412.011,74.804,2.984,-4.012,400,323,,,
2026-09-08T14:55:42.799355,4,2929,FRAME,414.995,70.793,2.984,-4.012,400,330,,,
2026-09-08T14:55:42.816732,4,2930,FRAME,417.98,66.781,2.984,-4.012,400,323,,,
2026-09-08T14:55:42.834049,4,2931,FRAME,420.964,62.77,2.984,-4.012,400,330,,,
2026-09-08T14:55:42.851429,4,2932,FRAME,423.949,58.758,2.984,-4.012,400,323,,,
2026-09-08T14:55:42.868813,4,2933,FRAME,426.933,54.746,2.984,-4.012,400,330,,,
2026-09-08T14:55:42.885382,4,2934,FRAME,429.918,50.735,2.984,-4.012,400,323,,,
2026-09-08T14:55:42.903086,4,2935,FRAME,432.902,46.723,2.984,-4.012,400,330,,,
2026-09-08T14:55:42.920001,4,2936,FRAME,435.887,42.711,2.984,-4.012,400,323,,,
2026-09-08T14:55:42.936863,4,2937,FRAME,438.871,38.7,2.984,-4.012,400,330,,,
2026-09-08T14:55:42.953402,4,2938,FRAME,441.855,34.688,2.984,-4.012,400,323,,,
2026-09-08T14:55:42.970930,4,2939,FRAME,444.84,30.677,2.984,-4.012,400,330,,,
2026-09-08T14:55:42.986694,4,2940,FRAME,447.824,26.665,2.984,-4.012,400,323,,,
2026-09-08T14:55:43.003361,4,2941,FRAME,450.809,22.653,2.984,-4.012,400,330,,,
2026-09-08T14:55:43.020309,4,2942,FRAME,453.793,18.642,2.984,-4.012,400,323,,,
2026-09-08T14:55:43.036823,4,2943,FRAME,456.778,14.63,2.984,-4.012,400,330,,,
2026-09-08T14:55:43.052584,4,2944,FRAME,459.762,10.619,2.984,-4.012,400,323,,,
2026-09-08T14:55:43.068919,4,2945,FRAME,462.747,6.607,2.984,-4.012,400,330,,,
2026-09-08T14:55:43.084673,4,2946,FRAME,465.731,2.595,2.984,-4.012,400,323,,,
2026-09-08T14:55:43.100579,4,2947,WALL_BOUNCE,468.716,0,2.984,4.012,400,330,,,
2026-09-08T14:55:43.100579,4,2948,FRAME,468.716,0,2.984,4.012,400,330,,,
2026-09-08T14:55:43.117216,4,2949,FRAME,471.7,4.012,2.984,4.012,400,323,,,
2026-09-08T14:55:43.133785,4,2950,FRAME,474.685,8.023,2.984,4.012,400,330,,,
2026-09-08T14:55:43.149638,4,2951,FRAME,477.669,12.035,2.984,4.012,400,323,,,
2026-09-08T14:55:43.166998,4,2952,FRAME,480.653,16.046,2.984,4.012,400,330,,,
2026-09-08T14:55:43.182901,4,2953,FRAME,483.638,20.058,2.984,4.012,400,323,,,
2026-09-08T14:55:43.199186,4,2954,FRAME,486.622,24.07,2.984,4.012,400,330,,,
2026-09-08T14:55:43.216040,4,2955,FRAME,489.607,28.081,2.984,4.012,400,323,,,
2026-09-08T14:55:43.232663,4,2956,FRAME,492.591,32.093,2.984,4.012,400,330,,,
2026-09-08T14:55:43.250013,4,2957,FRAME,495.576,36.104,2.984,4.012,400,323,,,
2026-09-08T14:55:43.265672,4,2958,FRAME,498.56,40.116,2.984,4.012,400,330,,,
2026-09-08T14:55:43.282391,4,2959,FRAME,501.545,44.128,2.984,4.012,400,323,,,
2026-09-08T14:55:43.299004,4,2960,FRAME,504.529,48.139,2.984,4.012,400,330,,,
2026-09-08T14:55:43.315189,4,2961,FRAME,507.514,52.151,2.984,4.012,400,323,,,
2026-09-08T14:55:43.330733,4,2962,FRAME,510.498,56.163,2.984,4.012,400,330,,,
2026-09-08T14:55:43.347136,4,2963,FRAME,513.482,60.174,2.984,4.012,400,323,,,
2026-09-08T14:55:43.362729,4,2964,FRAME,516.467,64.186,2.984,4.012,400,330,,,
2026-09-08T14:55:43.380705,4,2965,FRAME,519.451,68.197,2.984,4.012,400,323,,,
2026-09-08T14:55:43.396664,4,2966,FRAME,522.436,72.209,2.984,4.012,400,330,,,
2026-09-08T14:55:43.413701,4,2967,FRAME,525.42,76.221,2.984,4.012,400,323,,,
2026-09-08T14:55:43.430410,4,2968,FRAME,528.405,80.232,2.984,4.012,400,330,,,
2026-09-08T14:55:43.447456,4,2969,FRAME,531.389,84.244,2.984,4.012,400,323,,,
2026-09-08T14:55:43.465293,4,2970,FRAME,534.374,88.255,2.984,4.012,400,330,,,
2026-09-08T14:55:43.482114,4,2971,FRAME,537.358,92.267,2.984,4.012,400,323,,,
2026-09-08T14:55:43.498014,4,2972,FRAME,540.343,96.279,2.984,4.012,400,330,,,
2026-09-08T14:55:43.514300,4,2973,FRAME,543.327,100.29,2.984,4.012,400,323,,,
2026-09-08T14:55:43.531265,4,2974,FRAME,546.312,104.302,2.984,4.012,400,330,,,
2026-09-08T14:55:43.548570,4,2975,FRAME,549.296,108.313,2.984,4.012,400,323,,,
2026-09-08T14:55:43.565331,4,2976,FRAME,552.28,112.325,2.984,4.012,400,330,,,
2026-09-08T14:55:43.582383,4,2977,FRAME,555.265,116.337,2.984,4.012,400,323,,,
2026-09-08T14:55:43.598404,4,2978,FRAME,558.249,120.348,2.984,4.012,400,330,,,
2026-09-08T14:55:43.615404,4,2979,FRAME,561.234,124.36,2.984,4.012,400,323,,,
2026-09-08T14:55:43.632408,4,2980,FRAME,564.218,128.371,2.984,4.012,400,330,,,
2026-09-08T14:55:43.649794,4,2981,FRAME,567.203,132.383,2.984,4.012,400,323,,,
2026-09-08T14:55:43.665862,4,2982,FRAME,570.187,136.395,2.984,4.012,400,330,,,
2026-09-08T14:55:43.681232,4,2983,FRAME,573.172,140.406,2.984,4.012,400,323,,,
2026-09-08T14:55:43.697714,4,2984,FRAME,576.156,144.418,2.984,4.012,400,330,,,
2026-09-08T14:55:43.715087,4,2985,FRAME,579.141,148.43,2.984,4.012,400,323,,,
2026-09-08T14:55:43.732076,4,2986,FRAME,582.125,152.441,2.984,4.012,400,330,,,
2026-09-08T14:55:43.747804,4,2987,FRAME,585.11,156.453,2.984,4.012,400,323,,,
2026-09-08T14:55:43.763954,4,2988,FRAME,588.094,160.464,2.984,4.012,400,330,,,
2026-09-08T14:55:43.780064,4,2989,FRAME,591.078,164.476,2.984,4.012,400,323,,,
2026-09-08T14:55:43.796068,4,2990,FRAME,594.063,168.488,2.984,4.012,400,330,,,
2026-09-08T14:55:43.811628,4,2991,FRAME,597.047,172.499,2.984,4.012,400,323,,,
2026-09-08T14:55:43.828583,4,2992,FRAME,600.032,176.511,2.984,4.012,400,330,,,
2026-09-08T14:55:43.845359,4,2993,FRAME,603.016,180.522,2.984,4.012,400,323,,,
2026-09-08T14:55:43.862733,4,2994,FRAME,606.001,184.534,2.984,4.012,400,330,,,
2026-09-08T14:55:43.878768,4,2995,FRAME,608.985,188.546,2.984,4.012,400,323,,,
2026-09-08T14:55:43.894846,4,2996,FRAME,611.97,192.557,2.984,4.012,400,330,,,
2026-09-08T14:55:43.911109,4,2997,FRAME,614.954,196.569,2.984,4.012,400,323,,,
2026-09-08T14:55:43.927919,4,2998,FRAME,617.939,200.58,2.984,4.012,400,330,,,
2026-09-08T14:55:43.943849,4,2999,FRAME,620.923,204.592,2.984,4.012,400,323,,,
2026-09-08T14:55:43.959847,4,3000,FRAME,623.907,208.604,2.984,4.012,400,330,,,
2026-09-08T14:55:43.975328,4,3001,FRAME,626.892,212.615,2.984,4.012,400,323,,,
2026-09-08T14:55:43.991758,4,3002,FRAME,629.876,216.627,2.984,4.012,400,330,,,
2026-09-08T14:55:44.008141,4,3003,FRAME,632.861,220.638,2.984,4.012,400,323,,,
2026-09-08T14:55:44.024841,4,3004,FRAME,635.845,224.65,2.984,4.012,400,330,,,
2026-09-08T14:55:44.040636,4,3005,FRAME,638.83,228.662,2.984,4.012,400,323,,,
2026-09-08T14:55:44.057048,4,3006,FRAME,641.814,232.673,2.984,4.012,400,330,,,
2026-09-08T14:55:44.075005,4,3007,FRAME,644.799,236.685,2.984,4.012,400,323,,,
2026-09-08T14:55:44.090816,4,3008,FRAME,647.783,240.696,2.984,4.012,400,330,,,
2026-09-08T14:55:44.106872,4,3009,FRAME,650.768,244.708,2.984,4.012,400,323,,,
2026-09-08T14:55:44.122984,4,3010,FRAME,653.752,248.72,2.984,4.012,400,330,,,
2026-09-08T14:55:44.138599,4,3011,FRAME,656.737,252.731,2.984,4.012,400,323,,,
2026-09-08T14:55:44.155127,4,3012,FRAME,659.721,256.743,2.984,4.012,400,330,,,
2026-09-08T14:55:44.171027,4,3013,FRAME,662.705,260.755,2.984,4.012,400,323,,,
2026-09-08T14:55:44.186954,4,3014,FRAME,665.69,264.766,2.984,4.012,400,330,,,
2026-09-08T14:55:44.202681,4,3015,FRAME,668.674,268.778,2.984,4.012,400,323,,,
2026-09-08T14:55:44.219484,4,3016,FRAME,671.659,272.789,2.984,4.012,400,330,,,
2026-09-08T14:55:44.236993,4,3017,FRAME,674.643,276.801,2.984,4.012,400,323,,,
2026-09-08T14:55:44.253049,4,3018,FRAME,677.628,280.813,2.984,4.012,400,330,,,
2026-09-08T14:55:44.268813,4,3019,FRAME,680.612,284.824,2.984,4.012,400,323,,,
2026-09-08T14:55:44.285060,4,3020,FRAME,683.597,288.836,2.984,4.012,400,330,,,
2026-09-08T14:55:44.300747,4,3021,FRAME,686.581,292.847,2.984,4.012,400,323,,,
2026-09-08T14:55:44.317086,4,3022,FRAME,689.566,296.859,2.984,4.012,400,330,,,
2026-09-08T14:55:44.333778,4,3023,FRAME,692.55,300.871,2.984,4.012,400,323,,,
2026-09-08T14:55:44.349806,4,3024,FRAME,695.535,304.882,2.984,4.012,400,330,,,
2026-09-08T14:55:44.365808,4,3025,FRAME,698.519,308.894,2.984,4.012,400,323,,,
2026-09-08T14:55:44.381743,4,3026,FRAME,701.503,312.905,2.984,4.012,400,330,,,
2026-09-08T14:55:44.399093,4,3027,FRAME,704.488,316.917,2.984,4.012,400,323,,,
2026-09-08T14:55:44.415391,4,3028,FRAME,707.472,320.929,2.984,4.012,400,330,,,
2026-09-08T14:55:44.432048,4,3029,FRAME,710.457,324.94,2.984,4.012,400,323,,,
2026-09-08T14:55:44.448323,4,3030,FRAME,713.441,328.952,2.984,4.012,393,330,,,
2026-09-08T14:55:44.465250,4,3031,FRAME,716.426,332.963,2.984,4.012,386,323,,,
2026-09-08T14:55:44.481688,4,3032,FRAME,719.41,336.975,2.984,4.012,379,330,,,
2026-09-08T14:55:44.498975,4,3033,FRAME,722.395,340.987,2.984,4.012,372,323,,,
2026-09-08T14:55:44.515308,4,3034,FRAME,725.379,344.998,2.984,4.012,365,330,,,
2026-09-08T14:55:44.532048,4,3035,FRAME,728.364,349.01,2.984,4.012,358,323,,,
2026-09-08T14:55:44.548083,4,3036,FRAME,731.348,353.022,2.984,4.012,351,330,,,
2026-09-08T14:55:44.565109,4,3037,FRAME,734.333,357.033,2.984,4.012,344,323,,,
2026-09-08T14:55:44.581582,4,3038,FRAME,737.317,361.045,2.984,4.012,337,330,,,
2026-09-08T14:55:44.598138,4,3039,FRAME,740.301,365.056,2.984,4.012,330,323,,,
2026-09-08T14:55:44.615244,4,3040,FRAME,743.286,369.068,2.984,4.012,323,330,,,
2026-09-08T14:55:44.632061,4,3041,FRAME,746.27,373.08,2.984,4.012,316,330,,,
2026-09-08T14:55:44.647928,4,3042,FRAME,749.255,377.091,2.984,4.012,309,330,,,
2026-09-08T14:55:44.663700,4,3043,FRAME,752.239,381.103,2.984,4.012,302,330,,,
2026-09-08T14:55:44.680707,4,3044,FRAME,755.224,385.114,2.984,4.012,295,330,,,
2026-09-08T14:55:44.697316,4,3045,RIGHT_HIT,758,389.126,-4.751,1.558,295,330,0.303,18.151,
2026-09-08T14:55:44.697316,4,3046,FRAME,758,389.126,-4.751,1.558,295,330,,,
2026-09-08T14:55:44.715067,4,3047,FRAME,753.249,390.684,-4.751,1.558,295,323,,,
2026-09-08T14:55:44.730990,4,3048,FRAME,748.498,392.241,-4.751,1.558,295,316,,,
2026-09-08T14:55:44.747481,4,3049,FRAME,743.746,393.799,-4.751,1.558,295,309,,,
2026-09-08T14:55:44.764337,4,3050,FRAME,738.995,395.356,-4.751,1.558,295,302,,,
2026-09-08T14:55:44.782072,4,3051,FRAME,734.244,396.914,-4.751,1.558,295,295,,,
2026-09-08T14:55:44.797725,4,3052,FRAME,729.493,398.472,-4.751,1.558,295,288,,,
2026-09-08T14:55:44.814997,4,3053,FRAME,724.742,400.029,-4.751,1.558,295,281,,,
2026-09-08T14:55:44.831165,4,3054,FRAME,719.99,401.587,-4.751,1.558,295,274,,,
2026-09-08T14:55:44.847607,4,3055,FRAME,715.239,403.145,-4.751,1.558,295,267,,,
2026-09-08T14:55:44.865316,4,3056,FRAME,710.488,404.702,-4.751,1.558,295,260,,,
2026-09-08T14:55:44.882032,4,3057,FRAME,705.737,406.26,-4.751,1.558,295,253,,,
2026-09-08T14:55:44.897828,4,3058,FRAME,700.986,407.818,-4.751,1.558,295,246,,,
2026-09-08T14:55:44.913978,4,3059,FRAME,696.235,409.375,-4.751,1.558,295,239,,,
2026-09-08T14:55:44.929851,4,3060,FRAME,691.483,410.933,-4.751,1.558,295,232,,,
2026-09-08T14:55:44.945784,4,3061,FRAME,686.732,412.49,-4.751,1.558,295,225,,,
2026-09-08T14:55:44.962008,4,3062,FRAME,681.981,414.048,-4.751,1.558,295,218,,,
2026-09-08T14:55:44.979102,4,3063,FRAME,677.23,415.606,-4.751,1.558,295,211,,,
2026-09-08T14:55:44.995093,4,3064,FRAME,672.479,417.163,-4.751,1.558,295,204,,,
2026-09-08T14:55:45.011568,4,3065,FRAME,667.727,418.721,-4.751,1.558,295,197,,,
2026-09-08T14:55:45.028692,4,3066,FRAME,662.976,420.279,-4.751,1.558,295,204,,,
2026-09-08T14:55:45.045461,4,3067,FRAME,658.225,421.836,-4.751,1.558,295,197,,,
2026-09-08T14:55:45.062014,4,3068,FRAME,653.474,423.394,-4.751,1.558,295,204,,,
2026-09-08T14:55:45.077757,4,3069,FRAME,648.723,424.951,-4.751,1.558,295,197,,,
2026-09-08T14:55:45.094788,4,3070,FRAME,643.971,426.509,-4.751,1.558,295,204,,,
2026-09-08T14:55:45.110859,4,3071,FRAME,639.22,428.067,-4.751,1.558,295,197,,,
2026-09-08T14:55:45.127082,4,3072,FRAME,634.469,429.624,-4.751,1.558,295,204,,,
2026-09-08T14:55:45.142850,4,3073,FRAME,629.718,431.182,-4.751,1.558,288,197,,,
2026-09-08T14:55:45.159153,4,3074,FRAME,624.967,432.74,-4.751,1.558,281,204,,,
2026-09-08T14:55:45.174931,4,3075,FRAME,620.216,434.297,-4.751,1.558,274,197,,,
2026-09-08T14:55:45.190798,4,3076,FRAME,615.464,435.855,-4.751,1.558,267,204,,,
2026-09-08T14:55:45.206720,4,3077,FRAME,610.713,437.412,-4.751,1.558,260,197,,,
2026-09-08T14:55:45.223851,4,3078,FRAME,605.962,438.97,-4.751,1.558,253,204,,,
2026-09-08T14:55:45.240058,4,3079,FRAME,601.211,440.528,-4.751,1.558,246,197,,,
2026-09-08T14:55:45.256077,4,3080,FRAME,596.46,442.085,-4.751,1.558,239,204,,,
2026-09-08T14:55:45.271901,4,3081,FRAME,591.708,443.643,-4.751,1.558,232,197,,,
2026-09-08T14:55:45.287668,4,3082,FRAME,586.957,445.201,-4.751,1.558,225,204,,,
2026-09-08T14:55:45.303831,4,3083,FRAME,582.206,446.758,-4.751,1.558,218,197,,,
2026-09-08T14:55:45.320007,4,3084,FRAME,577.455,448.316,-4.751,1.558,211,204,,,
2026-09-08T14:55:45.335980,4,3085,FRAME,572.704,449.873,-4.751,1.558,204,197,,,
2026-09-08T14:55:45.351568,4,3086,FRAME,567.952,451.431,-4.751,1.558,197,204,,,
2026-09-08T14:55:45.368377,4,3087,FRAME,563.201,452.989,-4.751,1.558,190,197,,,
2026-09-08T14:55:45.385204,4,3088,FRAME,558.45,454.546,-4.751,1.558,183,204,,,
2026-09-08T14:55:45.402799,4,3089,FRAME,553.699,456.104,-4.751,1.558,183,197,,,
2026-09-08T14:55:45.419296,4,3090,FRAME,548.948,457.662,-4.751,1.558,183,204,,,
2026-09-08T14:55:45.436584,4,3091,FRAME,544.196,459.219,-4.751,1.558,183,197,,,
2026-09-08T14:55:45.453969,4,3092,FRAME,539.445,460.777,-4.751,1.558,183,204,,,
2026-09-08T14:55:45.469691,4,3093,FRAME,534.694,462.334,-4.751,1.558,183,197,,,
2026-09-08T14:55:45.486594,4,3094,FRAME,529.943,463.892,-4.751,1.558,183,204,,,
2026-09-08T14:55:45.503674,4,3095,FRAME,525.192,465.45,-4.751,1.558,183,197,,,
2026-09-08T14:55:45.520388,4,3096,FRAME,520.441,467.007,-4.751,1.558,183,204,,,
2026-09-08T14:55:45.537074,4,3097,FRAME,515.689,468.565,-4.751,1.558,183,197,,,
2026-09-08T14:55:45.553405,4,3098,FRAME,510.938,470.123,-4.751,1.558,183,204,,,
2026-09-08T14:55:45.570136,4,3099,FRAME,506.187,471.68,-4.751,1.558,183,197,,,
2026-09-08T14:55:45.586856,4,3100,FRAME,501.436,473.238,-4.751,1.558,183,204,,,
2026-09-08T14:55:45.603085,4,3101,FRAME,496.685,474.795,-4.751,1.558,183,197,,,
2026-09-08T14:55:45.618878,4,3102,FRAME,491.933,476.353,-4.751,1.558,183,204,,,
2026-09-08T14:55:45.635399,4,3103,FRAME,487.182,477.911,-4.751,1.558,190,197,,,
2026-09-08T14:55:45.651052,4,3104,FRAME,482.431,479.468,-4.751,1.558,197,204,,,
2026-09-08T14:55:45.666698,4,3105,FRAME,477.68,481.026,-4.751,1.558,204,197,,,
2026-09-08T14:55:45.685156,4,3106,FRAME,472.929,482.584,-4.751,1.558,211,204,,,
2026-09-08T14:55:45.700173,4,3107,FRAME,468.177,484.141,-4.751,1.558,218,197,,,
2026-09-08T14:55:45.716857,4,3108,FRAME,463.426,485.699,-4.751,1.558,225,204,,,
2026-09-08T14:55:45.733231,4,3109,FRAME,458.675,487.257,-4.751,1.558,232,197,,,
2026-09-08T14:55:45.749768,4,3110,WALL_BOUNCE,453.924,488,-4.751,-1.558,239,204,,,
2026-09-08T14:55:45.749768,4,3111,FRAME,453.924,488,-4.751,-1.558,239,204,,,
2026-09-08T14:55:45.765985,4,3112,FRAME,449.173,486.442,-4.751,-1.558,246,197,,,
2026-09-08T14:55:45.782689,4,3113,FRAME,444.422,484.885,-4.751,-1.558,253,204,,,
2026-09-08T14:55:45.799350,4,3114,FRAME,439.67,483.327,-4.751,-1.558,253,197,,,
2026-09-08T14:55:45.816825,4,3115,FRAME,434.919,481.769,-4.751,-1.558,253,204,,,
2026-09-08T14:55:45.832955,4,3116,FRAME,430.168,480.212,-4.751,-1.558,253,197,,,
2026-09-08T14:55:45.849141,4,3117,FRAME,425.417,478.654,-4.751,-1.558,253,204,,,
2026-09-08T14:55:45.865927,4,3118,FRAME,420.666,477.097,-4.751,-1.558,253,197,,,
2026-09-08T14:55:45.881809,4,3119,FRAME,415.914,475.539,-4.751,-1.558,253,204,,,
2026-09-08T14:55:45.897412,4,3120,FRAME,411.163,473.981,-4.751,-1.558,253,197,,,
2026-09-08T14:55:45.914259,4,3121,FRAME,406.412,472.424,-4.751,-1.558,253,204,,,
2026-09-08T14:55:45.931054,4,3122,FRAME,401.661,470.866,-4.751,-1.558,253,197,,,
2026-09-08T14:55:45.946833,4,3123,FRAME,396.91,469.308,-4.751,-1.558,253,204,,,
2026-09-08T14:55:45.962738,4,3124,FRAME,392.158,467.751,-4.751,-1.558,253,197,,,
2026-09-08T14:55:45.978515,4,3125,FRAME,387.407,466.193,-4.751,-1.558,253,204,,,
2026-09-08T14:55:45.995286,4,3126,FRAME,382.656,464.636,-4.751,-1.558,253,197,,,
2026-09-08T14:55:46.011751,4,3127,FRAME,377.905,463.078,-4.751,-1.558,253,204,,,
2026-09-08T14:55:46.029015,4,3128,FRAME,373.154,461.52,-4.751,-1.558,253,197,,,
2026-09-08T14:55:46.045157,4,3129,FRAME,368.403,459.963,-4.751,-1.558,253,204,,,
2026-09-08T14:55:46.061097,4,3130,FRAME,363.651,458.405,-4.751,-1.558,253,197,,,
2026-09-08T14:55:46.076862,4,3131,FRAME,358.9,456.847,-4.751,-1.558,253,204,,,
2026-09-08T14:55:46.093183,4,3132,FRAME,354.149,455.29,-4.751,-1.558,253,197,,,
2026-09-08T14:55:46.110575,4,3133,FRAME,349.398,453.732,-4.751,-1.558,253,204,,,
2026-09-08T14:55:46.127202,4,3134,FRAME,344.647,452.175,-4.751,-1.558,253,197,,,
2026-09-08T14:55:46.143704,4,3135,FRAME,339.895,450.617,-4.751,-1.558,253,204,,,
2026-09-08T14:55:46.160967,4,3136,FRAME,335.144,449.059,-4.751,-1.558,253,197,,,
2026-09-08T14:55:46.176722,4,3137,FRAME,330.393,447.502,-4.751,-1.558,253,204,,,
2026-09-08T14:55:46.193610,4,3138,FRAME,325.642,445.944,-4.751,-1.558,253,197,,,
2026-09-08T14:55:46.210623,4,3139,FRAME,320.891,444.386,-4.751,-1.558,253,204,,,
2026-09-08T14:55:46.227515,4,3140,FRAME,316.139,442.829,-4.751,-1.558,246,197,,,
2026-09-08T14:55:46.245351,4,3141,FRAME,311.388,441.271,-4.751,-1.558,239,204,,,
2026-09-08T14:55:46.261998,4,3142,FRAME,306.637,439.714,-4.751,-1.558,232,197,,,
2026-09-08T14:55:46.277902,4,3143,FRAME,301.886,438.156,-4.751,-1.558,225,204,,,
2026-09-08T14:55:46.294055,4,3144,FRAME,297.135,436.598,-4.751,-1.558,218,197,,,
2026-09-08T14:55:46.310121,4,3145,FRAME,292.383,435.041,-4.751,-1.558,211,204,,,
2026-09-08T14:55:46.326121,4,3146,FRAME,287.632,433.483,-4.751,-1.558,204,197,,,
2026-09-08T14:55:46.342089,4,3147,FRAME,282.881,431.925,-4.751,-1.558,197,204,,,
2026-09-08T14:55:46.357685,4,3148,FRAME,278.13,430.368,-4.751,-1.558,190,197,,,
2026-09-08T14:55:46.375024,4,3149,FRAME,273.379,428.81,-4.751,-1.558,190,204,,,
2026-09-08T14:55:46.391138,4,3150,FRAME,268.628,427.253,-4.751,-1.558,190,197,,,
2026-09-08T14:55:46.406589,4,3151,FRAME,263.876,425.695,-4.751,-1.558,190,204,,,
2026-09-08T14:55:46.423701,4,3152,FRAME,259.125,424.137,-4.751,-1.558,190,197,,,
2026-09-08T14:55:46.440718,4,3153,FRAME,254.374,422.58,-4.751,-1.558,190,204,,,
2026-09-08T14:55:46.458067,4,3154,FRAME,249.623,421.022,-4.751,-1.558,190,197,,,
2026-09-08T14:55:46.473554,4,3155,FRAME,244.872,419.464,-4.751,-1.558,190,204,,,
2026-09-08T14:55:46.490125,4,3156,FRAME,240.12,417.907,-4.751,-1.558,190,197,,,
2026-09-08T14:55:46.505778,4,3157,FRAME,235.369,416.349,-4.751,-1.558,190,204,,,
2026-09-08T14:55:46.521642,4,3158,FRAME,230.618,414.792,-4.751,-1.558,190,197,,,
2026-09-08T14:55:46.538179,4,3159,FRAME,225.867,413.234,-4.751,-1.558,190,204,,,
2026-09-08T14:55:46.554894,4,3160,FRAME,221.116,411.676,-4.751,-1.558,197,197,,,
2026-09-08T14:55:46.570800,4,3161,FRAME,216.364,410.119,-4.751,-1.558,204,204,,,
2026-09-08T14:55:46.586861,4,3162,FRAME,211.613,408.561,-4.751,-1.558,211,197,,,
2026-09-08T14:55:46.603199,4,3163,FRAME,206.862,407.003,-4.751,-1.558,218,204,,,
2026-09-08T14:55:46.620122,4,3164,FRAME,202.111,405.446,-4.751,-1.558,225,197,,,
2026-09-08T14:55:46.636950,4,3165,FRAME,197.36,403.888,-4.751,-1.558,232,204,,,
2026-09-08T14:55:46.652643,4,3166,FRAME,192.609,402.33,-4.751,-1.558,239,197,,,
2026-09-08T14:55:46.669725,4,3167,FRAME,187.857,400.773,-4.751,-1.558,246,204,,,
2026-09-08T14:55:46.686820,4,3168,FRAME,183.106,399.215,-4.751,-1.558,246,197,,,
2026-09-08T14:55:46.703255,4,3169,FRAME,178.355,397.658,-4.751,-1.558,246,204,,,
2026-09-08T14:55:46.719912,4,3170,FRAME,173.604,396.1,-4.751,-1.558,246,197,,,
2026-09-08T14:55:46.735746,4,3171,FRAME,168.853,394.542,-4.751,-1.558,246,204,,,
2026-09-08T14:55:46.751258,4,3172,FRAME,164.101,392.985,-4.751,-1.558,246,197,,,
2026-09-08T14:55:46.768318,4,3173,FRAME,159.35,391.427,-4.751,-1.558,246,204,,,
2026-09-08T14:55:46.784792,4,3174,FRAME,154.599,389.869,-4.751,-1.558,246,197,,,
2026-09-08T14:55:46.801468,4,3175,FRAME,149.848,388.312,-4.751,-1.558,246,204,,,
2026-09-08T14:55:46.818492,4,3176,FRAME,145.097,386.754,-4.751,-1.558,246,197,,,
2026-09-08T14:55:46.835008,4,3177,FRAME,140.345,385.197,-4.751,-1.558,246,204,,,
2026-09-08T14:55:46.850528,4,3178,FRAME,135.594,383.639,-4.751,-1.558,246,197,,,
2026-09-08T14:55:46.867553,4,3179,FRAME,130.843,382.081,-4.751,-1.558,253,204,,,
2026-09-08T14:55:46.884324,4,3180,FRAME,126.092,380.524,-4.751,-1.558,260,197,,,
2026-09-08T14:55:46.901315,4,3181,FRAME,121.341,378.966,-4.751,-1.558,267,204,,,
2026-09-08T14:55:46.918672,4,3182,FRAME,116.589,377.408,-4.751,-1.558,274,197,,,
2026-09-08T14:55:46.935344,4,3183,FRAME,111.838,375.851,-4.751,-1.558,281,204,,,
2026-09-08T14:55:46.952443,4,3184,FRAME,107.087,374.293,-4.751,-1.558,288,197,,,
2026-09-08T14:55:46.969655,4,3185,FRAME,102.336,372.736,-4.751,-1.558,295,204,,,
2026-09-08T14:55:46.986702,4,3186,FRAME,97.585,371.178,-4.751,-1.558,302,197,,,
2026-09-08T14:55:47.004247,4,3187,FRAME,92.834,369.62,-4.751,-1.558,309,204,,,
2026-09-08T14:55:47.021103,4,3188,FRAME,88.082,368.063,-4.751,-1.558,309,197,,,
2026-09-08T14:55:47.036874,4,3189,FRAME,83.331,366.505,-4.751,-1.558,309,204,,,
2026-09-08T14:55:47.052392,4,3190,FRAME,78.58,364.947,-4.751,-1.558,309,197,,,
2026-09-08T14:55:47.069039,4,3191,FRAME,73.829,363.39,-4.751,-1.558,309,204,,,
2026-09-08T14:55:47.084625,4,3192,FRAME,69.078,361.832,-4.751,-1.558,309,197,,,
2026-09-08T14:55:47.101082,4,3193,FRAME,64.326,360.275,-4.751,-1.558,309,204,,,
2026-09-08T14:55:47.116816,4,3194,FRAME,59.575,358.717,-4.751,-1.558,309,197,,,
2026-09-08T14:55:47.133029,4,3195,FRAME,54.824,357.159,-4.751,-1.558,309,204,,,
2026-09-08T14:55:47.148668,4,3196,FRAME,50.073,355.602,-4.751,-1.558,309,197,,,
2026-09-08T14:55:47.165200,4,3197,FRAME,45.322,354.044,-4.751,-1.558,309,204,,,
2026-09-08T14:55:47.182562,4,3198,FRAME,40.57,352.486,-4.751,-1.558,309,197,,,
2026-09-08T14:55:47.199129,4,3199,FRAME,35.819,350.929,-4.751,-1.558,309,204,,,
2026-09-08T14:55:47.214884,4,3200,FRAME,31.068,349.371,-4.751,-1.558,309,197,,,
2026-09-08T14:55:47.230583,4,3201,LEFT_HIT,30,347.814,4.971,-0.542,309,204,-0.104,-6.224,
2026-09-08T14:55:47.230583,4,3202,FRAME,30,347.814,4.971,-0.542,309,204,,,
2026-09-08T14:55:47.247275,4,3203,FRAME,34.971,347.271,4.971,-0.542,316,211,,,
2026-09-08T14:55:47.264037,4,3204,FRAME,39.941,346.729,4.971,-0.542,323,218,,,
2026-09-08T14:55:47.279783,4,3205,FRAME,44.912,346.187,4.971,-0.542,330,225,,,
2026-09-08T14:55:47.295567,4,3206,FRAME,49.882,345.645,4.971,-0.542,337,232,,,
2026-09-08T14:55:47.312302,4,3207,FRAME,54.853,345.103,4.971,-0.542,344,225,,,
2026-09-08T14:55:47.329801,4,3208,FRAME,59.823,344.561,4.971,-0.542,351,232,,,
2026-09-08T14:55:47.347143,4,3209,FRAME,64.794,344.019,4.971,-0.542,358,225,,,
2026-09-08T14:55:47.362881,4,3210,FRAME,69.764,343.477,4.971,-0.542,365,232,,,
2026-09-08T14:55:47.378852,4,3211,FRAME,74.735,342.935,4.971,-0.542,372,225,,,
2026-09-08T14:55:47.395145,4,3212,FRAME,79.705,342.393,4.971,-0.542,379,232,,,
2026-09-08T14:55:47.411169,4,3213,FRAME,84.676,341.851,4.971,-0.542,386,225,,,
2026-09-08T14:55:47.427968,4,3214,FRAME,89.646,341.309,4.971,-0.542,393,232,,,
2026-09-08T14:55:47.443987,4,3215,FRAME,94.617,340.767,4.971,-0.542,400,225,,,
2026-09-08T14:55:47.460095,4,3216,FRAME,99.587,340.225,4.971,-0.542,400,232,,,
2026-09-08T14:55:47.475577,4,3217,FRAME,104.558,339.683,4.971,-0.542,400,225,,,
2026-09-08T14:55:47.492846,4,3218,FRAME,109.528,339.141,4.971,-0.542,400,232,,,
2026-09-08T14:55:47.509186,4,3219,FRAME,114.499,338.599,4.971,-0.542,400,225,,,
2026-09-08T14:55:47.526084,4,3220,FRAME,119.47,338.056,4.971,-0.542,400,232,,,
2026-09-08T14:55:47.541873,4,3221,FRAME,124.44,337.514,4.971,-0.542,400,225,,,
2026-09-08T14:55:47.557809,4,3222,FRAME,129.411,336.972,4.971,-0.542,400,232,,,
2026-09-08T14:55:47.574944,4,3223,FRAME,134.381,336.43,4.971,-0.542,400,225,,,
2026-09-08T14:55:47.591093,4,3224,FRAME,139.352,335.888,4.971,-0.542,400,232,,,
2026-09-08T14:55:47.606895,4,3225,FRAME,144.322,335.346,4.971,-0.542,400,225,,,
2026-09-08T14:55:47.623264,4,3226,FRAME,149.293,334.804,4.971,-0.542,400,232,,,
2026-09-08T14:55:47.639924,4,3227,FRAME,154.263,334.262,4.971,-0.542,400,225,,,
2026-09-08T14:55:47.655602,4,3228,FRAME,159.234,333.72,4.971,-0.542,400,232,,,
2026-09-08T14:55:47.673098,4,3229,FRAME,164.204,333.178,4.971,-0.542,400,225,,,
2026-09-08T14:55:47.688640,4,3230,FRAME,169.175,332.636,4.971,-0.542,400,232,,,
2026-09-08T14:55:47.705191,4,3231,FRAME,174.145,332.094,4.971,-0.542,400,225,,,
2026-09-08T14:55:47.721845,4,3232,FRAME,179.116,331.552,4.971,-0.542,400,232,,,
2026-09-08T14:55:47.737368,4,3233,FRAME,184.086,331.01,4.971,-0.542,400,225,,,
2026-09-08T14:55:47.754189,4,3234,FRAME,189.057,330.468,4.971,-0.542,400,232,,,
2026-09-08T14:55:47.771226,4,3235,FRAME,194.028,329.926,4.971,-0.542,400,225,,,
2026-09-08T14:55:47.787672,4,3236,FRAME,198.998,329.384,4.971,-0.542,400,232,,,
2026-09-08T14:55:47.804764,4,3237,FRAME,203.969,328.841,4.971,-0.542,400,225,,,
2026-09-08T14:55:47.820552,4,3238,FRAME,208.939,328.299,4.971,-0.542,400,232,,,
2026-09-08T14:55:47.837414,4,3239,FRAME,213.91,327.757,4.971,-0.542,400,225,,,
2026-09-08T14:55:47.854068,4,3240,FRAME,218.88,327.215,4.971,-0.542,400,232,,,
2026-09-08T14:55:47.870092,4,3241,FRAME,223.851,326.673,4.971,-0.542,400,225,,,
2026-09-08T14:55:47.885809,4,3242,FRAME,228.821,326.131,4.971,-0.542,400,232,,,
2026-09-08T14:55:47.901717,4,3243,FRAME,233.792,325.589,4.971,-0.542,400,225,,,
2026-09-08T14:55:47.917980,4,3244,FRAME,238.762,325.047,4.971,-0.542,400,232,,,
2026-09-08T14:55:47.933718,4,3245,FRAME,243.733,324.505,4.971,-0.542,400,225,,,
2026-09-08T14:55:47.949737,4,3246,FRAME,248.703,323.963,4.971,-0.542,400,232,,,
2026-09-08T14:55:47.966816,4,3247,FRAME,253.674,323.421,4.971,-0.542,400,225,,,
2026-09-08T14:55:47.983096,4,3248,FRAME,258.644,322.879,4.971,-0.542,400,232,,,
2026-09-08T14:55:47.999792,4,3249,FRAME,263.615,322.337,4.971,-0.542,400,225,,,
2026-09-08T14:55:48.015430,4,3250,FRAME,268.585,321.795,4.971,-0.542,400,232,,,
2026-09-08T14:55:48.032662,4,3251,FRAME,273.556,321.253,4.971,-0.542,400,225,,,
2026-09-08T14:55:48.048739,4,3252,FRAME,278.527,320.711,4.971,-0.542,400,232,,,
2026-09-08T14:55:48.065468,4,3253,FRAME,283.497,320.169,4.971,-0.542,400,225,,,
2026-09-08T14:55:48.082442,4,3254,FRAME,288.468,319.626,4.971,-0.542,400,232,,,
2026-09-08T14:55:48.099405,4,3255,FRAME,293.438,319.084,4.971,-0.542,400,225,,,
2026-09-08T14:55:48.116609,4,3256,FRAME,298.409,318.542,4.971,-0.542,400,232,,,
2026-09-08T14:55:48.132218,4,3257,FRAME,303.379,318.0,4.971,-0.542,400,225,,,
2026-09-08T14:55:48.148788,4,3258,FRAME,308.35,317.458,4.971,-0.542,400,232,,,
2026-09-08T14:55:48.165005,4,3259,FRAME,313.32,316.916,4.971,-0.542,400,225,,,
2026-09-08T14:55:48.180601,4,3260,FRAME,318.291,316.374,4.971,-0.542,400,232,,,
2026-09-08T14:55:48.197056,4,3261,FRAME,323.261,315.832,4.971,-0.542,400,225,,,
2026-09-08T14:55:48.212832,4,3262,FRAME,328.232,315.29,4.971,-0.542,400,232,,,
2026-09-08T14:55:48.228759,4,3263,FRAME,333.202,314.748,4.971,-0.542,400,225,,,
2026-09-08T14:55:48.244822,4,3264,FRAME,338.173,314.206,4.971,-0.542,400,232,,,
2026-09-08T14:55:48.260288,4,3265,FRAME,343.143,313.664,4.971,-0.542,400,225,,,
2026-09-08T14:55:48.277302,4,3266,FRAME,348.114,313.122,4.971,-0.542,400,232,,,
2026-09-08T14:55:48.295162,4,3267,FRAME,353.084,312.58,4.971,-0.542,400,225,,,
2026-09-08T14:55:48.312219,4,3268,FRAME,358.055,312.038,4.971,-0.542,400,232,,,
2026-09-08T14:55:48.329031,4,3269,FRAME,363.026,311.496,4.971,-0.542,400,225,,,
2026-09-08T14:55:48.344496,4,3270,FRAME,367.996,310.954,4.971,-0.542,400,232,,,
2026-09-08T14:55:48.361559,4,3271,FRAME,372.967,310.412,4.971,-0.542,400,225,,,
2026-09-08T14:55:48.378421,4,3272,FRAME,377.937,309.869,4.971,-0.542,400,232,,,
2026-09-08T14:55:48.394876,4,3273,FRAME,382.908,309.327,4.971,-0.542,400,225,,,
2026-09-08T14:55:48.410866,4,3274,FRAME,387.878,308.785,4.971,-0.542,400,232,,,
2026-09-08T14:55:48.427174,4,3275,FRAME,392.849,308.243,4.971,-0.542,400,225,,,
2026-09-08T14:55:48.443628,4,3276,FRAME,397.819,307.701,4.971,-0.542,400,232,,,
2026-09-08T14:55:48.460968,4,3277,FRAME,402.79,307.159,4.971,-0.542,400,225,,,
2026-09-08T14:55:48.476786,4,3278,FRAME,407.76,306.617,4.971,-0.542,400,232,,,
2026-09-08T14:55:48.494130,4,3279,FRAME,412.731,306.075,4.971,-0.542,400,225,,,
2026-09-08T14:55:48.510276,4,3280,FRAME,417.701,305.533,4.971,-0.542,400,232,,,
2026-09-08T14:55:48.527727,4,3281,FRAME,422.672,304.991,4.971,-0.542,400,225,,,
2026-09-08T14:55:48.545312,4,3282,FRAME,427.642,304.449,4.971,-0.542,400,232,,,
2026-09-08T14:55:48.562089,4,3283,FRAME,432.613,303.907,4.971,-0.542,400,225,,,
2026-09-08T14:55:48.577975,4,3284,FRAME,437.583,303.365,4.971,-0.542,400,232,,,
2026-09-08T14:55:48.593738,4,3285,FRAME,442.554,302.823,4.971,-0.542,400,225,,,
2026-09-08T14:55:48.610970,4,3286,FRAME,447.525,302.281,4.971,-0.542,400,232,,,
2026-09-08T14:55:48.627149,4,3287,FRAME,452.495,301.739,4.971,-0.542,400,225,,,
2026-09-08T14:55:48.644132,4,3288,FRAME,457.466,301.197,4.971,-0.542,400,232,,,
2026-09-08T14:55:48.660566,4,3289,FRAME,462.436,300.654,4.971,-0.542,400,225,,,
2026-09-08T14:55:48.677039,4,3290,FRAME,467.407,300.112,4.971,-0.542,400,232,,,
2026-09-08T14:55:48.693099,4,3291,FRAME,472.377,299.57,4.971,-0.542,400,225,,,
2026-09-08T14:55:48.709137,4,3292,FRAME,477.348,299.028,4.971,-0.542,400,232,,,
2026-09-08T14:55:48.725955,4,3293,FRAME,482.318,298.486,4.971,-0.542,400,225,,,
2026-09-08T14:55:48.741679,4,3294,FRAME,487.289,297.944,4.971,-0.542,400,232,,,
2026-09-08T14:55:48.758615,4,3295,FRAME,492.259,297.402,4.971,-0.542,400,225,,,
2026-09-08T14:55:48.776261,4,3296,FRAME,497.23,296.86,4.971,-0.542,400,232,,,
2026-09-08T14:55:48.793487,4,3297,FRAME,502.2,296.318,4.971,-0.542,400,225,,,
2026-09-08T14:55:48.810030,4,3298,FRAME,507.171,295.776,4.971,-0.542,400,232,,,
2026-09-08T14:55:48.825823,4,3299,FRAME,512.141,295.234,4.971,-0.542,400,225,,,
2026-09-08T14:55:48.841699,4,3300,FRAME,517.112,294.692,4.971,-0.542,400,232,,,
2026-09-08T14:55:48.859129,4,3301,FRAME,522.083,294.15,4.971,-0.542,400,225,,,
2026-09-08T14:55:48.875114,4,3302,FRAME,527.053,293.608,4.971,-0.542,400,232,,,
2026-09-08T14:55:48.890673,4,3303,FRAME,532.024,293.066,4.971,-0.542,400,225,,,
2026-09-08T14:55:48.908044,4,3304,FRAME,536.994,292.524,4.971,-0.542,400,232,,,
2026-09-08T14:55:48.923767,4,3305,FRAME,541.965,291.982,4.971,-0.542,400,225,,,
2026-09-08T14:55:48.939767,4,3306,FRAME,546.935,291.439,4.971,-0.542,400,232,,,
2026-09-08T14:55:48.956623,4,3307,FRAME,551.906,290.897,4.971,-0.542,400,225,,,
2026-09-08T14:55:48.973158,4,3308,FRAME,556.876,290.355,4.971,-0.542,400,232,,,
2026-09-08T14:55:48.990135,4,3309,FRAME,561.847,289.813,4.971,-0.542,400,225,,,
2026-09-08T14:55:49.006609,4,3310,FRAME,566.817,289.271,4.971,-0.542,400,232,,,
2026-09-08T14:55:49.023654,4,3311,FRAME,571.788,288.729,4.971,-0.542,400,225,,,
2026-09-08T14:55:49.040879,4,3312,FRAME,576.758,288.187,4.971,-0.542,400,232,,,
2026-09-08T14:55:49.056730,4,3313,FRAME,581.729,287.645,4.971,-0.542,400,225,,,
2026-09-08T14:55:49.073160,4,3314,FRAME,586.699,287.103,4.971,-0.542,400,232,,,
2026-09-08T14:55:49.089283,4,3315,FRAME,591.67,286.561,4.971,-0.542,400,225,,,
2026-09-08T14:55:49.105699,4,3316,FRAME,596.64,286.019,4.971,-0.542,400,232,,,
2026-09-08T14:55:49.122707,4,3317,FRAME,601.611,285.477,4.971,-0.542,400,225,,,
2026-09-08T14:55:49.139746,4,3318,FRAME,606.582,284.935,4.971,-0.542,400,232,,,
2026-09-08T14:55:49.155643,4,3319,FRAME,611.552,284.393,4.971,-0.542,400,225,,,
2026-09-08T14:55:49.172386,4,3320,FRAME,616.523,283.851,4.971,-0.542,400,232,,,
2026-09-08T14:55:49.188985,4,3321,FRAME,621.493,283.309,4.971,-0.542,400,225,,,
2026-09-08T14:55:49.204979,4,3322,FRAME,626.464,282.767,4.971,-0.542,400,232,,,
2026-09-08T14:55:49.220743,4,3323,FRAME,631.434,282.224,4.971,-0.542,400,225,,,
2026-09-08T14:55:49.236749,4,3324,FRAME,636.405,281.682,4.971,-0.542,400,232,,,
2026-09-08T14:55:49.252789,4,3325,FRAME,641.375,281.14,4.971,-0.542,400,225,,,
2026-09-08T14:55:49.270119,4,3326,FRAME,646.346,280.598,4.971,-0.542,400,232,,,
2026-09-08T14:55:49.285673,4,3327,FRAME,651.316,280.056,4.971,-0.542,400,225,,,
2026-09-08T14:55:49.302144,4,3328,FRAME,656.287,279.514,4.971,-0.542,400,232,,,
2026-09-08T14:55:49.317840,4,3329,FRAME,661.257,278.972,4.971,-0.542,400,225,,,
2026-09-08T14:55:49.333992,4,3330,FRAME,666.228,278.43,4.971,-0.542,400,232,,,
2026-09-08T14:55:49.350208,4,3331,FRAME,671.198,277.888,4.971,-0.542,400,225,,,
2026-09-08T14:55:49.368011,4,3332,FRAME,676.169,277.346,4.971,-0.542,400,232,,,
2026-09-08T14:55:49.384046,4,3333,FRAME,681.139,276.804,4.971,-0.542,400,225,,,
2026-09-08T14:55:49.399710,4,3334,FRAME,686.11,276.262,4.971,-0.542,400,232,,,
2026-09-08T14:55:49.416380,4,3335,FRAME,691.081,275.72,4.971,-0.542,400,225,,,
2026-09-08T14:55:49.440875,4,3336,FRAME,696.051,275.178,4.971,-0.542,400,232,,,
2026-09-08T14:55:49.448914,4,3337,FRAME,701.022,274.636,4.971,-0.542,400,225,,,
2026-09-08T14:55:49.464052,4,3338,FRAME,705.992,274.094,4.971,-0.542,400,232,,,
2026-09-08T14:55:49.479924,4,3339,FRAME,710.963,273.552,4.971,-0.542,400,225,,,
2026-09-08T14:55:49.495705,4,3340,FRAME,715.933,273.009,4.971,-0.542,400,232,,,
2026-09-08T14:55:49.511311,4,3341,FRAME,720.904,272.467,4.971,-0.542,400,225,,,
2026-09-08T14:55:49.527858,4,3342,FRAME,725.874,271.925,4.971,-0.542,400,232,,,
2026-09-08T14:55:49.544145,4,3343,FRAME,730.845,271.383,4.971,-0.542,400,225,,,
2026-09-08T14:55:49.560009,4,3344,FRAME,735.815,270.841,4.971,-0.542,400,232,,,
2026-09-08T14:55:49.575937,4,3345,FRAME,740.786,270.299,4.971,-0.542,400,225,,,
2026-09-08T14:55:49.591777,4,3346,FRAME,745.756,269.757,4.971,-0.542,400,232,,,
2026-09-08T14:55:49.607844,4,3347,FRAME,750.727,269.215,4.971,-0.542,400,232,,,
2026-09-08T14:55:49.623491,4,3348,FRAME,755.697,268.673,4.971,-0.542,400,232,,,
2026-09-08T14:55:49.640113,4,3349,RIGHT_HIT,758,268.131,-4.932,-0.82,400,232,-0.157,-9.443,
2026-09-08T14:55:49.640113,4,3350,FRAME,758,268.131,-4.932,-0.82,400,232,,,
2026-09-08T14:55:49.655781,4,3351,FRAME,753.068,267.311,-4.932,-0.82,400,225,,,
2026-09-08T14:55:49.672128,4,3352,FRAME,748.136,266.49,-4.932,-0.82,400,218,,,
2026-09-08T14:55:49.687673,4,3353,FRAME,743.203,265.67,-4.932,-0.82,400,211,,,
2026-09-08T14:55:49.704967,4,3354,FRAME,738.271,264.85,-4.932,-0.82,400,204,,,
2026-09-08T14:55:49.721083,4,3355,FRAME,733.339,264.029,-4.932,-0.82,400,197,,,
2026-09-08T14:55:49.736878,4,3356,FRAME,728.407,263.209,-4.932,-0.82,400,204,,,
2026-09-08T14:55:49.752985,4,3357,FRAME,723.474,262.389,-4.932,-0.82,400,197,,,
2026-09-08T14:55:49.768949,4,3358,FRAME,718.542,261.568,-4.932,-0.82,400,204,,,
2026-09-08T14:55:49.785164,4,3359,FRAME,713.61,260.748,-4.932,-0.82,400,197,,,
2026-09-08T14:55:49.801771,4,3360,FRAME,708.678,259.928,-4.932,-0.82,400,204,,,
2026-09-08T14:55:49.818633,4,3361,FRAME,703.745,259.107,-4.932,-0.82,400,197,,,
2026-09-08T14:55:49.835207,4,3362,FRAME,698.813,258.287,-4.932,-0.82,400,204,,,
2026-09-08T14:55:49.852102,4,3363,FRAME,693.881,257.467,-4.932,-0.82,400,197,,,
2026-09-08T14:55:49.868519,4,3364,FRAME,688.949,256.647,-4.932,-0.82,400,204,,,
2026-09-08T14:55:49.885210,4,3365,FRAME,684.016,255.826,-4.932,-0.82,400,197,,,
2026-09-08T14:55:49.902455,4,3366,FRAME,679.084,255.006,-4.932,-0.82,400,204,,,
2026-09-08T14:55:49.919383,4,3367,FRAME,674.152,254.186,-4.932,-0.82,400,197,,,
2026-09-08T14:55:49.936719,4,3368,FRAME,669.22,253.365,-4.932,-0.82,400,204,,,
2026-09-08T14:55:49.954793,4,3369,FRAME,664.287,252.545,-4.932,-0.82,400,197,,,
2026-09-08T14:55:49.980102,4,3370,FRAME,659.355,251.725,-4.932,-0.82,400,204,,,
2026-09-08T14:55:49.987619,4,3371,FRAME,654.423,250.904,-4.932,-0.82,400,197,,,
2026-09-08T14:55:50.003657,4,3372,FRAME,649.491,250.084,-4.932,-0.82,400,204,,,
2026-09-08T14:55:50.022716,4,3373,FRAME,644.558,249.264,-4.932,-0.82,400,197,,,
2026-09-08T14:55:50.038157,4,3374,FRAME,639.626,248.443,-4.932,-0.82,400,204,,,
2026-09-08T14:55:50.054832,4,3375,FRAME,634.694,247.623,-4.932,-0.82,400,197,,,
2026-09-08T14:55:50.073873,4,3376,FRAME,629.762,246.803,-4.932,-0.82,400,204,,,
2026-09-08T14:55:50.086908,4,3377,FRAME,624.829,245.982,-4.932,-0.82,400,197,,,
2026-09-08T14:55:50.102675,4,3378,FRAME,619.897,245.162,-4.932,-0.82,400,204,,,
2026-09-08T14:55:50.119572,4,3379,FRAME,614.965,244.342,-4.932,-0.82,400,197,,,
2026-09-08T14:55:50.136405,4,3380,FRAME,610.033,243.521,-4.932,-0.82,400,204,,,
2026-09-08T14:55:50.153687,4,3381,FRAME,605.1,242.701,-4.932,-0.82,393,197,,,
2026-09-08T14:55:50.169793,4,3382,FRAME,600.168,241.881,-4.932,-0.82,386,204,,,
2026-09-08T14:55:50.185570,4,3383,FRAME,595.236,241.06,-4.932,-0.82,379,197,,,
2026-09-08T14:55:50.202728,4,3384,FRAME,590.304,240.24,-4.932,-0.82,372,204,,,
2026-09-08T14:55:50.219459,4,3385,FRAME,585.371,239.42,-4.932,-0.82,365,197,,,
2026-09-08T14:55:50.236031,4,3386,FRAME,580.439,238.599,-4.932,-0.82,358,204,,,
2026-09-08T14:55:50.251904,4,3387,FRAME,575.507,237.779,-4.932,-0.82,351,197,,,
2026-09-08T14:55:50.267633,4,3388,FRAME,570.575,236.959,-4.932,-0.82,344,204,,,
2026-09-08T14:55:50.284967,4,3389,FRAME,565.642,236.139,-4.932,-0.82,337,197,,,
2026-09-08T14:55:50.300679,4,3390,FRAME,560.71,235.318,-4.932,-0.82,330,204,,,
2026-09-08T14:55:50.317607,4,3391,FRAME,555.778,234.498,-4.932,-0.82,323,197,,,
2026-09-08T14:55:50.334014,4,3392,FRAME,550.846,233.678,-4.932,-0.82,316,204,,,
2026-09-08T14:55:50.349805,4,3393,FRAME,545.913,232.857,-4.932,-0.82,309,197,,,
2026-09-08T14:55:50.367715,4,3394,FRAME,540.981,232.037,-4.932,-0.82,309,204,,,
2026-09-08T14:55:50.384007,4,3395,FRAME,536.049,231.217,-4.932,-0.82,309,197,,,
2026-09-08T14:55:50.399771,4,3396,FRAME,531.117,230.396,-4.932,-0.82,309,204,,,
2026-09-08T14:55:50.415680,4,3397,FRAME,526.184,229.576,-4.932,-0.82,309,197,,,
2026-09-08T14:55:50.432278,4,3398,FRAME,521.252,228.756,-4.932,-0.82,309,204,,,
2026-09-08T14:55:50.449319,4,3399,FRAME,516.32,227.935,-4.932,-0.82,309,197,,,
2026-09-08T14:55:50.466451,4,3400,FRAME,511.388,227.115,-4.932,-0.82,309,204,,,
2026-09-08T14:55:50.483253,4,3401,FRAME,506.455,226.295,-4.932,-0.82,309,197,,,
2026-09-08T14:55:50.499716,4,3402,FRAME,501.523,225.474,-4.932,-0.82,309,204,,,
2026-09-08T14:55:50.516215,4,3403,FRAME,496.591,224.654,-4.932,-0.82,309,197,,,
2026-09-08T14:55:50.532685,4,3404,FRAME,491.659,223.834,-4.932,-0.82,309,204,,,
2026-09-08T14:55:50.548366,4,3405,FRAME,486.726,223.013,-4.932,-0.82,309,197,,,
2026-09-08T14:55:50.565119,4,3406,FRAME,481.794,222.193,-4.932,-0.82,309,204,,,
2026-09-08T14:55:50.581877,4,3407,FRAME,476.862,221.373,-4.932,-0.82,309,197,,,
2026-09-08T14:55:50.597578,4,3408,FRAME,471.93,220.552,-4.932,-0.82,309,204,,,
2026-09-08T14:55:50.614843,4,3409,FRAME,466.997,219.732,-4.932,-0.82,309,197,,,
2026-09-08T14:55:50.631009,4,3410,FRAME,462.065,218.912,-4.932,-0.82,309,204,,,
2026-09-08T14:55:50.646794,4,3411,FRAME,457.133,218.092,-4.932,-0.82,309,197,,,
2026-09-08T14:55:50.663780,4,3412,FRAME,452.201,217.271,-4.932,-0.82,302,204,,,
2026-09-08T14:55:50.679905,4,3413,FRAME,447.268,216.451,-4.932,-0.82,295,197,,,
2026-09-08T14:55:50.695713,4,3414,FRAME,442.336,215.631,-4.932,-0.82,288,204,,,
2026-09-08T14:55:50.713005,4,3415,FRAME,437.404,214.81,-4.932,-0.82,281,197,,,
2026-09-08T14:55:50.729315,4,3416,FRAME,432.472,213.99,-4.932,-0.82,274,204,,,
2026-09-08T14:55:50.746669,4,3417,FRAME,427.539,213.17,-4.932,-0.82,267,197,,,
2026-09-08T14:55:50.763438,4,3418,FRAME,422.607,212.349,-4.932,-0.82,260,204,,,
2026-09-08T14:55:50.781605,4,3419,FRAME,417.675,211.529,-4.932,-0.82,253,197,,,
2026-09-08T14:55:50.797425,4,3420,FRAME,412.743,210.709,-4.932,-0.82,246,204,,,
2026-09-08T14:55:50.814157,4,3421,FRAME,407.81,209.888,-4.932,-0.82,246,197,,,
2026-09-08T14:55:50.831443,4,3422,FRAME,402.878,209.068,-4.932,-0.82,246,204,,,
2026-09-08T14:55:50.848392,4,3423,FRAME,397.946,208.248,-4.932,-0.82,246,197,,,
2026-09-08T14:55:50.865045,4,3424,FRAME,393.014,207.427,-4.932,-0.82,246,204,,,
2026-09-08T14:55:50.881218,4,3425,FRAME,388.081,206.607,-4.932,-0.82,246,197,,,
2026-09-08T14:55:50.897985,4,3426,FRAME,383.149,205.787,-4.932,-0.82,246,204,,,
2026-09-08T14:55:50.914011,4,3427,FRAME,378.217,204.966,-4.932,-0.82,246,197,,,
2026-09-08T14:55:50.930077,4,3428,FRAME,373.285,204.146,-4.932,-0.82,246,204,,,
2026-09-08T14:55:50.946011,4,3429,FRAME,368.352,203.326,-4.932,-0.82,246,197,,,
2026-09-08T14:55:50.961795,4,3430,FRAME,363.42,202.505,-4.932,-0.82,246,204,,,
2026-09-08T14:55:50.978246,4,3431,FRAME,358.488,201.685,-4.932,-0.82,239,197,,,
2026-09-08T14:55:50.995209,4,3432,FRAME,353.556,200.865,-4.932,-0.82,232,204,,,
2026-09-08T14:55:51.012233,4,3433,FRAME,348.623,200.045,-4.932,-0.82,225,197,,,
2026-09-08T14:55:51.029355,4,3434,FRAME,343.691,199.224,-4.932,-0.82,218,204,,,
2026-09-08T14:55:51.046670,4,3435,FRAME,338.759,198.404,-4.932,-0.82,211,197,,,
2026-09-08T14:55:51.064716,4,3436,FRAME,333.827,197.584,-4.932,-0.82,204,204,,,
2026-09-08T14:55:51.082349,4,3437,FRAME,328.894,196.763,-4.932,-0.82,197,197,,,
2026-09-08T14:55:51.099555,4,3438,FRAME,323.962,195.943,-4.932,-0.82,190,204,,,
2026-09-08T14:55:51.116033,4,3439,FRAME,319.03,195.123,-4.932,-0.82,183,197,,,
2026-09-08T14:55:51.131846,4,3440,FRAME,314.098,194.302,-4.932,-0.82,176,204,,,
2026-09-08T14:55:51.147435,4,3441,FRAME,309.165,193.482,-4.932,-0.82,169,197,,,
2026-09-08T14:55:51.164069,4,3442,FRAME,304.233,192.662,-4.932,-0.82,162,204,,,
2026-09-08T14:55:51.180318,4,3443,FRAME,299.301,191.841,-4.932,-0.82,155,197,,,
2026-09-08T14:55:51.196966,4,3444,FRAME,294.369,191.021,-4.932,-0.82,148,204,,,
2026-09-08T14:55:51.212616,4,3445,FRAME,289.436,190.201,-4.932,-0.82,141,197,,,
2026-09-08T14:55:51.229848,4,3446,FRAME,284.504,189.38,-4.932,-0.82,134,204,,,
2026-09-08T14:55:51.245470,4,3447,FRAME,279.572,188.56,-4.932,-0.82,127,197,,,
2026-09-08T14:55:51.262134,4,3448,FRAME,274.64,187.74,-4.932,-0.82,120,204,,,
2026-09-08T14:55:51.278582,4,3449,FRAME,269.707,186.919,-4.932,-0.82,120,197,,,
2026-09-08T14:55:51.295581,4,3450,FRAME,264.775,186.099,-4.932,-0.82,120,204,,,
2026-09-08T14:55:51.312912,4,3451,FRAME,259.843,185.279,-4.932,-0.82,120,197,,,
2026-09-08T14:55:51.328587,4,3452,FRAME,254.911,184.458,-4.932,-0.82,120,204,,,
2026-09-08T14:55:51.345120,4,3453,FRAME,249.978,183.638,-4.932,-0.82,120,197,,,
2026-09-08T14:55:51.360988,4,3454,FRAME,245.046,182.818,-4.932,-0.82,120,204,,,
2026-09-08T14:55:51.376917,4,3455,FRAME,240.114,181.998,-4.932,-0.82,120,197,,,
2026-09-08T14:55:51.393087,4,3456,FRAME,235.182,181.177,-4.932,-0.82,120,204,,,
2026-09-08T14:55:51.408790,4,3457,FRAME,230.249,180.357,-4.932,-0.82,113,197,,,
2026-09-08T14:55:51.425120,4,3458,FRAME,225.317,179.537,-4.932,-0.82,106,204,,,
2026-09-08T14:55:51.442120,4,3459,FRAME,220.385,178.716,-4.932,-0.82,99,197,,,
2026-09-08T14:55:51.458065,4,3460,FRAME,215.453,177.896,-4.932,-0.82,92,204,,,
2026-09-08T14:55:51.473514,4,3461,FRAME,210.52,177.076,-4.932,-0.82,85,197,,,
2026-09-08T14:55:51.490813,4,3462,FRAME,205.588,176.255,-4.932,-0.82,78,204,,,
2026-09-08T14:55:51.506892,4,3463,FRAME,200.656,175.435,-4.932,-0.82,71,197,,,
2026-09-08T14:55:51.522948,4,3464,FRAME,195.724,174.615,-4.932,-0.82,64,204,,,
2026-09-08T14:55:51.538865,4,3465,FRAME,190.791,173.794,-4.932,-0.82,57,197,,,
2026-09-08T14:55:51.555561,4,3466,FRAME,185.859,172.974,-4.932,-0.82,57,204,,,
2026-09-08T14:55:51.570945,4,3467,FRAME,180.927,172.154,-4.932,-0.82,57,197,,,
2026-09-08T14:55:51.586652,4,3468,FRAME,175.995,171.333,-4.932,-0.82,57,204,,,
2026-09-08T14:55:51.603643,4,3469,FRAME,171.062,170.513,-4.932,-0.82,57,197,,,
2026-09-08T14:55:51.620915,4,3470,FRAME,166.13,169.693,-4.932,-0.82,57,204,,,
2026-09-08T14:55:51.636819,4,3471,FRAME,161.198,168.872,-4.932,-0.82,57,197,,,
2026-09-08T14:55:51.652567,4,3472,FRAME,156.266,168.052,-4.932,-0.82,57,204,,,
2026-09-08T14:55:51.669891,4,3473,FRAME,151.333,167.232,-4.932,-0.82,57,197,,,
2026-09-08T14:55:51.685806,4,3474,FRAME,146.401,166.411,-4.932,-0.82,57,204,,,
2026-09-08T14:55:51.701934,4,3475,FRAME,141.469,165.591,-4.932,-0.82,57,197,,,
2026-09-08T14:55:51.718152,4,3476,FRAME,136.537,164.771,-4.932,-0.82,57,204,,,
2026-09-08T14:55:51.735078,4,3477,FRAME,131.604,163.951,-4.932,-0.82,57,197,,,
2026-09-08T14:55:51.750835,4,3478,FRAME,126.672,163.13,-4.932,-0.82,57,204,,,
2026-09-08T14:55:51.766820,4,3479,FRAME,121.74,162.31,-4.932,-0.82,57,197,,,
2026-09-08T14:55:51.783750,4,3480,FRAME,116.808,161.49,-4.932,-0.82,57,204,,,
2026-09-08T14:55:51.801141,4,3481,FRAME,111.875,160.669,-4.932,-0.82,57,197,,,
2026-09-08T14:55:51.816659,4,3482,FRAME,106.943,159.849,-4.932,-0.82,57,204,,,
2026-09-08T14:55:51.833622,4,3483,FRAME,102.011,159.029,-4.932,-0.82,57,197,,,
2026-09-08T14:55:51.850699,4,3484,FRAME,97.079,158.208,-4.932,-0.82,57,204,,,
2026-09-08T14:55:51.866982,4,3485,FRAME,92.146,157.388,-4.932,-0.82,57,197,,,
2026-09-08T14:55:51.882494,4,3486,FRAME,87.214,156.568,-4.932,-0.82,50,204,,,
2026-09-08T14:55:51.899154,4,3487,FRAME,82.282,155.747,-4.932,-0.82,43,197,,,
2026-09-08T14:55:51.916004,4,3488,FRAME,77.35,154.927,-4.932,-0.82,36,204,,,
2026-09-08T14:55:51.931969,4,3489,FRAME,72.417,154.107,-4.932,-0.82,29,197,,,
2026-09-08T14:55:51.947916,4,3490,FRAME,67.485,153.286,-4.932,-0.82,22,204,,,
2026-09-08T14:55:51.964330,4,3491,FRAME,62.553,152.466,-4.932,-0.82,15,197,,,
2026-09-08T14:55:51.980919,4,3492,FRAME,57.621,151.646,-4.932,-0.82,8,204,,,
2026-09-08T14:55:51.996872,4,3493,FRAME,52.688,150.825,-4.932,-0.82,1,197,,,
2026-09-08T14:55:52.013011,4,3494,FRAME,47.756,150.005,-4.932,-0.82,0,204,,,
2026-09-08T14:55:52.028677,4,3495,FRAME,42.824,149.185,-4.932,-0.82,0,197,,,
2026-09-08T14:55:52.045328,4,3496,FRAME,37.892,148.364,-4.932,-0.82,0,204,,,
2026-09-08T14:55:52.061939,4,3497,FRAME,32.959,147.544,-4.932,-0.82,0,197,,,
2026-09-08T14:55:52.077445,4,3498,FRAME,28.027,146.724,-4.932,-0.82,0,204,,,
2026-09-08T14:55:52.094357,4,3499,FRAME,23.095,145.904,-4.932,-0.82,0,197,,,
2026-09-08T14:55:52.111005,4,3500,FRAME,18.163,145.083,-4.932,-0.82,0,204,,,
2026-09-08T14:55:52.127273,4,3501,FRAME,13.23,144.263,-4.932,-0.82,0,197,,,
2026-09-08T14:55:52.145131,4,3502,FRAME,8.298,143.443,-4.932,-0.82,0,204,,,
2026-09-08T14:55:52.162366,4,3503,FRAME,3.366,142.622,-4.932,-0.82,0,197,,,
2026-09-08T14:55:52.179503,4,3504,FRAME,-1.566,141.802,-4.932,-0.82,0,204,,,
2026-09-08T14:55:52.196025,4,3505,FRAME,-6.499,140.982,-4.932,-0.82,0,197,,,
2026-09-08T14:55:52.211840,4,3506,FRAME,-11.431,140.161,-4.932,-0.82,7,204,,,
2026-09-08T14:55:52.227586,4,3507,MISS_LEFT,-16.363,139.341,-4.932,-0.82,14,197,,,RIGHT
2026-09-08T14:55:52.227586,5,3508,FRAME,286.035,258.077,4.182,-2.74,14,197,,,
2026-09-08T14:55:52.245006,5,3509,FRAME,290.217,255.337,4.182,-2.74,21,190,,,
2026-09-08T14:55:52.260604,5,3510,FRAME,294.4,252.597,4.182,-2.74,28,183,,,
2026-09-08T14:55:52.277158,5,3511,FRAME,298.582,249.857,4.182,-2.74,35,176,,,
2026-09-08T14:55:52.292609,5,3512,FRAME,302.765,247.117,4.182,-2.74,42,169,,,
2026-09-08T14:55:52.309857,5,3513,FRAME,306.947,244.377,4.182,-2.74,49,162,,,
2026-09-08T14:55:52.325828,5,3514,FRAME,311.129,241.637,4.182,-2.74,56,155,,,
2026-09-08T14:55:52.341476,5,3515,FRAME,315.312,238.897,4.182,-2.74,63,148,,,
2026-09-08T14:55:52.358351,5,3516,FRAME,319.494,236.157,4.182,-2.74,70,141,,,
2026-09-08T14:55:52.375062,5,3517,FRAME,323.677,233.417,4.182,-2.74,77,134,,,
2026-09-08T14:55:52.391332,5,3518,FRAME,327.859,230.677,4.182,-2.74,84,127,,,
2026-09-08T14:55:52.407867,5,3519,FRAME,332.042,227.937,4.182,-2.74,91,120,,,
2026-09-08T14:55:52.424981,5,3520,FRAME,336.224,225.197,4.182,-2.74,98,113,,,
2026-09-08T14:55:52.441076,5,3521,FRAME,340.406,222.457,4.182,-2.74,105,106,,,
2026-09-08T14:55:52.457088,5,3522,FRAME,344.589,219.717,4.182,-2.74,112,99,,,
2026-09-08T14:55:52.472840,5,3523,FRAME,348.771,216.978,4.182,-2.74,119,92,,,
2026-09-08T14:55:52.489545,5,3524,FRAME,352.954,214.238,4.182,-2.74,126,85,,,
2026-09-08T14:55:52.506016,5,3525,FRAME,357.136,211.498,4.182,-2.74,133,78,,,
2026-09-08T14:55:52.521680,5,3526,FRAME,361.319,208.758,4.182,-2.74,140,71,,,
2026-09-08T14:55:52.537574,5,3527,FRAME,365.501,206.018,4.182,-2.74,147,64,,,
2026-09-08T14:55:52.553636,5,3528,FRAME,369.683,203.278,4.182,-2.74,154,57,,,
2026-09-08T14:55:52.570834,5,3529,FRAME,373.866,200.538,4.182,-2.74,161,50,,,
2026-09-08T14:55:52.587627,5,3530,FRAME,378.048,197.798,4.182,-2.74,168,43,,,
2026-09-08T14:55:52.603101,5,3531,FRAME,382.231,195.058,4.182,-2.74,175,36,,,
2026-09-08T14:55:52.618915,5,3532,FRAME,386.413,192.318,4.182,-2.74,182,29,,,
2026-09-08T14:55:52.635781,5,3533,FRAME,390.595,189.578,4.182,-2.74,189,22,,,
2026-09-08T14:55:52.651533,5,3534,FRAME,394.778,186.838,4.182,-2.74,189,15,,,
2026-09-08T14:55:52.669890,5,3535,FRAME,398.96,184.098,4.182,-2.74,189,8,,,
2026-09-08T14:55:52.685740,5,3536,FRAME,403.143,181.358,4.182,-2.74,189,1,,,
2026-09-08T14:55:52.702284,5,3537,FRAME,407.325,178.618,4.182,-2.74,189,0,,,
2026-09-08T14:55:52.720442,5,3538,FRAME,411.508,175.878,4.182,-2.74,189,0,,,
2026-09-08T14:55:52.735926,5,3539,FRAME,415.69,173.138,4.182,-2.74,189,0,,,
2026-09-08T14:55:52.752151,5,3540,FRAME,419.872,170.398,4.182,-2.74,189,0,,,
2026-09-08T14:55:52.769636,5,3541,FRAME,424.055,167.658,4.182,-2.74,189,0,,,
2026-09-08T14:55:52.787463,5,3542,FRAME,428.237,164.919,4.182,-2.74,189,0,,,
2026-09-08T14:55:52.804179,5,3543,FRAME,432.42,162.179,4.182,-2.74,196,0,,,
2026-09-08T14:55:52.820829,5,3544,FRAME,436.602,159.439,4.182,-2.74,203,0,,,
2026-09-08T14:55:52.836711,5,3545,FRAME,440.785,156.699,4.182,-2.74,210,0,,,
2026-09-08T14:55:52.853021,5,3546,FRAME,444.967,153.959,4.182,-2.74,217,0,,,
2026-09-08T14:55:52.868769,5,3547,FRAME,449.149,151.219,4.182,-2.74,224,0,,,
2026-09-08T14:55:52.885529,5,3548,FRAME,453.332,148.479,4.182,-2.74,231,0,,,
2026-09-08T14:55:52.902074,5,3549,FRAME,457.514,145.739,4.182,-2.74,238,0,,,
2026-09-08T14:55:52.919352,5,3550,FRAME,461.697,142.999,4.182,-2.74,245,0,,,
2026-09-08T14:55:52.934997,5,3551,FRAME,465.879,140.259,4.182,-2.74,252,0,,,
2026-09-08T14:55:52.950958,5,3552,FRAME,470.062,137.519,4.182,-2.74,259,0,,,
2026-09-08T14:55:52.967420,5,3553,FRAME,474.244,134.779,4.182,-2.74,266,0,,,
2026-09-08T14:55:52.984304,5,3554,FRAME,478.426,132.039,4.182,-2.74,273,0,,,
2026-09-08T14:55:53.001718,5,3555,FRAME,482.609,129.299,4.182,-2.74,280,0,,,
2026-09-08T14:55:53.018012,5,3556,FRAME,486.791,126.559,4.182,-2.74,287,0,,,
2026-09-08T14:55:53.034099,5,3557,FRAME,490.974,123.819,4.182,-2.74,294,0,,,
2026-09-08T14:55:53.050482,5,3558,FRAME,495.156,121.079,4.182,-2.74,301,0,,,
2026-09-08T14:55:53.067410,5,3559,FRAME,499.339,118.339,4.182,-2.74,308,0,,,
2026-09-08T14:55:53.084012,5,3560,FRAME,503.521,115.599,4.182,-2.74,315,0,,,
2026-09-08T14:55:53.100938,5,3561,FRAME,507.703,112.859,4.182,-2.74,322,0,,,
2026-09-08T14:55:53.116626,5,3562,FRAME,511.886,110.12,4.182,-2.74,329,0,,,
2026-09-08T14:55:53.133941,5,3563,FRAME,516.068,107.38,4.182,-2.74,336,0,,,
2026-09-08T14:55:53.149452,5,3564,FRAME,520.251,104.64,4.182,-2.74,343,0,,,
2026-09-08T14:55:53.165965,5,3565,FRAME,524.433,101.9,4.182,-2.74,350,0,,,
2026-09-08T14:55:53.182149,5,3566,FRAME,528.616,99.16,4.182,-2.74,350,0,,,
2026-09-08T14:55:53.199460,5,3567,FRAME,532.798,96.42,4.182,-2.74,350,0,,,
2026-09-08T14:55:53.215927,5,3568,FRAME,536.98,93.68,4.182,-2.74,350,0,,,
2026-09-08T14:55:53.232713,5,3569,FRAME,541.163,90.94,4.182,-2.74,350,0,,,
2026-09-08T14:55:53.249538,5,3570,FRAME,545.345,88.2,4.182,-2.74,350,0,,,
2026-09-08T14:55:53.265974,5,3571,FRAME,549.528,85.46,4.182,-2.74,350,0,,,
2026-09-08T14:55:53.282954,5,3572,FRAME,553.71,82.72,4.182,-2.74,350,0,,,
2026-09-08T14:55:53.299067,5,3573,FRAME,557.892,79.98,4.182,-2.74,350,0,,,
2026-09-08T14:55:53.314913,5,3574,FRAME,562.075,77.24,4.182,-2.74,350,0,,,
2026-09-08T14:55:53.330754,5,3575,FRAME,566.257,74.5,4.182,-2.74,350,0,,,
2026-09-08T14:55:53.347077,5,3576,FRAME,570.44,71.76,4.182,-2.74,350,0,,,
2026-09-08T14:55:53.362651,5,3577,FRAME,574.622,69.02,4.182,-2.74,350,0,,,
2026-09-08T14:55:53.379201,5,3578,FRAME,578.805,66.28,4.182,-2.74,350,0,,,
2026-09-08T14:55:53.396875,5,3579,FRAME,582.987,63.54,4.182,-2.74,350,0,,,
2026-09-08T14:55:53.412669,5,3580,FRAME,587.169,60.8,4.182,-2.74,350,0,,,
2026-09-08T14:55:53.429193,5,3581,FRAME,591.352,58.06,4.182,-2.74,350,0,,,
2026-09-08T14:55:53.445965,5,3582,FRAME,595.534,55.321,4.182,-2.74,350,0,,,
2026-09-08T14:55:53.463616,5,3583,FRAME,599.717,52.581,4.182,-2.74,350,0,,,
2026-09-08T14:55:53.478964,5,3584,FRAME,603.899,49.841,4.182,-2.74,350,0,,,
2026-09-08T14:55:53.496015,5,3585,FRAME,608.082,47.101,4.182,-2.74,350,0,,,
2026-09-08T14:55:53.511537,5,3586,FRAME,612.264,44.361,4.182,-2.74,350,0,,,
2026-09-08T14:55:53.528100,5,3587,FRAME,616.446,41.621,4.182,-2.74,350,0,,,
2026-09-08T14:55:53.545811,5,3588,FRAME,620.629,38.881,4.182,-2.74,350,0,,,
2026-09-08T14:55:53.562590,5,3589,FRAME,624.811,36.141,4.182,-2.74,343,0,,,
2026-09-08T14:55:53.578643,5,3590,FRAME,628.994,33.401,4.182,-2.74,336,0,,,
2026-09-08T14:55:53.595883,5,3591,FRAME,633.176,30.661,4.182,-2.74,329,0,,,
2026-09-08T14:55:53.612230,5,3592,FRAME,637.359,27.921,4.182,-2.74,322,0,,,
2026-09-08T14:55:53.629914,5,3593,FRAME,641.541,25.181,4.182,-2.74,315,0,,,
2026-09-08T14:55:53.645775,5,3594,FRAME,645.723,22.441,4.182,-2.74,308,0,,,
2026-09-08T14:55:53.662448,5,3595,FRAME,649.906,19.701,4.182,-2.74,301,0,,,
2026-09-08T14:55:53.678153,5,3596,FRAME,654.088,16.961,4.182,-2.74,294,0,,,
2026-09-08T14:55:53.695976,5,3597,FRAME,658.271,14.221,4.182,-2.74,287,0,,,
2026-09-08T14:55:53.712165,5,3598,FRAME,662.453,11.481,4.182,-2.74,280,0,,,
2026-09-08T14:55:53.729226,5,3599,FRAME,666.636,8.741,4.182,-2.74,273,0,,,
2026-09-08T14:55:53.745749,5,3600,FRAME,670.818,6.001,4.182,-2.74,266,0,,,
2026-09-08T14:55:53.762489,5,3601,FRAME,675.0,3.262,4.182,-2.74,259,0,,,
2026-09-08T14:55:53.780764,5,3602,FRAME,679.183,0.522,4.182,-2.74,259,0,,,
2026-09-08T14:55:53.796731,5,3603,WALL_BOUNCE,683.365,0,4.182,2.74,259,0,,,
2026-09-08T14:55:53.797430,5,3604,FRAME,683.365,0,4.182,2.74,259,0,,,
2026-09-08T14:55:53.813047,5,3605,FRAME,687.548,2.74,4.182,2.74,259,0,,,
2026-09-08T14:55:53.828899,5,3606,FRAME,691.73,5.48,4.182,2.74,259,0,,,
2026-09-08T14:55:53.845047,5,3607,FRAME,695.913,8.22,4.182,2.74,259,0,,,
2026-09-08T14:55:53.860918,5,3608,FRAME,700.095,10.96,4.182,2.74,259,0,,,
2026-09-08T14:55:53.876983,5,3609,FRAME,704.277,13.7,4.182,2.74,259,0,,,
2026-09-08T14:55:53.893342,5,3610,FRAME,708.46,16.44,4.182,2.74,259,0,,,
2026-09-08T14:55:53.909697,5,3611,FRAME,712.642,19.18,4.182,2.74,259,0,,,
2026-09-08T14:55:53.925955,5,3612,FRAME,716.825,21.92,4.182,2.74,259,0,,,
2026-09-08T14:55:53.942177,5,3613,FRAME,721.007,24.66,4.182,2.74,259,0,,,
2026-09-08T14:55:53.959514,5,3614,FRAME,725.189,27.399,4.182,2.74,259,0,,,
2026-09-08T14:55:53.976807,5,3615,FRAME,729.372,30.139,4.182,2.74,259,0,,,
2026-09-08T14:55:53.992358,5,3616,FRAME,733.554,32.879,4.182,2.74,259,0,,,
2026-09-08T14:55:54.009423,5,3617,FRAME,737.737,35.619,4.182,2.74,259,0,,,
2026-09-08T14:55:54.025886,5,3618,FRAME,741.919,38.359,4.182,2.74,259,0,,,
2026-09-08T14:55:54.042240,5,3619,FRAME,746.102,41.099,4.182,2.74,259,0,,,
2026-09-08T14:55:54.059584,5,3620,FRAME,750.284,43.839,4.182,2.74,259,0,,,
2026-09-08T14:55:54.075648,5,3621,FRAME,754.466,46.579,4.182,2.74,259,0,,,
2026-09-08T14:55:54.092891,5,3622,RIGHT_HIT,758,49.319,-4.969,0.556,259,0,0.106,6.383,
2026-09-08T14:55:54.092891,5,3623,FRAME,758,49.319,-4.969,0.556,259,0,,,
2026-09-08T14:55:54.108794,5,3624,FRAME,753.031,49.875,-4.969,0.556,259,7,,,
2026-09-08T14:55:54.124892,5,3625,FRAME,748.062,50.431,-4.969,0.556,259,14,,,
2026-09-08T14:55:54.140665,5,3626,FRAME,743.093,50.987,-4.969,0.556,259,21,,,
2026-09-08T14:55:54.157794,5,3627,FRAME,738.124,51.543,-4.969,0.556,259,28,,,
2026-09-08T14:55:54.173436,5,3628,FRAME,733.155,52.098,-4.969,0.556,259,35,,,
2026-09-08T14:55:54.191153,5,3629,FRAME,728.186,52.654,-4.969,0.556,259,42,,,
2026-09-08T14:55:54.208565,5,3630,FRAME,723.217,53.21,-4.969,0.556,259,49,,,
2026-09-08T14:55:54.226000,5,3631,FRAME,718.248,53.766,-4.969,0.556,259,56,,,
2026-09-08T14:55:54.242593,5,3632,FRAME,713.279,54.322,-4.969,0.556,259,63,,,
2026-09-08T14:55:54.258666,5,3633,FRAME,708.31,54.878,-4.969,0.556,259,70,,,
2026-09-08T14:55:54.274939,5,3634,FRAME,703.341,55.434,-4.969,0.556,259,77,,,
2026-09-08T14:55:54.291413,5,3635,FRAME,698.372,55.989,-4.969,0.556,259,84,,,
2026-09-08T14:55:54.308548,5,3636,FRAME,693.403,56.545,-4.969,0.556,259,91,,,
2026-09-08T14:55:54.325900,5,3637,FRAME,688.434,57.101,-4.969,0.556,259,98,,,
2026-09-08T14:55:54.341974,5,3638,FRAME,683.465,57.657,-4.969,0.556,259,105,,,
2026-09-08T14:55:54.358771,5,3639,FRAME,678.496,58.213,-4.969,0.556,259,112,,,
2026-09-08T14:55:54.375724,5,3640,FRAME,673.527,58.769,-4.969,0.556,259,119,,,
2026-09-08T14:55:54.392674,5,3641,FRAME,668.558,59.325,-4.969,0.556,259,126,,,
2026-09-08T14:55:54.409308,5,3642,FRAME,663.589,59.88,-4.969,0.556,259,133,,,
2026-09-08T14:55:54.426546,5,3643,FRAME,658.62,60.436,-4.969,0.556,259,140,,,
2026-09-08T14:55:54.443158,5,3644,FRAME,653.651,60.992,-4.969,0.556,259,147,,,
2026-09-08T14:55:54.460486,5,3645,FRAME,648.682,61.548,-4.969,0.556,259,154,,,
2026-09-08T14:55:54.477411,5,3646,FRAME,643.713,62.104,-4.969,0.556,259,161,,,
2026-09-08T14:55:54.493157,5,3647,FRAME,638.744,62.66,-4.969,0.556,259,168,,,
2026-09-08T14:55:54.510687,5,3648,FRAME,633.775,63.216,-4.969,0.556,259,175,,,
2026-09-08T14:55:54.526835,5,3649,FRAME,628.806,63.771,-4.969,0.556,259,182,,,
2026-09-08T14:55:54.543022,5,3650,FRAME,623.837,64.327,-4.969,0.556,259,189,,,
2026-09-08T14:55:54.559226,5,3651,FRAME,618.868,64.883,-4.969,0.556,259,196,,,
2026-09-08T14:55:54.577142,5,3652,FRAME,613.899,65.439,-4.969,0.556,259,203,,,
2026-09-08T14:55:54.593140,5,3653,FRAME,608.93,65.995,-4.969,0.556,259,196,,,
2026-09-08T14:55:54.610790,5,3654,FRAME,603.961,66.551,-4.969,0.556,259,203,,,
2026-09-08T14:55:54.626697,5,3655,FRAME,598.992,67.107,-4.969,0.556,259,196,,,
2026-09-08T14:55:54.643367,5,3656,FRAME,594.023,67.663,-4.969,0.556,259,203,,,
2026-09-08T14:55:54.660126,5,3657,FRAME,589.054,68.218,-4.969,0.556,259,196,,,
2026-09-08T14:55:54.677458,5,3658,FRAME,584.085,68.774,-4.969,0.556,259,203,,,
2026-09-08T14:55:54.693998,5,3659,FRAME,579.116,69.33,-4.969,0.556,259,196,,,
2026-09-08T14:55:54.710421,5,3660,FRAME,574.147,69.886,-4.969,0.556,259,203,,,
2026-09-08T14:55:54.727679,5,3661,FRAME,569.178,70.442,-4.969,0.556,259,196,,,
2026-09-08T14:55:54.743389,5,3662,FRAME,564.209,70.998,-4.969,0.556,259,203,,,
2026-09-08T14:55:54.760125,5,3663,FRAME,559.24,71.554,-4.969,0.556,259,196,,,
2026-09-08T14:55:54.776695,5,3664,FRAME,554.271,72.109,-4.969,0.556,259,203,,,
2026-09-08T14:55:54.792954,5,3665,FRAME,549.302,72.665,-4.969,0.556,259,196,,,
2026-09-08T14:55:54.808661,5,3666,FRAME,544.333,73.221,-4.969,0.556,259,203,,,
2026-09-08T14:55:54.825972,5,3667,FRAME,539.364,73.777,-4.969,0.556,259,196,,,
2026-09-08T14:55:54.842801,5,3668,FRAME,534.395,74.333,-4.969,0.556,259,203,,,
2026-09-08T14:55:54.859415,5,3669,FRAME,529.426,74.889,-4.969,0.556,252,196,,,
2026-09-08T14:55:54.875720,5,3670,FRAME,524.457,75.445,-4.969,0.556,245,203,,,
2026-09-08T14:55:54.891873,5,3671,FRAME,519.488,76.0,-4.969,0.556,238,196,,,
2026-09-08T14:55:54.907915,5,3672,FRAME,514.519,76.556,-4.969,0.556,231,203,,,
2026-09-08T14:55:54.923735,5,3673,FRAME,509.55,77.112,-4.969,0.556,224,196,,,
2026-09-08T14:55:54.939874,5,3674,FRAME,504.581,77.668,-4.969,0.556,217,203,,,
2026-09-08T14:55:54.955970,5,3675,FRAME,499.612,78.224,-4.969,0.556,210,196,,,
2026-09-08T14:55:54.971803,5,3676,FRAME,494.643,78.78,-4.969,0.556,203,203,,,
2026-09-08T14:55:54.987661,5,3677,FRAME,489.674,79.336,-4.969,0.556,196,196,,,
2026-09-08T14:55:55.003545,5,3678,FRAME,484.705,79.891,-4.969,0.556,189,203,,,
2026-09-08T14:55:55.019575,5,3679,FRAME,479.736,80.447,-4.969,0.556,182,196,,,
2026-09-08T14:55:55.036414,5,3680,FRAME,474.767,81.003,-4.969,0.556,175,203,,,
2026-09-08T14:55:55.051884,5,3681,FRAME,469.798,81.559,-4.969,0.556,168,196,,,
2026-09-08T14:55:55.067493,5,3682,FRAME,464.829,82.115,-4.969,0.556,161,203,,,
2026-09-08T14:55:55.084052,5,3683,FRAME,459.86,82.671,-4.969,0.556,154,196,,,
2026-09-08T14:55:55.100480,5,3684,FRAME,454.891,83.227,-4.969,0.556,147,203,,,
2026-09-08T14:55:55.116543,5,3685,FRAME,449.922,83.783,-4.969,0.556,140,196,,,
2026-09-08T14:55:55.132624,5,3686,FRAME,444.953,84.338,-4.969,0.556,133,203,,,
2026-09-08T14:55:55.148655,5,3687,FRAME,439.984,84.894,-4.969,0.556,126,196,,,
2026-09-08T14:55:55.165824,5,3688,FRAME,435.015,85.45,-4.969,0.556,126,203,,,
2026-09-08T14:55:55.182526,5,3689,FRAME,430.046,86.006,-4.969,0.556,126,196,,,
2026-09-08T14:55:55.199445,5,3690,FRAME,425.077,86.562,-4.969,0.556,126,203,,,
2026-09-08T14:55:55.216529,5,3691,FRAME,420.108,87.118,-4.969,0.556,126,196,,,
2026-09-08T14:55:55.233816,5,3692,FRAME,415.139,87.674,-4.969,0.556,126,203,,,
2026-09-08T14:55:55.249876,5,3693,FRAME,410.17,88.229,-4.969,0.556,126,196,,,
2026-09-08T14:55:55.265799,5,3694,FRAME,405.201,88.785,-4.969,0.556,126,203,,,
2026-09-08T14:55:55.281692,5,3695,FRAME,400.232,89.341,-4.969,0.556,126,196,,,
2026-09-08T14:55:55.297882,5,3696,FRAME,395.263,89.897,-4.969,0.556,126,203,,,
2026-09-08T14:55:55.313982,5,3697,FRAME,390.294,90.453,-4.969,0.556,126,196,,,
2026-09-08T14:55:55.330742,5,3698,FRAME,385.325,91.009,-4.969,0.556,126,203,,,
2026-09-08T14:55:55.346935,5,3699,FRAME,380.356,91.565,-4.969,0.556,126,196,,,
2026-09-08T14:55:55.362759,5,3700,FRAME,375.387,92.12,-4.969,0.556,126,203,,,
2026-09-08T14:55:55.378758,5,3701,FRAME,370.418,92.676,-4.969,0.556,126,196,,,
2026-09-08T14:55:55.395673,5,3702,FRAME,365.449,93.232,-4.969,0.556,126,203,,,
2026-09-08T14:55:55.411627,5,3703,FRAME,360.48,93.788,-4.969,0.556,126,196,,,
2026-09-08T14:55:55.428498,5,3704,FRAME,355.511,94.344,-4.969,0.556,126,203,,,
2026-09-08T14:55:55.445715,5,3705,FRAME,350.542,94.9,-4.969,0.556,126,196,,,
2026-09-08T14:55:55.461505,5,3706,FRAME,345.573,95.456,-4.969,0.556,126,203,,,
2026-09-08T14:55:55.478412,5,3707,FRAME,340.604,96.011,-4.969,0.556,126,196,,,
2026-09-08T14:55:55.495606,5,3708,FRAME,335.635,96.567,-4.969,0.556,126,203,,,
2026-09-08T14:55:55.513416,5,3709,FRAME,330.666,97.123,-4.969,0.556,126,196,,,
2026-09-08T14:55:55.529289,5,3710,FRAME,325.697,97.679,-4.969,0.556,126,203,,,
2026-09-08T14:55:55.546843,5,3711,FRAME,320.727,98.235,-4.969,0.556,126,196,,,
2026-09-08T14:55:55.562737,5,3712,FRAME,315.758,98.791,-4.969,0.556,126,203,,,
2026-09-08T14:55:55.579084,5,3713,FRAME,310.789,99.347,-4.969,0.556,126,196,,,
2026-09-08T14:55:55.595855,5,3714,FRAME,305.82,99.903,-4.969,0.556,126,203,,,
2026-09-08T14:55:55.612652,5,3715,FRAME,300.851,100.458,-4.969,0.556,126,196,,,
2026-09-08T14:55:55.628034,5,3716,FRAME,295.882,101.014,-4.969,0.556,126,203,,,
2026-09-08T14:55:55.643676,5,3717,FRAME,290.913,101.57,-4.969,0.556,126,196,,,
2026-09-08T14:55:55.660885,5,3718,FRAME,285.944,102.126,-4.969,0.556,126,203,,,
2026-09-08T14:55:55.676930,5,3719,FRAME,280.975,102.682,-4.969,0.556,126,196,,,
2026-09-08T14:55:55.693245,5,3720,FRAME,276.006,103.238,-4.969,0.556,126,203,,,
2026-09-08T14:55:55.710561,5,3721,FRAME,271.037,103.794,-4.969,0.556,126,196,,,
2026-09-08T14:55:55.727211,5,3722,FRAME,266.068,104.349,-4.969,0.556,126,203,,,
2026-09-08T14:55:55.742802,5,3723,FRAME,261.099,104.905,-4.969,0.556,126,196,,,
2026-09-08T14:55:55.758974,5,3724,FRAME,256.13,105.461,-4.969,0.556,126,203,,,
2026-09-08T14:55:55.775573,5,3725,FRAME,251.161,106.017,-4.969,0.556,126,196,,,
2026-09-08T14:55:55.792081,5,3726,FRAME,246.192,106.573,-4.969,0.556,126,203,,,
2026-09-08T14:55:55.808033,5,3727,FRAME,241.223,107.129,-4.969,0.556,126,196,,,
2026-09-08T14:55:55.823749,5,3728,FRAME,236.254,107.685,-4.969,0.556,126,203,,,
2026-09-08T14:55:55.839551,5,3729,FRAME,231.285,108.24,-4.969,0.556,126,196,,,
2026-09-08T14:55:55.855895,5,3730,FRAME,226.316,108.796,-4.969,0.556,126,203,,,
2026-09-08T14:55:55.871791,5,3731,FRAME,221.347,109.352,-4.969,0.556,126,196,,,
2026-09-08T14:55:55.887842,5,3732,FRAME,216.378,109.908,-4.969,0.556,126,203,,,
2026-09-08T14:55:55.903965,5,3733,FRAME,211.409,110.464,-4.969,0.556,126,196,,,
2026-09-08T14:55:55.919883,5,3734,FRAME,206.44,111.02,-4.969,0.556,126,203,,,
2026-09-08T14:55:55.935960,5,3735,FRAME,201.471,111.576,-4.969,0.556,126,196,,,
2026-09-08T14:55:55.952333,5,3736,FRAME,196.502,112.131,-4.969,0.556,126,203,,,
2026-09-08T14:55:55.968568,5,3737,FRAME,191.533,112.687,-4.969,0.556,126,196,,,
2026-09-08T14:55:55.985594,5,3738,FRAME,186.564,113.243,-4.969,0.556,126,203,,,
2026-09-08T14:55:56.002367,5,3739,FRAME,181.595,113.799,-4.969,0.556,126,196,,,
2026-09-08T14:55:56.018984,5,3740,FRAME,176.626,114.355,-4.969,0.556,126,203,,,
2026-09-08T14:55:56.035861,5,3741,FRAME,171.657,114.911,-4.969,0.556,126,196,,,
2026-09-08T14:55:56.051200,5,3742,FRAME,166.688,115.467,-4.969,0.556,126,203,,,
2026-09-08T14:55:56.069824,5,3743,FRAME,161.719,116.023,-4.969,0.556,126,196,,,
2026-09-08T14:55:56.086033,5,3744,FRAME,156.75,116.578,-4.969,0.556,126,203,,,
2026-09-08T14:55:56.102432,5,3745,FRAME,151.781,117.134,-4.969,0.556,126,196,,,
2026-09-08T14:55:56.119348,5,3746,FRAME,146.812,117.69,-4.969,0.556,126,203,,,
2026-09-08T14:55:56.136962,5,3747,FRAME,141.843,118.246,-4.969,0.556,126,196,,,
2026-09-08T14:55:56.152682,5,3748,FRAME,136.874,118.802,-4.969,0.556,126,203,,,
2026-09-08T14:55:56.168901,5,3749,FRAME,131.905,119.358,-4.969,0.556,126,196,,,
2026-09-08T14:55:56.185950,5,3750,FRAME,126.936,119.914,-4.969,0.556,126,203,,,
2026-09-08T14:55:56.202158,5,3751,FRAME,121.967,120.469,-4.969,0.556,126,196,,,
2026-09-08T14:55:56.219678,5,3752,FRAME,116.998,121.025,-4.969,0.556,126,203,,,
2026-09-08T14:55:56.235819,5,3753,FRAME,112.029,121.581,-4.969,0.556,126,196,,,
2026-09-08T14:55:56.251495,5,3754,FRAME,107.06,122.137,-4.969,0.556,126,203,,,
2026-09-08T14:55:56.268165,5,3755,FRAME,102.091,122.693,-4.969,0.556,126,196,,,
2026-09-08T14:55:56.285783,5,3756,FRAME,97.122,123.249,-4.969,0.556,126,203,,,
2026-09-08T14:55:56.302520,5,3757,FRAME,92.153,123.805,-4.969,0.556,126,196,,,
2026-09-08T14:55:56.318670,5,3758,FRAME,87.184,124.36,-4.969,0.556,126,203,,,
2026-09-08T14:55:56.335876,5,3759,FRAME,82.215,124.916,-4.969,0.556,126,196,,,
2026-09-08T14:55:56.351974,5,3760,FRAME,77.246,125.472,-4.969,0.556,126,203,,,
2026-09-08T14:55:56.369593,5,3761,FRAME,72.277,126.028,-4.969,0.556,126,196,,,
2026-09-08T14:55:56.385848,5,3762,FRAME,67.308,126.584,-4.969,0.556,126,203,,,
2026-09-08T14:55:56.402005,5,3763,FRAME,62.339,127.14,-4.969,0.556,126,196,,,
2026-09-08T14:55:56.418870,5,3764,FRAME,57.37,127.696,-4.969,0.556,126,203,,,
2026-09-08T14:55:56.435020,5,3765,FRAME,52.401,128.251,-4.969,0.556,126,196,,,
2026-09-08T14:55:56.451676,5,3766,FRAME,47.432,128.807,-4.969,0.556,126,203,,,
2026-09-08T14:55:56.467586,5,3767,FRAME,42.463,129.363,-4.969,0.556,126,196,,,
2026-09-08T14:55:56.483311,5,3768,FRAME,37.494,129.919,-4.969,0.556,126,203,,,
2026-09-08T14:55:56.500124,5,3769,FRAME,32.525,130.475,-4.969,0.556,126,196,,,
2026-09-08T14:55:56.517737,5,3770,LEFT_HIT,30,131.031,3.425,-3.643,126,203,-0.779,-46.763,
2026-09-08T14:55:56.517737,5,3771,FRAME,30,131.031,3.425,-3.643,126,203,,,
2026-09-08T14:55:56.534932,5,3772,FRAME,33.425,127.388,3.425,-3.643,126,210,,,
2026-09-08T14:55:56.551557,5,3773,FRAME,36.85,123.746,3.425,-3.643,126,217,,,
2026-09-08T14:55:56.567804,5,3774,FRAME,40.275,120.103,3.425,-3.643,126,224,,,
2026-09-08T14:55:56.584913,5,3775,FRAME,43.7,116.46,3.425,-3.643,126,231,,,
2026-09-08T14:55:56.600573,5,3776,FRAME,47.125,112.818,3.425,-3.643,126,238,,,
2026-09-08T14:55:56.616794,5,3777,FRAME,50.551,109.175,3.425,-3.643,126,245,,,
2026-09-08T14:55:56.632706,5,3778,FRAME,53.976,105.532,3.425,-3.643,126,252,,,
2026-09-08T14:55:56.648952,5,3779,FRAME,57.401,101.89,3.425,-3.643,126,259,,,
2026-09-08T14:55:56.665131,5,3780,FRAME,60.826,98.247,3.425,-3.643,126,266,,,
2026-09-08T14:55:56.681801,5,3781,FRAME,64.251,94.604,3.425,-3.643,126,273,,,
2026-09-08T14:55:56.698031,5,3782,FRAME,67.676,90.962,3.425,-3.643,126,280,,,
2026-09-08T14:55:56.715174,5,3783,FRAME,71.101,87.319,3.425,-3.643,126,287,,,
2026-09-08T14:55:56.732468,5,3784,FRAME,74.526,83.677,3.425,-3.643,126,294,,,
2026-09-08T14:55:56.748831,5,3785,FRAME,77.951,80.034,3.425,-3.643,126,301,,,
2026-09-08T14:55:56.765530,5,3786,FRAME,81.376,76.391,3.425,-3.643,126,308,,,
2026-09-08T14:55:56.781809,5,3787,FRAME,84.801,72.749,3.425,-3.643,126,301,,,
2026-09-08T14:55:56.797549,5,3788,FRAME,88.226,69.106,3.425,-3.643,126,308,,,
2026-09-08T14:55:56.815423,5,3789,FRAME,91.652,65.463,3.425,-3.643,126,301,,,
2026-09-08T14:55:56.831025,5,3790,FRAME,95.077,61.821,3.425,-3.643,126,308,,,
2026-09-08T14:55:56.846948,5,3791,FRAME,98.502,58.178,3.425,-3.643,126,301,,,
2026-09-08T14:55:56.862765,5,3792,FRAME,101.927,54.535,3.425,-3.643,126,308,,,
2026-09-08T14:55:56.879537,5,3793,FRAME,105.352,50.893,3.425,-3.643,126,301,,,
2026-09-08T14:55:56.896675,5,3794,FRAME,108.777,47.25,3.425,-3.643,126,308,,,
2026-09-08T14:55:56.913067,5,3795,FRAME,112.202,43.608,3.425,-3.643,126,301,,,
2026-09-08T14:55:56.931007,5,3796,FRAME,115.627,39.965,3.425,-3.643,126,308,,,
2026-09-08T14:55:56.947029,5,3797,FRAME,119.052,36.322,3.425,-3.643,126,301,,,
2026-09-08T14:55:56.962698,5,3798,FRAME,122.477,32.68,3.425,-3.643,126,308,,,
2026-09-08T14:55:56.980689,5,3799,FRAME,125.902,29.037,3.425,-3.643,126,301,,,
2026-09-08T14:55:56.996693,5,3800,FRAME,129.327,25.394,3.425,-3.643,126,308,,,
2026-09-08T14:55:57.012849,5,3801,FRAME,132.753,21.752,3.425,-3.643,126,301,,,
2026-09-08T14:55:57.028707,5,3802,FRAME,136.178,18.109,3.425,-3.643,126,308,,,
2026-09-08T14:55:57.045767,5,3803,FRAME,139.603,14.466,3.425,-3.643,126,301,,,
2026-09-08T14:55:57.061993,5,3804,FRAME,143.028,10.824,3.425,-3.643,126,308,,,
2026-09-08T14:55:57.077662,5,3805,FRAME,146.453,7.181,3.425,-3.643,126,301,,,
2026-09-08T14:55:57.094086,5,3806,FRAME,149.878,3.539,3.425,-3.643,126,308,,,
2026-09-08T14:55:57.111854,5,3807,WALL_BOUNCE,153.303,0,3.425,3.643,126,301,,,
2026-09-08T14:55:57.111854,5,3808,FRAME,153.303,0,3.425,3.643,126,301,,,
2026-09-08T14:55:57.127968,5,3809,FRAME,156.728,3.643,3.425,3.643,126,308,,,
2026-09-08T14:55:57.144009,5,3810,FRAME,160.153,7.285,3.425,3.643,126,301,,,
2026-09-08T14:55:57.159527,5,3811,FRAME,163.578,10.928,3.425,3.643,126,308,,,
2026-09-08T14:55:57.177008,5,3812,FRAME,167.003,14.571,3.425,3.643,126,301,,,
2026-09-08T14:55:57.193369,5,3813,FRAME,170.428,18.213,3.425,3.643,126,308,,,
2026-09-08T14:55:57.210990,5,3814,FRAME,173.854,21.856,3.425,3.643,126,301,,,
2026-09-08T14:55:57.226934,5,3815,FRAME,177.279,25.498,3.425,3.643,126,308,,,
2026-09-08T14:55:57.243693,5,3816,FRAME,180.704,29.141,3.425,3.643,126,301,,,
2026-09-08T14:55:57.260507,5,3817,FRAME,184.129,32.784,3.425,3.643,126,308,,,
2026-09-08T14:55:57.276715,5,3818,FRAME,187.554,36.426,3.425,3.643,126,301,,,
2026-09-08T14:55:57.292464,5,3819,FRAME,190.979,40.069,3.425,3.643,126,308,,,
2026-09-08T14:55:57.308711,5,3820,FRAME,194.404,43.712,3.425,3.643,126,301,,,
2026-09-08T14:55:57.325101,5,3821,FRAME,197.829,47.354,3.425,3.643,126,308,,,
2026-09-08T14:55:57.341868,5,3822,FRAME,201.254,50.997,3.425,3.643,126,301,,,
2026-09-08T14:55:57.358251,5,3823,FRAME,204.679,54.64,3.425,3.643,126,308,,,
2026-09-08T14:55:57.375943,5,3824,FRAME,208.104,58.282,3.425,3.643,126,301,,,
2026-09-08T14:55:57.391436,5,3825,FRAME,211.529,61.925,3.425,3.643,126,308,,,
2026-09-08T14:55:57.408087,5,3826,FRAME,214.955,65.567,3.425,3.643,126,301,,,
2026-09-08T14:55:57.429989,5,3827,FRAME,218.38,69.21,3.425,3.643,126,308,,,
2026-09-08T14:55:57.447020,5,3828,FRAME,221.805,72.853,3.425,3.643,126,301,,,
2026-09-08T14:55:57.458846,5,3829,FRAME,225.23,76.495,3.425,3.643,126,308,,,
2026-09-08T14:55:57.475033,5,3830,FRAME,228.655,80.138,3.425,3.643,126,301,,,
2026-09-08T14:55:57.490638,5,3831,FRAME,232.08,83.781,3.425,3.643,126,308,,,
2026-09-08T14:55:57.512568,5,3832,FRAME,235.505,87.423,3.425,3.643,126,301,,,
2026-09-08T14:55:57.525669,5,3833,FRAME,238.93,91.066,3.425,3.643,126,308,,,
2026-09-08T14:55:57.541499,5,3834,FRAME,242.355,94.709,3.425,3.643,126,301,,,
2026-09-08T14:55:57.557821,5,3835,FRAME,245.78,98.351,3.425,3.643,126,308,,,
2026-09-08T14:55:57.573839,5,3836,FRAME,249.205,101.994,3.425,3.643,126,301,,,
2026-09-08T14:55:57.590244,5,3837,FRAME,252.63,105.636,3.425,3.643,126,308,,,
2026-09-08T14:55:57.608669,5,3838,FRAME,256.056,109.279,3.425,3.643,126,301,,,
2026-09-08T14:55:57.625945,5,3839,FRAME,259.481,112.922,3.425,3.643,126,308,,,
2026-09-08T14:55:57.641834,5,3840,FRAME,262.906,116.564,3.425,3.643,126,301,,,
2026-09-08T14:55:57.658600,5,3841,FRAME,266.331,120.207,3.425,3.643,126,308,,,
2026-09-08T14:55:57.676126,5,3842,FRAME,269.756,123.85,3.425,3.643,126,301,,,
2026-09-08T14:55:57.692388,5,3843,FRAME,273.181,127.492,3.425,3.643,126,308,,,
2026-09-08T14:55:57.708711,5,3844,FRAME,276.606,131.135,3.425,3.643,126,301,,,
2026-09-08T14:55:57.724226,5,3845,FRAME,280.031,134.778,3.425,3.643,126,308,,,
2026-09-08T14:55:57.741419,5,3846,FRAME,283.456,138.42,3.425,3.643,126,301,,,
2026-09-08T14:55:57.758607,5,3847,FRAME,286.881,142.063,3.425,3.643,126,308,,,
2026-09-08T14:55:57.775385,5,3848,FRAME,290.306,145.705,3.425,3.643,126,301,,,
2026-09-08T14:55:57.791946,5,3849,FRAME,293.731,149.348,3.425,3.643,126,308,,,
2026-09-08T14:55:57.809782,5,3850,FRAME,297.157,152.991,3.425,3.643,126,301,,,
2026-09-08T14:55:57.825062,5,3851,FRAME,300.582,156.633,3.425,3.643,126,308,,,
2026-09-08T14:55:57.842752,5,3852,FRAME,304.007,160.276,3.425,3.643,126,301,,,
2026-09-08T14:55:57.858387,5,3853,FRAME,307.432,163.919,3.425,3.643,126,308,,,
2026-09-08T14:55:57.876495,5,3854,FRAME,310.857,167.561,3.425,3.643,126,301,,,
2026-09-08T14:55:57.893432,5,3855,FRAME,314.282,171.204,3.425,3.643,126,308,,,
2026-09-08T14:55:57.909627,5,3856,FRAME,317.707,174.847,3.425,3.643,126,301,,,
2026-09-08T14:55:57.925753,5,3857,FRAME,321.132,178.489,3.425,3.643,126,308,,,
2026-09-08T14:55:57.942793,5,3858,FRAME,324.557,182.132,3.425,3.643,126,301,,,
2026-09-08T14:55:57.958641,5,3859,FRAME,327.982,185.774,3.425,3.643,126,308,,,
2026-09-08T14:55:57.975002,5,3860,FRAME,331.407,189.417,3.425,3.643,126,301,,,
2026-09-08T14:55:57.990551,5,3861,FRAME,334.832,193.06,3.425,3.643,126,308,,,
2026-09-08T14:55:58.007627,5,3862,FRAME,338.258,196.702,3.425,3.643,126,301,,,
2026-09-08T14:55:58.025822,5,3863,FRAME,341.683,200.345,3.425,3.643,126,308,,,
2026-09-08T14:55:58.042003,5,3864,FRAME,345.108,203.988,3.425,3.643,126,301,,,
2026-09-08T14:55:58.059140,5,3865,FRAME,348.533,207.63,3.425,3.643,126,308,,,
2026-09-08T14:55:58.074982,5,3866,FRAME,351.958,211.273,3.425,3.643,126,301,,,
2026-09-08T14:55:58.092345,5,3867,FRAME,355.383,214.916,3.425,3.643,126,308,,,
2026-09-08T14:55:58.109081,5,3868,FRAME,358.808,218.558,3.425,3.643,126,301,,,
2026-09-08T14:55:58.125923,5,3869,FRAME,362.233,222.201,3.425,3.643,126,308,,,
2026-09-08T14:55:58.142037,5,3870,FRAME,365.658,225.843,3.425,3.643,126,301,,,
2026-09-08T14:55:58.158727,5,3871,FRAME,369.083,229.486,3.425,3.643,126,308,,,
2026-09-08T14:55:58.175955,5,3872,FRAME,372.508,233.129,3.425,3.643,126,301,,,
2026-09-08T14:55:58.191599,5,3873,FRAME,375.934,236.771,3.425,3.643,126,308,,,
2026-09-08T14:55:58.207508,5,3874,FRAME,379.359,240.414,3.425,3.643,126,301,,,
2026-09-08T14:55:58.225043,5,3875,FRAME,382.784,244.057,3.425,3.643,126,308,,,
2026-09-08T14:55:58.242949,5,3876,FRAME,386.209,247.699,3.425,3.643,126,301,,,
2026-09-08T14:55:58.259835,5,3877,FRAME,389.634,251.342,3.425,3.643,126,308,,,
2026-09-08T14:55:58.275975,5,3878,FRAME,393.059,254.985,3.425,3.643,126,301,,,
2026-09-08T14:55:58.291311,5,3879,FRAME,396.484,258.627,3.425,3.643,126,308,,,
2026-09-08T14:55:58.309704,5,3880,FRAME,399.909,262.27,3.425,3.643,126,301,,,
2026-09-08T14:55:58.325893,5,3881,FRAME,403.334,265.912,3.425,3.643,126,308,,,
2026-09-08T14:55:58.341734,5,3882,FRAME,406.759,269.555,3.425,3.643,126,301,,,
2026-09-08T14:55:58.358492,5,3883,FRAME,410.184,273.198,3.425,3.643,126,308,,,
2026-09-08T14:55:58.375579,5,3884,FRAME,413.609,276.84,3.425,3.643,126,301,,,
2026-09-08T14:55:58.393271,5,3885,FRAME,417.035,280.483,3.425,3.643,126,308,,,
2026-09-08T14:55:58.409657,5,3886,FRAME,420.46,284.126,3.425,3.643,126,301,,,
2026-09-08T14:55:58.426439,5,3887,FRAME,423.885,287.768,3.425,3.643,126,308,,,
2026-09-08T14:55:58.442552,5,3888,FRAME,427.31,291.411,3.425,3.643,126,301,,,
2026-09-08T14:55:58.459699,5,3889,FRAME,430.735,295.054,3.425,3.643,126,308,,,
2026-09-08T14:55:58.475925,5,3890,FRAME,434.16,298.696,3.425,3.643,126,301,,,
2026-09-08T14:55:58.491690,5,3891,FRAME,437.585,302.339,3.425,3.643,126,308,,,
2026-09-08T14:55:58.509893,5,3892,FRAME,441.01,305.981,3.425,3.643,126,301,,,
2026-09-08T14:55:58.525361,5,3893,FRAME,444.435,309.624,3.425,3.643,126,308,,,
2026-09-08T14:55:58.542452,5,3894,FRAME,447.86,313.267,3.425,3.643,126,301,,,
2026-09-08T14:55:58.560114,5,3895,FRAME,451.285,316.909,3.425,3.643,126,308,,,
2026-09-08T14:55:58.577567,5,3896,FRAME,454.71,320.552,3.425,3.643,126,301,,,
2026-09-08T14:55:58.593379,5,3897,FRAME,458.136,324.195,3.425,3.643,126,308,,,
2026-09-08T14:55:58.608948,5,3898,FRAME,461.561,327.837,3.425,3.643,126,301,,,
2026-09-08T14:55:58.625788,5,3899,FRAME,464.986,331.48,3.425,3.643,126,308,,,
2026-09-08T14:55:58.642705,5,3900,FRAME,468.411,335.123,3.425,3.643,126,301,,,
2026-09-08T14:55:58.658635,5,3901,FRAME,471.836,338.765,3.425,3.643,126,308,,,
2026-09-08T14:55:58.675298,5,3902,FRAME,475.261,342.408,3.425,3.643,126,301,,,
2026-09-08T14:55:58.692731,5,3903,FRAME,478.686,346.05,3.425,3.643,126,308,,,
2026-09-08T14:55:58.709863,5,3904,FRAME,482.111,349.693,3.425,3.643,126,301,,,
2026-09-08T14:55:58.724777,5,3905,FRAME,485.536,353.336,3.425,3.643,126,308,,,
2026-09-08T14:55:58.740997,5,3906,FRAME,488.961,356.978,3.425,3.643,126,301,,,
2026-09-08T14:55:58.757736,5,3907,FRAME,492.386,360.621,3.425,3.643,126,308,,,
2026-09-08T14:55:58.775040,5,3908,FRAME,495.811,364.264,3.425,3.643,126,301,,,
2026-09-08T14:55:58.791313,5,3909,FRAME,499.237,367.906,3.425,3.643,126,308,,,
2026-09-08T14:55:58.807936,5,3910,FRAME,502.662,371.549,3.425,3.643,126,301,,,
2026-09-08T14:55:58.823667,5,3911,FRAME,506.087,375.192,3.425,3.643,126,308,,,
2026-09-08T14:55:58.840492,5,3912,FRAME,509.512,378.834,3.425,3.643,126,301,,,
2026-09-08T14:55:58.857204,5,3913,FRAME,512.937,382.477,3.425,3.643,126,308,,,
2026-09-08T14:55:58.873873,5,3914,FRAME,516.362,386.119,3.425,3.643,126,301,,,
2026-09-08T14:55:58.889687,5,3915,FRAME,519.787,389.762,3.425,3.643,126,308,,,
2026-09-08T14:55:58.907109,5,3916,FRAME,523.212,393.405,3.425,3.643,126,301,,,
2026-09-08T14:55:58.923333,5,3917,FRAME,526.637,397.047,3.425,3.643,126,308,,,
2026-09-08T14:55:58.939932,5,3918,FRAME,530.062,400.69,3.425,3.643,126,301,,,
2026-09-08T14:55:58.955738,5,3919,FRAME,533.487,404.333,3.425,3.643,126,308,,,
2026-09-08T14:55:58.971689,5,3920,FRAME,536.912,407.975,3.425,3.643,126,301,,,
2026-09-08T14:55:58.987674,5,3921,FRAME,540.338,411.618,3.425,3.643,126,308,,,
2026-09-08T14:55:59.003872,5,3922,FRAME,543.763,415.261,3.425,3.643,126,301,,,
2026-09-08T14:55:59.019871,5,3923,FRAME,547.188,418.903,3.425,3.643,126,308,,,
2026-09-08T14:55:59.035895,5,3924,FRAME,550.613,422.546,3.425,3.643,126,301,,,
2026-09-08T14:55:59.051756,5,3925,FRAME,554.038,426.188,3.425,3.643,126,308,,,
2026-09-08T14:55:59.067990,5,3926,FRAME,557.463,429.831,3.425,3.643,126,301,,,
2026-09-08T14:55:59.085566,5,3927,FRAME,560.888,433.474,3.425,3.643,126,308,,,
2026-09-08T14:55:59.102868,5,3928,FRAME,564.313,437.116,3.425,3.643,126,301,,,
2026-09-08T14:55:59.119007,5,3929,FRAME,567.738,440.759,3.425,3.643,126,308,,,
2026-09-08T14:55:59.135916,5,3930,FRAME,571.163,444.402,3.425,3.643,126,301,,,
2026-09-08T14:55:59.152034,5,3931,FRAME,574.588,448.044,3.425,3.643,126,308,,,
2026-09-08T14:55:59.169853,5,3932,FRAME,578.013,451.687,3.425,3.643,126,301,,,
2026-09-08T14:55:59.186070,5,3933,FRAME,581.439,455.33,3.425,3.643,126,308,,,
2026-09-08T14:55:59.202718,5,3934,FRAME,584.864,458.972,3.425,3.643,126,301,,,
2026-09-08T14:55:59.218857,5,3935,FRAME,588.289,462.615,3.425,3.643,126,308,,,
2026-09-08T14:55:59.234925,5,3936,FRAME,591.714,466.257,3.425,3.643,126,301,,,
2026-09-08T14:55:59.251010,5,3937,FRAME,595.139,469.9,3.425,3.643,126,308,,,
2026-09-08T14:55:59.266709,5,3938,FRAME,598.564,473.543,3.425,3.643,126,301,,,
2026-09-08T14:55:59.282861,5,3939,FRAME,601.989,477.185,3.425,3.643,126,308,,,
2026-09-08T14:55:59.299430,5,3940,FRAME,605.414,480.828,3.425,3.643,126,301,,,
2026-09-08T14:55:59.316538,5,3941,FRAME,608.839,484.471,3.425,3.643,126,308,,,
2026-09-08T14:55:59.331845,5,3942,WALL_BOUNCE,612.264,488,3.425,-3.643,126,301,,,
2026-09-08T14:55:59.331845,5,3943,FRAME,612.264,488,3.425,-3.643,126,301,,,
2026-09-08T14:55:59.347880,5,3944,FRAME,615.689,484.357,3.425,-3.643,126,308,,,
2026-09-08T14:55:59.364117,5,3945,FRAME,619.114,480.715,3.425,-3.643,126,301,,,
2026-09-08T14:55:59.379746,5,3946,FRAME,622.54,477.072,3.425,-3.643,126,308,,,
2026-09-08T14:55:59.395261,5,3947,FRAME,625.965,473.429,3.425,-3.643,126,301,,,
2026-09-08T14:55:59.412558,5,3948,FRAME,629.39,469.787,3.425,-3.643,126,308,,,
2026-09-08T14:55:59.429668,5,3949,FRAME,632.815,466.144,3.425,-3.643,126,301,,,
2026-09-08T14:55:59.446789,5,3950,FRAME,636.24,462.502,3.425,-3.643,126,308,,,
2026-09-08T14:55:59.462415,5,3951,FRAME,639.665,458.859,3.425,-3.643,126,301,,,
2026-09-08T14:55:59.479504,5,3952,FRAME,643.09,455.216,3.425,-3.643,126,308,,,
2026-09-08T14:55:59.496590,5,3953,FRAME,646.515,451.574,3.425,-3.643,126,301,,,
2026-09-08T14:55:59.512645,5,3954,FRAME,649.94,447.931,3.425,-3.643,126,308,,,
2026-09-08T14:55:59.529751,5,3955,FRAME,653.365,444.288,3.425,-3.643,126,301,,,
2026-09-08T14:55:59.545813,5,3956,FRAME,656.79,440.646,3.425,-3.643,126,308,,,
2026-09-08T14:55:59.561864,5,3957,FRAME,660.215,437.003,3.425,-3.643,126,301,,,
2026-09-08T14:55:59.577548,5,3958,FRAME,663.641,433.36,3.425,-3.643,126,308,,,
2026-09-08T14:55:59.594472,5,3959,FRAME,667.066,429.718,3.425,-3.643,126,301,,,
2026-09-08T14:55:59.611735,5,3960,FRAME,670.491,426.075,3.425,-3.643,126,308,,,
2026-09-08T14:55:59.627826,5,3961,FRAME,673.916,422.433,3.425,-3.643,126,301,,,
2026-09-08T14:55:59.643852,5,3962,FRAME,677.341,418.79,3.425,-3.643,126,308,,,
2026-09-08T14:55:59.659914,5,3963,FRAME,680.766,415.147,3.425,-3.643,126,301,,,
2026-09-08T14:55:59.675679,5,3964,FRAME,684.191,411.505,3.425,-3.643,126,308,,,
2026-09-08T14:55:59.694158,5,3965,FRAME,687.616,407.862,3.425,-3.643,126,301,,,
2026-09-08T14:55:59.715909,5,3966,FRAME,691.041,404.219,3.425,-3.643,126,308,,,
2026-09-08T14:55:59.725932,5,3967,FRAME,694.466,400.577,3.425,-3.643,126,301,,,
2026-09-08T14:55:59.741987,5,3968,FRAME,697.891,396.934,3.425,-3.643,126,308,,,
2026-09-08T14:55:59.758157,5,3969,FRAME,701.317,393.291,3.425,-3.643,126,301,,,
2026-09-08T14:55:59.773603,5,3970,FRAME,704.742,389.649,3.425,-3.643,126,308,,,
2026-09-08T14:55:59.790736,5,3971,FRAME,708.167,386.006,3.425,-3.643,126,301,,,
2026-09-08T14:55:59.807350,5,3972,FRAME,711.592,382.364,3.425,-3.643,126,308,,,
2026-09-08T14:55:59.824181,5,3973,FRAME,715.017,378.721,3.425,-3.643,126,301,,,
2026-09-08T14:55:59.840770,5,3974,FRAME,718.442,375.078,3.425,-3.643,126,308,,,
2026-09-08T14:55:59.856829,5,3975,FRAME,721.867,371.436,3.425,-3.643,126,301,,,
2026-09-08T14:55:59.872888,5,3976,FRAME,725.292,367.793,3.425,-3.643,126,308,,,
2026-09-08T14:55:59.889970,5,3977,FRAME,728.717,364.15,3.425,-3.643,126,301,,,
2026-09-08T14:55:59.905135,5,3978,FRAME,732.142,360.508,3.425,-3.643,126,308,,,
2026-09-08T14:55:59.920754,5,3979,FRAME,735.567,356.865,3.425,-3.643,126,301,,,
2026-09-08T14:55:59.936787,5,3980,FRAME,738.992,353.222,3.425,-3.643,126,308,,,
2026-09-08T14:55:59.953394,5,3981,FRAME,742.418,349.58,3.425,-3.643,126,301,,,
2026-09-08T14:55:59.970424,5,3982,FRAME,745.843,345.937,3.425,-3.643,126,308,,,
2026-09-08T14:55:59.987185,5,3983,FRAME,749.268,342.295,3.425,-3.643,126,308,,,
2026-09-08T14:56:00.003759,5,3984,FRAME,752.693,338.652,3.425,-3.643,126,308,,,
2026-09-08T14:56:00.020413,5,3985,FRAME,756.118,335.009,3.425,-3.643,126,308,,,
2026-09-08T14:56:00.037007,5,3986,RIGHT_HIT,758,331.367,-4.54,-2.094,126,308,-0.413,-24.76,
2026-09-08T14:56:00.037507,5,3987,FRAME,758,331.367,-4.54,-2.094,126,308,,,
2026-09-08T14:56:00.053550,5,3988,FRAME,753.46,329.273,-4.54,-2.094,126,301,,,
2026-09-08T14:56:00.069602,5,3989,FRAME,748.919,327.178,-4.54,-2.094,126,294,,,
2026-09-08T14:56:00.086580,5,3990,FRAME,744.379,325.084,-4.54,-2.094,126,287,,,
2026-09-08T14:56:00.103686,5,3991,FRAME,739.839,322.99,-4.54,-2.094,126,280,,,
2026-09-08T14:56:00.119765,5,3992,FRAME,735.298,320.896,-4.54,-2.094,126,273,,,
2026-09-08T14:56:00.135824,5,3993,FRAME,730.758,318.802,-4.54,-2.094,126,266,,,
2026-09-08T14:56:00.151871,5,3994,FRAME,726.218,316.708,-4.54,-2.094,126,259,,,
2026-09-08T14:56:00.167661,5,3995,FRAME,721.677,314.614,-4.54,-2.094,126,252,,,
2026-09-08T14:56:00.185169,5,3996,FRAME,717.137,312.52,-4.54,-2.094,126,245,,,
2026-09-08T14:56:00.202250,5,3997,FRAME,712.597,310.426,-4.54,-2.094,126,238,,,
2026-09-08T14:56:00.219335,5,3998,FRAME,708.056,308.332,-4.54,-2.094,126,231,,,
2026-09-08T14:56:00.236411,5,3999,FRAME,703.516,306.238,-4.54,-2.094,126,224,,,
2026-09-08T14:56:00.252466,5,4000,FRAME,698.975,304.143,-4.54,-2.094,126,217,,,
2026-09-08T14:56:00.268969,5,4001,FRAME,694.435,302.049,-4.54,-2.094,126,210,,,
2026-09-08T14:56:00.285017,5,4002,FRAME,689.895,299.955,-4.54,-2.094,126,203,,,
2026-09-08T14:56:00.301322,5,4003,FRAME,685.354,297.861,-4.54,-2.094,126,196,,,
2026-09-08T14:56:00.318400,5,4004,FRAME,680.814,295.767,-4.54,-2.094,126,203,,,
2026-09-08T14:56:00.335680,5,4005,FRAME,676.274,293.673,-4.54,-2.094,126,196,,,
2026-09-08T14:56:00.352363,5,4006,FRAME,671.733,291.579,-4.54,-2.094,126,203,,,
2026-09-08T14:56:00.369007,5,4007,FRAME,667.193,289.485,-4.54,-2.094,126,196,,,
2026-09-08T14:56:00.385042,5,4008,FRAME,662.653,287.391,-4.54,-2.094,126,203,,,
2026-09-08T14:56:00.401060,5,4009,FRAME,658.112,285.297,-4.54,-2.094,126,196,,,
2026-09-08T14:56:00.416595,5,4010,FRAME,653.572,283.202,-4.54,-2.094,126,203,,,
2026-09-08T14:56:00.432647,5,4011,FRAME,649.032,281.108,-4.54,-2.094,126,196,,,
2026-09-08T14:56:00.449723,5,4012,FRAME,644.491,279.014,-4.54,-2.094,126,203,,,
2026-09-08T14:56:00.465789,5,4013,FRAME,639.951,276.92,-4.54,-2.094,126,196,,,
2026-09-08T14:56:00.481896,5,4014,FRAME,635.411,274.826,-4.54,-2.094,126,203,,,
2026-09-08T14:56:00.498058,5,4015,FRAME,630.87,272.732,-4.54,-2.094,126,196,,,
2026-09-08T14:56:00.513677,5,4016,FRAME,626.33,270.638,-4.54,-2.094,126,203,,,
2026-09-08T14:56:00.530321,5,4017,FRAME,621.79,268.544,-4.54,-2.094,126,196,,,
2026-09-08T14:56:00.546831,5,4018,FRAME,617.249,266.45,-4.54,-2.094,126,203,,,
2026-09-08T14:56:00.562995,5,4019,FRAME,612.709,264.356,-4.54,-2.094,126,196,,,
2026-09-08T14:56:00.579017,5,4020,FRAME,608.168,262.262,-4.54,-2.094,126,203,,,
2026-09-08T14:56:00.595119,5,4021,FRAME,603.628,260.167,-4.54,-2.094,126,196,,,
2026-09-08T14:56:00.611735,5,4022,FRAME,599.088,258.073,-4.54,-2.094,126,203,,,
2026-09-08T14:56:00.628782,5,4023,FRAME,594.547,255.979,-4.54,-2.094,126,196,,,
2026-09-08T14:56:00.644801,5,4024,FRAME,590.007,253.885,-4.54,-2.094,126,203,,,
2026-09-08T14:56:00.660737,5,4025,FRAME,585.467,251.791,-4.54,-2.094,126,196,,,
2026-09-08T14:56:00.676610,5,4026,FRAME,580.926,249.697,-4.54,-2.094,126,203,,,
2026-09-08T14:56:00.693696,5,4027,FRAME,576.386,247.603,-4.54,-2.094,126,196,,,
2026-09-08T14:56:00.710467,5,4028,FRAME,571.846,245.509,-4.54,-2.094,126,203,,,
2026-09-08T14:56:00.727137,5,4029,FRAME,567.305,243.415,-4.54,-2.094,126,196,,,
2026-09-08T14:56:00.742668,5,4030,FRAME,562.765,241.321,-4.54,-2.094,126,203,,,
2026-09-08T14:56:00.758718,5,4031,FRAME,558.225,239.227,-4.54,-2.094,126,196,,,
2026-09-08T14:56:00.776023,5,4032,FRAME,553.684,237.132,-4.54,-2.094,126,203,,,
2026-09-08T14:56:00.791876,5,4033,FRAME,549.144,235.038,-4.54,-2.094,126,196,,,
2026-09-08T14:56:00.809681,5,4034,FRAME,544.604,232.944,-4.54,-2.094,126,203,,,
2026-09-08T14:56:00.825751,5,4035,FRAME,540.063,230.85,-4.54,-2.094,126,196,,,
2026-09-08T14:56:00.842000,5,4036,FRAME,535.523,228.756,-4.54,-2.094,126,203,,,
2026-09-08T14:56:00.857716,5,4037,FRAME,530.983,226.662,-4.54,-2.094,126,196,,,
2026-09-08T14:56:00.873839,5,4038,FRAME,526.442,224.568,-4.54,-2.094,126,203,,,
2026-09-08T14:56:00.889242,5,4039,FRAME,521.902,222.474,-4.54,-2.094,126,196,,,
2026-09-08T14:56:00.906379,5,4040,FRAME,517.361,220.38,-4.54,-2.094,126,203,,,
2026-09-08T14:56:00.923947,5,4041,FRAME,512.821,218.286,-4.54,-2.094,126,196,,,
2026-09-08T14:56:00.940022,5,4042,FRAME,508.281,216.192,-4.54,-2.094,126,203,,,
2026-09-08T14:56:00.955571,5,4043,FRAME,503.74,214.097,-4.54,-2.094,126,196,,,
2026-09-08T14:56:00.972649,5,4044,FRAME,499.2,212.003,-4.54,-2.094,126,203,,,
2026-09-08T14:56:00.989879,5,4045,FRAME,494.66,209.909,-4.54,-2.094,126,196,,,
2026-09-08T14:56:01.005783,5,4046,FRAME,490.119,207.815,-4.54,-2.094,126,203,,,
2026-09-08T14:56:01.021675,5,4047,FRAME,485.579,205.721,-4.54,-2.094,126,196,,,
2026-09-08T14:56:01.038796,5,4048,FRAME,481.039,203.627,-4.54,-2.094,126,203,,,
2026-09-08T14:56:01.054698,5,4049,FRAME,476.498,201.533,-4.54,-2.094,126,196,,,
2026-09-08T14:56:01.071670,5,4050,FRAME,471.958,199.439,-4.54,-2.094,126,203,,,
2026-09-08T14:56:01.088911,5,4051,FRAME,467.418,197.345,-4.54,-2.094,126,196,,,
2026-09-08T14:56:01.105028,5,4052,FRAME,462.877,195.251,-4.54,-2.094,126,203,,,
2026-09-08T14:56:01.120846,5,4053,FRAME,458.337,193.156,-4.54,-2.094,126,196,,,
2026-09-08T14:56:01.136870,5,4054,FRAME,453.797,191.062,-4.54,-2.094,126,203,,,
2026-09-08T14:56:01.153297,5,4055,FRAME,449.256,188.968,-4.54,-2.094,126,196,,,
2026-09-08T14:56:01.170982,5,4056,FRAME,444.716,186.874,-4.54,-2.094,126,203,,,
2026-09-08T14:56:01.187544,5,4057,FRAME,440.176,184.78,-4.54,-2.094,126,196,,,
2026-09-08T14:56:01.205138,5,4058,FRAME,435.635,182.686,-4.54,-2.094,126,203,,,
2026-09-08T14:56:01.220827,5,4059,FRAME,431.095,180.592,-4.54,-2.094,126,196,,,
2026-09-08T14:56:01.236639,5,4060,FRAME,426.554,178.498,-4.54,-2.094,126,203,,,
2026-09-08T14:56:01.253514,5,4061,FRAME,422.014,176.404,-4.54,-2.094,126,196,,,
2026-09-08T14:56:01.272663,5,4062,FRAME,417.474,174.31,-4.54,-2.094,126,203,,,
2026-09-08T14:56:01.287649,5,4063,FRAME,412.933,172.216,-4.54,-2.094,126,196,,,
2026-09-08T14:56:01.304365,5,4064,FRAME,408.393,170.121,-4.54,-2.094,126,203,,,
2026-09-08T14:56:01.320820,5,4065,FRAME,403.853,168.027,-4.54,-2.094,126,196,,,
2026-09-08T14:56:01.337051,5,4066,FRAME,399.312,165.933,-4.54,-2.094,126,203,,,
2026-09-08T14:56:01.353809,5,4067,FRAME,394.772,163.839,-4.54,-2.094,126,196,,,
2026-09-08T14:56:01.370078,5,4068,FRAME,390.232,161.745,-4.54,-2.094,126,203,,,
2026-09-08T14:56:01.385885,5,4069,FRAME,385.691,159.651,-4.54,-2.094,126,196,,,
2026-09-08T14:56:01.401569,5,4070,FRAME,381.151,157.557,-4.54,-2.094,126,203,,,
2026-09-08T14:56:01.419028,5,4071,FRAME,376.611,155.463,-4.54,-2.094,126,196,,,
2026-09-08T14:56:01.435288,5,4072,FRAME,372.07,153.369,-4.54,-2.094,126,203,,,
2026-09-08T14:56:01.451798,5,4073,FRAME,367.53,151.275,-4.54,-2.094,126,196,,,
2026-09-08T14:56:01.468676,5,4074,FRAME,362.99,149.181,-4.54,-2.094,126,203,,,
2026-09-08T14:56:01.485148,5,4075,FRAME,358.449,147.086,-4.54,-2.094,126,196,,,
2026-09-08T14:56:01.501067,5,4076,FRAME,353.909,144.992,-4.54,-2.094,126,203,,,
2026-09-08T14:56:01.516831,5,4077,FRAME,349.369,142.898,-4.54,-2.094,126,196,,,
2026-09-08T14:56:01.533006,5,4078,FRAME,344.828,140.804,-4.54,-2.094,126,203,,,
2026-09-08T14:56:01.548696,5,4079,FRAME,340.288,138.71,-4.54,-2.094,126,196,,,
2026-09-08T14:56:01.565190,5,4080,FRAME,335.747,136.616,-4.54,-2.094,126,203,,,
2026-09-08T14:56:01.581750,5,4081,FRAME,331.207,134.522,-4.54,-2.094,126,196,,,
2026-09-08T14:56:01.599084,5,4082,FRAME,326.667,132.428,-4.54,-2.094,126,203,,,
2026-09-08T14:56:01.615098,5,4083,FRAME,322.126,130.334,-4.54,-2.094,126,196,,,
2026-09-08T14:56:01.630667,5,4084,FRAME,317.586,128.24,-4.54,-2.094,126,203,,,
2026-09-08T14:56:01.647733,5,4085,FRAME,313.046,126.146,-4.54,-2.094,126,196,,,
2026-09-08T14:56:01.664769,5,4086,FRAME,308.505,124.051,-4.54,-2.094,126,203,,,
2026-09-08T14:56:01.682034,5,4087,FRAME,303.965,121.957,-4.54,-2.094,126,196,,,
2026-09-08T14:56:01.697735,5,4088,FRAME,299.425,119.863,-4.54,-2.094,126,203,,,
2026-09-08T14:56:01.714771,5,4089,FRAME,294.884,117.769,-4.54,-2.094,126,196,,,
2026-09-08T14:56:01.730788,5,4090,FRAME,290.344,115.675,-4.54,-2.094,126,203,,,
2026-09-08T14:56:01.747865,5,4091,FRAME,285.804,113.581,-4.54,-2.094,126,196,,,
2026-09-08T14:56:01.763890,5,4092,FRAME,281.263,111.487,-4.54,-2.094,126,203,,,
2026-09-08T14:56:01.779885,5,4093,FRAME,276.723,109.393,-4.54,-2.094,126,196,,,
2026-09-08T14:56:01.795624,5,4094,FRAME,272.183,107.299,-4.54,-2.094,126,203,,,
2026-09-08T14:56:01.812784,5,4095,FRAME,267.642,105.205,-4.54,-2.094,126,196,,,
2026-09-08T14:56:01.829091,5,4096,FRAME,263.102,103.11,-4.54,-2.094,126,203,,,
2026-09-08T14:56:01.845329,5,4097,FRAME,258.562,101.016,-4.54,-2.094,126,196,,,
2026-09-08T14:56:01.862383,5,4098,FRAME,254.021,98.922,-4.54,-2.094,126,203,,,
2026-09-08T14:56:01.879593,5,4099,FRAME,249.481,96.828,-4.54,-2.094,126,196,,,
2026-09-08T14:56:01.896032,5,4100,FRAME,244.941,94.734,-4.54,-2.094,126,203,,,
2026-09-08T14:56:01.912359,5,4101,FRAME,240.4,92.64,-4.54,-2.094,126,196,,,
2026-09-08T14:56:01.929660,5,4102,FRAME,235.86,90.546,-4.54,-2.094,126,203,,,
2026-09-08T14:56:01.945666,5,4103,FRAME,231.319,88.452,-4.54,-2.094,126,196,,,
2026-09-08T14:56:01.961790,5,4104,FRAME,226.779,86.358,-4.54,-2.094,126,203,,,
2026-09-08T14:56:01.977886,5,4105,FRAME,222.239,84.264,-4.54,-2.094,126,196,,,
2026-09-08T14:56:01.995590,5,4106,FRAME,217.698,82.17,-4.54,-2.094,126,203,,,
2026-09-08T14:56:02.012531,5,4107,FRAME,213.158,80.075,-4.54,-2.094,126,196,,,
2026-09-08T14:56:02.029503,5,4108,FRAME,208.618,77.981,-4.54,-2.094,126,203,,,
2026-09-08T14:56:02.046022,5,4109,FRAME,204.077,75.887,-4.54,-2.094,126,196,,,
2026-09-08T14:56:02.062008,5,4110,FRAME,199.537,73.793,-4.54,-2.094,126,203,,,
2026-09-08T14:56:02.077854,5,4111,FRAME,194.997,71.699,-4.54,-2.094,126,196,,,
2026-09-08T14:56:02.096440,5,4112,FRAME,190.456,69.605,-4.54,-2.094,126,203,,,
2026-09-08T14:56:02.110472,5,4113,FRAME,185.916,67.511,-4.54,-2.094,126,196,,,
2026-09-08T14:56:02.127390,5,4114,FRAME,181.376,65.417,-4.54,-2.094,126,203,,,
2026-09-08T14:56:02.144990,5,4115,FRAME,176.835,63.323,-4.54,-2.094,126,196,,,
2026-09-08T14:56:02.160619,5,4116,FRAME,172.295,61.229,-4.54,-2.094,126,203,,,
2026-09-08T14:56:02.177665,5,4117,FRAME,167.755,59.135,-4.54,-2.094,126,196,,,
2026-09-08T14:56:02.194388,5,4118,FRAME,163.214,57.04,-4.54,-2.094,126,203,,,
2026-09-08T14:56:02.211476,5,4119,FRAME,158.674,54.946,-4.54,-2.094,126,196,,,
2026-09-08T14:56:02.228643,5,4120,FRAME,154.134,52.852,-4.54,-2.094,126,203,,,
2026-09-08T14:56:02.245192,5,4121,FRAME,149.593,50.758,-4.54,-2.094,126,196,,,
2026-09-08T14:56:02.261743,5,4122,FRAME,145.053,48.664,-4.54,-2.094,126,203,,,
2026-09-08T14:56:02.278162,5,4123,FRAME,140.512,46.57,-4.54,-2.094,126,196,,,
2026-09-08T14:56:02.295068,5,4124,FRAME,135.972,44.476,-4.54,-2.094,126,203,,,
2026-09-08T14:56:02.311089,5,4125,FRAME,131.432,42.382,-4.54,-2.094,126,196,,,
2026-09-08T14:56:02.326622,5,4126,FRAME,126.891,40.288,-4.54,-2.094,126,203,,,
2026-09-08T14:56:02.343643,5,4127,FRAME,122.351,38.194,-4.54,-2.094,126,196,,,
2026-09-08T14:56:02.360615,5,4128,FRAME,117.811,36.099,-4.54,-2.094,126,203,,,
2026-09-08T14:56:02.376593,5,4129,FRAME,113.27,34.005,-4.54,-2.094,126,196,,,
2026-09-08T14:56:02.393753,5,4130,FRAME,108.73,31.911,-4.54,-2.094,126,203,,,
2026-09-08T14:56:02.409912,5,4131,FRAME,104.19,29.817,-4.54,-2.094,126,196,,,
2026-09-08T14:56:02.427551,5,4132,FRAME,99.649,27.723,-4.54,-2.094,126,203,,,
2026-09-08T14:56:02.445080,5,4133,FRAME,95.109,25.629,-4.54,-2.094,126,196,,,
2026-09-08T14:56:02.460895,5,4134,FRAME,90.569,23.535,-4.54,-2.094,126,203,,,
2026-09-08T14:56:02.476450,5,4135,FRAME,86.028,21.441,-4.54,-2.094,126,196,,,
2026-09-08T14:56:02.493643,5,4136,FRAME,81.488,19.347,-4.54,-2.094,126,203,,,
2026-09-08T14:56:02.510619,5,4137,FRAME,76.948,17.253,-4.54,-2.094,126,196,,,
2026-09-08T14:56:02.527665,5,4138,FRAME,72.407,15.159,-4.54,-2.094,126,203,,,
2026-09-08T14:56:02.544846,5,4139,FRAME,67.867,13.064,-4.54,-2.094,126,196,,,
2026-09-08T14:56:02.561404,5,4140,FRAME,63.327,10.97,-4.54,-2.094,126,203,,,
2026-09-08T14:56:02.578993,5,4141,FRAME,58.786,8.876,-4.54,-2.094,126,196,,,
2026-09-08T14:56:02.595050,5,4142,FRAME,54.246,6.782,-4.54,-2.094,126,203,,,
2026-09-08T14:56:02.611580,5,4143,FRAME,49.705,4.688,-4.54,-2.094,126,196,,,
2026-09-08T14:56:02.628636,5,4144,FRAME,45.165,2.594,-4.54,-2.094,126,203,,,
2026-09-08T14:56:02.645157,5,4145,FRAME,40.625,0.5,-4.54,-2.094,126,196,,,
2026-09-08T14:56:02.660690,5,4146,WALL_BOUNCE,36.084,0,-4.54,2.094,126,203,,,
2026-09-08T14:56:02.660690,5,4147,FRAME,36.084,0,-4.54,2.094,126,203,,,
2026-09-08T14:56:02.678096,5,4148,FRAME,31.544,2.094,-4.54,2.094,126,196,,,
2026-09-08T14:56:02.693613,5,4149,FRAME,27.004,4.188,-4.54,2.094,126,203,,,
2026-09-08T14:56:02.710189,5,4150,FRAME,22.463,6.282,-4.54,2.094,126,196,,,
2026-09-08T14:56:02.727090,5,4151,FRAME,17.923,8.376,-4.54,2.094,126,203,,,
2026-09-08T14:56:02.743055,5,4152,FRAME,13.383,10.47,-4.54,2.094,126,196,,,
2026-09-08T14:56:02.758839,5,4153,FRAME,8.842,12.565,-4.54,2.094,126,203,,,
2026-09-08T14:56:02.774753,5,4154,FRAME,4.302,14.659,-4.54,2.094,126,196,,,
2026-09-08T14:56:02.791863,5,4155,FRAME,-0.238,16.753,-4.54,2.094,126,203,,,
2026-09-08T14:56:02.809215,5,4156,FRAME,-4.779,18.847,-4.54,2.094,126,196,,,
2026-09-08T14:56:02.826652,5,4157,FRAME,-9.319,20.941,-4.54,2.094,126,203,,,
2026-09-08T14:56:02.843541,5,4158,MISS_LEFT,-13.859,23.035,-4.54,2.094,126,196,,,RIGHT
2026-09-08T14:56:02.843541,6,4159,FRAME,382.195,230.952,4.472,-2.236,126,196,,,
2026-09-08T14:56:02.860496,6,4160,FRAME,386.667,228.716,4.472,-2.236,126,189,,,
2026-09-08T14:56:02.877149,6,4161,FRAME,391.139,226.48,4.472,-2.236,126,182,,,
2026-09-08T14:56:02.895011,6,4162,FRAME,395.611,224.243,4.472,-2.236,126,175,,,
2026-09-08T14:56:02.913469,6,4163,FRAME,400.083,222.007,4.472,-2.236,126,168,,,
2026-09-08T14:56:02.929598,6,4164,FRAME,404.555,219.771,4.472,-2.236,126,161,,,
2026-09-08T14:56:02.946880,6,4165,FRAME,409.027,217.535,4.472,-2.236,126,154,,,
2026-09-08T14:56:02.963418,6,4166,FRAME,413.499,215.298,4.472,-2.236,126,147,,,
2026-09-08T14:56:02.980793,6,4167,FRAME,417.972,213.062,4.472,-2.236,126,140,,,
2026-09-08T14:56:02.997185,6,4168,FRAME,422.444,210.826,4.472,-2.236,126,133,,,
2026-09-08T14:56:03.013915,6,4169,FRAME,426.916,208.59,4.472,-2.236,126,126,,,
2026-09-08T14:56:03.031490,6,4170,FRAME,431.388,206.353,4.472,-2.236,126,119,,,
2026-09-08T14:56:03.048048,6,4171,FRAME,435.86,204.117,4.472,-2.236,126,112,,,
2026-09-08T14:56:03.063643,6,4172,FRAME,440.332,201.881,4.472,-2.236,126,105,,,
2026-09-08T14:56:03.080981,6,4173,FRAME,444.804,199.645,4.472,-2.236,126,98,,,
2026-09-08T14:56:03.096780,6,4174,FRAME,449.276,197.408,4.472,-2.236,126,91,,,
2026-09-08T14:56:03.113861,6,4175,FRAME,453.748,195.172,4.472,-2.236,126,84,,,
2026-09-08T14:56:03.129542,6,4176,FRAME,458.22,192.936,4.472,-2.236,126,77,,,
2026-09-08T14:56:03.146875,6,4177,FRAME,462.692,190.7,4.472,-2.236,126,70,,,
2026-09-08T14:56:03.162568,6,4178,FRAME,467.164,188.463,4.472,-2.236,126,63,,,
2026-09-08T14:56:03.179339,6,4179,FRAME,471.636,186.227,4.472,-2.236,126,56,,,
2026-09-08T14:56:03.195897,6,4180,FRAME,476.108,183.991,4.472,-2.236,126,49,,,
2026-09-08T14:56:03.211377,6,4181,FRAME,480.58,181.755,4.472,-2.236,126,42,,,
2026-09-08T14:56:03.228274,6,4182,FRAME,485.052,179.518,4.472,-2.236,126,35,,,
2026-09-08T14:56:03.245014,6,4183,FRAME,489.524,177.282,4.472,-2.236,126,28,,,
2026-09-08T14:56:03.260729,6,4184,FRAME,493.996,175.046,4.472,-2.236,126,21,,,
2026-09-08T14:56:03.278065,6,4185,FRAME,498.468,172.809,4.472,-2.236,126,14,,,
2026-09-08T14:56:03.293748,6,4186,FRAME,502.94,170.573,4.472,-2.236,126,7,,,
2026-09-08T14:56:03.309842,6,4187,FRAME,507.412,168.337,4.472,-2.236,126,0,,,
2026-09-08T14:56:03.325976,6,4188,FRAME,511.884,166.101,4.472,-2.236,126,7,,,
2026-09-08T14:56:03.341356,6,4189,FRAME,516.356,163.864,4.472,-2.236,126,0,,,
2026-09-08T14:56:03.358427,6,4190,FRAME,520.828,161.628,4.472,-2.236,126,7,,,
2026-09-08T14:56:03.375481,6,4191,FRAME,525.301,159.392,4.472,-2.236,126,0,,,
2026-09-08T14:56:03.390736,6,4192,FRAME,529.773,157.156,4.472,-2.236,126,7,,,
2026-09-08T14:56:03.407104,6,4193,FRAME,534.245,154.919,4.472,-2.236,126,0,,,
2026-09-08T14:56:03.423977,6,4194,FRAME,538.717,152.683,4.472,-2.236,126,7,,,
2026-09-08T14:56:03.439522,6,4195,FRAME,543.189,150.447,4.472,-2.236,126,0,,,
2026-09-08T14:56:03.455616,6,4196,FRAME,547.661,148.211,4.472,-2.236,126,7,,,
2026-09-08T14:56:03.472095,6,4197,FRAME,552.133,145.974,4.472,-2.236,126,0,,,
2026-09-08T14:56:03.487757,6,4198,FRAME,556.605,143.738,4.472,-2.236,126,7,,,
2026-09-08T14:56:03.503880,6,4199,FRAME,561.077,141.502,4.472,-2.236,126,0,,,
2026-09-08T14:56:03.519737,6,4200,FRAME,565.549,139.266,4.472,-2.236,126,7,,,
2026-09-08T14:56:03.535330,6,4201,FRAME,570.021,137.029,4.472,-2.236,126,0,,,
2026-09-08T14:56:03.551938,6,4202,FRAME,574.493,134.793,4.472,-2.236,126,7,,,
2026-09-08T14:56:03.569679,6,4203,FRAME,578.965,132.557,4.472,-2.236,126,0,,,
2026-09-08T14:56:03.585908,6,4204,FRAME,583.437,130.321,4.472,-2.236,126,7,,,
2026-09-08T14:56:03.602074,6,4205,FRAME,587.909,128.084,4.472,-2.236,126,0,,,
2026-09-08T14:56:03.618771,6,4206,FRAME,592.381,125.848,4.472,-2.236,126,7,,,
2026-09-08T14:56:03.634983,6,4207,FRAME,596.853,123.612,4.472,-2.236,126,0,,,
2026-09-08T14:56:03.652655,6,4208,FRAME,601.325,121.376,4.472,-2.236,126,7,,,
2026-09-08T14:56:03.669910,6,4209,FRAME,605.797,119.139,4.472,-2.236,126,0,,,
2026-09-08T14:56:03.686072,6,4210,FRAME,610.269,116.903,4.472,-2.236,126,7,,,
2026-09-08T14:56:03.702976,6,4211,FRAME,614.741,114.667,4.472,-2.236,126,0,,,
2026-09-08T14:56:03.719342,6,4212,FRAME,619.213,112.431,4.472,-2.236,126,7,,,
2026-09-08T14:56:03.736075,6,4213,FRAME,623.685,110.194,4.472,-2.236,126,0,,,
2026-09-08T14:56:03.752116,6,4214,FRAME,628.157,107.958,4.472,-2.236,126,7,,,
2026-09-08T14:56:03.767508,6,4215,FRAME,632.63,105.722,4.472,-2.236,126,0,,,
2026-09-08T14:56:03.785304,6,4216,FRAME,637.102,103.486,4.472,-2.236,126,7,,,
2026-09-08T14:56:03.801877,6,4217,FRAME,641.574,101.249,4.472,-2.236,126,0,,,
2026-09-08T14:56:03.817539,6,4218,FRAME,646.046,99.013,4.472,-2.236,126,7,,,
2026-09-08T14:56:03.836037,6,4219,FRAME,650.518,96.777,4.472,-2.236,126,0,,,
2026-09-08T14:56:03.852753,6,4220,FRAME,654.99,94.541,4.472,-2.236,126,7,,,
2026-09-08T14:56:03.868863,6,4221,FRAME,659.462,92.304,4.472,-2.236,126,0,,,
2026-09-08T14:56:03.887425,6,4222,FRAME,663.934,90.068,4.472,-2.236,126,7,,,
2026-09-08T14:56:03.902891,6,4223,FRAME,668.406,87.832,4.472,-2.236,126,0,,,
2026-09-08T14:56:03.919013,6,4224,FRAME,672.878,85.595,4.472,-2.236,126,7,,,
2026-09-08T14:56:03.935732,6,4225,FRAME,677.35,83.359,4.472,-2.236,126,0,,,
2026-09-08T14:56:03.952741,6,4226,FRAME,681.822,81.123,4.472,-2.236,126,7,,,
2026-09-08T14:56:03.968945,6,4227,FRAME,686.294,78.887,4.472,-2.236,126,0,,,
2026-09-08T14:56:03.985533,6,4228,FRAME,690.766,76.65,4.472,-2.236,126,7,,,
2026-09-08T14:56:04.000985,6,4229,FRAME,695.238,74.414,4.472,-2.236,126,0,,,
2026-09-08T14:56:04.018589,6,4230,FRAME,699.71,72.178,4.472,-2.236,126,7,,,
2026-09-08T14:56:04.035138,6,4231,FRAME,704.182,69.942,4.472,-2.236,126,0,,,
2026-09-08T14:56:04.051931,6,4232,FRAME,708.654,67.705,4.472,-2.236,126,7,,,
2026-09-08T14:56:04.068013,6,4233,FRAME,713.126,65.469,4.472,-2.236,126,0,,,
2026-09-08T14:56:04.084027,6,4234,FRAME,717.598,63.233,4.472,-2.236,126,7,,,
2026-09-08T14:56:04.100201,6,4235,FRAME,722.07,60.997,4.472,-2.236,126,0,,,
2026-09-08T14:56:04.117733,6,4236,FRAME,726.542,58.76,4.472,-2.236,126,7,,,
2026-09-08T14:56:04.135264,6,4237,FRAME,731.014,56.524,4.472,-2.236,126,0,,,
2026-09-08T14:56:04.151827,6,4238,FRAME,735.486,54.288,4.472,-2.236,126,7,,,
2026-09-08T14:56:04.167882,6,4239,FRAME,739.959,52.052,4.472,-2.236,126,0,,,
2026-09-08T14:56:04.183907,6,4240,FRAME,744.431,49.815,4.472,-2.236,126,7,,,
2026-09-08T14:56:04.200170,6,4241,FRAME,748.903,47.579,4.472,-2.236,126,7,,,
2026-09-08T14:56:04.216624,6,4242,FRAME,753.375,45.343,4.472,-2.236,126,7,,,
2026-09-08T14:56:04.233598,6,4243,FRAME,757.847,43.107,4.472,-2.236,126,7,,,
2026-09-08T14:56:04.250092,6,4244,RIGHT_HIT,758,40.87,-4.888,-1.053,126,7,-0.203,-12.156,
2026-09-08T14:56:04.250092,6,4245,FRAME,758,40.87,-4.888,-1.053,126,7,,,
2026-09-08T14:56:04.265651,6,4246,FRAME,753.112,39.818,-4.888,-1.053,126,14,,,
2026-09-08T14:56:04.281955,6,4247,FRAME,748.224,38.765,-4.888,-1.053,126,21,,,
2026-09-08T14:56:04.298387,6,4248,FRAME,743.336,37.712,-4.888,-1.053,126,28,,,
2026-09-08T14:56:04.315713,6,4249,FRAME,738.448,36.659,-4.888,-1.053,126,35,,,
2026-09-08T14:56:04.332776,6,4250,FRAME,733.561,35.606,-4.888,-1.053,126,42,,,
2026-09-08T14:56:04.349455,6,4251,FRAME,728.673,34.553,-4.888,-1.053,126,49,,,
2026-09-08T14:56:04.367659,6,4252,FRAME,723.785,33.501,-4.888,-1.053,126,56,,,
2026-09-08T14:56:04.382983,6,4253,FRAME,718.897,32.448,-4.888,-1.053,126,63,,,
2026-09-08T14:56:04.399210,6,4254,FRAME,714.009,31.395,-4.888,-1.053,126,70,,,
2026-09-08T14:56:04.414969,6,4255,FRAME,709.121,30.342,-4.888,-1.053,126,77,,,
2026-09-08T14:56:04.430587,6,4256,FRAME,704.233,29.289,-4.888,-1.053,126,84,,,
2026-09-08T14:56:04.447372,6,4257,FRAME,699.345,28.236,-4.888,-1.053,126,91,,,
2026-09-08T14:56:04.465200,6,4258,FRAME,694.457,27.183,-4.888,-1.053,126,98,,,
2026-09-08T14:56:04.482323,6,4259,FRAME,689.569,26.131,-4.888,-1.053,126,105,,,
2026-09-08T14:56:04.499840,6,4260,FRAME,684.682,25.078,-4.888,-1.053,126,112,,,
2026-09-08T14:56:04.517089,6,4261,FRAME,679.794,24.025,-4.888,-1.053,126,119,,,
2026-09-08T14:56:04.531342,6,4262,FRAME,674.906,22.972,-4.888,-1.053,126,126,,,
2026-09-08T14:56:04.548557,6,4263,FRAME,670.018,21.919,-4.888,-1.053,126,133,,,
2026-09-08T14:56:04.565659,6,4264,FRAME,665.13,20.866,-4.888,-1.053,126,140,,,
2026-09-08T14:56:04.581756,6,4265,FRAME,660.242,19.814,-4.888,-1.053,126,147,,,
2026-09-08T14:56:04.598733,6,4266,FRAME,655.354,18.761,-4.888,-1.053,126,154,,,
2026-09-08T14:56:04.615266,6,4267,FRAME,650.466,17.708,-4.888,-1.053,126,161,,,
2026-09-08T14:56:04.632449,6,4268,FRAME,645.578,16.655,-4.888,-1.053,126,168,,,
2026-09-08T14:56:04.649827,6,4269,FRAME,640.69,15.602,-4.888,-1.053,126,175,,,
2026-09-08T14:56:04.670406,6,4270,FRAME,635.803,14.549,-4.888,-1.053,126,182,,,
2026-09-08T14:56:04.690464,6,4271,FRAME,630.915,13.497,-4.888,-1.053,126,189,,,
2026-09-08T14:56:04.705626,6,4272,FRAME,626.027,12.444,-4.888,-1.053,126,196,,,
2026-09-08T14:56:04.746831,6,4273,FRAME,621.139,11.391,-4.888,-1.053,126,203,,,
2026-09-08T14:56:04.759395,6,4274,FRAME,616.251,10.338,-4.888,-1.053,126,196,,,
2026-09-08T14:56:04.775950,6,4275,FRAME,611.363,9.285,-4.888,-1.053,126,203,,,
2026-09-08T14:56:04.792032,6,4276,FRAME,606.475,8.232,-4.888,-1.053,126,196,,,
2026-09-08T14:56:04.807720,6,4277,FRAME,601.587,7.18,-4.888,-1.053,126,203,,,
2026-09-08T14:56:04.825311,6,4278,FRAME,596.699,6.127,-4.888,-1.053,126,196,,,
2026-09-08T14:56:04.842611,6,4279,FRAME,591.811,5.074,-4.888,-1.053,126,203,,,
2026-09-08T14:56:04.858715,6,4280,FRAME,586.924,4.021,-4.888,-1.053,126,196,,,
2026-09-08T14:56:04.875381,6,4281,FRAME,582.036,2.968,-4.888,-1.053,126,203,,,
2026-09-08T14:56:04.893004,6,4282,FRAME,577.148,1.915,-4.888,-1.053,126,196,,,
2026-09-08T14:56:04.909669,6,4283,FRAME,572.26,0.863,-4.888,-1.053,126,203,,,
2026-09-08T14:56:04.926095,6,4284,WALL_BOUNCE,567.372,0,-4.888,1.053,126,196,,,
2026-09-08T14:56:04.926095,6,4285,FRAME,567.372,0,-4.888,1.053,126,196,,,
2026-09-08T14:56:04.942995,6,4286,FRAME,562.484,1.053,-4.888,1.053,126,203,,,
2026-09-08T14:56:04.959625,6,4287,FRAME,557.596,2.106,-4.888,1.053,126,196,,,
2026-09-08T14:56:04.975916,6,4288,FRAME,552.708,3.159,-4.888,1.053,126,203,,,
2026-09-08T14:56:04.991960,6,4289,FRAME,547.82,4.211,-4.888,1.053,126,196,,,
2026-09-08T14:56:05.007820,6,4290,FRAME,542.933,5.264,-4.888,1.053,126,203,,,
2026-09-08T14:56:05.024886,6,4291,FRAME,538.045,6.317,-4.888,1.053,126,196,,,
2026-09-08T14:56:05.041624,6,4292,FRAME,533.157,7.37,-4.888,1.053,126,203,,,
2026-09-08T14:56:05.058160,6,4293,FRAME,528.269,8.423,-4.888,1.053,126,196,,,
2026-09-08T14:56:05.075355,6,4294,FRAME,523.381,9.476,-4.888,1.053,126,203,,,
2026-09-08T14:56:05.090713,6,4295,FRAME,518.493,10.528,-4.888,1.053,126,196,,,
2026-09-08T14:56:05.107090,6,4296,FRAME,513.605,11.581,-4.888,1.053,126,203,,,
2026-09-08T14:56:05.123717,6,4297,FRAME,508.717,12.634,-4.888,1.053,126,196,,,
2026-09-08T14:56:05.139856,6,4298,FRAME,503.829,13.687,-4.888,1.053,126,203,,,
2026-09-08T14:56:05.155878,6,4299,FRAME,498.941,14.74,-4.888,1.053,126,196,,,
2026-09-08T14:56:05.172080,6,4300,FRAME,494.054,15.793,-4.888,1.053,126,203,,,
2026-09-08T14:56:05.187854,6,4301,FRAME,489.166,16.845,-4.888,1.053,126,196,,,
2026-09-08T14:56:05.204317,6,4302,FRAME,484.278,17.898,-4.888,1.053,126,203,,,
2026-09-08T14:56:05.221259,6,4303,FRAME,479.39,18.951,-4.888,1.053,126,196,,,
2026-09-08T14:56:05.238956,6,4304,FRAME,474.502,20.004,-4.888,1.053,126,203,,,
2026-09-08T14:56:05.255340,6,4305,FRAME,469.614,21.057,-4.888,1.053,126,196,,,
2026-09-08T14:56:05.271195,6,4306,FRAME,464.726,22.11,-4.888,1.053,126,203,,,
2026-09-08T14:56:05.288961,6,4307,FRAME,459.838,23.162,-4.888,1.053,126,196,,,
2026-09-08T14:56:05.304960,6,4308,FRAME,454.95,24.215,-4.888,1.053,126,203,,,
2026-09-08T14:56:05.321558,6,4309,FRAME,450.062,25.268,-4.888,1.053,126,196,,,
2026-09-08T14:56:05.337298,6,4310,FRAME,445.175,26.321,-4.888,1.053,126,203,,,
2026-09-08T14:56:05.355263,6,4311,FRAME,440.287,27.374,-4.888,1.053,126,196,,,
2026-09-08T14:56:05.370965,6,4312,FRAME,435.399,28.427,-4.888,1.053,126,203,,,
2026-09-08T14:56:05.387276,6,4313,FRAME,430.511,29.479,-4.888,1.053,126,196,,,
2026-09-08T14:56:05.404104,6,4314,FRAME,425.623,30.532,-4.888,1.053,126,203,,,
2026-09-08T14:56:05.421590,6,4315,FRAME,420.735,31.585,-4.888,1.053,126,196,,,
2026-09-08T14:56:05.438331,6,4316,FRAME,415.847,32.638,-4.888,1.053,126,203,,,
2026-09-08T14:56:05.455824,6,4317,FRAME,410.959,33.691,-4.888,1.053,126,196,,,
2026-09-08T14:56:05.473493,6,4318,FRAME,406.071,34.744,-4.888,1.053,126,203,,,
2026-09-08T14:56:05.489342,6,4319,FRAME,401.184,35.796,-4.888,1.053,126,196,,,
2026-09-08T14:56:05.507160,6,4320,FRAME,396.296,36.849,-4.888,1.053,126,203,,,
2026-09-08T14:56:05.524864,6,4321,FRAME,391.408,37.902,-4.888,1.053,126,196,,,
2026-09-08T14:56:05.541600,6,4322,FRAME,386.52,38.955,-4.888,1.053,126,203,,,
2026-09-08T14:56:05.557725,6,4323,FRAME,381.632,40.008,-4.888,1.053,126,196,,,
2026-09-08T14:56:05.574199,6,4324,FRAME,376.744,41.061,-4.888,1.053,126,203,,,
2026-09-08T14:56:05.592156,6,4325,FRAME,371.856,42.113,-4.888,1.053,126,196,,,
2026-09-08T14:56:05.608318,6,4326,FRAME,366.968,43.166,-4.888,1.053,126,203,,,
2026-09-08T14:56:05.625122,6,4327,FRAME,362.08,44.219,-4.888,1.053,126,196,,,
2026-09-08T14:56:05.642296,6,4328,FRAME,357.192,45.272,-4.888,1.053,126,203,,,
2026-09-08T14:56:05.659250,6,4329,FRAME,352.305,46.325,-4.888,1.053,126,196,,,
2026-09-08T14:56:05.676478,6,4330,FRAME,347.417,47.378,-4.888,1.053,126,203,,,
2026-09-08T14:56:05.692530,6,4331,FRAME,342.529,48.43,-4.888,1.053,126,196,,,
2026-09-08T14:56:05.709790,6,4332,FRAME,337.641,49.483,-4.888,1.053,126,203,,,
2026-09-08T14:56:05.725835,6,4333,FRAME,332.753,50.536,-4.888,1.053,126,196,,,
2026-09-08T14:56:05.742098,6,4334,FRAME,327.865,51.589,-4.888,1.053,126,203,,,
2026-09-08T14:56:05.758855,6,4335,FRAME,322.977,52.642,-4.888,1.053,126,196,,,
2026-09-08T14:56:05.775043,6,4336,FRAME,318.089,53.695,-4.888,1.053,126,203,,,
2026-09-08T14:56:05.790884,6,4337,FRAME,313.201,54.747,-4.888,1.053,126,196,,,
2026-09-08T14:56:05.808488,6,4338,FRAME,308.313,55.8,-4.888,1.053,126,203,,,
2026-09-08T14:56:05.825045,6,4339,FRAME,303.426,56.853,-4.888,1.053,126,196,,,
2026-09-08T14:56:05.840885,6,4340,FRAME,298.538,57.906,-4.888,1.053,126,203,,,
2026-09-08T14:56:05.856671,6,4341,FRAME,293.65,58.959,-4.888,1.053,126,196,,,
2026-09-08T14:56:05.872826,6,4342,FRAME,288.762,60.012,-4.888,1.053,126,203,,,
2026-09-08T14:56:05.888633,6,4343,FRAME,283.874,61.064,-4.888,1.053,126,196,,,
2026-09-08T14:56:05.906048,6,4344,FRAME,278.986,62.117,-4.888,1.053,126,203,,,
2026-09-08T14:56:05.922246,6,4345,FRAME,274.098,63.17,-4.888,1.053,126,196,,,
2026-09-08T14:56:05.938845,6,4346,FRAME,269.21,64.223,-4.888,1.053,126,203,,,
2026-09-08T14:56:05.955217,6,4347,FRAME,264.322,65.276,-4.888,1.053,126,196,,,
2026-09-08T14:56:05.972162,6,4348,FRAME,259.434,66.329,-4.888,1.053,126,203,,,
2026-09-08T14:56:05.989230,6,4349,FRAME,254.547,67.381,-4.888,1.053,126,196,,,
2026-09-08T14:56:06.006175,6,4350,FRAME,249.659,68.434,-4.888,1.053,126,203,,,
2026-09-08T14:56:06.022813,6,4351,FRAME,244.771,69.487,-4.888,1.053,126,196,,,
2026-09-08T14:56:06.038738,6,4352,FRAME,239.883,70.54,-4.888,1.053,126,203,,,
2026-09-08T14:56:06.055035,6,4353,FRAME,234.995,71.593,-4.888,1.053,126,196,,,
2026-09-08T14:56:06.070896,6,4354,FRAME,230.107,72.646,-4.888,1.053,126,203,,,
2026-09-08T14:56:06.087242,6,4355,FRAME,225.219,73.698,-4.888,1.053,126,196,,,
2026-09-08T14:56:06.103768,6,4356,FRAME,220.331,74.751,-4.888,1.053,126,203,,,
2026-09-08T14:56:06.119488,6,4357,FRAME,215.443,75.804,-4.888,1.053,126,196,,,
2026-09-08T14:56:06.135601,6,4358,FRAME,210.556,76.857,-4.888,1.053,126,203,,,
2026-09-08T14:56:06.152653,6,4359,FRAME,205.668,77.91,-4.888,1.053,126,196,,,
2026-09-08T14:56:06.169758,6,4360,FRAME,200.78,78.963,-4.888,1.053,126,203,,,
2026-09-08T14:56:06.185451,6,4361,FRAME,195.892,80.015,-4.888,1.053,126,196,,,
2026-09-08T14:56:06.202882,6,4362,FRAME,191.004,81.068,-4.888,1.053,126,203,,,
2026-09-08T14:56:06.220175,6,4363,FRAME,186.116,82.121,-4.888,1.053,126,196,,,
2026-09-08T14:56:06.235630,6,4364,FRAME,181.228,83.174,-4.888,1.053,126,203,,,
2026-09-08T14:56:06.252565,6,4365,FRAME,176.34,84.227,-4.888,1.053,126,196,,,
2026-09-08T14:56:06.269205,6,4366,FRAME,171.452,85.28,-4.888,1.053,126,203,,,
2026-09-08T14:56:06.287055,6,4367,FRAME,166.564,86.332,-4.888,1.053,126,196,,,
2026-09-08T14:56:06.302968,6,4368,FRAME,161.677,87.385,-4.888,1.053,126,203,,,
2026-09-08T14:56:06.319398,6,4369,FRAME,156.789,88.438,-4.888,1.053,126,196,,,
2026-09-08T14:56:06.337635,6,4370,FRAME,151.901,89.491,-4.888,1.053,126,203,,,
2026-09-08T14:56:06.353339,6,4371,FRAME,147.013,90.544,-4.888,1.053,126,196,,,
2026-09-08T14:56:06.371377,6,4372,FRAME,142.125,91.597,-4.888,1.053,126,203,,,
2026-09-08T14:56:06.388546,6,4373,FRAME,137.237,92.649,-4.888,1.053,126,196,,,
2026-09-08T14:56:06.404445,6,4374,FRAME,132.349,93.702,-4.888,1.053,126,203,,,
2026-09-08T14:56:06.421616,6,4375,FRAME,127.461,94.755,-4.888,1.053,126,196,,,
2026-09-08T14:56:06.437684,6,4376,FRAME,122.573,95.808,-4.888,1.053,126,203,,,
2026-09-08T14:56:06.453608,6,4377,FRAME,117.685,96.861,-4.888,1.053,126,196,,,
2026-09-08T14:56:06.470359,6,4378,FRAME,112.798,97.914,-4.888,1.053,126,203,,,
2026-09-08T14:56:06.487097,6,4379,FRAME,107.91,98.966,-4.888,1.053,126,196,,,
2026-09-08T14:56:06.505740,6,4380,FRAME,103.022,100.019,-4.888,1.053,126,203,,,
2026-09-08T14:56:06.522293,6,4381,FRAME,98.134,101.072,-4.888,1.053,126,196,,,
2026-09-08T14:56:06.539209,6,4382,FRAME,93.246,102.125,-4.888,1.053,126,203,,,
2026-09-08T14:56:06.556853,6,4383,FRAME,88.358,103.178,-4.888,1.053,126,196,,,
2026-09-08T14:56:06.573949,6,4384,FRAME,83.47,104.231,-4.888,1.053,126,203,,,
2026-09-08T14:56:06.590285,6,4385,FRAME,78.582,105.283,-4.888,1.053,126,196,,,
2026-09-08T14:56:06.607624,6,4386,FRAME,73.694,106.336,-4.888,1.053,126,203,,,
2026-09-08T14:56:06.624215,6,4387,FRAME,68.807,107.389,-4.888,1.053,126,196,,,
2026-09-08T14:56:06.641477,6,4388,FRAME,63.919,108.442,-4.888,1.053,126,203,,,
2026-09-08T14:56:06.657467,6,4389,FRAME,59.031,109.495,-4.888,1.053,126,196,,,
2026-09-08T14:56:06.675021,6,4390,FRAME,54.143,110.548,-4.888,1.053,126,203,,,
2026-09-08T14:56:06.692492,6,4391,FRAME,49.255,111.601,-4.888,1.053,126,196,,,
2026-09-08T14:56:06.708453,6,4392,FRAME,44.367,112.653,-4.888,1.053,126,203,,,
2026-09-08T14:56:06.723928,6,4393,FRAME,39.479,113.706,-4.888,1.053,126,196,,,
2026-09-08T14:56:06.740023,6,4394,FRAME,34.591,114.759,-4.888,1.053,126,203,,,
2026-09-08T14:56:06.756850,6,4395,LEFT_HIT,30,115.812,2.5,-4.33,126,196,-1,-60.0,
2026-09-08T14:56:06.756850,6,4396,FRAME,30,115.812,2.5,-4.33,126,196,,,
2026-09-08T14:56:06.772733,6,4397,FRAME,32.5,111.482,2.5,-4.33,126,189,,,
2026-09-08T14:56:06.789665,6,4398,FRAME,35.0,107.152,2.5,-4.33,126,182,,,
2026-09-08T14:56:06.805923,6,4399,FRAME,37.5,102.821,2.5,-4.33,126,175,,,
2026-09-08T14:56:06.822325,6,4400,FRAME,40.0,98.491,2.5,-4.33,126,168,,,
2026-09-08T14:56:06.839034,6,4401,FRAME,42.5,94.161,2.5,-4.33,126,161,,,
2026-09-08T14:56:06.855708,6,4402,FRAME,45.0,89.831,2.5,-4.33,126,154,,,
2026-09-08T14:56:06.872797,6,4403,FRAME,47.5,85.501,2.5,-4.33,126,147,,,
2026-09-08T14:56:06.889459,6,4404,FRAME,50.0,81.171,2.5,-4.33,126,140,,,
2026-09-08T14:56:06.907684,6,4405,FRAME,52.5,76.841,2.5,-4.33,126,133,,,
2026-09-08T14:56:06.924017,6,4406,FRAME,55.0,72.511,2.5,-4.33,126,126,,,
2026-09-08T14:56:06.940754,6,4407,FRAME,57.5,68.18,2.5,-4.33,126,119,,,
2026-09-08T14:56:06.957094,6,4408,FRAME,60.0,63.85,2.5,-4.33,126,112,,,
2026-09-08T14:56:06.973891,6,4409,FRAME,62.5,59.52,2.5,-4.33,126,105,,,
2026-09-08T14:56:06.989475,6,4410,FRAME,65.0,55.19,2.5,-4.33,126,98,,,
2026-09-08T14:56:07.006359,6,4411,FRAME,67.5,50.86,2.5,-4.33,126,105,,,
2026-09-08T14:56:07.021562,6,4412,FRAME,70.0,46.53,2.5,-4.33,126,98,,,
2026-09-08T14:56:07.038895,6,4413,FRAME,72.5,42.2,2.5,-4.33,126,105,,,
2026-09-08T14:56:07.053663,6,4414,FRAME,75.0,37.87,2.5,-4.33,126,98,,,
2026-09-08T14:56:07.070148,6,4415,FRAME,77.5,33.539,2.5,-4.33,126,105,,,
2026-09-08T14:56:07.087846,6,4416,FRAME,80.0,29.209,2.5,-4.33,126,98,,,
2026-09-08T14:56:07.104041,6,4417,FRAME,82.5,24.879,2.5,-4.33,126,105,,,
2026-09-08T14:56:07.120734,6,4418,FRAME,85.0,20.549,2.5,-4.33,126,98,,,
2026-09-08T14:56:07.137248,6,4419,FRAME,87.5,16.219,2.5,-4.33,126,105,,,
2026-09-08T14:56:07.155669,6,4420,FRAME,90.0,11.889,2.5,-4.33,126,98,,,
2026-09-08T14:56:07.173619,6,4421,FRAME,92.5,7.559,2.5,-4.33,126,105,,,
2026-09-08T14:56:07.190224,6,4422,FRAME,95.0,3.229,2.5,-4.33,126,98,,,
2026-09-08T14:56:07.205945,6,4423,WALL_BOUNCE,97.5,0,2.5,4.33,126,105,,,
2026-09-08T14:56:07.205945,6,4424,FRAME,97.5,0,2.5,4.33,126,105,,,
2026-09-08T14:56:07.223046,6,4425,FRAME,100.0,4.33,2.5,4.33,126,98,,,
2026-09-08T14:56:07.239007,6,4426,FRAME,102.5,8.66,2.5,4.33,126,105,,,
2026-09-08T14:56:07.255956,6,4427,FRAME,105.0,12.99,2.5,4.33,126,98,,,
2026-09-08T14:56:07.273607,6,4428,FRAME,107.5,17.321,2.5,4.33,126,105,,,
2026-09-08T14:56:07.289254,6,4429,FRAME,110.0,21.651,2.5,4.33,126,98,,,
2026-09-08T14:56:07.307033,6,4430,FRAME,112.5,25.981,2.5,4.33,126,105,,,
2026-09-08T14:56:07.324340,6,4431,FRAME,115.0,30.311,2.5,4.33,126,98,,,
2026-09-08T14:56:07.340398,6,4432,FRAME,117.5,34.641,2.5,4.33,126,105,,,
2026-09-08T14:56:07.358791,6,4433,FRAME,120.0,38.971,2.5,4.33,126,98,,,
2026-09-08T14:56:07.375041,6,4434,FRAME,122.5,43.301,2.5,4.33,126,105,,,
2026-09-08T14:56:07.391871,6,4435,FRAME,125.0,47.631,2.5,4.33,126,98,,,
2026-09-08T14:56:07.408084,6,4436,FRAME,127.5,51.962,2.5,4.33,126,105,,,
2026-09-08T14:56:07.423617,6,4437,FRAME,130.0,56.292,2.5,4.33,126,98,,,
2026-09-08T14:56:07.440510,6,4438,FRAME,132.5,60.622,2.5,4.33,126,105,,,
2026-09-08T14:56:07.457485,6,4439,FRAME,135.0,64.952,2.5,4.33,126,98,,,
2026-09-08T14:56:07.475743,6,4440,FRAME,137.5,69.282,2.5,4.33,126,105,,,
2026-09-08T14:56:07.492830,6,4441,FRAME,140.0,73.612,2.5,4.33,126,98,,,
2026-09-08T14:56:07.508865,6,4442,FRAME,142.5,77.942,2.5,4.33,126,105,,,
2026-09-08T14:56:07.525614,6,4443,FRAME,145.0,82.272,2.5,4.33,126,98,,,
2026-09-08T14:56:07.541044,6,4444,FRAME,147.5,86.603,2.5,4.33,126,105,,,
2026-09-08T14:56:07.557224,6,4445,FRAME,150.0,90.933,2.5,4.33,126,98,,,
2026-09-08T14:56:07.575701,6,4446,FRAME,152.5,95.263,2.5,4.33,126,105,,,
2026-09-08T14:56:07.590865,6,4447,FRAME,155.0,99.593,2.5,4.33,126,98,,,
2026-09-08T14:56:07.607730,6,4448,FRAME,157.5,103.923,2.5,4.33,126,105,,,
2026-09-08T14:56:07.623961,6,4449,FRAME,160.0,108.253,2.5,4.33,126,98,,,
2026-09-08T14:56:07.641654,6,4450,FRAME,162.5,112.583,2.5,4.33,126,105,,,
2026-09-08T14:56:07.657619,6,4451,FRAME,165.0,116.913,2.5,4.33,126,98,,,
2026-09-08T14:56:07.674027,6,4452,FRAME,167.5,121.244,2.5,4.33,126,105,,,
2026-09-08T14:56:07.690829,6,4453,FRAME,170.0,125.574,2.5,4.33,126,98,,,
2026-09-08T14:56:07.706864,6,4454,FRAME,172.5,129.904,2.5,4.33,126,105,,,
2026-09-08T14:56:07.722757,6,4455,FRAME,175.0,134.234,2.5,4.33,126,98,,,
2026-09-08T14:56:07.738573,6,4456,FRAME,177.5,138.564,2.5,4.33,126,105,,,
2026-09-08T14:56:07.754902,6,4457,FRAME,180.0,142.894,2.5,4.33,126,98,,,
2026-09-08T14:56:07.770766,6,4458,FRAME,182.5,147.224,2.5,4.33,126,105,,,
2026-09-08T14:56:07.787772,6,4459,FRAME,185.0,151.554,2.5,4.33,126,98,,,
2026-09-08T14:56:07.803722,6,4460,FRAME,187.5,155.885,2.5,4.33,126,105,,,
2026-09-08T14:56:07.820446,6,4461,FRAME,190.0,160.215,2.5,4.33,126,98,,,
2026-09-08T14:56:07.837692,6,4462,FRAME,192.5,164.545,2.5,4.33,126,105,,,
2026-09-08T14:56:07.855401,6,4463,FRAME,195.0,168.875,2.5,4.33,126,98,,,
2026-09-08T14:56:07.870914,6,4464,FRAME,197.5,173.205,2.5,4.33,126,105,,,
2026-09-08T14:56:07.886717,6,4465,FRAME,200.0,177.535,2.5,4.33,126,98,,,
2026-09-08T14:56:07.903864,6,4466,FRAME,202.5,181.865,2.5,4.33,126,105,,,
2026-09-08T14:56:07.919909,6,4467,FRAME,205.0,186.195,2.5,4.33,126,98,,,
2026-09-08T14:56:07.935802,6,4468,FRAME,207.5,190.526,2.5,4.33,126,105,,,
2026-09-08T14:56:07.951504,6,4469,FRAME,210.0,194.856,2.5,4.33,126,98,,,
2026-09-08T14:56:07.968460,6,4470,FRAME,212.5,199.186,2.5,4.33,126,105,,,
2026-09-08T14:56:07.985650,6,4471,FRAME,215.0,203.516,2.5,4.33,126,98,,,
2026-09-08T14:56:08.001692,6,4472,FRAME,217.5,207.846,2.5,4.33,126,105,,,
2026-09-08T14:56:08.018990,6,4473,FRAME,220.0,212.176,2.5,4.33,126,98,,,
2026-09-08T14:56:08.035008,6,4474,FRAME,222.5,216.506,2.5,4.33,126,105,,,
2026-09-08T14:56:08.051379,6,4475,FRAME,225.0,220.836,2.5,4.33,126,98,,,
2026-09-08T14:56:08.068447,6,4476,FRAME,227.5,225.167,2.5,4.33,126,105,,,
2026-09-08T14:56:08.085784,6,4477,FRAME,230.0,229.497,2.5,4.33,126,98,,,
2026-09-08T14:56:08.102534,6,4478,FRAME,232.5,233.827,2.5,4.33,126,105,,,
2026-09-08T14:56:08.118820,6,4479,FRAME,235.0,238.157,2.5,4.33,126,98,,,
2026-09-08T14:56:08.135324,6,4480,FRAME,237.5,242.487,2.5,4.33,126,105,,,
2026-09-08T14:56:08.150644,6,4481,FRAME,240.0,246.817,2.5,4.33,126,98,,,
2026-09-08T14:56:08.167842,6,4482,FRAME,242.5,251.147,2.5,4.33,126,105,,,
2026-09-08T14:56:08.184216,6,4483,FRAME,245.0,255.477,2.5,4.33,126,98,,,
2026-09-08T14:56:08.201183,6,4484,FRAME,247.5,259.808,2.5,4.33,126,105,,,
2026-09-08T14:56:08.218755,6,4485,FRAME,250.0,264.138,2.5,4.33,126,98,,,
2026-09-08T14:56:08.235779,6,4486,FRAME,252.5,268.468,2.5,4.33,126,105,,,
2026-09-08T14:56:08.252690,6,4487,FRAME,255.0,272.798,2.5,4.33,126,98,,,
2026-09-08T14:56:08.269412,6,4488,FRAME,257.5,277.128,2.5,4.33,126,105,,,
2026-09-08T14:56:08.287586,6,4489,FRAME,260.0,281.458,2.5,4.33,126,98,,,
2026-09-08T14:56:08.303050,6,4490,FRAME,262.5,285.788,2.5,4.33,126,105,,,
2026-09-08T14:56:08.318904,6,4491,FRAME,265.0,290.119,2.5,4.33,126,98,,,
2026-09-08T14:56:08.335856,6,4492,FRAME,267.5,294.449,2.5,4.33,126,105,,,
2026-09-08T14:56:08.352097,6,4493,FRAME,270.0,298.779,2.5,4.33,126,98,,,
2026-09-08T14:56:08.368904,6,4494,FRAME,272.5,303.109,2.5,4.33,126,105,,,
2026-09-08T14:56:08.384867,6,4495,FRAME,275.0,307.439,2.5,4.33,126,98,,,
2026-09-08T14:56:08.400639,6,4496,FRAME,277.5,311.769,2.5,4.33,126,105,,,
2026-09-08T14:56:08.417436,6,4497,FRAME,280.0,316.099,2.5,4.33,126,98,,,
2026-09-08T14:56:08.433505,6,4498,FRAME,282.5,320.429,2.5,4.33,126,105,,,
2026-09-08T14:56:08.450266,6,4499,FRAME,285.0,324.76,2.5,4.33,126,98,,,
2026-09-08T14:56:08.467225,6,4500,FRAME,287.5,329.09,2.5,4.33,126,105,,,
2026-09-08T14:56:08.482884,6,4501,FRAME,290.0,333.42,2.5,4.33,126,98,,,
2026-09-08T14:56:08.499071,6,4502,FRAME,292.5,337.75,2.5,4.33,126,105,,,
2026-09-08T14:56:08.515806,6,4503,FRAME,295.0,342.08,2.5,4.33,126,98,,,
2026-09-08T14:56:08.533588,6,4504,FRAME,297.5,346.41,2.5,4.33,126,105,,,
2026-09-08T14:56:08.549088,6,4505,FRAME,300.0,350.74,2.5,4.33,126,98,,,
2026-09-08T14:56:08.565633,6,4506,FRAME,302.5,355.07,2.5,4.33,126,105,,,
2026-09-08T14:56:08.582674,6,4507,FRAME,305.0,359.401,2.5,4.33,126,98,,,
2026-09-08T14:56:08.599857,6,4508,FRAME,307.5,363.731,2.5,4.33,126,105,,,
2026-09-08T14:56:08.615892,6,4509,FRAME,310.0,368.061,2.5,4.33,126,98,,,
2026-09-08T14:56:08.632382,6,4510,FRAME,312.5,372.391,2.5,4.33,126,105,,,
2026-09-08T14:56:08.649077,6,4511,FRAME,315.0,376.721,2.5,4.33,126,98,,,
2026-09-08T14:56:08.665633,6,4512,FRAME,317.5,381.051,2.5,4.33,126,105,,,
2026-09-08T14:56:08.682702,6,4513,FRAME,320.0,385.381,2.5,4.33,126,98,,,
2026-09-08T14:56:08.699733,6,4514,FRAME,322.5,389.711,2.5,4.33,126,105,,,
2026-09-08T14:56:08.717310,6,4515,FRAME,325.0,394.042,2.5,4.33,126,98,,,
2026-09-08T14:56:08.733669,6,4516,FRAME,327.5,398.372,2.5,4.33,126,105,,,
2026-09-08T14:56:08.750742,6,4517,FRAME,330.0,402.702,2.5,4.33,126,98,,,
2026-09-08T14:56:08.766656,6,4518,FRAME,332.5,407.032,2.5,4.33,126,105,,,
2026-09-08T14:56:08.784952,6,4519,FRAME,335.0,411.362,2.5,4.33,126,98,,,
2026-09-08T14:56:08.800849,6,4520,FRAME,337.5,415.692,2.5,4.33,126,105,,,
2026-09-08T14:56:08.818403,6,4521,FRAME,340.0,420.022,2.5,4.33,126,98,,,
2026-09-08T14:56:08.834812,6,4522,FRAME,342.5,424.352,2.5,4.33,126,105,,,
2026-09-08T14:56:08.850703,6,4523,FRAME,345.0,428.683,2.5,4.33,126,98,,,
2026-09-08T14:56:08.866752,6,4524,FRAME,347.5,433.013,2.5,4.33,126,105,,,
2026-09-08T14:56:08.883612,6,4525,FRAME,350.0,437.343,2.5,4.33,126,98,,,
2026-09-08T14:56:08.900717,6,4526,FRAME,352.5,441.673,2.5,4.33,126,105,,,
2026-09-08T14:56:08.917732,6,4527,FRAME,355.0,446.003,2.5,4.33,126,98,,,
2026-09-08T14:56:08.933815,6,4528,FRAME,357.5,450.333,2.5,4.33,126,105,,,
2026-09-08T14:56:08.950288,6,4529,FRAME,360.0,454.663,2.5,4.33,126,98,,,
2026-09-08T14:56:08.967063,6,4530,FRAME,362.5,458.993,2.5,4.33,126,105,,,
2026-09-08T14:56:08.986159,6,4531,FRAME,365.0,463.324,2.5,4.33,126,98,,,
2026-09-08T14:56:09.003540,6,4532,FRAME,367.5,467.654,2.5,4.33,126,105,,,
2026-09-08T14:56:09.020472,6,4533,FRAME,370.0,471.984,2.5,4.33,126,98,,,
2026-09-08T14:56:09.037721,6,4534,FRAME,372.5,476.314,2.5,4.33,126,105,,,
2026-09-08T14:56:09.053440,6,4535,FRAME,375.0,480.644,2.5,4.33,126,98,,,
2026-09-08T14:56:09.069493,6,4536,FRAME,377.5,484.974,2.5,4.33,126,105,,,
2026-09-08T14:56:09.085487,6,4537,WALL_BOUNCE,380.0,488,2.5,-4.33,126,98,,,
2026-09-08T14:56:09.086044,6,4538,FRAME,380.0,488,2.5,-4.33,126,98,,,
2026-09-08T14:56:09.102491,6,4539,FRAME,382.5,483.67,2.5,-4.33,126,91,,,
2026-09-08T14:56:09.119000,6,4540,FRAME,385.0,479.34,2.5,-4.33,126,98,,,
2026-09-08T14:56:09.135424,6,4541,FRAME,387.5,475.01,2.5,-4.33,126,91,,,
2026-09-08T14:56:09.151812,6,4542,FRAME,390.0,470.679,2.5,-4.33,126,98,,,
2026-09-08T14:56:09.168781,6,4543,FRAME,392.5,466.349,2.5,-4.33,126,91,,,
2026-09-08T14:56:09.185603,6,4544,FRAME,395.0,462.019,2.5,-4.33,126,98,,,
2026-09-08T14:56:09.201235,6,4545,FRAME,397.5,457.689,2.5,-4.33,126,91,,,
2026-09-08T14:56:09.218584,6,4546,FRAME,400.0,453.359,2.5,-4.33,126,98,,,
2026-09-08T14:56:09.235168,6,4547,FRAME,402.5,449.029,2.5,-4.33,126,91,,,
2026-09-08T14:56:09.250731,6,4548,FRAME,405.0,444.699,2.5,-4.33,126,98,,,
2026-09-08T14:56:09.267915,6,4549,FRAME,407.5,440.369,2.5,-4.33,126,91,,,
2026-09-08T14:56:09.283959,6,4550,FRAME,410.0,436.038,2.5,-4.33,126,98,,,
2026-09-08T14:56:09.301034,6,4551,FRAME,412.5,431.708,2.5,-4.33,126,91,,,
2026-09-08T14:56:09.318033,6,4552,FRAME,415.0,427.378,2.5,-4.33,126,98,,,
2026-09-08T14:56:09.335708,6,4553,FRAME,417.5,423.048,2.5,-4.33,126,91,,,
2026-09-08T14:56:09.351648,6,4554,FRAME,420.0,418.718,2.5,-4.33,126,98,,,
2026-09-08T14:56:09.367748,6,4555,FRAME,422.5,414.388,2.5,-4.33,126,91,,,
2026-09-08T14:56:09.384878,6,4556,FRAME,425.0,410.058,2.5,-4.33,126,98,,,
2026-09-08T14:56:09.400862,6,4557,FRAME,427.5,405.728,2.5,-4.33,126,91,,,
2026-09-08T14:56:09.417012,6,4558,FRAME,430.0,401.397,2.5,-4.33,126,98,,,
2026-09-08T14:56:09.435031,6,4559,FRAME,432.5,397.067,2.5,-4.33,126,91,,,
2026-09-08T14:56:09.450653,6,4560,FRAME,435.0,392.737,2.5,-4.33,126,98,,,
2026-09-08T14:56:09.467048,6,4561,FRAME,437.5,388.407,2.5,-4.33,126,91,,,
2026-09-08T14:56:09.483598,6,4562,FRAME,440.0,384.077,2.5,-4.33,126,98,,,
2026-09-08T14:56:09.500671,6,4563,FRAME,442.5,379.747,2.5,-4.33,126,91,,,
2026-09-08T14:56:09.517728,6,4564,FRAME,445.0,375.417,2.5,-4.33,126,98,,,
2026-09-08T14:56:09.534200,6,4565,FRAME,447.5,371.087,2.5,-4.33,126,91,,,
2026-09-08T14:56:09.550926,6,4566,FRAME,450.0,366.756,2.5,-4.33,126,98,,,
2026-09-08T14:56:09.567477,6,4567,FRAME,452.5,362.426,2.5,-4.33,126,91,,,
2026-09-08T14:56:09.583725,6,4568,FRAME,455.0,358.096,2.5,-4.33,126,98,,,
2026-09-08T14:56:09.600831,6,4569,FRAME,457.5,353.766,2.5,-4.33,126,91,,,
2026-09-08T14:56:09.617619,6,4570,FRAME,460.0,349.436,2.5,-4.33,126,98,,,
2026-09-08T14:56:09.634929,6,4571,FRAME,462.5,345.106,2.5,-4.33,126,91,,,
2026-09-08T14:56:09.651233,6,4572,FRAME,465.0,340.776,2.5,-4.33,126,98,,,
2026-09-08T14:56:09.667084,6,4573,FRAME,467.5,336.446,2.5,-4.33,126,91,,,
2026-09-08T14:56:09.683742,6,4574,FRAME,470.0,332.115,2.5,-4.33,126,98,,,
2026-09-08T14:56:09.700746,6,4575,FRAME,472.5,327.785,2.5,-4.33,126,91,,,
2026-09-08T14:56:09.717926,6,4576,FRAME,475.0,323.455,2.5,-4.33,126,98,,,
2026-09-08T14:56:09.732533,6,4577,FRAME,477.5,319.125,2.5,-4.33,126,91,,,
2026-09-08T14:56:09.749704,6,4578,FRAME,480.0,314.795,2.5,-4.33,126,98,,,
2026-09-08T14:56:09.765591,6,4579,FRAME,482.5,310.465,2.5,-4.33,126,91,,,
2026-09-08T14:56:09.781766,6,4580,FRAME,485.0,306.135,2.5,-4.33,126,98,,,
2026-09-08T14:56:09.799902,6,4581,FRAME,487.5,301.805,2.5,-4.33,126,91,,,
2026-09-08T14:56:09.816674,6,4582,FRAME,490.0,297.474,2.5,-4.33,126,98,,,
2026-09-08T14:56:09.832866,6,4583,FRAME,492.5,293.144,2.5,-4.33,126,91,,,
2026-09-08T14:56:09.848939,6,4584,FRAME,495.0,288.814,2.5,-4.33,126,98,,,
2026-09-08T14:56:09.865897,6,4585,FRAME,497.5,284.484,2.5,-4.33,126,91,,,
2026-09-08T14:56:09.881892,6,4586,FRAME,500.0,280.154,2.5,-4.33,126,98,,,
2026-09-08T14:56:09.898708,6,4587,FRAME,502.5,275.824,2.5,-4.33,126,91,,,
2026-09-08T14:56:09.915004,6,4588,FRAME,505.0,271.494,2.5,-4.33,126,98,,,
2026-09-08T14:56:09.931889,6,4589,FRAME,507.5,267.164,2.5,-4.33,126,91,,,
2026-09-08T14:56:09.947571,6,4590,FRAME,510.0,262.833,2.5,-4.33,126,98,,,
2026-09-08T14:56:09.964322,6,4591,FRAME,512.5,258.503,2.5,-4.33,126,91,,,
2026-09-08T14:56:09.981452,6,4592,FRAME,515.0,254.173,2.5,-4.33,126,98,,,
2026-09-08T14:56:09.998314,6,4593,FRAME,517.5,249.843,2.5,-4.33,126,91,,,
2026-09-08T14:56:10.016160,6,4594,FRAME,520.0,245.513,2.5,-4.33,126,98,,,
2026-09-08T14:56:10.032948,6,4595,FRAME,522.5,241.183,2.5,-4.33,126,91,,,
2026-09-08T14:56:10.048724,6,4596,FRAME,525.0,236.853,2.5,-4.33,126,98,,,
2026-09-08T14:56:10.064903,6,4597,FRAME,527.5,232.523,2.5,-4.33,126,91,,,
2026-09-08T14:56:10.080955,6,4598,FRAME,530.0,228.192,2.5,-4.33,126,98,,,
2026-09-08T14:56:10.097880,6,4599,FRAME,532.5,223.862,2.5,-4.33,126,91,,,
2026-09-08T14:56:10.114201,6,4600,FRAME,535.0,219.532,2.5,-4.33,126,98,,,
2026-09-08T14:56:10.129998,6,4601,FRAME,537.5,215.202,2.5,-4.33,126,91,,,
2026-09-08T14:56:10.145907,6,4602,FRAME,540.0,210.872,2.5,-4.33,126,98,,,
2026-09-08T14:56:10.161909,6,4603,FRAME,542.5,206.542,2.5,-4.33,126,91,,,
2026-09-08T14:56:10.177982,6,4604,FRAME,545.0,202.212,2.5,-4.33,126,98,,,
2026-09-08T14:56:10.194224,6,4605,FRAME,547.5,197.881,2.5,-4.33,126,91,,,
2026-09-08T14:56:10.211370,6,4606,FRAME,550.0,193.551,2.5,-4.33,126,98,,,
2026-09-08T14:56:10.228757,6,4607,FRAME,552.5,189.221,2.5,-4.33,126,91,,,
2026-09-08T14:56:10.245299,6,4608,FRAME,555.0,184.891,2.5,-4.33,126,98,,,
2026-09-08T14:56:10.260821,6,4609,FRAME,557.5,180.561,2.5,-4.33,126,91,,,
2026-09-08T14:56:10.277409,6,4610,FRAME,560.0,176.231,2.5,-4.33,126,98,,,
2026-09-08T14:56:10.293244,6,4611,FRAME,562.5,171.901,2.5,-4.33,126,91,,,
2026-09-08T14:56:10.310455,6,4612,FRAME,565.0,167.571,2.5,-4.33,126,98,,,
2026-09-08T14:56:10.327843,6,4613,FRAME,567.5,163.24,2.5,-4.33,126,91,,,
2026-09-08T14:56:10.343839,6,4614,FRAME,570.0,158.91,2.5,-4.33,126,98,,,
2026-09-08T14:56:10.359804,6,4615,FRAME,572.5,154.58,2.5,-4.33,126,91,,,
2026-09-08T14:56:10.376719,6,4616,FRAME,575.0,150.25,2.5,-4.33,126,98,,,
2026-09-08T14:56:10.392193,6,4617,FRAME,577.5,145.92,2.5,-4.33,126,91,,,
2026-09-08T14:56:10.410790,6,4618,FRAME,580.0,141.59,2.5,-4.33,126,98,,,
2026-09-08T14:56:10.426005,6,4619,FRAME,582.5,137.26,2.5,-4.33,126,91,,,
2026-09-08T14:56:10.442557,6,4620,FRAME,585.0,132.93,2.5,-4.33,126,98,,,
2026-09-08T14:56:10.458971,6,4621,FRAME,587.5,128.599,2.5,-4.33,126,91,,,
2026-09-08T14:56:10.475776,6,4622,FRAME,590.0,124.269,2.5,-4.33,126,98,,,
2026-09-08T14:56:10.493943,6,4623,FRAME,592.5,119.939,2.5,-4.33,126,91,,,
2026-09-08T14:56:10.509382,6,4624,FRAME,595.0,115.609,2.5,-4.33,126,98,,,
2026-09-08T14:56:10.525607,6,4625,FRAME,597.5,111.279,2.5,-4.33,126,91,,,
2026-09-08T14:56:10.542147,6,4626,FRAME,600.0,106.949,2.5,-4.33,126,98,,,
2026-09-08T14:56:10.559826,6,4627,FRAME,602.5,102.619,2.5,-4.33,126,91,,,
2026-09-08T14:56:10.576303,6,4628,FRAME,605.0,98.289,2.5,-4.33,126,98,,,
2026-09-08T14:56:10.593979,6,4629,FRAME,607.5,93.958,2.5,-4.33,126,91,,,
2026-09-08T14:56:10.611027,6,4630,FRAME,610.0,89.628,2.5,-4.33,126,98,,,
2026-09-08T14:56:10.627557,6,4631,FRAME,612.5,85.298,2.5,-4.33,126,91,,,
2026-09-08T14:56:10.643775,6,4632,FRAME,615.0,80.968,2.5,-4.33,126,98,,,
2026-09-08T14:56:10.661751,6,4633,FRAME,617.5,76.638,2.5,-4.33,126,91,,,
2026-09-08T14:56:10.677840,6,4634,FRAME,620.0,72.308,2.5,-4.33,126,98,,,
2026-09-08T14:56:10.695791,6,4635,FRAME,622.5,67.978,2.5,-4.33,126,91,,,
2026-09-08T14:56:10.712236,6,4636,FRAME,625.0,63.648,2.5,-4.33,126,98,,,
2026-09-08T14:56:10.730235,6,4637,FRAME,627.5,59.317,2.5,-4.33,126,91,,,
2026-09-08T14:56:10.747420,6,4638,FRAME,630.0,54.987,2.5,-4.33,126,98,,,
2026-09-08T14:56:10.765571,6,4639,FRAME,632.5,50.657,2.5,-4.33,126,91,,,
2026-09-08T14:56:10.781028,6,4640,FRAME,635.0,46.327,2.5,-4.33,126,98,,,
2026-09-08T14:56:10.797762,6,4641,FRAME,637.5,41.997,2.5,-4.33,126,91,,,
2026-09-08T14:56:10.813728,6,4642,FRAME,640.0,37.667,2.5,-4.33,126,98,,,
2026-09-08T14:56:10.830924,6,4643,FRAME,642.5,33.337,2.5,-4.33,126,91,,,
2026-09-08T14:56:10.847321,6,4644,FRAME,645.0,29.007,2.5,-4.33,126,98,,,
2026-09-08T14:56:10.862944,6,4645,FRAME,647.5,24.676,2.5,-4.33,126,91,,,
2026-09-08T14:56:10.883716,6,4646,FRAME,650.0,20.346,2.5,-4.33,126,98,,,
2026-09-08T14:56:10.895845,6,4647,FRAME,652.5,16.016,2.5,-4.33,126,91,,,
2026-09-08T14:56:10.913804,6,4648,FRAME,655.0,11.686,2.5,-4.33,126,98,,,
2026-09-08T14:56:10.929087,6,4649,FRAME,657.5,7.356,2.5,-4.33,126,91,,,
2026-09-08T14:56:10.945287,6,4650,FRAME,660.0,3.026,2.5,-4.33,126,98,,,
2026-09-08T14:56:10.961928,6,4651,WALL_BOUNCE,662.5,0,2.5,4.33,126,91,,,
2026-09-08T14:56:10.961928,6,4652,FRAME,662.5,0,2.5,4.33,126,91,,,
2026-09-08T14:56:10.978519,6,4653,FRAME,665.0,4.33,2.5,4.33,126,98,,,
2026-09-08T14:56:10.995877,6,4654,FRAME,667.5,8.66,2.5,4.33,126,91,,,
2026-09-08T14:56:11.011720,6,4655,FRAME,670.0,12.99,2.5,4.33,126,98,,,
2026-09-08T14:56:11.028407,6,4656,FRAME,672.5,17.321,2.5,4.33,126,91,,,
2026-09-08T14:56:11.045873,6,4657,FRAME,675.0,21.651,2.5,4.33,126,98,,,
2026-09-08T14:56:11.062831,6,4658,FRAME,677.5,25.981,2.5,4.33,126,91,,,
2026-09-08T14:56:11.080031,6,4659,FRAME,680.0,30.311,2.5,4.33,126,98,,,
2026-09-08T14:56:11.096559,6,4660,FRAME,682.5,34.641,2.5,4.33,126,91,,,
2026-09-08T14:56:11.112176,6,4661,FRAME,685.0,38.971,2.5,4.33,126,98,,,
2026-09-08T14:56:11.130105,6,4662,FRAME,687.5,43.301,2.5,4.33,126,91,,,
2026-09-08T14:56:11.146527,6,4663,FRAME,690.0,47.631,2.5,4.33,126,98,,,
2026-09-08T14:56:11.161838,6,4664,FRAME,692.5,51.962,2.5,4.33,126,91,,,
2026-09-08T14:56:11.178229,6,4665,FRAME,695.0,56.292,2.5,4.33,126,98,,,
2026-09-08T14:56:11.195774,6,4666,FRAME,697.5,60.622,2.5,4.33,126,91,,,
2026-09-08T14:56:11.212432,6,4667,FRAME,700.0,64.952,2.5,4.33,126,98,,,
2026-09-08T14:56:11.231522,6,4668,FRAME,702.5,69.282,2.5,4.33,126,91,,,
2026-09-08T14:56:11.245918,6,4669,FRAME,705.0,73.612,2.5,4.33,126,98,,,
2026-09-08T14:56:11.263716,6,4670,FRAME,707.5,77.942,2.5,4.33,126,91,,,
2026-09-08T14:56:11.280877,6,4671,FRAME,710.0,82.272,2.5,4.33,126,98,,,
2026-09-08T14:56:11.296807,6,4672,FRAME,712.5,86.603,2.5,4.33,126,91,,,
2026-09-08T14:56:11.313465,6,4673,FRAME,715.0,90.933,2.5,4.33,126,98,,,
2026-09-08T14:56:11.330356,6,4674,FRAME,717.5,95.263,2.5,4.33,126,91,,,
2026-09-08T14:56:11.346849,6,4675,FRAME,720.0,99.593,2.5,4.33,126,98,,,
2026-09-08T14:56:11.363281,6,4676,FRAME,722.5,103.923,2.5,4.33,126,91,,,
2026-09-08T14:56:11.379510,6,4677,FRAME,725.0,108.253,2.5,4.33,126,98,,,
2026-09-08T14:56:11.397899,6,4678,FRAME,727.5,112.583,2.5,4.33,126,91,,,
2026-09-08T14:56:11.414054,6,4679,FRAME,730.0,116.913,2.5,4.33,126,98,,,
2026-09-08T14:56:11.431980,6,4680,FRAME,732.5,121.244,2.5,4.33,126,91,,,
2026-09-08T14:56:11.448817,6,4681,FRAME,735.0,125.574,2.5,4.33,126,98,,,
2026-09-08T14:56:11.465795,6,4682,FRAME,737.5,129.904,2.5,4.33,126,91,,,
2026-09-08T14:56:11.483032,6,4683,FRAME,740.0,134.234,2.5,4.33,126,98,,,
2026-09-08T14:56:11.497663,6,4684,FRAME,742.5,138.564,2.5,4.33,126,91,,,
2026-09-08T14:56:11.513895,6,4685,FRAME,745.0,142.894,2.5,4.33,126,98,,,
2026-09-08T14:56:11.529744,6,4686,FRAME,747.5,147.224,2.5,4.33,126,98,,,
2026-09-08T14:56:11.546058,6,4687,FRAME,750.0,151.554,2.5,4.33,126,98,,,
2026-09-08T14:56:11.561885,6,4688,FRAME,752.5,155.885,2.5,4.33,126,98,,,
2026-09-08T14:56:11.577838,6,4689,FRAME,755.0,160.215,2.5,4.33,126,98,,,
2026-09-08T14:56:11.594342,6,4690,FRAME,757.5,164.545,2.5,4.33,126,98,,,
2026-09-08T14:56:11.610343,6,4691,RIGHT_HIT,758,168.875,-4.229,2.668,126,98,0.537,32.25,
2026-09-08T14:56:11.610343,6,4692,FRAME,758,168.875,-4.229,2.668,126,98,,,
2026-09-08T14:56:11.628412,6,4693,FRAME,753.771,171.543,-4.229,2.668,126,105,,,
2026-09-08T14:56:11.643679,6,4694,FRAME,749.543,174.211,-4.229,2.668,126,112,,,
2026-09-08T14:56:11.660168,6,4695,FRAME,745.314,176.879,-4.229,2.668,126,119,,,
2026-09-08T14:56:11.677773,6,4696,FRAME,741.085,179.547,-4.229,2.668,126,126,,,
2026-09-08T14:56:11.693945,6,4697,FRAME,736.857,182.215,-4.229,2.668,126,133,,,
2026-09-08T14:56:11.710658,6,4698,FRAME,732.628,184.883,-4.229,2.668,126,140,,,
2026-09-08T14:56:11.727005,6,4699,FRAME,728.4,187.551,-4.229,2.668,126,147,,,
2026-09-08T14:56:11.743729,6,4700,FRAME,724.171,190.22,-4.229,2.668,126,154,,,
2026-09-08T14:56:11.759864,6,4701,FRAME,719.942,192.888,-4.229,2.668,126,161,,,
2026-09-08T14:56:11.775733,6,4702,FRAME,715.714,195.556,-4.229,2.668,126,168,,,
2026-09-08T14:56:11.793004,6,4703,FRAME,711.485,198.224,-4.229,2.668,126,175,,,
2026-09-08T14:56:11.809431,6,4704,FRAME,707.256,200.892,-4.229,2.668,126,182,,,
2026-09-08T14:56:11.825691,6,4705,FRAME,703.028,203.56,-4.229,2.668,126,189,,,
2026-09-08T14:56:11.843795,6,4706,FRAME,698.799,206.228,-4.229,2.668,126,196,,,
2026-09-08T14:56:11.859591,6,4707,FRAME,694.57,208.896,-4.229,2.668,126,203,,,
2026-09-08T14:56:11.876083,6,4708,FRAME,690.342,211.564,-4.229,2.668,126,196,,,
2026-09-08T14:56:11.892187,6,4709,FRAME,686.113,214.232,-4.229,2.668,126,203,,,
2026-09-08T14:56:11.908710,6,4710,FRAME,681.884,216.9,-4.229,2.668,126,196,,,
2026-09-08T14:56:11.925906,6,4711,FRAME,677.656,219.568,-4.229,2.668,126,203,,,
2026-09-08T14:56:11.943332,6,4712,FRAME,673.427,222.236,-4.229,2.668,126,196,,,
2026-09-08T14:56:11.959814,6,4713,FRAME,669.199,224.904,-4.229,2.668,126,203,,,
2026-09-08T14:56:11.975670,6,4714,FRAME,664.97,227.572,-4.229,2.668,126,196,,,
2026-09-08T14:56:11.991250,6,4715,FRAME,660.741,230.241,-4.229,2.668,126,203,,,
2026-09-08T14:56:12.008022,6,4716,FRAME,656.513,232.909,-4.229,2.668,126,196,,,
2026-09-08T14:56:12.024413,6,4717,FRAME,652.284,235.577,-4.229,2.668,126,203,,,
2026-09-08T14:56:12.041704,6,4718,FRAME,648.055,238.245,-4.229,2.668,126,196,,,
2026-09-08T14:56:12.057975,6,4719,FRAME,643.827,240.913,-4.229,2.668,126,203,,,
2026-09-08T14:56:12.073911,6,4720,FRAME,639.598,243.581,-4.229,2.668,126,196,,,
2026-09-08T14:56:12.091171,6,4721,FRAME,635.369,246.249,-4.229,2.668,126,203,,,
2026-09-08T14:56:12.108158,6,4722,FRAME,631.141,248.917,-4.229,2.668,126,196,,,
2026-09-08T14:56:12.123720,6,4723,FRAME,626.912,251.585,-4.229,2.668,126,203,,,
2026-09-08T14:56:12.141444,6,4724,FRAME,622.683,254.253,-4.229,2.668,126,196,,,
2026-09-08T14:56:12.157661,6,4725,FRAME,618.455,256.921,-4.229,2.668,126,203,,,
2026-09-08T14:56:12.173792,6,4726,FRAME,614.226,259.589,-4.229,2.668,126,196,,,
2026-09-08T14:56:12.191177,6,4727,FRAME,609.998,262.257,-4.229,2.668,126,203,,,
2026-09-08T14:56:12.207552,6,4728,FRAME,605.769,264.925,-4.229,2.668,126,196,,,
2026-09-08T14:56:12.223500,6,4729,FRAME,601.54,267.593,-4.229,2.668,126,203,,,
2026-09-08T14:56:12.240455,6,4730,FRAME,597.312,270.262,-4.229,2.668,126,196,,,
2026-09-08T14:56:12.256873,6,4731,FRAME,593.083,272.93,-4.229,2.668,126,203,,,
2026-09-08T14:56:12.272944,6,4732,FRAME,588.854,275.598,-4.229,2.668,126,196,,,
2026-09-08T14:56:12.289706,6,4733,FRAME,584.626,278.266,-4.229,2.668,126,203,,,
2026-09-08T14:56:12.305836,6,4734,FRAME,580.397,280.934,-4.229,2.668,126,196,,,
2026-09-08T14:56:12.321908,6,4735,FRAME,576.168,283.602,-4.229,2.668,126,203,,,
2026-09-08T14:56:12.337867,6,4736,FRAME,571.94,286.27,-4.229,2.668,126,196,,,
2026-09-08T14:56:12.355007,6,4737,FRAME,567.711,288.938,-4.229,2.668,126,203,,,
2026-09-08T14:56:12.371501,6,4738,FRAME,563.482,291.606,-4.229,2.668,126,196,,,
2026-09-08T14:56:12.388507,6,4739,FRAME,559.254,294.274,-4.229,2.668,126,203,,,
2026-09-08T14:56:12.405362,6,4740,FRAME,555.025,296.942,-4.229,2.668,126,196,,,
2026-09-08T14:56:12.421150,6,4741,FRAME,550.797,299.61,-4.229,2.668,126,203,,,
2026-09-08T14:56:12.438027,6,4742,FRAME,546.568,302.278,-4.229,2.668,126,196,,,
2026-09-08T14:56:12.456087,6,4743,FRAME,542.339,304.946,-4.229,2.668,126,203,,,
2026-09-08T14:56:12.473802,6,4744,FRAME,538.111,307.615,-4.229,2.668,126,196,,,
2026-09-08T14:56:12.489393,6,4745,FRAME,533.882,310.283,-4.229,2.668,126,203,,,
2026-09-08T14:56:12.505862,6,4746,FRAME,529.653,312.951,-4.229,2.668,126,196,,,
2026-09-08T14:56:12.523591,6,4747,FRAME,525.425,315.619,-4.229,2.668,126,203,,,
2026-09-08T14:56:12.540639,6,4748,FRAME,521.196,318.287,-4.229,2.668,126,196,,,
2026-09-08T14:56:12.555973,6,4749,FRAME,516.967,320.955,-4.229,2.668,126,203,,,
2026-09-08T14:56:12.573711,6,4750,FRAME,512.739,323.623,-4.229,2.668,126,196,,,
2026-09-08T14:56:12.589898,6,4751,FRAME,508.51,326.291,-4.229,2.668,126,203,,,
2026-09-08T14:56:12.607323,6,4752,FRAME,504.281,328.959,-4.229,2.668,126,196,,,
2026-09-08T14:56:12.623161,6,4753,FRAME,500.053,331.627,-4.229,2.668,126,203,,,
2026-09-08T14:56:12.640381,6,4754,FRAME,495.824,334.295,-4.229,2.668,126,196,,,
2026-09-08T14:56:12.657853,6,4755,FRAME,491.596,336.963,-4.229,2.668,126,203,,,
2026-09-08T14:56:12.673853,6,4756,FRAME,487.367,339.631,-4.229,2.668,126,196,,,
2026-09-08T14:56:12.690273,6,4757,FRAME,483.138,342.299,-4.229,2.668,126,203,,,
2026-09-08T14:56:12.707950,6,4758,FRAME,478.91,344.967,-4.229,2.668,126,196,,,
2026-09-08T14:56:12.723782,6,4759,FRAME,474.681,347.636,-4.229,2.668,126,203,,,
2026-09-08T14:56:12.739860,6,4760,FRAME,470.452,350.304,-4.229,2.668,126,196,,,
2026-09-08T14:56:12.757118,6,4761,FRAME,466.224,352.972,-4.229,2.668,126,203,,,
2026-09-08T14:56:12.773738,6,4762,FRAME,461.995,355.64,-4.229,2.668,126,196,,,
2026-09-08T14:56:12.790267,6,4763,FRAME,457.766,358.308,-4.229,2.668,126,203,,,
2026-09-08T14:56:12.805930,6,4764,FRAME,453.538,360.976,-4.229,2.668,126,196,,,
2026-09-08T14:56:12.823698,6,4765,FRAME,449.309,363.644,-4.229,2.668,126,203,,,
2026-09-08T14:56:12.838761,6,4766,FRAME,445.081,366.312,-4.229,2.668,126,196,,,
2026-09-08T14:56:12.855402,6,4767,FRAME,440.852,368.98,-4.229,2.668,126,203,,,
2026-09-08T14:56:12.870823,6,4768,FRAME,436.623,371.648,-4.229,2.668,126,196,,,
2026-09-08T14:56:12.887152,6,4769,FRAME,432.395,374.316,-4.229,2.668,126,203,,,
2026-09-08T14:56:12.906005,6,4770,FRAME,428.166,376.984,-4.229,2.668,126,196,,,
2026-09-08T14:56:12.922058,6,4771,FRAME,423.937,379.652,-4.229,2.668,126,203,,,
2026-09-08T14:56:12.939857,6,4772,FRAME,419.709,382.32,-4.229,2.668,126,196,,,
2026-09-08T14:56:12.956011,6,4773,FRAME,415.48,384.989,-4.229,2.668,126,203,,,
2026-09-08T14:56:12.971302,6,4774,FRAME,411.251,387.657,-4.229,2.668,126,196,,,
2026-09-08T14:56:12.989084,6,4775,FRAME,407.023,390.325,-4.229,2.668,126,203,,,
2026-09-08T14:56:13.005870,6,4776,FRAME,402.794,392.993,-4.229,2.668,126,196,,,
2026-09-08T14:56:13.023014,6,4777,FRAME,398.565,395.661,-4.229,2.668,126,203,,,
2026-09-08T14:56:13.039697,6,4778,FRAME,394.337,398.329,-4.229,2.668,126,196,,,
2026-09-08T14:56:13.055388,6,4779,FRAME,390.108,400.997,-4.229,2.668,126,203,,,
2026-09-08T14:56:13.072619,6,4780,FRAME,385.88,403.665,-4.229,2.668,126,196,,,
2026-09-08T14:56:13.088754,6,4781,FRAME,381.651,406.333,-4.229,2.668,126,203,,,
2026-09-08T14:56:13.105539,6,4782,FRAME,377.422,409.001,-4.229,2.668,126,196,,,
2026-09-08T14:56:13.121005,6,4783,FRAME,373.194,411.669,-4.229,2.668,126,203,,,
2026-09-08T14:56:13.137586,6,4784,FRAME,368.965,414.337,-4.229,2.668,126,196,,,
2026-09-08T14:56:13.153726,6,4785,FRAME,364.736,417.005,-4.229,2.668,126,203,,,
2026-09-08T14:56:13.169658,6,4786,FRAME,360.508,419.673,-4.229,2.668,126,196,,,
2026-09-08T14:56:13.186054,6,4787,FRAME,356.279,422.341,-4.229,2.668,126,203,,,
2026-09-08T14:56:13.201620,6,4788,FRAME,352.05,425.01,-4.229,2.668,126,196,,,
2026-09-08T14:56:13.217948,6,4789,FRAME,347.822,427.678,-4.229,2.668,126,203,,,
2026-09-08T14:56:13.234104,6,4790,FRAME,343.593,430.346,-4.229,2.668,126,196,,,
2026-09-08T14:56:13.250689,6,4791,FRAME,339.364,433.014,-4.229,2.668,126,203,,,
2026-09-08T14:56:13.266994,6,4792,FRAME,335.136,435.682,-4.229,2.668,126,196,,,
2026-09-08T14:56:13.283073,6,4793,FRAME,330.907,438.35,-4.229,2.668,126,203,,,
2026-09-08T14:56:13.299233,6,4794,FRAME,326.679,441.018,-4.229,2.668,126,196,,,
2026-09-08T14:56:13.315662,6,4795,FRAME,322.45,443.686,-4.229,2.668,126,203,,,
2026-09-08T14:56:13.332564,6,4796,FRAME,318.221,446.354,-4.229,2.668,126,196,,,
2026-09-08T14:56:13.349675,6,4797,FRAME,313.993,449.022,-4.229,2.668,126,203,,,
2026-09-08T14:56:13.366639,6,4798,FRAME,309.764,451.69,-4.229,2.668,126,196,,,
2026-09-08T14:56:13.382759,6,4799,FRAME,305.535,454.358,-4.229,2.668,126,203,,,
2026-09-08T14:56:13.398499,6,4800,FRAME,301.307,457.026,-4.229,2.668,126,196,,,
2026-09-08T14:56:13.415183,6,4801,FRAME,297.078,459.694,-4.229,2.668,126,203,,,
2026-09-08T14:56:13.432282,6,4802,FRAME,292.849,462.362,-4.229,2.668,126,196,,,
2026-09-08T14:56:13.448953,6,4803,FRAME,288.621,465.031,-4.229,2.668,126,203,,,
2026-09-08T14:56:13.464976,6,4804,FRAME,284.392,467.699,-4.229,2.668,126,196,,,
2026-09-08T14:56:13.481141,6,4805,FRAME,280.163,470.367,-4.229,2.668,126,203,,,
2026-09-08T14:56:13.496839,6,4806,FRAME,275.935,473.035,-4.229,2.668,126,196,,,
2026-09-08T14:56:13.513089,6,4807,FRAME,271.706,475.703,-4.229,2.668,126,203,,,
2026-09-08T14:56:13.529260,6,4808,FRAME,267.478,478.371,-4.229,2.668,126,196,,,
2026-09-08T14:56:13.545861,6,4809,FRAME,263.249,481.039,-4.229,2.668,126,203,,,
2026-09-08T14:56:13.562464,6,4810,FRAME,259.02,483.707,-4.229,2.668,126,196,,,
2026-09-08T14:56:13.578502,6,4811,FRAME,254.792,486.375,-4.229,2.668,126,203,,,
2026-09-08T14:56:13.595053,6,4812,WALL_BOUNCE,250.563,488,-4.229,-2.668,126,196,,,
2026-09-08T14:56:13.595053,6,4813,FRAME,250.563,488,-4.229,-2.668,126,196,,,
2026-09-08T14:56:13.610478,6,4814,FRAME,246.334,485.332,-4.229,-2.668,126,203,,,
2026-09-08T14:56:13.627428,6,4815,FRAME,242.106,482.664,-4.229,-2.668,126,196,,,
2026-09-08T14:56:13.645071,6,4816,FRAME,237.877,479.996,-4.229,-2.668,126,203,,,
2026-09-08T14:56:13.661060,6,4817,FRAME,233.648,477.328,-4.229,-2.668,126,196,,,
2026-09-08T14:56:13.677255,6,4818,FRAME,229.42,474.66,-4.229,-2.668,126,203,,,
2026-09-08T14:56:13.695825,6,4819,FRAME,225.191,471.992,-4.229,-2.668,126,196,,,
2026-09-08T14:56:13.712625,6,4820,FRAME,220.963,469.324,-4.229,-2.668,126,203,,,
2026-09-08T14:56:13.728517,6,4821,FRAME,216.734,466.655,-4.229,-2.668,126,196,,,
2026-09-08T14:56:13.745041,6,4822,FRAME,212.505,463.987,-4.229,-2.668,126,203,,,
2026-09-08T14:56:13.760623,6,4823,FRAME,208.277,461.319,-4.229,-2.668,126,196,,,
2026-09-08T14:56:13.777054,6,4824,FRAME,204.048,458.651,-4.229,-2.668,126,203,,,
2026-09-08T14:56:13.793762,6,4825,FRAME,199.819,455.983,-4.229,-2.668,126,196,,,
2026-09-08T14:56:13.809199,6,4826,FRAME,195.591,453.315,-4.229,-2.668,126,203,,,
2026-09-08T14:56:13.825784,6,4827,FRAME,191.362,450.647,-4.229,-2.668,126,196,,,
2026-09-08T14:56:13.841903,6,4828,FRAME,187.133,447.979,-4.229,-2.668,126,203,,,
2026-09-08T14:56:13.857493,6,4829,FRAME,182.905,445.311,-4.229,-2.668,126,196,,,
2026-09-08T14:56:13.874183,6,4830,FRAME,178.676,442.643,-4.229,-2.668,126,203,,,
2026-09-08T14:56:13.891127,6,4831,FRAME,174.447,439.975,-4.229,-2.668,126,196,,,
2026-09-08T14:56:13.907370,6,4832,FRAME,170.219,437.307,-4.229,-2.668,126,203,,,
2026-09-08T14:56:13.924070,6,4833,FRAME,165.99,434.639,-4.229,-2.668,126,196,,,
2026-09-08T14:56:13.941758,6,4834,FRAME,161.762,431.971,-4.229,-2.668,126,203,,,
2026-09-08T14:56:13.957846,6,4835,FRAME,157.533,429.302,-4.229,-2.668,126,196,,,
2026-09-08T14:56:13.974055,6,4836,FRAME,153.304,426.634,-4.229,-2.668,126,203,,,
2026-09-08T14:56:13.989819,6,4837,FRAME,149.076,423.966,-4.229,-2.668,126,196,,,
2026-09-08T14:56:14.006482,6,4838,FRAME,144.847,421.298,-4.229,-2.668,126,203,,,
2026-09-08T14:56:14.022577,6,4839,FRAME,140.618,418.63,-4.229,-2.668,126,196,,,
2026-09-08T14:56:14.038472,6,4840,FRAME,136.39,415.962,-4.229,-2.668,126,203,,,
2026-09-08T14:56:14.054876,6,4841,FRAME,132.161,413.294,-4.229,-2.668,126,196,,,
2026-09-08T14:56:14.071456,6,4842,FRAME,127.932,410.626,-4.229,-2.668,126,203,,,
2026-09-08T14:56:14.088721,6,4843,FRAME,123.704,407.958,-4.229,-2.668,126,196,,,
2026-09-08T14:56:14.105443,6,4844,FRAME,119.475,405.29,-4.229,-2.668,126,203,,,
2026-09-08T14:56:14.121771,6,4845,FRAME,115.246,402.622,-4.229,-2.668,126,196,,,
2026-09-08T14:56:14.137905,6,4846,FRAME,111.018,399.954,-4.229,-2.668,126,203,,,
2026-09-08T14:56:14.154891,6,4847,FRAME,106.789,397.286,-4.229,-2.668,126,196,,,
2026-09-08T14:56:14.170931,6,4848,FRAME,102.561,394.618,-4.229,-2.668,126,203,,,
2026-09-08T14:56:14.186893,6,4849,FRAME,98.332,391.95,-4.229,-2.668,126,196,,,
2026-09-08T14:56:14.203349,6,4850,FRAME,94.103,389.281,-4.229,-2.668,126,203,,,
2026-09-08T14:56:14.219495,6,4851,FRAME,89.875,386.613,-4.229,-2.668,126,196,,,
2026-09-08T14:56:14.236022,6,4852,FRAME,85.646,383.945,-4.229,-2.668,126,203,,,
2026-09-08T14:56:14.251880,6,4853,FRAME,81.417,381.277,-4.229,-2.668,126,196,,,
2026-09-08T14:56:14.267706,6,4854,FRAME,77.189,378.609,-4.229,-2.668,126,203,,,
2026-09-08T14:56:14.283838,6,4855,FRAME,72.96,375.941,-4.229,-2.668,126,196,,,
2026-09-08T14:56:14.299655,6,4856,FRAME,68.731,373.273,-4.229,-2.668,133,203,,,
2026-09-08T14:56:14.316029,6,4857,FRAME,64.503,370.605,-4.229,-2.668,140,196,,,
2026-09-08T14:56:14.331864,6,4858,FRAME,60.274,367.937,-4.229,-2.668,147,203,,,
2026-09-08T14:56:14.347756,6,4859,FRAME,56.045,365.269,-4.229,-2.668,154,196,,,
2026-09-08T14:56:14.364151,6,4860,FRAME,51.817,362.601,-4.229,-2.668,161,203,,,
2026-09-08T14:56:14.381014,6,4861,FRAME,47.588,359.933,-4.229,-2.668,168,196,,,
2026-09-08T14:56:14.397687,6,4862,FRAME,43.36,357.265,-4.229,-2.668,175,203,,,
2026-09-08T14:56:14.413978,6,4863,FRAME,39.131,354.597,-4.229,-2.668,182,196,,,
2026-09-08T14:56:14.430626,6,4864,FRAME,34.902,351.929,-4.229,-2.668,189,203,,,
2026-09-08T14:56:14.447503,6,4865,FRAME,30.674,349.26,-4.229,-2.668,196,196,,,
2026-09-08T14:56:14.463186,6,4866,FRAME,26.445,346.592,-4.229,-2.668,203,203,,,
2026-09-08T14:56:14.480879,6,4867,FRAME,22.216,343.924,-4.229,-2.668,210,196,,,
2026-09-08T14:56:14.496683,6,4868,FRAME,17.988,341.256,-4.229,-2.668,217,203,,,
2026-09-08T14:56:14.513287,6,4869,FRAME,13.759,338.588,-4.229,-2.668,224,196,,,
2026-09-08T14:56:14.529745,6,4870,FRAME,9.53,335.92,-4.229,-2.668,231,203,,,
2026-09-08T14:56:14.545757,6,4871,LEFT_HIT,30,333.252,2.5,4.33,238,196,1,60.0,
2026-09-08T14:56:14.545757,6,4872,FRAME,30,333.252,2.5,4.33,238,196,,,
2026-09-08T14:56:14.562096,6,4873,FRAME,32.5,337.582,2.5,4.33,245,203,,,
2026-09-08T14:56:14.578155,6,4874,FRAME,35.0,341.912,2.5,4.33,252,210,,,
2026-09-08T14:56:14.594994,6,4875,FRAME,37.5,346.242,2.5,4.33,259,217,,,
2026-09-08T14:56:14.610989,6,4876,FRAME,40.0,350.573,2.5,4.33,259,224,,,
2026-09-08T14:56:14.627731,6,4877,FRAME,42.5,354.903,2.5,4.33,259,231,,,
2026-09-08T14:56:14.645563,6,4878,FRAME,45.0,359.233,2.5,4.33,259,238,,,
2026-09-08T14:56:14.661628,6,4879,FRAME,47.5,363.563,2.5,4.33,259,245,,,
2026-09-08T14:56:14.677754,6,4880,FRAME,50.0,367.893,2.5,4.33,259,252,,,
2026-09-08T14:56:14.696059,6,4881,FRAME,52.5,372.223,2.5,4.33,259,259,,,
2026-09-08T14:56:14.710738,6,4882,FRAME,55.0,376.553,2.5,4.33,259,266,,,
2026-09-08T14:56:14.727504,6,4883,FRAME,57.5,380.883,2.5,4.33,259,273,,,
2026-09-08T14:56:14.742951,6,4884,FRAME,60.0,385.214,2.5,4.33,259,280,,,
2026-09-08T14:56:14.759063,6,4885,FRAME,62.5,389.544,2.5,4.33,259,287,,,
2026-09-08T14:56:14.775929,6,4886,FRAME,65.0,393.874,2.5,4.33,259,294,,,
2026-09-08T14:56:14.792075,6,4887,FRAME,67.5,398.204,2.5,4.33,259,301,,,
2026-09-08T14:56:14.809834,6,4888,FRAME,70.0,402.534,2.5,4.33,259,308,,,
2026-09-08T14:56:14.826001,6,4889,FRAME,72.5,406.864,2.5,4.33,259,315,,,
2026-09-08T14:56:14.842351,6,4890,FRAME,75.0,411.194,2.5,4.33,259,322,,,
2026-09-08T14:56:14.859755,6,4891,FRAME,77.5,415.524,2.5,4.33,259,329,,,
2026-09-08T14:56:14.876055,6,4892,FRAME,80.0,419.855,2.5,4.33,259,336,,,
2026-09-08T14:56:14.893678,6,4893,FRAME,82.5,424.185,2.5,4.33,259,343,,,
2026-09-08T14:56:14.910048,6,4894,FRAME,85.0,428.515,2.5,4.33,259,336,,,
2026-09-08T14:56:14.925875,6,4895,FRAME,87.5,432.845,2.5,4.33,259,343,,,
2026-09-08T14:56:14.942683,6,4896,FRAME,90.0,437.175,2.5,4.33,259,336,,,
2026-09-08T14:56:14.958564,6,4897,FRAME,92.5,441.505,2.5,4.33,259,343,,,
2026-09-08T14:56:14.976020,6,4898,FRAME,95.0,445.835,2.5,4.33,259,336,,,
2026-09-08T14:56:14.992091,6,4899,FRAME,97.5,450.165,2.5,4.33,259,343,,,
2026-09-08T14:56:15.009211,6,4900,FRAME,100.0,454.496,2.5,4.33,259,336,,,
2026-09-08T14:56:15.026157,6,4901,FRAME,102.5,458.826,2.5,4.33,259,343,,,
2026-09-08T14:56:15.043898,6,4902,FRAME,105.0,463.156,2.5,4.33,259,336,,,
2026-09-08T14:56:15.059757,6,4903,FRAME,107.5,467.486,2.5,4.33,259,343,,,
2026-09-08T14:56:15.075719,6,4904,FRAME,110.0,471.816,2.5,4.33,259,336,,,
2026-09-08T14:56:15.091792,6,4905,FRAME,112.5,476.146,2.5,4.33,259,343,,,
2026-09-08T14:56:15.108084,6,4906,FRAME,115.0,480.476,2.5,4.33,259,336,,,
2026-09-08T14:56:15.125918,6,4907,FRAME,117.5,484.806,2.5,4.33,259,343,,,
2026-09-08T14:56:15.141792,6,4908,WALL_BOUNCE,120.0,488,2.5,-4.33,259,336,,,
2026-09-08T14:56:15.141792,6,4909,FRAME,120.0,488,2.5,-4.33,259,336,,,
2026-09-08T14:56:15.157507,6,4910,FRAME,122.5,483.67,2.5,-4.33,259,343,,,
2026-09-08T14:56:15.173575,6,4911,FRAME,125.0,479.34,2.5,-4.33,259,336,,,
2026-09-08T14:56:15.189963,6,4912,FRAME,127.5,475.01,2.5,-4.33,259,343,,,
2026-09-08T14:56:15.205909,6,4913,FRAME,130.0,470.679,2.5,-4.33,259,336,,,
2026-09-08T14:56:15.222360,6,4914,FRAME,132.5,466.349,2.5,-4.33,259,343,,,
2026-09-08T14:56:15.238399,6,4915,FRAME,135.0,462.019,2.5,-4.33,259,336,,,
2026-09-08T14:56:15.256036,6,4916,FRAME,137.5,457.689,2.5,-4.33,259,343,,,
2026-09-08T14:56:15.271826,6,4917,FRAME,140.0,453.359,2.5,-4.33,259,336,,,
2026-09-08T14:56:15.287810,6,4918,FRAME,142.5,449.029,2.5,-4.33,259,343,,,
2026-09-08T14:56:15.303836,6,4919,FRAME,145.0,444.699,2.5,-4.33,259,336,,,
2026-09-08T14:56:15.320704,6,4920,FRAME,147.5,440.369,2.5,-4.33,259,343,,,
2026-09-08T14:56:15.337839,6,4921,FRAME,150.0,436.038,2.5,-4.33,259,336,,,
2026-09-08T14:56:15.355146,6,4922,FRAME,152.5,431.708,2.5,-4.33,252,343,,,
2026-09-08T14:56:15.371253,6,4923,FRAME,155.0,427.378,2.5,-4.33,245,336,,,
2026-09-08T14:56:15.388846,6,4924,FRAME,157.5,423.048,2.5,-4.33,238,343,,,
2026-09-08T14:56:15.406007,6,4925,FRAME,160.0,418.718,2.5,-4.33,231,336,,,
2026-09-08T14:56:15.422083,6,4926,FRAME,162.5,414.388,2.5,-4.33,224,343,,,
2026-09-08T14:56:15.438789,6,4927,FRAME,165.0,410.058,2.5,-4.33,217,336,,,
2026-09-08T14:56:15.455645,6,4928,FRAME,167.5,405.728,2.5,-4.33,210,343,,,
2026-09-08T14:56:15.472002,6,4929,FRAME,170.0,401.397,2.5,-4.33,203,336,,,
2026-09-08T14:56:15.487802,6,4930,FRAME,172.5,397.067,2.5,-4.33,196,343,,,
2026-09-08T14:56:15.503861,6,4931,FRAME,175.0,392.737,2.5,-4.33,196,336,,,
2026-09-08T14:56:15.520157,6,4932,FRAME,177.5,388.407,2.5,-4.33,196,343,,,
2026-09-08T14:56:15.538035,6,4933,FRAME,180.0,384.077,2.5,-4.33,196,336,,,
2026-09-08T14:56:15.554883,6,4934,FRAME,182.5,379.747,2.5,-4.33,196,343,,,
2026-09-08T14:56:15.570956,6,4935,FRAME,185.0,375.417,2.5,-4.33,196,336,,,
2026-09-08T14:56:15.587890,6,4936,FRAME,187.5,371.087,2.5,-4.33,196,343,,,
2026-09-08T14:56:15.603886,6,4937,FRAME,190.0,366.756,2.5,-4.33,196,336,,,
2026-09-08T14:56:15.619772,6,4938,FRAME,192.5,362.426,2.5,-4.33,196,343,,,
2026-09-08T14:56:15.636856,6,4939,FRAME,195.0,358.096,2.5,-4.33,196,336,,,
2026-09-08T14:56:15.653763,6,4940,FRAME,197.5,353.766,2.5,-4.33,196,343,,,
2026-09-08T14:56:15.669099,6,4941,FRAME,200.0,349.436,2.5,-4.33,196,336,,,
2026-09-08T14:56:15.687910,6,4942,FRAME,202.5,345.106,2.5,-4.33,203,343,,,
2026-09-08T14:56:15.703518,6,4943,FRAME,205.0,340.776,2.5,-4.33,210,336,,,
2026-09-08T14:56:15.718990,6,4944,FRAME,207.5,336.446,2.5,-4.33,217,343,,,
2026-09-08T14:56:15.736185,6,4945,FRAME,210.0,332.115,2.5,-4.33,224,336,,,
2026-09-08T14:56:15.751984,6,4946,FRAME,212.5,327.785,2.5,-4.33,231,343,,,
2026-09-08T14:56:15.769429,6,4947,FRAME,215.0,323.455,2.5,-4.33,238,336,,,
2026-09-08T14:56:15.785971,6,4948,FRAME,217.5,319.125,2.5,-4.33,245,343,,,
2026-09-08T14:56:15.801600,6,4949,FRAME,220.0,314.795,2.5,-4.33,252,336,,,
2026-09-08T14:56:15.819053,6,4950,FRAME,222.5,310.465,2.5,-4.33,259,343,,,
2026-09-08T14:56:15.835122,6,4951,FRAME,225.0,306.135,2.5,-4.33,266,336,,,
2026-09-08T14:56:15.851720,6,4952,FRAME,227.5,301.805,2.5,-4.33,266,343,,,
2026-09-08T14:56:15.867908,6,4953,FRAME,230.0,297.474,2.5,-4.33,266,336,,,
2026-09-08T14:56:15.883749,6,4954,FRAME,232.5,293.144,2.5,-4.33,266,343,,,
2026-09-08T14:56:15.901725,6,4955,FRAME,235.0,288.814,2.5,-4.33,266,336,,,
2026-09-08T14:56:15.918254,6,4956,FRAME,237.5,284.484,2.5,-4.33,266,343,,,
2026-09-08T14:56:15.936084,6,4957,FRAME,240.0,280.154,2.5,-4.33,266,336,,,
2026-09-08T14:56:15.952812,6,4958,FRAME,242.5,275.824,2.5,-4.33,266,343,,,
2026-09-08T14:56:15.968486,6,4959,FRAME,245.0,271.494,2.5,-4.33,266,336,,,
2026-09-08T14:56:15.985910,6,4960,FRAME,247.5,267.164,2.5,-4.33,266,343,,,
2026-09-08T14:56:16.003056,6,4961,FRAME,250.0,262.833,2.5,-4.33,266,336,,,
2026-09-08T14:56:16.019427,6,4962,FRAME,252.5,258.503,2.5,-4.33,266,343,,,
2026-09-08T14:56:16.037064,6,4963,FRAME,255.0,254.173,2.5,-4.33,266,336,,,
2026-09-08T14:56:16.051748,6,4964,FRAME,257.5,249.843,2.5,-4.33,266,343,,,
2026-09-08T14:56:16.068443,6,4965,FRAME,260.0,245.513,2.5,-4.33,266,336,,,
2026-09-08T14:56:16.085140,6,4966,FRAME,262.5,241.183,2.5,-4.33,266,343,,,
2026-09-08T14:56:16.101850,6,4967,FRAME,265.0,236.853,2.5,-4.33,266,336,,,
2026-09-08T14:56:16.118768,6,4968,FRAME,267.5,232.523,2.5,-4.33,266,343,,,
2026-09-08T14:56:16.133584,6,4969,FRAME,270.0,228.192,2.5,-4.33,266,336,,,
2026-09-08T14:56:16.152012,6,4970,FRAME,272.5,223.862,2.5,-4.33,266,343,,,
2026-09-08T14:56:16.168810,6,4971,FRAME,275.0,219.532,2.5,-4.33,266,336,,,
2026-09-08T14:56:16.183906,6,4972,FRAME,277.5,215.202,2.5,-4.33,266,343,,,
2026-09-08T14:56:16.200195,6,4973,FRAME,280.0,210.872,2.5,-4.33,266,336,,,
2026-09-08T14:56:16.217732,6,4974,FRAME,282.5,206.542,2.5,-4.33,266,343,,,
2026-09-08T14:56:16.233527,6,4975,FRAME,285.0,202.212,2.5,-4.33,266,336,,,
2026-09-08T14:56:16.250992,6,4976,FRAME,287.5,197.881,2.5,-4.33,266,343,,,
2026-09-08T14:56:16.267925,6,4977,FRAME,290.0,193.551,2.5,-4.33,266,336,,,
2026-09-08T14:56:16.283268,6,4978,FRAME,292.5,189.221,2.5,-4.33,266,343,,,
2026-09-08T14:56:16.301449,6,4979,FRAME,295.0,184.891,2.5,-4.33,266,336,,,
2026-09-08T14:56:16.317918,6,4980,FRAME,297.5,180.561,2.5,-4.33,266,343,,,
2026-09-08T14:56:16.334041,6,4981,FRAME,300.0,176.231,2.5,-4.33,266,336,,,
2026-09-08T14:56:16.350454,6,4982,FRAME,302.5,171.901,2.5,-4.33,266,343,,,
2026-09-08T14:56:16.366961,6,4983,FRAME,305.0,167.571,2.5,-4.33,266,336,,,
2026-09-08T14:56:16.383552,6,4984,FRAME,307.5,163.24,2.5,-4.33,266,343,,,
2026-09-08T14:56:16.399888,6,4985,FRAME,310.0,158.91,2.5,-4.33,266,336,,,
2026-09-08T14:56:16.416814,6,4986,FRAME,312.5,154.58,2.5,-4.33,266,343,,,
2026-09-08T14:56:16.432864,6,4987,FRAME,315.0,150.25,2.5,-4.33,266,336,,,
2026-09-08T14:56:16.449827,6,4988,FRAME,317.5,145.92,2.5,-4.33,266,343,,,
2026-09-08T14:56:16.465652,6,4989,FRAME,320.0,141.59,2.5,-4.33,266,336,,,
2026-09-08T14:56:16.481504,6,4990,FRAME,322.5,137.26,2.5,-4.33,266,343,,,
2026-09-08T14:56:16.498383,6,4991,FRAME,325.0,132.93,2.5,-4.33,266,336,,,
2026-09-08T14:56:16.514944,6,4992,FRAME,327.5,128.599,2.5,-4.33,266,343,,,
2026-09-08T14:56:16.532088,6,4993,FRAME,330.0,124.269,2.5,-4.33,266,336,,,
2026-09-08T14:56:16.548750,6,4994,FRAME,332.5,119.939,2.5,-4.33,266,343,,,
2026-09-08T14:56:16.565713,6,4995,FRAME,335.0,115.609,2.5,-4.33,266,336,,,
2026-09-08T14:56:16.582120,6,4996,FRAME,337.5,111.279,2.5,-4.33,266,343,,,
2026-09-08T14:56:16.598767,6,4997,FRAME,340.0,106.949,2.5,-4.33,266,336,,,
2026-09-08T14:56:16.614412,6,4998,FRAME,342.5,102.619,2.5,-4.33,266,343,,,
2026-09-08T14:56:16.631350,6,4999,FRAME,345.0,98.289,2.5,-4.33,266,336,,,
2026-09-08T14:56:16.647685,6,5000,FRAME,347.5,93.958,2.5,-4.33,266,343,,,
2026-09-08T14:56:16.663572,6,5001,FRAME,350.0,89.628,2.5,-4.33,266,336,,,
2026-09-08T14:56:16.680717,6,5002,FRAME,352.5,85.298,2.5,-4.33,266,343,,,
2026-09-08T14:56:16.696996,6,5003,FRAME,355.0,80.968,2.5,-4.33,266,336,,,
2026-09-08T14:56:16.712259,6,5004,FRAME,357.5,76.638,2.5,-4.33,266,343,,,
2026-09-08T14:56:16.729608,6,5005,FRAME,360.0,72.308,2.5,-4.33,266,336,,,
2026-09-08T14:56:16.745676,6,5006,FRAME,362.5,67.978,2.5,-4.33,266,343,,,
2026-09-08T14:56:16.761800,6,5007,FRAME,365.0,63.648,2.5,-4.33,266,336,,,
2026-09-08T14:56:16.778344,6,5008,FRAME,367.5,59.317,2.5,-4.33,266,343,,,
2026-09-08T14:56:16.796141,6,5009,FRAME,370.0,54.987,2.5,-4.33,266,336,,,
2026-09-08T14:56:16.812293,6,5010,FRAME,372.5,50.657,2.5,-4.33,266,343,,,
2026-09-08T14:56:16.828808,6,5011,FRAME,375.0,46.327,2.5,-4.33,266,336,,,
2026-09-08T14:56:16.845038,6,5012,FRAME,377.5,41.997,2.5,-4.33,266,343,,,
2026-09-08T14:56:16.861489,6,5013,FRAME,380.0,37.667,2.5,-4.33,266,336,,,
2026-09-08T14:56:16.878189,6,5014,FRAME,382.5,33.337,2.5,-4.33,266,343,,,
2026-09-08T14:56:16.895936,6,5015,FRAME,385.0,29.007,2.5,-4.33,266,336,,,
2026-09-08T14:56:16.913286,6,5016,FRAME,387.5,24.676,2.5,-4.33,266,343,,,
2026-09-08T14:56:16.929809,6,5017,FRAME,390.0,20.346,2.5,-4.33,266,336,,,
2026-09-08T14:56:16.945808,6,5018,FRAME,392.5,16.016,2.5,-4.33,266,343,,,
2026-09-08T14:56:16.961820,6,5019,FRAME,395.0,11.686,2.5,-4.33,266,336,,,
2026-09-08T14:56:16.978216,6,5020,FRAME,397.5,7.356,2.5,-4.33,266,343,,,
2026-09-08T14:56:16.995949,6,5021,FRAME,400.0,3.026,2.5,-4.33,266,336,,,
2026-09-08T14:56:17.011631,6,5022,WALL_BOUNCE,402.5,0,2.5,4.33,266,343,,,
2026-09-08T14:56:17.011631,6,5023,FRAME,402.5,0,2.5,4.33,266,343,,,
2026-09-08T14:56:17.027971,6,5024,FRAME,405.0,4.33,2.5,4.33,266,336,,,
2026-09-08T14:56:17.045871,6,5025,FRAME,407.5,8.66,2.5,4.33,266,343,,,
2026-09-08T14:56:17.062216,6,5026,FRAME,410.0,12.99,2.5,4.33,266,336,,,
2026-09-08T14:56:17.079003,6,5027,FRAME,412.5,17.321,2.5,4.33,266,343,,,
2026-09-08T14:56:17.094999,6,5028,FRAME,415.0,21.651,2.5,4.33,266,336,,,
2026-09-08T14:56:17.111693,6,5029,FRAME,417.5,25.981,2.5,4.33,266,343,,,
2026-09-08T14:56:17.127984,6,5030,FRAME,420.0,30.311,2.5,4.33,266,336,,,
2026-09-08T14:56:17.143887,6,5031,FRAME,422.5,34.641,2.5,4.33,266,343,,,
2026-09-08T14:56:17.160985,6,5032,FRAME,425.0,38.971,2.5,4.33,266,336,,,
2026-09-08T14:56:17.176035,6,5033,FRAME,427.5,43.301,2.5,4.33,266,343,,,
2026-09-08T14:56:17.192529,6,5034,FRAME,430.0,47.631,2.5,4.33,266,336,,,
2026-09-08T14:56:17.209309,6,5035,FRAME,432.5,51.962,2.5,4.33,266,343,,,
2026-09-08T14:56:17.225901,6,5036,FRAME,435.0,56.292,2.5,4.33,266,336,,,
2026-09-08T14:56:17.241673,6,5037,FRAME,437.5,60.622,2.5,4.33,266,343,,,
2026-09-08T14:56:17.258791,6,5038,FRAME,440.0,64.952,2.5,4.33,266,336,,,
2026-09-08T14:56:17.275307,6,5039,FRAME,442.5,69.282,2.5,4.33,266,343,,,
2026-09-08T14:56:17.291630,6,5040,FRAME,445.0,73.612,2.5,4.33,266,336,,,
2026-09-08T14:56:17.308002,6,5041,FRAME,447.5,77.942,2.5,4.33,266,343,,,
2026-09-08T14:56:17.325509,6,5042,FRAME,450.0,82.272,2.5,4.33,266,336,,,
2026-09-08T14:56:17.341680,6,5043,FRAME,452.5,86.603,2.5,4.33,266,343,,,
2026-09-08T14:56:17.358019,6,5044,FRAME,455.0,90.933,2.5,4.33,266,336,,,
2026-09-08T14:56:17.375963,6,5045,FRAME,457.5,95.263,2.5,4.33,266,343,,,
2026-09-08T14:56:17.392353,6,5046,FRAME,460.0,99.593,2.5,4.33,266,336,,,
2026-09-08T14:56:17.407643,6,5047,FRAME,462.5,103.923,2.5,4.33,266,343,,,
2026-09-08T14:56:17.425259,6,5048,FRAME,465.0,108.253,2.5,4.33,266,336,,,
2026-09-08T14:56:17.441595,6,5049,FRAME,467.5,112.583,2.5,4.33,266,343,,,
2026-09-08T14:56:17.457729,6,5050,FRAME,470.0,116.913,2.5,4.33,266,336,,,
2026-09-08T14:56:17.473367,6,5051,FRAME,472.5,121.244,2.5,4.33,266,343,,,
2026-09-08T14:56:17.489387,6,5052,FRAME,475.0,125.574,2.5,4.33,266,336,,,
2026-09-08T14:56:17.506876,6,5053,FRAME,477.5,129.904,2.5,4.33,266,343,,,
2026-09-08T14:56:17.523043,6,5054,FRAME,480.0,134.234,2.5,4.33,266,336,,,
2026-09-08T14:56:17.540153,6,5055,FRAME,482.5,138.564,2.5,4.33,266,343,,,
2026-09-08T14:56:17.557738,6,5056,FRAME,485.0,142.894,2.5,4.33,266,336,,,
2026-09-08T14:56:17.573021,6,5057,FRAME,487.5,147.224,2.5,4.33,266,343,,,
2026-09-08T14:56:17.589211,6,5058,FRAME,490.0,151.554,2.5,4.33,266,336,,,
2026-09-08T14:56:17.605920,6,5059,FRAME,492.5,155.885,2.5,4.33,266,343,,,
2026-09-08T14:56:17.621662,6,5060,FRAME,495.0,160.215,2.5,4.33,266,336,,,
2026-09-08T14:56:17.638039,6,5061,FRAME,497.5,164.545,2.5,4.33,266,343,,,
2026-09-08T14:56:17.655793,6,5062,FRAME,500.0,168.875,2.5,4.33,266,336,,,
2026-09-08T14:56:17.672288,6,5063,FRAME,502.5,173.205,2.5,4.33,266,343,,,
2026-09-08T14:56:17.688725,6,5064,FRAME,505.0,177.535,2.5,4.33,266,336,,,
2026-09-08T14:56:17.703943,6,5065,FRAME,507.5,181.865,2.5,4.33,266,343,,,
2026-09-08T14:56:17.720584,6,5066,FRAME,510.0,186.195,2.5,4.33,266,336,,,
2026-09-08T14:56:17.737464,6,5067,FRAME,512.5,190.526,2.5,4.33,266,343,,,
2026-09-08T14:56:17.753229,6,5068,FRAME,515.0,194.856,2.5,4.33,266,336,,,
2026-09-08T14:56:17.770195,6,5069,FRAME,517.5,199.186,2.5,4.33,266,343,,,
2026-09-08T14:56:17.787391,6,5070,FRAME,520.0,203.516,2.5,4.33,266,336,,,
2026-09-08T14:56:17.804069,6,5071,FRAME,522.5,207.846,2.5,4.33,266,343,,,
2026-09-08T14:56:17.820874,6,5072,FRAME,525.0,212.176,2.5,4.33,266,336,,,
2026-09-08T14:56:17.835737,6,5073,FRAME,527.5,216.506,2.5,4.33,266,343,,,
2026-09-08T14:56:17.853081,6,5074,FRAME,530.0,220.836,2.5,4.33,266,336,,,
2026-09-08T14:56:17.869126,6,5075,FRAME,532.5,225.167,2.5,4.33,266,343,,,
2026-09-08T14:56:17.884985,6,5076,FRAME,535.0,229.497,2.5,4.33,266,336,,,
2026-09-08T14:56:17.902460,6,5077,FRAME,537.5,233.827,2.5,4.33,266,343,,,
2026-09-08T14:56:17.918354,6,5078,FRAME,540.0,238.157,2.5,4.33,266,336,,,
2026-09-08T14:56:17.935800,6,5079,FRAME,542.5,242.487,2.5,4.33,266,343,,,
2026-09-08T14:56:17.951925,6,5080,FRAME,545.0,246.817,2.5,4.33,266,336,,,
2026-09-08T14:56:17.967840,6,5081,FRAME,547.5,251.147,2.5,4.33,266,343,,,
2026-09-08T14:56:17.983657,6,5082,FRAME,550.0,255.477,2.5,4.33,266,336,,,
2026-09-08T14:56:17.999909,6,5083,FRAME,552.5,259.808,2.5,4.33,266,343,,,
2026-09-08T14:56:18.016263,6,5084,FRAME,555.0,264.138,2.5,4.33,266,336,,,
2026-09-08T14:56:18.034050,6,5085,FRAME,557.5,268.468,2.5,4.33,266,343,,,
2026-09-08T14:56:18.051878,6,5086,FRAME,560.0,272.798,2.5,4.33,266,336,,,
2026-09-08T14:56:18.068270,6,5087,FRAME,562.5,277.128,2.5,4.33,266,343,,,
2026-09-08T14:56:18.086089,6,5088,FRAME,565.0,281.458,2.5,4.33,266,336,,,
2026-09-08T14:56:18.102555,6,5089,FRAME,567.5,285.788,2.5,4.33,266,343,,,
2026-09-08T14:56:18.120083,6,5090,FRAME,570.0,290.119,2.5,4.33,266,336,,,
2026-09-08T14:56:18.136095,6,5091,FRAME,572.5,294.449,2.5,4.33,266,343,,,
2026-09-08T14:56:18.153216,6,5092,FRAME,575.0,298.779,2.5,4.33,266,336,,,
2026-09-08T14:56:18.170486,6,5093,FRAME,577.5,303.109,2.5,4.33,266,343,,,
2026-09-08T14:56:18.187324,6,5094,FRAME,580.0,307.439,2.5,4.33,266,336,,,
2026-09-08T14:56:18.203537,6,5095,FRAME,582.5,311.769,2.5,4.33,266,343,,,
2026-09-08T14:56:18.219865,6,5096,FRAME,585.0,316.099,2.5,4.33,266,336,,,
2026-09-08T14:56:18.235790,6,5097,FRAME,587.5,320.429,2.5,4.33,266,343,,,
2026-09-08T14:56:18.251728,6,5098,FRAME,590.0,324.76,2.5,4.33,266,336,,,
2026-09-08T14:56:18.267612,6,5099,FRAME,592.5,329.09,2.5,4.33,266,343,,,
2026-09-08T14:56:18.283971,6,5100,FRAME,595.0,333.42,2.5,4.33,266,336,,,
2026-09-08T14:56:18.299706,6,5101,FRAME,597.5,337.75,2.5,4.33,266,343,,,
2026-09-08T14:56:18.316130,6,5102,FRAME,600.0,342.08,2.5,4.33,266,336,,,
2026-09-08T14:56:18.333104,6,5103,FRAME,602.5,346.41,2.5,4.33,266,343,,,
2026-09-08T14:56:18.350823,6,5104,FRAME,605.0,350.74,2.5,4.33,266,336,,,
2026-09-08T14:56:18.367097,6,5105,FRAME,607.5,355.07,2.5,4.33,266,343,,,
2026-09-08T14:56:18.383649,6,5106,FRAME,610.0,359.401,2.5,4.33,266,336,,,
2026-09-08T14:56:18.400402,6,5107,FRAME,612.5,363.731,2.5,4.33,266,343,,,
2026-09-08T14:56:18.417087,6,5108,FRAME,615.0,368.061,2.5,4.33,266,336,,,
2026-09-08T14:56:18.434237,6,5109,FRAME,617.5,372.391,2.5,4.33,266,343,,,
2026-09-08T14:56:18.451909,6,5110,FRAME,620.0,376.721,2.5,4.33,266,336,,,
2026-09-08T14:56:18.468769,6,5111,FRAME,622.5,381.051,2.5,4.33,266,343,,,
2026-09-08T14:56:18.485823,6,5112,FRAME,625.0,385.381,2.5,4.33,266,336,,,
2026-09-08T14:56:18.502004,6,5113,FRAME,627.5,389.711,2.5,4.33,266,343,,,
2026-09-08T14:56:18.518837,6,5114,FRAME,630.0,394.042,2.5,4.33,266,336,,,
2026-09-08T14:56:18.535866,6,5115,FRAME,632.5,398.372,2.5,4.33,266,343,,,
2026-09-08T14:56:18.551346,6,5116,FRAME,635.0,402.702,2.5,4.33,266,336,,,
2026-09-08T14:56:18.567967,6,5117,FRAME,637.5,407.032,2.5,4.33,266,343,,,
2026-09-08T14:56:18.583756,6,5118,FRAME,640.0,411.362,2.5,4.33,266,336,,,
2026-09-08T14:56:18.599802,6,5119,FRAME,642.5,415.692,2.5,4.33,266,343,,,
2026-09-08T14:56:18.615808,6,5120,FRAME,645.0,420.022,2.5,4.33,266,336,,,
2026-09-08T14:56:18.631822,6,5121,FRAME,647.5,424.352,2.5,4.33,266,343,,,
2026-09-08T14:56:18.648533,6,5122,FRAME,650.0,428.683,2.5,4.33,266,336,,,
2026-09-08T14:56:18.666068,6,5123,FRAME,652.5,433.013,2.5,4.33,266,343,,,
2026-09-08T14:56:18.681968,6,5124,FRAME,655.0,437.343,2.5,4.33,266,336,,,
2026-09-08T14:56:18.697974,6,5125,FRAME,657.5,441.673,2.5,4.33,266,343,,,
2026-09-08T14:56:18.714198,6,5126,FRAME,660.0,446.003,2.5,4.33,266,336,,,
2026-09-08T14:56:18.731678,6,5127,FRAME,662.5,450.333,2.5,4.33,266,343,,,
2026-09-08T14:56:18.747879,6,5128,FRAME,665.0,454.663,2.5,4.33,266,336,,,
2026-09-08T14:56:18.765228,6,5129,FRAME,667.5,458.993,2.5,4.33,266,343,,,
2026-09-08T14:56:18.783300,6,5130,FRAME,670.0,463.324,2.5,4.33,266,336,,,
2026-09-08T14:56:18.800640,6,5131,FRAME,672.5,467.654,2.5,4.33,266,343,,,
2026-09-08T14:56:18.817722,6,5132,FRAME,675.0,471.984,2.5,4.33,266,336,,,
2026-09-08T14:56:18.833707,6,5133,FRAME,677.5,476.314,2.5,4.33,266,343,,,
2026-09-08T14:56:18.850130,6,5134,FRAME,680.0,480.644,2.5,4.33,266,336,,,
2026-09-08T14:56:18.867759,6,5135,FRAME,682.5,484.974,2.5,4.33,266,343,,,
2026-09-08T14:56:18.883714,6,5136,WALL_BOUNCE,685.0,488,2.5,-4.33,266,336,,,
2026-09-08T14:56:18.883714,6,5137,FRAME,685.0,488,2.5,-4.33,266,336,,,
2026-09-08T14:56:18.899555,6,5138,FRAME,687.5,483.67,2.5,-4.33,266,343,,,
2026-09-08T14:56:18.915886,6,5139,FRAME,690.0,479.34,2.5,-4.33,266,350,,,
2026-09-08T14:56:18.931787,6,5140,FRAME,692.5,475.01,2.5,-4.33,266,343,,,
2026-09-08T14:56:18.947615,6,5141,FRAME,695.0,470.679,2.5,-4.33,266,350,,,
2026-09-08T14:56:18.963404,6,5142,FRAME,697.5,466.349,2.5,-4.33,266,343,,,
2026-09-08T14:56:18.981129,6,5143,FRAME,700.0,462.019,2.5,-4.33,266,350,,,
2026-09-08T14:56:18.999067,6,5144,FRAME,702.5,457.689,2.5,-4.33,266,343,,,
2026-09-08T14:56:19.017049,6,5145,FRAME,705.0,453.359,2.5,-4.33,266,350,,,
2026-09-08T14:56:19.032899,6,5146,FRAME,707.5,449.029,2.5,-4.33,266,343,,,
2026-09-08T14:56:19.048967,6,5147,FRAME,710.0,444.699,2.5,-4.33,266,350,,,
2026-09-08T14:56:19.065949,6,5148,FRAME,712.5,440.369,2.5,-4.33,266,343,,,
2026-09-08T14:56:19.082022,6,5149,FRAME,715.0,436.038,2.5,-4.33,266,350,,,
2026-09-08T14:56:19.098951,6,5150,FRAME,717.5,431.708,2.5,-4.33,266,343,,,
2026-09-08T14:56:19.115725,6,5151,FRAME,720.0,427.378,2.5,-4.33,266,350,,,
2026-09-08T14:56:19.132444,6,5152,FRAME,722.5,423.048,2.5,-4.33,266,343,,,
2026-09-08T14:56:19.149096,6,5153,FRAME,725.0,418.718,2.5,-4.33,266,350,,,
2026-09-08T14:56:19.166838,6,5154,FRAME,727.5,414.388,2.5,-4.33,266,343,,,
2026-09-08T14:56:19.183728,6,5155,FRAME,730.0,410.058,2.5,-4.33,266,350,,,
2026-09-08T14:56:19.199732,6,5156,FRAME,732.5,405.728,2.5,-4.33,266,343,,,
2026-09-08T14:56:19.216777,6,5157,FRAME,735.0,401.397,2.5,-4.33,266,350,,,
2026-09-08T14:56:19.233239,6,5158,FRAME,737.5,397.067,2.5,-4.33,266,343,,,
2026-09-08T14:56:19.248748,6,5159,FRAME,740.0,392.737,2.5,-4.33,266,350,,,
2026-09-08T14:56:19.265927,6,5160,FRAME,742.5,388.407,2.5,-4.33,266,343,,,
2026-09-08T14:56:19.282564,6,5161,FRAME,745.0,384.077,2.5,-4.33,266,350,,,
2026-09-08T14:56:19.299099,6,5162,FRAME,747.5,379.747,2.5,-4.33,266,350,,,
2026-09-08T14:56:19.316126,6,5163,FRAME,750.0,375.417,2.5,-4.33,266,350,,,
2026-09-08T14:56:19.330764,6,5164,FRAME,752.5,371.087,2.5,-4.33,266,350,,,
2026-09-08T14:56:19.346739,6,5165,FRAME,755.0,366.756,2.5,-4.33,266,350,,,
2026-09-08T14:56:19.363333,6,5166,FRAME,757.5,362.426,2.5,-4.33,266,350,,,
2026-09-08T14:56:19.380114,6,5167,RIGHT_HIT,758,358.096,-3.652,-3.415,266,350,-0.718,-43.085,
2026-09-08T14:56:19.381114,6,5168,FRAME,758,358.096,-3.652,-3.415,266,350,,,
2026-09-08T14:56:19.397501,6,5169,FRAME,754.348,354.681,-3.652,-3.415,266,343,,,
2026-09-08T14:56:19.412807,6,5170,FRAME,750.697,351.265,-3.652,-3.415,266,336,,,
2026-09-08T14:56:19.430439,6,5171,FRAME,747.045,347.85,-3.652,-3.415,266,329,,,
2026-09-08T14:56:19.445768,6,5172,FRAME,743.393,344.435,-3.652,-3.415,266,322,,,
2026-09-08T14:56:19.461958,6,5173,FRAME,739.741,341.019,-3.652,-3.415,266,315,,,
2026-09-08T14:56:19.478115,6,5174,FRAME,736.09,337.604,-3.652,-3.415,266,308,,,
2026-09-08T14:56:19.495934,6,5175,FRAME,732.438,334.188,-3.652,-3.415,266,301,,,
2026-09-08T14:56:19.512470,6,5176,FRAME,728.786,330.773,-3.652,-3.415,266,294,,,
2026-09-08T14:56:19.529594,6,5177,FRAME,725.134,327.358,-3.652,-3.415,266,287,,,
2026-09-08T14:56:19.546025,6,5178,FRAME,721.483,323.942,-3.652,-3.415,266,280,,,
2026-09-08T14:56:19.562052,6,5179,FRAME,717.831,320.527,-3.652,-3.415,266,273,,,
2026-09-08T14:56:19.579443,6,5180,FRAME,714.179,317.112,-3.652,-3.415,266,266,,,
2026-09-08T14:56:19.595869,6,5181,FRAME,710.527,313.696,-3.652,-3.415,266,259,,,
2026-09-08T14:56:19.612550,6,5182,FRAME,706.876,310.281,-3.652,-3.415,266,252,,,
2026-09-08T14:56:19.629348,6,5183,FRAME,703.224,306.865,-3.652,-3.415,266,245,,,
2026-09-08T14:56:19.645725,6,5184,FRAME,699.572,303.45,-3.652,-3.415,266,238,,,
2026-09-08T14:56:19.662984,6,5185,FRAME,695.921,300.035,-3.652,-3.415,266,231,,,
2026-09-08T14:56:19.678428,6,5186,FRAME,692.269,296.619,-3.652,-3.415,266,224,,,
2026-09-08T14:56:19.696130,6,5187,FRAME,688.617,293.204,-3.652,-3.415,266,217,,,
2026-09-08T14:56:19.713802,6,5188,FRAME,684.965,289.788,-3.652,-3.415,266,210,,,
2026-09-08T14:56:19.729331,6,5189,FRAME,681.314,286.373,-3.652,-3.415,266,203,,,
2026-09-08T14:56:19.745743,6,5190,FRAME,677.662,282.958,-3.652,-3.415,266,196,,,
2026-09-08T14:56:19.762739,6,5191,FRAME,674.01,279.542,-3.652,-3.415,266,203,,,
2026-09-08T14:56:19.779756,6,5192,FRAME,670.358,276.127,-3.652,-3.415,266,196,,,
2026-09-08T14:56:19.795782,6,5193,FRAME,666.707,272.712,-3.652,-3.415,266,203,,,
2026-09-08T14:56:19.813902,6,5194,FRAME,663.055,269.296,-3.652,-3.415,266,196,,,
2026-09-08T14:56:19.828693,6,5195,FRAME,659.403,265.881,-3.652,-3.415,266,203,,,
2026-09-08T14:56:19.845639,6,5196,FRAME,655.752,262.465,-3.652,-3.415,266,196,,,
2026-09-08T14:56:19.862649,6,5197,FRAME,652.1,259.05,-3.652,-3.415,266,203,,,
2026-09-08T14:56:19.878814,6,5198,FRAME,648.448,255.635,-3.652,-3.415,266,196,,,
2026-09-08T14:56:19.895888,6,5199,FRAME,644.796,252.219,-3.652,-3.415,266,203,,,
2026-09-08T14:56:19.911921,6,5200,FRAME,641.145,248.804,-3.652,-3.415,266,196,,,
2026-09-08T14:56:19.929638,6,5201,FRAME,637.493,245.388,-3.652,-3.415,266,203,,,
2026-09-08T14:56:19.945054,6,5202,FRAME,633.841,241.973,-3.652,-3.415,266,196,,,
2026-09-08T14:56:19.961211,6,5203,FRAME,630.189,238.558,-3.652,-3.415,266,203,,,
2026-09-08T14:56:19.979386,6,5204,FRAME,626.538,235.142,-3.652,-3.415,266,196,,,
2026-09-08T14:56:19.997050,6,5205,FRAME,622.886,231.727,-3.652,-3.415,266,203,,,
2026-09-08T14:56:20.012792,6,5206,FRAME,619.234,228.312,-3.652,-3.415,266,196,,,
2026-09-08T14:56:20.030082,6,5207,FRAME,615.582,224.896,-3.652,-3.415,266,203,,,
2026-09-08T14:56:20.047673,6,5208,FRAME,611.931,221.481,-3.652,-3.415,266,196,,,
2026-09-08T14:56:20.062947,6,5209,FRAME,608.279,218.065,-3.652,-3.415,266,203,,,
2026-09-08T14:56:20.079638,6,5210,FRAME,604.627,214.65,-3.652,-3.415,266,196,,,
2026-09-08T14:56:20.096087,6,5211,FRAME,600.976,211.235,-3.652,-3.415,266,203,,,
2026-09-08T14:56:20.112282,6,5212,FRAME,597.324,207.819,-3.652,-3.415,259,196,,,
2026-09-08T14:56:20.127728,6,5213,FRAME,593.672,204.404,-3.652,-3.415,252,203,,,
2026-09-08T14:56:20.143531,6,5214,FRAME,590.02,200.988,-3.652,-3.415,245,196,,,
2026-09-08T14:56:20.159777,6,5215,FRAME,586.369,197.573,-3.652,-3.415,238,203,,,
2026-09-08T14:56:20.175640,6,5216,FRAME,582.717,194.158,-3.652,-3.415,231,196,,,
2026-09-08T14:56:20.191915,6,5217,FRAME,579.065,190.742,-3.652,-3.415,224,203,,,
2026-09-08T14:56:20.208182,6,5218,FRAME,575.413,187.327,-3.652,-3.415,217,196,,,
2026-09-08T14:56:20.225907,6,5219,FRAME,571.762,183.912,-3.652,-3.415,210,203,,,
2026-09-08T14:56:20.241335,6,5220,FRAME,568.11,180.496,-3.652,-3.415,203,196,,,
2026-09-08T14:56:20.258929,6,5221,FRAME,564.458,177.081,-3.652,-3.415,196,203,,,
2026-09-08T14:56:20.275895,6,5222,FRAME,560.807,173.665,-3.652,-3.415,189,196,,,
2026-09-08T14:56:20.292474,6,5223,FRAME,557.155,170.25,-3.652,-3.415,182,203,,,
2026-09-08T14:56:20.309373,6,5224,FRAME,553.503,166.835,-3.652,-3.415,182,196,,,
2026-09-08T14:56:20.325761,6,5225,FRAME,549.851,163.419,-3.652,-3.415,182,203,,,
2026-09-08T14:56:20.341581,6,5226,FRAME,546.2,160.004,-3.652,-3.415,182,196,,,
2026-09-08T14:56:20.358043,6,5227,FRAME,542.548,156.588,-3.652,-3.415,182,203,,,
2026-09-08T14:56:20.373591,6,5228,FRAME,538.896,153.173,-3.652,-3.415,182,196,,,
2026-09-08T14:56:20.390757,6,5229,FRAME,535.244,149.758,-3.652,-3.415,182,203,,,
2026-09-08T14:56:20.406126,6,5230,FRAME,531.593,146.342,-3.652,-3.415,182,196,,,
2026-09-08T14:56:20.422395,6,5231,FRAME,527.941,142.927,-3.652,-3.415,182,203,,,
2026-09-08T14:56:20.439738,6,5232,FRAME,524.289,139.512,-3.652,-3.415,182,196,,,
2026-09-08T14:56:20.455620,6,5233,FRAME,520.637,136.096,-3.652,-3.415,182,203,,,
2026-09-08T14:56:20.472535,6,5234,FRAME,516.986,132.681,-3.652,-3.415,175,196,,,
2026-09-08T14:56:20.487648,6,5235,FRAME,513.334,129.265,-3.652,-3.415,168,203,,,
2026-09-08T14:56:20.505209,6,5236,FRAME,509.682,125.85,-3.652,-3.415,161,196,,,
2026-09-08T14:56:20.521742,6,5237,FRAME,506.031,122.435,-3.652,-3.415,154,203,,,
2026-09-08T14:56:20.537463,6,5238,FRAME,502.379,119.019,-3.652,-3.415,147,196,,,
2026-09-08T14:56:20.555194,6,5239,FRAME,498.727,115.604,-3.652,-3.415,140,203,,,
2026-09-08T14:56:20.571763,6,5240,FRAME,495.075,112.188,-3.652,-3.415,133,196,,,
2026-09-08T14:56:20.588472,6,5241,FRAME,491.424,108.773,-3.652,-3.415,126,203,,,
2026-09-08T14:56:20.604997,6,5242,FRAME,487.772,105.358,-3.652,-3.415,119,196,,,
2026-09-08T14:56:20.620531,6,5243,FRAME,484.12,101.942,-3.652,-3.415,112,203,,,
2026-09-08T14:56:20.637382,6,5244,FRAME,480.468,98.527,-3.652,-3.415,112,196,,,
2026-09-08T14:56:20.655460,6,5245,FRAME,476.817,95.111,-3.652,-3.415,112,203,,,
2026-09-08T14:56:20.671111,6,5246,FRAME,473.165,91.696,-3.652,-3.415,112,196,,,
2026-09-08T14:56:20.686741,6,5247,FRAME,469.513,88.281,-3.652,-3.415,112,203,,,
2026-09-08T14:56:20.703589,6,5248,FRAME,465.862,84.865,-3.652,-3.415,112,196,,,
2026-09-08T14:56:20.720046,6,5249,FRAME,462.21,81.45,-3.652,-3.415,112,203,,,
2026-09-08T14:56:20.735971,6,5250,FRAME,458.558,78.035,-3.652,-3.415,112,196,,,
2026-09-08T14:56:20.752436,6,5251,FRAME,454.906,74.619,-3.652,-3.415,112,203,,,
2026-09-08T14:56:20.768932,6,5252,FRAME,451.255,71.204,-3.652,-3.415,112,196,,,
2026-09-08T14:56:20.785720,6,5253,FRAME,447.603,67.788,-3.652,-3.415,112,203,,,
2026-09-08T14:56:20.801848,6,5254,FRAME,443.951,64.373,-3.652,-3.415,112,196,,,
2026-09-08T14:56:20.817750,6,5255,FRAME,440.299,60.958,-3.652,-3.415,105,203,,,
2026-09-08T14:56:20.834492,6,5256,FRAME,436.648,57.542,-3.652,-3.415,98,196,,,
2026-09-08T14:56:20.850305,6,5257,FRAME,432.996,54.127,-3.652,-3.415,91,203,,,
2026-09-08T14:56:20.867785,6,5258,FRAME,429.344,50.711,-3.652,-3.415,84,196,,,
2026-09-08T14:56:20.883021,6,5259,FRAME,425.692,47.296,-3.652,-3.415,77,203,,,
2026-09-08T14:56:20.898989,6,5260,FRAME,422.041,43.881,-3.652,-3.415,70,196,,,
2026-09-08T14:56:20.915966,6,5261,FRAME,418.389,40.465,-3.652,-3.415,63,203,,,
2026-09-08T14:56:20.932099,6,5262,FRAME,414.737,37.05,-3.652,-3.415,56,196,,,
2026-09-08T14:56:20.948273,6,5263,FRAME,411.086,33.635,-3.652,-3.415,49,203,,,
2026-09-08T14:56:20.965460,6,5264,FRAME,407.434,30.219,-3.652,-3.415,42,196,,,
2026-09-08T14:56:20.982716,6,5265,FRAME,403.782,26.804,-3.652,-3.415,35,203,,,
2026-09-08T14:56:20.999309,6,5266,FRAME,400.13,23.388,-3.652,-3.415,35,196,,,
2026-09-08T14:56:21.016647,6,5267,FRAME,396.479,19.973,-3.652,-3.415,35,203,,,
2026-09-08T14:56:21.032334,6,5268,FRAME,392.827,16.558,-3.652,-3.415,35,196,,,
2026-09-08T14:56:21.049070,6,5269,FRAME,389.175,13.142,-3.652,-3.415,35,203,,,
2026-09-08T14:56:21.064889,6,5270,FRAME,385.523,9.727,-3.652,-3.415,35,196,,,
2026-09-08T14:56:21.081477,6,5271,FRAME,381.872,6.311,-3.652,-3.415,35,203,,,
2026-09-08T14:56:21.099139,6,5272,FRAME,378.22,2.896,-3.652,-3.415,35,196,,,
2026-09-08T14:56:21.113996,6,5273,WALL_BOUNCE,374.568,0,-3.652,3.415,35,203,,,
2026-09-08T14:56:21.113996,6,5274,FRAME,374.568,0,-3.652,3.415,35,203,,,
2026-09-08T14:56:21.130478,6,5275,FRAME,370.916,3.415,-3.652,3.415,35,196,,,
2026-09-08T14:56:21.148425,6,5276,FRAME,367.265,6.831,-3.652,3.415,35,203,,,
2026-09-08T14:56:21.164954,6,5277,FRAME,363.613,10.246,-3.652,3.415,35,196,,,
2026-09-08T14:56:21.181393,6,5278,FRAME,359.961,13.662,-3.652,3.415,35,203,,,
2026-09-08T14:56:21.197744,6,5279,FRAME,356.31,17.077,-3.652,3.415,35,196,,,
2026-09-08T14:56:21.213937,6,5280,FRAME,352.658,20.492,-3.652,3.415,35,203,,,
2026-09-08T14:56:21.230112,6,5281,FRAME,349.006,23.908,-3.652,3.415,35,196,,,
2026-09-08T14:56:21.246251,6,5282,FRAME,345.354,27.323,-3.652,3.415,35,203,,,
2026-09-08T14:56:21.263432,6,5283,FRAME,341.703,30.738,-3.652,3.415,35,196,,,
2026-09-08T14:56:21.280312,6,5284,FRAME,338.051,34.154,-3.652,3.415,35,203,,,
2026-09-08T14:56:21.296768,6,5285,FRAME,334.399,37.569,-3.652,3.415,35,196,,,
2026-09-08T14:56:21.313106,6,5286,FRAME,330.747,40.985,-3.652,3.415,35,203,,,
2026-09-08T14:56:21.329309,6,5287,FRAME,327.096,44.4,-3.652,3.415,35,196,,,
2026-09-08T14:56:21.346999,6,5288,FRAME,323.444,47.815,-3.652,3.415,35,203,,,
2026-09-08T14:56:21.364132,6,5289,FRAME,319.792,51.231,-3.652,3.415,35,196,,,
2026-09-08T14:56:21.379698,6,5290,FRAME,316.141,54.646,-3.652,3.415,35,203,,,
2026-09-08T14:56:21.395894,6,5291,FRAME,312.489,58.062,-3.652,3.415,35,196,,,
2026-09-08T14:56:21.412724,6,5292,FRAME,308.837,61.477,-3.652,3.415,35,203,,,
2026-09-08T14:56:21.428170,6,5293,FRAME,305.185,64.892,-3.652,3.415,35,196,,,
2026-09-08T14:56:21.445583,6,5294,FRAME,301.534,68.308,-3.652,3.415,35,203,,,
2026-09-08T14:56:21.462553,6,5295,FRAME,297.882,71.723,-3.652,3.415,42,196,,,
2026-09-08T14:56:21.477071,6,5296,FRAME,294.23,75.138,-3.652,3.415,49,203,,,
2026-09-08T14:56:21.493190,6,5297,FRAME,290.578,78.554,-3.652,3.415,56,196,,,
2026-09-08T14:56:21.510660,6,5298,FRAME,286.927,81.969,-3.652,3.415,63,203,,,
2026-09-08T14:56:21.527616,6,5299,FRAME,283.275,85.385,-3.652,3.415,70,196,,,
2026-09-08T14:56:21.543691,6,5300,FRAME,279.623,88.8,-3.652,3.415,77,203,,,
2026-09-08T14:56:21.560179,6,5301,FRAME,275.971,92.215,-3.652,3.415,84,196,,,
2026-09-08T14:56:21.577870,6,5302,FRAME,272.32,95.631,-3.652,3.415,91,203,,,
2026-09-08T14:56:21.593466,6,5303,FRAME,268.668,99.046,-3.652,3.415,98,196,,,
2026-09-08T14:56:21.610666,6,5304,FRAME,265.016,102.462,-3.652,3.415,98,203,,,
2026-09-08T14:56:21.627015,6,5305,FRAME,261.365,105.877,-3.652,3.415,98,196,,,
2026-09-08T14:56:21.642302,6,5306,FRAME,257.713,109.292,-3.652,3.415,98,203,,,
2026-09-08T14:56:21.659146,6,5307,FRAME,254.061,112.708,-3.652,3.415,98,196,,,
2026-09-08T14:56:21.677229,6,5308,FRAME,250.409,116.123,-3.652,3.415,98,203,,,
2026-09-08T14:56:21.694094,6,5309,FRAME,246.758,119.539,-3.652,3.415,98,196,,,
2026-09-08T14:56:21.711013,6,5310,FRAME,243.106,122.954,-3.652,3.415,98,203,,,
2026-09-08T14:56:21.727002,6,5311,FRAME,239.454,126.369,-3.652,3.415,98,196,,,
2026-09-08T14:56:21.743085,6,5312,FRAME,235.802,129.785,-3.652,3.415,98,203,,,
2026-09-08T14:56:21.759313,6,5313,FRAME,232.151,133.2,-3.652,3.415,98,196,,,
2026-09-08T14:56:21.776144,6,5314,FRAME,228.499,136.615,-3.652,3.415,98,203,,,
2026-09-08T14:56:21.794035,6,5315,FRAME,224.847,140.031,-3.652,3.415,98,196,,,
2026-09-08T14:56:21.810947,6,5316,FRAME,221.196,143.446,-3.652,3.415,98,203,,,
2026-09-08T14:56:21.827841,6,5317,FRAME,217.544,146.862,-3.652,3.415,98,196,,,
2026-09-08T14:56:21.845030,6,5318,FRAME,213.892,150.277,-3.652,3.415,98,203,,,
2026-09-08T14:56:21.860447,6,5319,FRAME,210.24,153.692,-3.652,3.415,98,196,,,
2026-09-08T14:56:21.877820,6,5320,FRAME,206.589,157.108,-3.652,3.415,98,203,,,
2026-09-08T14:56:21.893754,6,5321,FRAME,202.937,160.523,-3.652,3.415,98,196,,,
2026-09-08T14:56:21.909580,6,5322,FRAME,199.285,163.939,-3.652,3.415,98,203,,,
2026-09-08T14:56:21.926592,6,5323,FRAME,195.633,167.354,-3.652,3.415,98,196,,,
2026-09-08T14:56:21.941967,6,5324,FRAME,191.982,170.769,-3.652,3.415,98,203,,,
2026-09-08T14:56:21.958908,6,5325,FRAME,188.33,174.185,-3.652,3.415,98,196,,,
2026-09-08T14:56:21.976142,6,5326,FRAME,184.678,177.6,-3.652,3.415,98,203,,,
2026-09-08T14:56:21.991531,6,5327,FRAME,181.026,181.015,-3.652,3.415,98,196,,,
2026-09-08T14:56:22.009417,6,5328,FRAME,177.375,184.431,-3.652,3.415,98,203,,,
2026-09-08T14:56:22.025820,6,5329,FRAME,173.723,187.846,-3.652,3.415,98,196,,,
2026-09-08T14:56:22.041812,6,5330,FRAME,170.071,191.262,-3.652,3.415,98,203,,,
2026-09-08T14:56:22.057798,6,5331,FRAME,166.42,194.677,-3.652,3.415,98,196,,,
2026-09-08T14:56:22.075290,6,5332,FRAME,162.768,198.092,-3.652,3.415,98,203,,,
2026-09-08T14:56:22.091801,6,5333,FRAME,159.116,201.508,-3.652,3.415,105,196,,,
2026-09-08T14:56:22.107767,6,5334,FRAME,155.464,204.923,-3.652,3.415,112,203,,,
2026-09-08T14:56:22.122973,6,5335,FRAME,151.813,208.339,-3.652,3.415,119,196,,,
2026-09-08T14:56:22.139092,6,5336,FRAME,148.161,211.754,-3.652,3.415,126,203,,,
2026-09-08T14:56:22.155058,6,5337,FRAME,144.509,215.169,-3.652,3.415,133,196,,,
2026-09-08T14:56:22.172206,6,5338,FRAME,140.857,218.585,-3.652,3.415,140,203,,,
2026-09-08T14:56:22.189346,6,5339,FRAME,137.206,222.0,-3.652,3.415,147,196,,,
2026-09-08T14:56:22.206762,6,5340,FRAME,133.554,225.415,-3.652,3.415,154,203,,,
2026-09-08T14:56:22.223758,6,5341,FRAME,129.902,228.831,-3.652,3.415,161,196,,,
2026-09-08T14:56:22.240066,6,5342,FRAME,126.251,232.246,-3.652,3.415,168,203,,,
2026-09-08T14:56:22.256187,6,5343,FRAME,122.599,235.662,-3.652,3.415,175,196,,,
2026-09-08T14:56:22.273800,6,5344,FRAME,118.947,239.077,-3.652,3.415,182,203,,,
2026-09-08T14:56:22.290501,6,5345,FRAME,115.295,242.492,-3.652,3.415,189,196,,,
2026-09-08T14:56:22.307848,6,5346,FRAME,111.644,245.908,-3.652,3.415,196,203,,,
2026-09-08T14:56:22.323116,6,5347,FRAME,107.992,249.323,-3.652,3.415,203,196,,,
2026-09-08T14:56:22.340406,6,5348,FRAME,104.34,252.739,-3.652,3.415,210,203,,,
2026-09-08T14:56:22.357963,6,5349,FRAME,100.688,256.154,-3.652,3.415,217,196,,,
2026-09-08T14:56:22.373776,6,5350,FRAME,97.037,259.569,-3.652,3.415,224,203,,,
2026-09-08T14:56:22.391299,6,5351,FRAME,93.385,262.985,-3.652,3.415,231,196,,,
2026-09-08T14:56:22.407604,6,5352,FRAME,89.733,266.4,-3.652,3.415,238,203,,,
2026-09-08T14:56:22.423987,6,5353,FRAME,86.081,269.815,-3.652,3.415,245,196,,,
2026-09-08T14:56:22.440445,6,5354,FRAME,82.43,273.231,-3.652,3.415,252,203,,,
2026-09-08T14:56:22.457176,6,5355,FRAME,78.778,276.646,-3.652,3.415,259,196,,,
2026-09-08T14:56:22.473916,6,5356,FRAME,75.126,280.062,-3.652,3.415,266,203,,,
2026-09-08T14:56:22.490487,6,5357,FRAME,71.475,283.477,-3.652,3.415,273,196,,,
2026-09-08T14:56:22.505950,6,5358,FRAME,67.823,286.892,-3.652,3.415,280,203,,,
2026-09-08T14:56:22.522111,6,5359,FRAME,64.171,290.308,-3.652,3.415,287,196,,,
2026-09-08T14:56:22.538379,6,5360,FRAME,60.519,293.723,-3.652,3.415,294,203,,,
2026-09-08T14:56:22.555085,6,5361,FRAME,56.868,297.139,-3.652,3.415,301,196,,,
2026-09-08T14:56:22.571045,6,5362,FRAME,53.216,300.554,-3.652,3.415,308,203,,,
2026-09-08T14:56:22.587634,6,5363,FRAME,49.564,303.969,-3.652,3.415,315,196,,,
2026-09-08T14:56:22.604929,6,5364,FRAME,45.912,307.385,-3.652,3.415,322,203,,,
2026-09-08T14:56:22.619973,6,5365,FRAME,42.261,310.8,-3.652,3.415,329,196,,,
2026-09-08T14:56:22.637543,6,5366,FRAME,38.609,314.215,-3.652,3.415,336,203,,,
2026-09-08T14:56:22.653777,6,5367,FRAME,34.957,317.631,-3.652,3.415,336,196,,,
2026-09-08T14:56:22.671285,6,5368,FRAME,31.306,321.046,-3.652,3.415,336,203,,,
2026-09-08T14:56:22.687010,6,5369,LEFT_HIT,30,324.462,2.5,-4.33,336,196,-1,-60.0,
2026-09-08T14:56:22.687010,6,5370,FRAME,30,324.462,2.5,-4.33,336,196,,,
2026-09-08T14:56:22.703435,6,5371,FRAME,32.5,320.132,2.5,-4.33,336,189,,,
2026-09-08T14:56:22.719580,6,5372,FRAME,35.0,315.801,2.5,-4.33,336,182,,,
2026-09-08T14:56:22.735857,6,5373,FRAME,37.5,311.471,2.5,-4.33,336,175,,,
2026-09-08T14:56:22.753595,6,5374,FRAME,40.0,307.141,2.5,-4.33,336,168,,,
2026-09-08T14:56:22.768925,6,5375,FRAME,42.5,302.811,2.5,-4.33,336,161,,,
2026-09-08T14:56:22.785630,6,5376,FRAME,45.0,298.481,2.5,-4.33,336,154,,,
2026-09-08T14:56:22.801580,6,5377,FRAME,47.5,294.151,2.5,-4.33,336,147,,,
2026-09-08T14:56:22.818250,6,5378,FRAME,50.0,289.821,2.5,-4.33,336,140,,,
2026-09-08T14:56:22.835283,6,5379,FRAME,52.5,285.491,2.5,-4.33,336,133,,,
2026-09-08T14:56:22.851872,6,5380,FRAME,55.0,281.16,2.5,-4.33,329,126,,,
2026-09-08T14:56:22.868690,6,5381,FRAME,57.5,276.83,2.5,-4.33,322,119,,,
2026-09-08T14:56:22.885265,6,5382,FRAME,60.0,272.5,2.5,-4.33,315,112,,,
2026-09-08T14:56:22.901927,6,5383,FRAME,62.5,268.17,2.5,-4.33,308,105,,,
2026-09-08T14:56:22.918293,6,5384,FRAME,65.0,263.84,2.5,-4.33,301,98,,,
2026-09-08T14:56:22.935341,6,5385,FRAME,67.5,259.51,2.5,-4.33,294,91,,,
2026-09-08T14:56:22.951913,6,5386,FRAME,70.0,255.18,2.5,-4.33,287,84,,,
2026-09-08T14:56:22.967725,6,5387,FRAME,72.5,250.849,2.5,-4.33,280,77,,,
2026-09-08T14:56:22.985022,6,5388,FRAME,75.0,246.519,2.5,-4.33,273,70,,,
2026-09-08T14:56:23.000616,6,5389,FRAME,77.5,242.189,2.5,-4.33,266,63,,,
2026-09-08T14:56:23.016757,6,5390,FRAME,80.0,237.859,2.5,-4.33,259,56,,,
2026-09-08T14:56:23.032816,6,5391,FRAME,82.5,233.529,2.5,-4.33,252,49,,,
2026-09-08T14:56:23.048687,6,5392,FRAME,85.0,229.199,2.5,-4.33,245,42,,,
2026-09-08T14:56:23.066016,6,5393,FRAME,87.5,224.869,2.5,-4.33,238,35,,,
2026-09-08T14:56:23.081612,6,5394,FRAME,90.0,220.539,2.5,-4.33,231,28,,,
2026-09-08T14:56:23.098278,6,5395,FRAME,92.5,216.208,2.5,-4.33,224,21,,,
2026-09-08T14:56:23.115334,6,5396,FRAME,95.0,211.878,2.5,-4.33,217,28,,,
2026-09-08T14:56:23.133202,6,5397,FRAME,97.5,207.548,2.5,-4.33,210,21,,,
2026-09-08T14:56:23.150129,6,5398,FRAME,100.0,203.218,2.5,-4.33,203,28,,,
2026-09-08T14:56:23.166820,6,5399,FRAME,102.5,198.888,2.5,-4.33,196,21,,,
2026-09-08T14:56:23.183036,6,5400,FRAME,105.0,194.558,2.5,-4.33,189,28,,,
2026-09-08T14:56:23.199588,6,5401,FRAME,107.5,190.228,2.5,-4.33,182,21,,,
2026-09-08T14:56:23.218661,6,5402,FRAME,110.0,185.898,2.5,-4.33,175,28,,,
2026-09-08T14:56:23.232699,6,5403,FRAME,112.5,181.567,2.5,-4.33,168,21,,,
2026-09-08T14:56:23.248400,6,5404,FRAME,115.0,177.237,2.5,-4.33,161,28,,,
2026-09-08T14:56:23.266549,6,5405,FRAME,117.5,172.907,2.5,-4.33,154,21,,,
2026-09-08T14:56:23.282302,6,5406,FRAME,120.0,168.577,2.5,-4.33,147,28,,,
2026-09-08T14:56:23.298731,6,5407,FRAME,122.5,164.247,2.5,-4.33,140,21,,,
2026-09-08T14:56:23.315170,6,5408,FRAME,125.0,159.917,2.5,-4.33,140,28,,,
2026-09-08T14:56:23.333115,6,5409,FRAME,127.5,155.587,2.5,-4.33,140,21,,,
2026-09-08T14:56:23.348922,6,5410,FRAME,130.0,151.257,2.5,-4.33,140,28,,,
2026-09-08T14:56:23.365819,6,5411,FRAME,132.5,146.926,2.5,-4.33,140,21,,,
2026-09-08T14:56:23.382600,6,5412,FRAME,135.0,142.596,2.5,-4.33,140,28,,,
2026-09-08T14:56:23.398893,6,5413,FRAME,137.5,138.266,2.5,-4.33,140,21,,,
2026-09-08T14:56:23.415751,6,5414,FRAME,140.0,133.936,2.5,-4.33,140,28,,,
2026-09-08T14:56:23.432860,6,5415,FRAME,142.5,129.606,2.5,-4.33,140,21,,,
2026-09-08T14:56:23.448737,6,5416,FRAME,145.0,125.276,2.5,-4.33,140,28,,,
2026-09-08T14:56:23.465453,6,5417,FRAME,147.5,120.946,2.5,-4.33,140,21,,,
2026-09-08T14:56:23.481473,6,5418,FRAME,150.0,116.616,2.5,-4.33,140,28,,,
2026-09-08T14:56:23.498168,6,5419,FRAME,152.5,112.285,2.5,-4.33,140,21,,,
2026-09-08T14:56:23.514022,6,5420,FRAME,155.0,107.955,2.5,-4.33,140,28,,,
2026-09-08T14:56:23.530003,6,5421,FRAME,157.5,103.625,2.5,-4.33,140,21,,,
2026-09-08T14:56:23.545820,6,5422,FRAME,160.0,99.295,2.5,-4.33,140,28,,,
2026-09-08T14:56:23.562132,6,5423,FRAME,162.5,94.965,2.5,-4.33,140,21,,,
2026-09-08T14:56:23.578505,6,5424,FRAME,165.0,90.635,2.5,-4.33,140,28,,,
2026-09-08T14:56:23.593569,6,5425,FRAME,167.5,86.305,2.5,-4.33,140,21,,,
2026-09-08T14:56:23.609610,6,5426,FRAME,170.0,81.975,2.5,-4.33,140,28,,,
2026-09-08T14:56:23.625868,6,5427,FRAME,172.5,77.644,2.5,-4.33,140,21,,,
2026-09-08T14:56:23.642357,6,5428,FRAME,175.0,73.314,2.5,-4.33,140,28,,,
2026-09-08T14:56:23.659754,6,5429,FRAME,177.5,68.984,2.5,-4.33,140,21,,,
2026-09-08T14:56:23.675706,6,5430,FRAME,180.0,64.654,2.5,-4.33,140,28,,,
2026-09-08T14:56:23.692610,6,5431,FRAME,182.5,60.324,2.5,-4.33,140,21,,,
2026-09-08T14:56:23.710038,6,5432,FRAME,185.0,55.994,2.5,-4.33,140,28,,,
2026-09-08T14:56:23.725741,6,5433,FRAME,187.5,51.664,2.5,-4.33,140,21,,,
2026-09-08T14:56:23.741452,6,5434,FRAME,190.0,47.334,2.5,-4.33,140,28,,,
2026-09-08T14:56:23.758809,6,5435,FRAME,192.5,43.003,2.5,-4.33,140,21,,,
2026-09-08T14:56:23.774907,6,5436,FRAME,195.0,38.673,2.5,-4.33,140,28,,,
2026-09-08T14:56:23.790457,6,5437,FRAME,197.5,34.343,2.5,-4.33,140,21,,,
2026-09-08T14:56:23.807307,6,5438,FRAME,200.0,30.013,2.5,-4.33,140,28,,,
2026-09-08T14:56:23.823825,6,5439,FRAME,202.5,25.683,2.5,-4.33,140,21,,,
2026-09-08T14:56:23.840348,6,5440,FRAME,205.0,21.353,2.5,-4.33,140,28,,,
2026-09-08T14:56:23.858033,6,5441,FRAME,207.5,17.023,2.5,-4.33,140,21,,,
2026-09-08T14:56:23.875186,6,5442,FRAME,210.0,12.692,2.5,-4.33,140,28,,,
2026-09-08T14:56:23.892535,6,5443,FRAME,212.5,8.362,2.5,-4.33,140,21,,,
2026-09-08T14:56:23.909555,6,5444,FRAME,215.0,4.032,2.5,-4.33,140,28,,,
2026-09-08T14:56:23.925837,6,5445,WALL_BOUNCE,217.5,0,2.5,4.33,140,21,,,
2026-09-08T14:56:23.925837,6,5446,FRAME,217.5,0,2.5,4.33,140,21,,,
2026-09-08T14:56:23.942369,6,5447,FRAME,220.0,4.33,2.5,4.33,140,28,,,
2026-09-08T14:56:23.959788,6,5448,FRAME,222.5,8.66,2.5,4.33,140,21,,,
2026-09-08T14:56:23.975333,6,5449,FRAME,225.0,12.99,2.5,4.33,140,28,,,
2026-09-08T14:56:23.992241,6,5450,FRAME,227.5,17.321,2.5,4.33,140,21,,,
2026-09-08T14:56:24.009945,6,5451,FRAME,230.0,21.651,2.5,4.33,140,28,,,
2026-09-08T14:56:24.026567,6,5452,FRAME,232.5,25.981,2.5,4.33,140,21,,,
2026-09-08T14:56:24.042301,6,5453,FRAME,235.0,30.311,2.5,4.33,140,28,,,
2026-09-08T14:56:24.060847,6,5454,FRAME,237.5,34.641,2.5,4.33,140,21,,,
2026-09-08T14:56:24.077173,6,5455,FRAME,240.0,38.971,2.5,4.33,140,28,,,
2026-09-08T14:56:24.092553,6,5456,FRAME,242.5,43.301,2.5,4.33,140,21,,,
2026-09-08T14:56:24.110096,6,5457,FRAME,245.0,47.631,2.5,4.33,140,28,,,
2026-09-08T14:56:24.126021,6,5458,FRAME,247.5,51.962,2.5,4.33,140,21,,,
2026-09-08T14:56:24.142388,6,5459,FRAME,250.0,56.292,2.5,4.33,140,28,,,
2026-09-08T14:56:24.159992,6,5460,FRAME,252.5,60.622,2.5,4.33,140,21,,,
2026-09-08T14:56:24.175996,6,5461,FRAME,255.0,64.952,2.5,4.33,140,28,,,
2026-09-08T14:56:24.193622,6,5462,FRAME,257.5,69.282,2.5,4.33,140,21,,,
2026-09-08T14:56:24.210168,6,5463,FRAME,260.0,73.612,2.5,4.33,140,28,,,
2026-09-08T14:56:24.226447,6,5464,FRAME,262.5,77.942,2.5,4.33,140,21,,,
2026-09-08T14:56:24.243686,6,5465,FRAME,265.0,82.272,2.5,4.33,140,28,,,
2026-09-08T14:56:24.260349,6,5466,FRAME,267.5,86.603,2.5,4.33,140,21,,,
2026-09-08T14:56:24.276997,6,5467,FRAME,270.0,90.933,2.5,4.33,140,28,,,
2026-09-08T14:56:24.292304,6,5468,FRAME,272.5,95.263,2.5,4.33,140,21,,,
2026-09-08T14:56:24.309549,6,5469,FRAME,275.0,99.593,2.5,4.33,140,28,,,
2026-09-08T14:56:24.325974,6,5470,FRAME,277.5,103.923,2.5,4.33,140,21,,,
2026-09-08T14:56:24.340860,6,5471,FRAME,280.0,108.253,2.5,4.33,140,28,,,
2026-09-08T14:56:24.357726,6,5472,FRAME,282.5,112.583,2.5,4.33,140,21,,,
2026-09-08T14:56:24.373055,6,5473,FRAME,285.0,116.913,2.5,4.33,140,28,,,
2026-09-08T14:56:24.390391,6,5474,FRAME,287.5,121.244,2.5,4.33,140,21,,,
2026-09-08T14:56:24.407987,6,5475,FRAME,290.0,125.574,2.5,4.33,140,28,,,
2026-09-08T14:56:24.424047,6,5476,FRAME,292.5,129.904,2.5,4.33,140,21,,,
2026-09-08T14:56:24.440463,6,5477,FRAME,295.0,134.234,2.5,4.33,140,28,,,
2026-09-08T14:56:24.458630,6,5478,FRAME,297.5,138.564,2.5,4.33,140,21,,,
2026-09-08T14:56:24.474934,6,5479,FRAME,300.0,142.894,2.5,4.33,140,28,,,
2026-09-08T14:56:24.491163,6,5480,FRAME,302.5,147.224,2.5,4.33,140,21,,,
2026-09-08T14:56:24.509680,6,5481,FRAME,305.0,151.554,2.5,4.33,140,28,,,
2026-09-08T14:56:24.525416,6,5482,FRAME,307.5,155.885,2.5,4.33,140,21,,,
2026-09-08T14:56:24.541278,6,5483,FRAME,310.0,160.215,2.5,4.33,140,28,,,
2026-09-08T14:56:24.558969,6,5484,FRAME,312.5,164.545,2.5,4.33,140,21,,,
2026-09-08T14:56:24.575843,6,5485,FRAME,315.0,168.875,2.5,4.33,140,28,,,
2026-09-08T14:56:24.591476,6,5486,FRAME,317.5,173.205,2.5,4.33,140,21,,,
2026-09-08T14:56:24.607604,6,5487,FRAME,320.0,177.535,2.5,4.33,140,28,,,
2026-09-08T14:56:24.623793,6,5488,FRAME,322.5,181.865,2.5,4.33,140,21,,,
2026-09-08T14:56:24.639804,6,5489,FRAME,325.0,186.195,2.5,4.33,140,28,,,
2026-09-08T14:56:24.655798,6,5490,FRAME,327.5,190.526,2.5,4.33,140,21,,,
2026-09-08T14:56:24.671990,6,5491,FRAME,330.0,194.856,2.5,4.33,140,28,,,
2026-09-08T14:56:24.688401,6,5492,FRAME,332.5,199.186,2.5,4.33,140,21,,,
2026-09-08T14:56:24.706507,6,5493,FRAME,335.0,203.516,2.5,4.33,140,28,,,
2026-09-08T14:56:24.722617,6,5494,FRAME,337.5,207.846,2.5,4.33,140,21,,,
2026-09-08T14:56:24.739068,6,5495,FRAME,340.0,212.176,2.5,4.33,140,28,,,
2026-09-08T14:56:24.756937,6,5496,FRAME,342.5,216.506,2.5,4.33,140,21,,,
2026-09-08T14:56:24.772964,6,5497,FRAME,345.0,220.836,2.5,4.33,140,28,,,
2026-09-08T14:56:24.788672,6,5498,FRAME,347.5,225.167,2.5,4.33,140,21,,,
2026-09-08T14:56:24.805794,6,5499,FRAME,350.0,229.497,2.5,4.33,140,28,,,
2026-09-08T14:56:24.822612,6,5500,FRAME,352.5,233.827,2.5,4.33,140,21,,,
2026-09-08T14:56:24.839965,6,5501,FRAME,355.0,238.157,2.5,4.33,140,28,,,
2026-09-08T14:56:24.858288,6,5502,FRAME,357.5,242.487,2.5,4.33,140,21,,,
2026-09-08T14:56:24.875042,6,5503,FRAME,360.0,246.817,2.5,4.33,140,28,,,
2026-09-08T14:56:24.892264,6,5504,FRAME,362.5,251.147,2.5,4.33,140,21,,,
2026-09-08T14:56:24.909592,6,5505,FRAME,365.0,255.477,2.5,4.33,140,28,,,
2026-09-08T14:56:24.925681,6,5506,FRAME,367.5,259.808,2.5,4.33,140,21,,,
2026-09-08T14:56:24.942652,6,5507,FRAME,370.0,264.138,2.5,4.33,140,28,,,
2026-09-08T14:56:24.959471,6,5508,FRAME,372.5,268.468,2.5,4.33,140,21,,,
2026-09-08T14:56:24.975979,6,5509,FRAME,375.0,272.798,2.5,4.33,140,28,,,
2026-09-08T14:56:24.992336,6,5510,FRAME,377.5,277.128,2.5,4.33,140,21,,,
2026-09-08T14:56:25.009681,6,5511,FRAME,380.0,281.458,2.5,4.33,140,28,,,
2026-09-08T14:56:25.027638,6,5512,FRAME,382.5,285.788,2.5,4.33,140,21,,,
2026-09-08T14:56:25.043742,6,5513,FRAME,385.0,290.119,2.5,4.33,140,28,,,
2026-09-08T14:56:25.059966,6,5514,FRAME,387.5,294.449,2.5,4.33,140,21,,,
2026-09-08T14:56:25.077087,6,5515,FRAME,390.0,298.779,2.5,4.33,140,28,,,
2026-09-08T14:56:25.093303,6,5516,FRAME,392.5,303.109,2.5,4.33,140,21,,,
2026-09-08T14:56:25.109837,6,5517,FRAME,395.0,307.439,2.5,4.33,140,28,,,
2026-09-08T14:56:25.126054,6,5518,FRAME,397.5,311.769,2.5,4.33,140,21,,,
2026-09-08T14:56:25.141730,6,5519,FRAME,400.0,316.099,2.5,4.33,140,28,,,
2026-09-08T14:56:25.157675,6,5520,FRAME,402.5,320.429,2.5,4.33,140,21,,,
2026-09-08T14:56:25.175812,6,5521,FRAME,405.0,324.76,2.5,4.33,140,28,,,
2026-09-08T14:56:25.192893,6,5522,FRAME,407.5,329.09,2.5,4.33,140,21,,,
2026-09-08T14:56:25.208875,6,5523,FRAME,410.0,333.42,2.5,4.33,140,28,,,
2026-09-08T14:56:25.225250,6,5524,FRAME,412.5,337.75,2.5,4.33,140,21,,,
2026-09-08T14:56:25.242086,6,5525,FRAME,415.0,342.08,2.5,4.33,140,28,,,
2026-09-08T14:56:25.258770,6,5526,FRAME,417.5,346.41,2.5,4.33,140,21,,,
2026-09-08T14:56:25.275950,6,5527,FRAME,420.0,350.74,2.5,4.33,140,28,,,
2026-09-08T14:56:25.292336,6,5528,FRAME,422.5,355.07,2.5,4.33,140,21,,,
2026-09-08T14:56:25.307844,6,5529,FRAME,425.0,359.401,2.5,4.33,140,28,,,
2026-09-08T14:56:25.323922,6,5530,FRAME,427.5,363.731,2.5,4.33,140,21,,,
2026-09-08T14:56:25.339833,6,5531,FRAME,430.0,368.061,2.5,4.33,140,28,,,
2026-09-08T14:56:25.355998,6,5532,FRAME,432.5,372.391,2.5,4.33,140,21,,,
2026-09-08T14:56:25.373212,6,5533,FRAME,435.0,376.721,2.5,4.33,140,28,,,
2026-09-08T14:56:25.390701,6,5534,FRAME,437.5,381.051,2.5,4.33,140,21,,,
2026-09-08T14:56:25.407005,6,5535,FRAME,440.0,385.381,2.5,4.33,140,28,,,
2026-09-08T14:56:25.423518,6,5536,FRAME,442.5,389.711,2.5,4.33,140,21,,,
2026-09-08T14:56:25.439532,6,5537,FRAME,445.0,394.042,2.5,4.33,140,28,,,
2026-09-08T14:56:25.456540,6,5538,FRAME,447.5,398.372,2.5,4.33,140,21,,,
2026-09-08T14:56:25.473791,6,5539,FRAME,450.0,402.702,2.5,4.33,140,28,,,
2026-09-08T14:56:25.489624,6,5540,FRAME,452.5,407.032,2.5,4.33,140,21,,,
2026-09-08T14:56:25.507133,6,5541,FRAME,455.0,411.362,2.5,4.33,140,28,,,
2026-09-08T14:56:25.522547,6,5542,FRAME,457.5,415.692,2.5,4.33,140,21,,,
2026-09-08T14:56:25.538468,6,5543,FRAME,460.0,420.022,2.5,4.33,140,28,,,
2026-09-08T14:56:25.555490,6,5544,FRAME,462.5,424.352,2.5,4.33,140,21,,,
2026-09-08T14:56:25.572837,6,5545,FRAME,465.0,428.683,2.5,4.33,140,28,,,
2026-09-08T14:56:25.588719,6,5546,FRAME,467.5,433.013,2.5,4.33,140,21,,,
2026-09-08T14:56:25.606002,6,5547,FRAME,470.0,437.343,2.5,4.33,140,28,,,
2026-09-08T14:56:25.621767,6,5548,FRAME,472.5,441.673,2.5,4.33,140,21,,,
2026-09-08T14:56:25.638190,6,5549,FRAME,475.0,446.003,2.5,4.33,140,28,,,
2026-09-08T14:56:25.655880,6,5550,FRAME,477.5,450.333,2.5,4.33,140,21,,,
2026-09-08T14:56:25.672277,6,5551,FRAME,480.0,454.663,2.5,4.33,140,28,,,
2026-09-08T14:56:25.688774,6,5552,FRAME,482.5,458.993,2.5,4.33,140,21,,,
2026-09-08T14:56:25.705933,6,5553,FRAME,485.0,463.324,2.5,4.33,140,28,,,
2026-09-08T14:56:25.727573,6,5554,FRAME,487.5,467.654,2.5,4.33,140,21,,,
2026-09-08T14:56:25.739557,6,5555,FRAME,490.0,471.984,2.5,4.33,140,28,,,
2026-09-08T14:56:25.755839,6,5556,FRAME,492.5,476.314,2.5,4.33,140,21,,,
2026-09-08T14:56:25.772925,6,5557,FRAME,495.0,480.644,2.5,4.33,140,28,,,
2026-09-08T14:56:25.789775,6,5558,FRAME,497.5,484.974,2.5,4.33,140,21,,,
2026-09-08T14:56:25.806726,6,5559,WALL_BOUNCE,500.0,488,2.5,-4.33,140,28,,,
2026-09-08T14:56:25.806726,6,5560,FRAME,500.0,488,2.5,-4.33,140,28,,,
2026-09-08T14:56:25.823211,6,5561,FRAME,502.5,483.67,2.5,-4.33,140,21,,,
2026-09-08T14:56:25.840638,6,5562,FRAME,505.0,479.34,2.5,-4.33,140,28,,,
2026-09-08T14:56:25.855925,6,5563,FRAME,507.5,475.01,2.5,-4.33,140,21,,,
2026-09-08T14:56:25.872401,6,5564,FRAME,510.0,470.679,2.5,-4.33,140,28,,,
2026-09-08T14:56:25.889896,6,5565,FRAME,512.5,466.349,2.5,-4.33,140,21,,,
2026-09-08T14:56:25.905682,6,5566,FRAME,515.0,462.019,2.5,-4.33,140,28,,,
2026-09-08T14:56:25.921932,6,5567,FRAME,517.5,457.689,2.5,-4.33,140,21,,,
2026-09-08T14:56:25.939706,6,5568,FRAME,520.0,453.359,2.5,-4.33,140,28,,,
2026-09-08T14:56:25.955730,6,5569,FRAME,522.5,449.029,2.5,-4.33,140,21,,,
2026-09-08T14:56:25.972796,6,5570,FRAME,525.0,444.699,2.5,-4.33,140,28,,,
2026-09-08T14:56:25.989474,6,5571,FRAME,527.5,440.369,2.5,-4.33,140,21,,,
2026-09-08T14:56:26.006043,6,5572,FRAME,530.0,436.038,2.5,-4.33,140,28,,,
2026-09-08T14:56:26.021709,6,5573,FRAME,532.5,431.708,2.5,-4.33,140,21,,,
2026-09-08T14:56:26.038062,6,5574,FRAME,535.0,427.378,2.5,-4.33,140,28,,,
2026-09-08T14:56:26.056018,6,5575,FRAME,537.5,423.048,2.5,-4.33,140,21,,,
2026-09-08T14:56:26.070648,6,5576,FRAME,540.0,418.718,2.5,-4.33,140,28,,,
2026-09-08T14:56:26.087168,6,5577,FRAME,542.5,414.388,2.5,-4.33,140,21,,,
2026-09-08T14:56:26.102927,6,5578,FRAME,545.0,410.058,2.5,-4.33,140,28,,,
2026-09-08T14:56:26.118833,6,5579,FRAME,547.5,405.728,2.5,-4.33,140,21,,,
2026-09-08T14:56:26.135411,6,5580,FRAME,550.0,401.397,2.5,-4.33,140,28,,,
2026-09-08T14:56:26.150888,6,5581,FRAME,552.5,397.067,2.5,-4.33,140,21,,,
2026-09-08T14:56:26.166885,6,5582,FRAME,555.0,392.737,2.5,-4.33,140,28,,,
2026-09-08T14:56:26.182737,6,5583,FRAME,557.5,388.407,2.5,-4.33,140,21,,,
2026-09-08T14:56:26.198847,6,5584,FRAME,560.0,384.077,2.5,-4.33,140,28,,,
2026-09-08T14:56:26.214943,6,5585,FRAME,562.5,379.747,2.5,-4.33,140,21,,,
2026-09-08T14:56:26.231820,6,5586,FRAME,565.0,375.417,2.5,-4.33,140,28,,,
2026-09-08T14:56:26.247677,6,5587,FRAME,567.5,371.087,2.5,-4.33,140,21,,,
2026-09-08T14:56:26.264244,6,5588,FRAME,570.0,366.756,2.5,-4.33,140,28,,,
2026-09-08T14:56:26.281906,6,5589,FRAME,572.5,362.426,2.5,-4.33,140,21,,,
2026-09-08T14:56:26.298091,6,5590,FRAME,575.0,358.096,2.5,-4.33,140,28,,,
2026-09-08T14:56:26.315008,6,5591,FRAME,577.5,353.766,2.5,-4.33,140,21,,,
2026-09-08T14:56:26.332317,6,5592,FRAME,580.0,349.436,2.5,-4.33,140,28,,,
2026-09-08T14:56:26.349279,6,5593,FRAME,582.5,345.106,2.5,-4.33,140,21,,,
2026-09-08T14:56:26.365848,6,5594,FRAME,585.0,340.776,2.5,-4.33,140,28,,,
2026-09-08T14:56:26.381555,6,5595,FRAME,587.5,336.446,2.5,-4.33,140,21,,,
2026-09-08T14:56:26.398188,6,5596,FRAME,590.0,332.115,2.5,-4.33,140,28,,,
2026-09-08T14:56:26.415828,6,5597,FRAME,592.5,327.785,2.5,-4.33,140,21,,,
2026-09-08T14:56:26.432678,6,5598,FRAME,595.0,323.455,2.5,-4.33,140,28,,,
2026-09-08T14:56:26.449095,6,5599,FRAME,597.5,319.125,2.5,-4.33,140,21,,,
2026-09-08T14:56:26.466301,6,5600,FRAME,600.0,314.795,2.5,-4.33,140,28,,,
2026-09-08T14:56:26.483648,6,5601,FRAME,602.5,310.465,2.5,-4.33,140,21,,,
2026-09-08T14:56:26.499922,6,5602,FRAME,605.0,306.135,2.5,-4.33,140,28,,,
2026-09-08T14:56:26.516706,6,5603,FRAME,607.5,301.805,2.5,-4.33,140,21,,,
2026-09-08T14:56:26.532625,6,5604,FRAME,610.0,297.474,2.5,-4.33,140,28,,,
2026-09-08T14:56:26.550143,6,5605,FRAME,612.5,293.144,2.5,-4.33,140,21,,,
2026-09-08T14:56:26.564908,6,5606,FRAME,615.0,288.814,2.5,-4.33,140,28,,,
2026-09-08T14:56:26.581744,6,5607,FRAME,617.5,284.484,2.5,-4.33,140,21,,,
2026-09-08T14:56:26.599420,6,5608,FRAME,620.0,280.154,2.5,-4.33,140,28,,,
2026-09-08T14:56:26.616047,6,5609,FRAME,622.5,275.824,2.5,-4.33,140,21,,,
2026-09-08T14:56:26.630779,6,5610,FRAME,625.0,271.494,2.5,-4.33,140,28,,,
2026-09-08T14:56:26.647304,6,5611,FRAME,627.5,267.164,2.5,-4.33,140,21,,,
2026-09-08T14:56:26.665780,6,5612,FRAME,630.0,262.833,2.5,-4.33,140,28,,,
2026-09-08T14:56:26.682353,6,5613,FRAME,632.5,258.503,2.5,-4.33,140,21,,,
2026-09-08T14:56:26.699976,6,5614,FRAME,635.0,254.173,2.5,-4.33,140,28,,,
2026-09-08T14:56:26.715965,6,5615,FRAME,637.5,249.843,2.5,-4.33,140,21,,,
2026-09-08T14:56:26.731607,6,5616,FRAME,640.0,245.513,2.5,-4.33,140,28,,,
2026-09-08T14:56:26.748472,6,5617,FRAME,642.5,241.183,2.5,-4.33,140,21,,,
2026-09-08T14:56:26.765149,6,5618,FRAME,645.0,236.853,2.5,-4.33,140,28,,,
2026-09-08T14:56:26.781559,6,5619,FRAME,647.5,232.523,2.5,-4.33,140,21,,,
2026-09-08T14:56:26.797456,6,5620,FRAME,650.0,228.192,2.5,-4.33,140,28,,,
2026-09-08T14:56:26.815095,6,5621,FRAME,652.5,223.862,2.5,-4.33,140,21,,,
2026-09-08T14:56:26.832082,6,5622,FRAME,655.0,219.532,2.5,-4.33,140,28,,,
2026-09-08T14:56:26.849501,6,5623,FRAME,657.5,215.202,2.5,-4.33,140,21,,,
2026-09-08T14:56:26.866844,6,5624,FRAME,660.0,210.872,2.5,-4.33,140,28,,,
2026-09-08T14:56:26.883593,6,5625,FRAME,662.5,206.542,2.5,-4.33,140,21,,,
2026-09-08T14:56:26.900534,6,5626,FRAME,665.0,202.212,2.5,-4.33,140,28,,,
2026-09-08T14:56:26.917397,6,5627,FRAME,667.5,197.881,2.5,-4.33,140,21,,,
2026-09-08T14:56:26.932999,6,5628,FRAME,670.0,193.551,2.5,-4.33,140,28,,,
2026-09-08T14:56:26.948931,6,5629,FRAME,672.5,189.221,2.5,-4.33,140,21,,,
2026-09-08T14:56:26.965084,6,5630,FRAME,675.0,184.891,2.5,-4.33,140,28,,,
2026-09-08T14:56:26.982606,6,5631,FRAME,677.5,180.561,2.5,-4.33,140,21,,,
2026-09-08T14:56:26.999797,6,5632,FRAME,680.0,176.231,2.5,-4.33,140,28,,,
2026-09-08T14:56:27.015800,6,5633,FRAME,682.5,171.901,2.5,-4.33,140,21,,,
2026-09-08T14:56:27.031490,6,5634,FRAME,685.0,167.571,2.5,-4.33,140,28,,,
2026-09-08T14:56:27.048793,6,5635,FRAME,687.5,163.24,2.5,-4.33,140,21,,,
2026-09-08T14:56:27.065012,6,5636,FRAME,690.0,158.91,2.5,-4.33,140,28,,,
2026-09-08T14:56:27.081302,6,5637,FRAME,692.5,154.58,2.5,-4.33,140,21,,,
2026-09-08T14:56:27.097476,6,5638,FRAME,695.0,150.25,2.5,-4.33,140,28,,,
2026-09-08T14:56:27.115061,6,5639,FRAME,697.5,145.92,2.5,-4.33,140,21,,,
2026-09-08T14:56:27.130691,6,5640,FRAME,700.0,141.59,2.5,-4.33,140,28,,,
2026-09-08T14:56:27.147885,6,5641,FRAME,702.5,137.26,2.5,-4.33,140,21,,,
2026-09-08T14:56:27.165049,6,5642,FRAME,705.0,132.93,2.5,-4.33,140,28,,,
2026-09-08T14:56:27.180725,6,5643,FRAME,707.5,128.599,2.5,-4.33,140,21,,,
2026-09-08T14:56:27.196715,6,5644,FRAME,710.0,124.269,2.5,-4.33,140,28,,,
2026-09-08T14:56:27.212839,6,5645,FRAME,712.5,119.939,2.5,-4.33,140,21,,,
2026-09-08T14:56:27.228657,6,5646,FRAME,715.0,115.609,2.5,-4.33,140,28,,,
2026-09-08T14:56:27.245230,6,5647,FRAME,717.5,111.279,2.5,-4.33,140,21,,,
2026-09-08T14:56:27.262601,6,5648,FRAME,720.0,106.949,2.5,-4.33,140,28,,,
2026-09-08T14:56:27.279821,6,5649,FRAME,722.5,102.619,2.5,-4.33,140,21,,,
2026-09-08T14:56:27.296062,6,5650,FRAME,725.0,98.289,2.5,-4.33,140,28,,,
2026-09-08T14:56:27.311637,6,5651,FRAME,727.5,93.958,2.5,-4.33,140,21,,,
2026-09-08T14:56:27.328841,6,5652,FRAME,730.0,89.628,2.5,-4.33,140,28,,,
2026-09-08T14:56:27.344908,6,5653,FRAME,732.5,85.298,2.5,-4.33,140,21,,,
2026-09-08T14:56:27.360667,6,5654,FRAME,735.0,80.968,2.5,-4.33,140,28,,,
2026-09-08T14:56:27.377910,6,5655,FRAME,737.5,76.638,2.5,-4.33,140,21,,,
2026-09-08T14:56:27.393907,6,5656,FRAME,740.0,72.308,2.5,-4.33,140,28,,,
2026-09-08T14:56:27.409690,6,5657,FRAME,742.5,67.978,2.5,-4.33,140,21,,,
2026-09-08T14:56:27.426401,6,5658,FRAME,745.0,63.648,2.5,-4.33,140,28,,,
2026-09-08T14:56:27.442004,6,5659,FRAME,747.5,59.317,2.5,-4.33,140,28,,,
2026-09-08T14:56:27.458683,6,5660,FRAME,750.0,54.987,2.5,-4.33,140,28,,,
2026-09-08T14:56:27.475289,6,5661,FRAME,752.5,50.657,2.5,-4.33,140,28,,,
2026-09-08T14:56:27.493433,6,5662,FRAME,755.0,46.327,2.5,-4.33,140,28,,,
2026-09-08T14:56:27.508538,6,5663,FRAME,757.5,41.997,2.5,-4.33,140,28,,,
2026-09-08T14:56:27.525262,6,5664,RIGHT_HIT,758,37.667,-3.762,-3.293,140,28,-0.687,-41.2,
2026-09-08T14:56:27.525775,6,5665,FRAME,758,37.667,-3.762,-3.293,140,28,,,
2026-09-08T14:56:27.542860,6,5666,FRAME,754.238,34.373,-3.762,-3.293,140,35,,,
2026-09-08T14:56:27.559023,6,5667,FRAME,750.476,31.08,-3.762,-3.293,140,42,,,
2026-09-08T14:56:27.575338,6,5668,FRAME,746.714,27.786,-3.762,-3.293,140,49,,,
2026-09-08T14:56:27.590629,6,5669,FRAME,742.952,24.493,-3.762,-3.293,140,56,,,
2026-09-08T14:56:27.607615,6,5670,FRAME,739.19,21.2,-3.762,-3.293,140,63,,,
2026-09-08T14:56:27.623756,6,5671,FRAME,735.428,17.906,-3.762,-3.293,140,70,,,
2026-09-08T14:56:27.639719,6,5672,FRAME,731.665,14.613,-3.762,-3.293,140,77,,,
2026-09-08T14:56:27.656237,6,5673,FRAME,727.903,11.319,-3.762,-3.293,140,84,,,
2026-09-08T14:56:27.675066,6,5674,FRAME,724.141,8.026,-3.762,-3.293,140,91,,,
2026-09-08T14:56:27.691835,6,5675,FRAME,720.379,4.732,-3.762,-3.293,140,98,,,
2026-09-08T14:56:27.708015,6,5676,FRAME,716.617,1.439,-3.762,-3.293,140,105,,,
2026-09-08T14:56:27.725111,6,5677,WALL_BOUNCE,712.855,0,-3.762,3.293,140,112,,,
2026-09-08T14:56:27.725632,6,5678,FRAME,712.855,0,-3.762,3.293,140,112,,,
2026-09-08T14:56:27.742708,6,5679,FRAME,709.093,3.293,-3.762,3.293,140,119,,,
2026-09-08T14:56:27.759438,6,5680,FRAME,705.331,6.587,-3.762,3.293,140,126,,,
2026-09-08T14:56:27.777036,6,5681,FRAME,701.569,9.88,-3.762,3.293,140,133,,,
2026-09-08T14:56:27.791899,6,5682,FRAME,697.807,13.174,-3.762,3.293,140,140,,,
2026-09-08T14:56:27.808579,6,5683,FRAME,694.045,16.467,-3.762,3.293,140,147,,,
2026-09-08T14:56:27.825780,6,5684,FRAME,690.283,19.761,-3.762,3.293,140,154,,,
2026-09-08T14:56:27.842706,6,5685,FRAME,686.52,23.054,-3.762,3.293,140,161,,,
2026-09-08T14:56:27.863147,6,5686,FRAME,682.758,26.348,-3.762,3.293,140,168,,,
2026-09-08T14:56:27.877295,6,5687,FRAME,678.996,29.641,-3.762,3.293,140,175,,,
2026-09-08T14:56:27.894005,6,5688,FRAME,675.234,32.934,-3.762,3.293,140,182,,,
2026-09-08T14:56:27.909717,6,5689,FRAME,671.472,36.228,-3.762,3.293,140,189,,,
2026-09-08T14:56:27.925770,6,5690,FRAME,667.71,39.521,-3.762,3.293,140,196,,,
2026-09-08T14:56:27.941713,6,5691,FRAME,663.948,42.815,-3.762,3.293,140,203,,,
2026-09-08T14:56:27.959147,6,5692,FRAME,660.186,46.108,-3.762,3.293,140,196,,,
2026-09-08T14:56:27.977574,6,5693,FRAME,656.424,49.402,-3.762,3.293,140,203,,,
2026-09-08T14:56:27.994035,6,5694,FRAME,652.662,52.695,-3.762,3.293,140,196,,,
2026-09-08T14:56:28.010677,6,5695,FRAME,648.9,55.988,-3.762,3.293,140,203,,,
2026-09-08T14:56:28.026851,6,5696,FRAME,645.138,59.282,-3.762,3.293,140,196,,,
2026-09-08T14:56:28.044049,6,5697,FRAME,641.375,62.575,-3.762,3.293,140,203,,,
2026-09-08T14:56:28.060001,6,5698,FRAME,637.613,65.869,-3.762,3.293,140,196,,,
2026-09-08T14:56:28.077163,6,5699,FRAME,633.851,69.162,-3.762,3.293,140,203,,,
2026-09-08T14:56:28.092444,6,5700,FRAME,630.089,72.456,-3.762,3.293,140,196,,,
2026-09-08T14:56:28.108917,6,5701,FRAME,626.327,75.749,-3.762,3.293,140,203,,,
2026-09-08T14:56:28.125930,6,5702,FRAME,622.565,79.043,-3.762,3.293,140,196,,,
2026-09-08T14:56:28.141363,6,5703,FRAME,618.803,82.336,-3.762,3.293,140,203,,,
2026-09-08T14:56:28.158416,6,5704,FRAME,615.041,85.629,-3.762,3.293,140,196,,,
2026-09-08T14:56:28.175018,6,5705,FRAME,611.279,88.923,-3.762,3.293,140,203,,,
2026-09-08T14:56:28.191035,6,5706,FRAME,607.517,92.216,-3.762,3.293,140,196,,,
2026-09-08T14:56:28.207833,6,5707,FRAME,603.755,95.51,-3.762,3.293,140,203,,,
2026-09-08T14:56:28.225820,6,5708,FRAME,599.993,98.803,-3.762,3.293,140,196,,,
2026-09-08T14:56:28.241750,6,5709,FRAME,596.23,102.097,-3.762,3.293,140,203,,,
2026-09-08T14:56:28.257579,6,5710,FRAME,592.468,105.39,-3.762,3.293,140,196,,,
2026-09-08T14:56:28.274886,6,5711,FRAME,588.706,108.683,-3.762,3.293,140,203,,,
2026-09-08T14:56:28.290796,6,5712,FRAME,584.944,111.977,-3.762,3.293,140,196,,,
2026-09-08T14:56:28.306658,6,5713,FRAME,581.182,115.27,-3.762,3.293,140,203,,,
2026-09-08T14:56:28.322413,6,5714,FRAME,577.42,118.564,-3.762,3.293,140,196,,,
2026-09-08T14:56:28.339688,6,5715,FRAME,573.658,121.857,-3.762,3.293,140,203,,,
2026-09-08T14:56:28.355676,6,5716,FRAME,569.896,125.151,-3.762,3.293,140,196,,,
2026-09-08T14:56:28.372808,6,5717,FRAME,566.134,128.444,-3.762,3.293,140,203,,,
2026-09-08T14:56:28.388521,6,5718,FRAME,562.372,131.738,-3.762,3.293,140,196,,,
2026-09-08T14:56:28.405824,6,5719,FRAME,558.61,135.031,-3.762,3.293,140,203,,,
2026-09-08T14:56:28.422083,6,5720,FRAME,554.848,138.324,-3.762,3.293,140,196,,,
2026-09-08T14:56:28.440684,6,5721,FRAME,551.085,141.618,-3.762,3.293,140,203,,,
2026-09-08T14:56:28.456734,6,5722,FRAME,547.323,144.911,-3.762,3.293,140,196,,,
2026-09-08T14:56:28.473309,6,5723,FRAME,543.561,148.205,-3.762,3.293,140,203,,,
2026-09-08T14:56:28.490722,6,5724,FRAME,539.799,151.498,-3.762,3.293,140,196,,,
2026-09-08T14:56:28.507712,6,5725,FRAME,536.037,154.792,-3.762,3.293,140,203,,,
2026-09-08T14:56:28.525512,6,5726,FRAME,532.275,158.085,-3.762,3.293,140,196,,,
2026-09-08T14:56:28.541541,6,5727,FRAME,528.513,161.378,-3.762,3.293,140,203,,,
2026-09-08T14:56:28.558092,6,5728,FRAME,524.751,164.672,-3.762,3.293,140,196,,,
2026-09-08T14:56:28.575720,6,5729,FRAME,520.989,167.965,-3.762,3.293,140,203,,,
2026-09-08T14:56:28.592556,6,5730,FRAME,517.227,171.259,-3.762,3.293,140,196,,,
2026-09-08T14:56:28.609715,6,5731,FRAME,513.465,174.552,-3.762,3.293,140,203,,,
2026-09-08T14:56:28.626463,6,5732,FRAME,509.703,177.846,-3.762,3.293,140,196,,,
2026-09-08T14:56:28.642863,6,5733,FRAME,505.94,181.139,-3.762,3.293,140,203,,,
2026-09-08T14:56:28.658629,6,5734,FRAME,502.178,184.433,-3.762,3.293,140,196,,,
2026-09-08T14:56:28.675996,6,5735,FRAME,498.416,187.726,-3.762,3.293,140,203,,,
2026-09-08T14:56:28.692300,6,5736,FRAME,494.654,191.019,-3.762,3.293,140,196,,,
2026-09-08T14:56:28.709959,6,5737,FRAME,490.892,194.313,-3.762,3.293,140,203,,,
2026-09-08T14:56:28.725895,6,5738,FRAME,487.13,197.606,-3.762,3.293,140,196,,,
2026-09-08T14:56:28.742588,6,5739,FRAME,483.368,200.9,-3.762,3.293,140,203,,,
2026-09-08T14:56:28.759289,6,5740,FRAME,479.606,204.193,-3.762,3.293,140,196,,,
2026-09-08T14:56:28.777018,6,5741,FRAME,475.844,207.487,-3.762,3.293,140,203,,,
2026-09-08T14:56:28.793572,6,5742,FRAME,472.082,210.78,-3.762,3.293,140,196,,,
2026-09-08T14:56:28.810708,6,5743,FRAME,468.32,214.073,-3.762,3.293,140,203,,,
2026-09-08T14:56:28.827298,6,5744,FRAME,464.558,217.367,-3.762,3.293,140,196,,,
2026-09-08T14:56:28.842659,6,5745,FRAME,460.795,220.66,-3.762,3.293,140,203,,,
2026-09-08T14:56:28.860113,6,5746,FRAME,457.033,223.954,-3.762,3.293,140,196,,,
2026-09-08T14:56:28.875870,6,5747,FRAME,453.271,227.247,-3.762,3.293,140,203,,,
2026-09-08T14:56:28.891505,6,5748,FRAME,449.509,230.541,-3.762,3.293,140,196,,,
2026-09-08T14:56:28.908464,6,5749,FRAME,445.747,233.834,-3.762,3.293,140,203,,,
2026-09-08T14:56:28.925903,6,5750,FRAME,441.985,237.128,-3.762,3.293,140,196,,,
2026-09-08T14:56:28.941723,6,5751,FRAME,438.223,240.421,-3.762,3.293,140,203,,,
2026-09-08T14:56:28.958838,6,5752,FRAME,434.461,243.714,-3.762,3.293,140,196,,,
2026-09-08T14:56:28.975067,6,5753,FRAME,430.699,247.008,-3.762,3.293,140,203,,,
2026-09-08T14:56:28.990775,6,5754,FRAME,426.937,250.301,-3.762,3.293,140,196,,,
2026-09-08T14:56:29.006846,6,5755,FRAME,423.175,253.595,-3.762,3.293,140,203,,,
2026-09-08T14:56:29.022935,6,5756,FRAME,419.413,256.888,-3.762,3.293,140,196,,,
2026-09-08T14:56:29.038582,6,5757,FRAME,415.65,260.182,-3.762,3.293,140,203,,,
2026-09-08T14:56:29.055341,6,5758,FRAME,411.888,263.475,-3.762,3.293,140,196,,,
2026-09-08T14:56:29.071907,6,5759,FRAME,408.126,266.768,-3.762,3.293,140,203,,,
2026-09-08T14:56:29.087992,6,5760,FRAME,404.364,270.062,-3.762,3.293,140,196,,,
2026-09-08T14:56:29.103580,6,5761,FRAME,400.602,273.355,-3.762,3.293,140,203,,,
2026-09-08T14:56:29.120440,6,5762,FRAME,396.84,276.649,-3.762,3.293,140,196,,,
2026-09-08T14:56:29.137026,6,5763,FRAME,393.078,279.942,-3.762,3.293,140,203,,,
2026-09-08T14:56:29.152610,6,5764,FRAME,389.316,283.236,-3.762,3.293,140,196,,,
2026-09-08T14:56:29.168348,6,5765,FRAME,385.554,286.529,-3.762,3.293,140,203,,,
2026-09-08T14:56:29.185110,6,5766,FRAME,381.792,289.823,-3.762,3.293,140,196,,,
2026-09-08T14:56:29.202830,6,5767,FRAME,378.03,293.116,-3.762,3.293,140,203,,,
2026-09-08T14:56:29.218379,6,5768,FRAME,374.268,296.409,-3.762,3.293,140,196,,,
2026-09-08T14:56:29.235000,6,5769,FRAME,370.505,299.703,-3.762,3.293,140,203,,,
2026-09-08T14:56:29.252728,6,5770,FRAME,366.743,302.996,-3.762,3.293,140,196,,,
2026-09-08T14:56:29.267949,6,5771,FRAME,362.981,306.29,-3.762,3.293,140,203,,,
2026-09-08T14:56:29.283492,6,5772,FRAME,359.219,309.583,-3.762,3.293,140,196,,,
2026-09-08T14:56:29.300378,6,5773,FRAME,355.457,312.877,-3.762,3.293,140,203,,,
2026-09-08T14:56:29.317412,6,5774,FRAME,351.695,316.17,-3.762,3.293,140,196,,,
2026-09-08T14:56:29.334142,6,5775,FRAME,347.933,319.463,-3.762,3.293,140,203,,,
2026-09-08T14:56:29.350830,6,5776,FRAME,344.171,322.757,-3.762,3.293,140,196,,,
2026-09-08T14:56:29.366718,6,5777,FRAME,340.409,326.05,-3.762,3.293,140,203,,,
2026-09-08T14:56:29.382462,6,5778,FRAME,336.647,329.344,-3.762,3.293,140,196,,,
2026-09-08T14:56:29.399577,6,5779,FRAME,332.885,332.637,-3.762,3.293,140,203,,,
2026-09-08T14:56:29.416974,6,5780,FRAME,329.123,335.931,-3.762,3.293,140,196,,,
2026-09-08T14:56:29.433172,6,5781,FRAME,325.36,339.224,-3.762,3.293,140,203,,,
2026-09-08T14:56:29.450486,6,5782,FRAME,321.598,342.518,-3.762,3.293,140,196,,,
2026-09-08T14:56:29.467793,6,5783,FRAME,317.836,345.811,-3.762,3.293,140,203,,,
2026-09-08T14:56:29.484066,6,5784,FRAME,314.074,349.104,-3.762,3.293,140,196,,,
2026-09-08T14:56:29.500273,6,5785,FRAME,310.312,352.398,-3.762,3.293,140,203,,,
2026-09-08T14:56:29.517739,6,5786,FRAME,306.55,355.691,-3.762,3.293,140,196,,,
2026-09-08T14:56:29.532870,6,5787,FRAME,302.788,358.985,-3.762,3.293,140,203,,,
2026-09-08T14:56:29.549036,6,5788,FRAME,299.026,362.278,-3.762,3.293,140,196,,,
2026-09-08T14:56:29.565217,6,5789,FRAME,295.264,365.572,-3.762,3.293,140,203,,,
2026-09-08T14:56:29.582515,6,5790,FRAME,291.502,368.865,-3.762,3.293,140,196,,,
2026-09-08T14:56:29.599503,6,5791,FRAME,287.74,372.158,-3.762,3.293,140,203,,,
2026-09-08T14:56:29.616890,6,5792,FRAME,283.978,375.452,-3.762,3.293,140,196,,,
2026-09-08T14:56:29.632602,6,5793,FRAME,280.215,378.745,-3.762,3.293,140,203,,,
2026-09-08T14:56:29.649560,6,5794,FRAME,276.453,382.039,-3.762,3.293,140,196,,,
2026-09-08T14:56:29.666759,6,5795,FRAME,272.691,385.332,-3.762,3.293,140,203,,,
2026-09-08T14:56:29.684436,6,5796,FRAME,268.929,388.626,-3.762,3.293,140,196,,,
2026-09-08T14:56:29.698940,6,5797,FRAME,265.167,391.919,-3.762,3.293,140,203,,,
2026-09-08T14:56:29.715787,6,5798,FRAME,261.405,395.213,-3.762,3.293,140,196,,,
2026-09-08T14:56:29.731517,6,5799,FRAME,257.643,398.506,-3.762,3.293,140,203,,,
2026-09-08T14:56:29.748271,6,5800,FRAME,253.881,401.799,-3.762,3.293,140,196,,,
2026-09-08T14:56:29.764910,6,5801,FRAME,250.119,405.093,-3.762,3.293,140,203,,,
2026-09-08T14:56:29.780434,6,5802,FRAME,246.357,408.386,-3.762,3.293,140,196,,,
2026-09-08T14:56:29.797005,6,5803,FRAME,242.595,411.68,-3.762,3.293,140,203,,,
2026-09-08T14:56:29.813404,6,5804,FRAME,238.833,414.973,-3.762,3.293,140,196,,,
2026-09-08T14:56:29.830336,6,5805,FRAME,235.07,418.267,-3.762,3.293,140,203,,,
2026-09-08T14:56:29.847475,6,5806,FRAME,231.308,421.56,-3.762,3.293,140,196,,,
2026-09-08T14:56:29.864303,6,5807,FRAME,227.546,424.853,-3.762,3.293,140,203,,,
2026-09-08T14:56:29.881835,6,5808,FRAME,223.784,428.147,-3.762,3.293,140,196,,,
2026-09-08T14:56:29.897761,6,5809,FRAME,220.022,431.44,-3.762,3.293,140,203,,,
2026-09-08T14:56:29.913674,6,5810,FRAME,216.26,434.734,-3.762,3.293,140,196,,,
2026-09-08T14:56:29.930254,6,5811,FRAME,212.498,438.027,-3.762,3.293,140,203,,,
2026-09-08T14:56:29.947221,6,5812,FRAME,208.736,441.321,-3.762,3.293,140,196,,,
2026-09-08T14:56:29.963832,6,5813,FRAME,204.974,444.614,-3.762,3.293,140,203,,,
2026-09-08T14:56:29.979816,6,5814,FRAME,201.212,447.908,-3.762,3.293,140,196,,,
2026-09-08T14:56:29.997589,6,5815,FRAME,197.45,451.201,-3.762,3.293,140,203,,,
2026-09-08T14:56:30.012453,6,5816,FRAME,193.688,454.494,-3.762,3.293,140,196,,,
2026-09-08T14:56:30.029593,6,5817,FRAME,189.925,457.788,-3.762,3.293,140,203,,,
2026-09-08T14:56:30.045863,6,5818,FRAME,186.163,461.081,-3.762,3.293,140,196,,,
2026-09-08T14:56:30.061675,6,5819,FRAME,182.401,464.375,-3.762,3.293,140,203,,,
2026-09-08T14:56:30.077637,6,5820,FRAME,178.639,467.668,-3.762,3.293,140,196,,,
2026-09-08T14:56:30.094911,6,5821,FRAME,174.877,470.962,-3.762,3.293,140,203,,,
2026-09-08T14:56:30.111432,6,5822,FRAME,171.115,474.255,-3.762,3.293,140,196,,,
2026-09-08T14:56:30.128900,6,5823,FRAME,167.353,477.548,-3.762,3.293,140,203,,,
2026-09-08T14:56:30.144959,6,5824,FRAME,163.591,480.842,-3.762,3.293,140,196,,,
2026-09-08T14:56:30.161092,6,5825,FRAME,159.829,484.135,-3.762,3.293,140,203,,,
2026-09-08T14:56:30.177161,6,5826,FRAME,156.067,487.429,-3.762,3.293,140,196,,,
2026-09-08T14:56:30.194917,6,5827,WALL_BOUNCE,152.305,488,-3.762,-3.293,140,203,,,
2026-09-08T14:56:30.194917,6,5828,FRAME,152.305,488,-3.762,-3.293,140,203,,,
2026-09-08T14:56:30.211109,6,5829,FRAME,148.543,484.707,-3.762,-3.293,140,196,,,
2026-09-08T14:56:30.226914,6,5830,FRAME,144.78,481.413,-3.762,-3.293,140,203,,,
2026-09-08T14:56:30.242668,6,5831,FRAME,141.018,478.12,-3.762,-3.293,140,196,,,
2026-09-08T14:56:30.259388,6,5832,FRAME,137.256,474.826,-3.762,-3.293,140,203,,,
2026-09-08T14:56:30.276631,6,5833,FRAME,133.494,471.533,-3.762,-3.293,140,196,,,
2026-09-08T14:56:30.294880,6,5834,FRAME,129.732,468.239,-3.762,-3.293,140,203,,,
2026-09-08T14:56:30.311675,6,5835,FRAME,125.97,464.946,-3.762,-3.293,140,196,,,
2026-09-08T14:56:30.327912,6,5836,FRAME,122.208,461.652,-3.762,-3.293,140,203,,,
2026-09-08T14:56:30.346602,6,5837,FRAME,118.446,458.359,-3.762,-3.293,140,196,,,
2026-09-08T14:56:30.362317,6,5838,FRAME,114.684,455.066,-3.762,-3.293,140,203,,,
2026-09-08T14:56:30.378837,6,5839,FRAME,110.922,451.772,-3.762,-3.293,140,196,,,
2026-09-08T14:56:30.394902,6,5840,FRAME,107.16,448.479,-3.762,-3.293,140,203,,,
2026-09-08T14:56:30.413215,6,5841,FRAME,103.398,445.185,-3.762,-3.293,140,196,,,
2026-09-08T14:56:30.428247,6,5842,FRAME,99.635,441.892,-3.762,-3.293,140,203,,,
2026-09-08T14:56:30.444904,6,5843,FRAME,95.873,438.598,-3.762,-3.293,140,196,,,
2026-09-08T14:56:30.461174,6,5844,FRAME,92.111,435.305,-3.762,-3.293,140,203,,,
2026-09-08T14:56:30.477642,6,5845,FRAME,88.349,432.012,-3.762,-3.293,140,196,,,
2026-09-08T14:56:30.494934,6,5846,FRAME,84.587,428.718,-3.762,-3.293,140,203,,,
2026-09-08T14:56:30.510902,6,5847,FRAME,80.825,425.425,-3.762,-3.293,140,196,,,
2026-09-08T14:56:30.526460,6,5848,FRAME,77.063,422.131,-3.762,-3.293,140,203,,,
2026-09-08T14:56:30.553680,6,5849,FRAME,73.301,418.838,-3.762,-3.293,140,196,,,
2026-09-08T14:56:30.565190,6,5850,FRAME,69.539,415.544,-3.762,-3.293,140,203,,,
2026-09-08T14:56:30.582321,6,5851,FRAME,65.777,412.251,-3.762,-3.293,140,196,,,
2026-09-08T14:56:30.599164,6,5852,FRAME,62.015,408.957,-3.762,-3.293,140,203,,,
2026-09-08T14:56:30.615754,6,5853,FRAME,58.253,405.664,-3.762,-3.293,140,196,,,
2026-09-08T14:56:30.631461,6,5854,FRAME,54.49,402.371,-3.762,-3.293,140,203,,,
2026-09-08T14:56:30.648709,6,5855,FRAME,50.728,399.077,-3.762,-3.293,140,196,,,
2026-09-08T14:56:30.666549,6,5856,FRAME,46.966,395.784,-3.762,-3.293,140,203,,,
2026-09-08T14:56:30.682834,6,5857,FRAME,43.204,392.49,-3.762,-3.293,140,196,,,
2026-09-08T14:56:30.700733,6,5858,FRAME,39.442,389.197,-3.762,-3.293,140,203,,,
2026-09-08T14:56:30.716845,6,5859,FRAME,35.68,385.903,-3.762,-3.293,140,196,,,
2026-09-08T14:56:30.732941,6,5860,FRAME,31.918,382.61,-3.762,-3.293,140,203,,,
2026-09-08T14:56:30.749370,6,5861,FRAME,28.156,379.317,-3.762,-3.293,140,196,,,
2026-09-08T14:56:30.768824,6,5862,FRAME,24.394,376.023,-3.762,-3.293,140,203,,,
2026-09-08T14:56:30.785429,6,5863,FRAME,20.632,372.73,-3.762,-3.293,140,196,,,
2026-09-08T14:56:30.801471,6,5864,FRAME,16.87,369.436,-3.762,-3.293,140,203,,,
2026-09-08T14:56:30.818758,6,5865,FRAME,13.108,366.143,-3.762,-3.293,140,196,,,
2026-09-08T14:56:30.834912,6,5866,FRAME,9.345,362.849,-3.762,-3.293,140,203,,,
2026-09-08T14:56:30.851417,6,5867,FRAME,5.583,359.556,-3.762,-3.293,140,196,,,
2026-09-08T14:56:30.868372,6,5868,FRAME,1.821,356.262,-3.762,-3.293,140,203,,,
2026-09-08T14:56:30.885793,6,5869,FRAME,-1.941,352.969,-3.762,-3.293,140,196,,,
2026-09-08T14:56:30.902688,6,5870,FRAME,-5.703,349.676,-3.762,-3.293,140,203,,,
2026-09-08T14:56:30.918835,6,5871,FRAME,-9.465,346.382,-3.762,-3.293,140,196,,,
2026-09-08T14:56:30.934909,6,5872,MISS_LEFT,-13.227,343.089,-3.762,-3.293,140,203,,,RIGHT
2026-09-08T14:56:30.934909,7,5873,FRAME,374.224,397.403,3.685,3.38,140,203,,,
2026-09-08T14:56:30.951515,7,5874,FRAME,377.909,400.783,3.685,3.38,140,196,,,
2026-09-08T14:56:30.967969,7,5875,FRAME,381.593,404.163,3.685,3.38,140,203,,,
2026-09-08T14:56:30.985562,7,5876,FRAME,385.278,407.543,3.685,3.38,140,196,,,
2026-09-08T14:56:31.000985,7,5877,FRAME,388.962,410.923,3.685,3.38,140,203,,,
2026-09-08T14:56:31.017244,7,5878,FRAME,392.647,414.303,3.685,3.38,140,196,,,
2026-09-08T14:56:31.034802,7,5879,FRAME,396.331,417.683,3.685,3.38,140,203,,,
2026-09-08T14:56:31.050737,7,5880,FRAME,400.016,421.062,3.685,3.38,140,196,,,
2026-09-08T14:56:31.067017,7,5881,FRAME,403.7,424.442,3.685,3.38,140,203,,,
2026-09-08T14:56:31.082732,7,5882,FRAME,407.385,427.822,3.685,3.38,140,196,,,
2026-09-08T14:56:31.099030,7,5883,FRAME,411.069,431.202,3.685,3.38,140,203,,,
2026-09-08T14:56:31.115661,7,5884,FRAME,414.754,434.582,3.685,3.38,140,196,,,
2026-09-08T14:56:31.131512,7,5885,FRAME,418.438,437.962,3.685,3.38,140,203,,,
2026-09-08T14:56:31.147853,7,5886,FRAME,422.123,441.342,3.685,3.38,140,196,,,
2026-09-08T14:56:31.165668,7,5887,FRAME,425.807,444.722,3.685,3.38,140,203,,,
2026-09-08T14:56:31.182050,7,5888,FRAME,429.492,448.102,3.685,3.38,140,196,,,
2026-09-08T14:56:31.197827,7,5889,FRAME,433.176,451.482,3.685,3.38,140,203,,,
2026-09-08T14:56:31.214174,7,5890,FRAME,436.861,454.862,3.685,3.38,140,196,,,
2026-09-08T14:56:31.231438,7,5891,FRAME,440.545,458.242,3.685,3.38,140,203,,,
2026-09-08T14:56:31.248923,7,5892,FRAME,444.23,461.622,3.685,3.38,140,196,,,
2026-09-08T14:56:31.265750,7,5893,FRAME,447.914,465.002,3.685,3.38,140,203,,,
2026-09-08T14:56:31.281952,7,5894,FRAME,451.599,468.382,3.685,3.38,140,196,,,
2026-09-08T14:56:31.299326,7,5895,FRAME,455.283,471.762,3.685,3.38,140,203,,,
2026-09-08T14:56:31.315415,7,5896,FRAME,458.968,475.142,3.685,3.38,140,196,,,
2026-09-08T14:56:31.331050,7,5897,FRAME,462.652,478.522,3.685,3.38,140,203,,,
2026-09-08T14:56:31.347310,7,5898,FRAME,466.337,481.902,3.685,3.38,140,196,,,
2026-09-08T14:56:31.365308,7,5899,FRAME,470.021,485.282,3.685,3.38,140,203,,,
2026-09-08T14:56:31.381951,7,5900,WALL_BOUNCE,473.706,488,3.685,-3.38,140,196,,,
2026-09-08T14:56:31.381951,7,5901,FRAME,473.706,488,3.685,-3.38,140,196,,,
2026-09-08T14:56:31.398253,7,5902,FRAME,477.39,484.62,3.685,-3.38,140,203,,,
2026-09-08T14:56:31.415092,7,5903,FRAME,481.075,481.24,3.685,-3.38,140,196,,,
2026-09-08T14:56:31.431178,7,5904,FRAME,484.76,477.86,3.685,-3.38,140,203,,,
2026-09-08T14:56:31.448501,7,5905,FRAME,488.444,474.48,3.685,-3.38,140,196,,,
2026-09-08T14:56:31.464941,7,5906,FRAME,492.129,471.1,3.685,-3.38,140,203,,,
2026-09-08T14:56:31.481190,7,5907,FRAME,495.813,467.72,3.685,-3.38,140,196,,,
2026-09-08T14:56:31.498015,7,5908,FRAME,499.498,464.34,3.685,-3.38,140,203,,,
2026-09-08T14:56:31.514930,7,5909,FRAME,503.182,460.96,3.685,-3.38,140,196,,,
2026-09-08T14:56:31.530875,7,5910,FRAME,506.867,457.58,3.685,-3.38,140,203,,,
2026-09-08T14:56:31.547349,7,5911,FRAME,510.551,454.2,3.685,-3.38,140,196,,,
2026-09-08T14:56:31.564294,7,5912,FRAME,514.236,450.82,3.685,-3.38,140,203,,,
2026-09-08T14:56:31.580855,7,5913,FRAME,517.92,447.44,3.685,-3.38,140,196,,,
2026-09-08T14:56:31.597481,7,5914,FRAME,521.605,444.06,3.685,-3.38,140,203,,,
2026-09-08T14:56:31.612752,7,5915,FRAME,525.289,440.68,3.685,-3.38,140,196,,,
2026-09-08T14:56:31.629080,7,5916,FRAME,528.974,437.3,3.685,-3.38,140,203,,,
2026-09-08T14:56:31.645761,7,5917,FRAME,532.658,433.92,3.685,-3.38,140,196,,,
2026-09-08T14:56:31.661730,7,5918,FRAME,536.343,430.54,3.685,-3.38,140,203,,,
2026-09-08T14:56:31.677822,7,5919,FRAME,540.027,427.16,3.685,-3.38,140,196,,,
2026-09-08T14:56:31.695043,7,5920,FRAME,543.712,423.78,3.685,-3.38,140,203,,,
2026-09-08T14:56:31.709944,7,5921,FRAME,547.396,420.4,3.685,-3.38,140,196,,,
2026-09-08T14:56:31.725971,7,5922,FRAME,551.081,417.02,3.685,-3.38,140,203,,,
2026-09-08T14:56:31.741781,7,5923,FRAME,554.765,413.64,3.685,-3.38,140,196,,,
2026-09-08T14:56:31.757883,7,5924,FRAME,558.45,410.26,3.685,-3.38,140,203,,,
2026-09-08T14:56:31.774940,7,5925,FRAME,562.134,406.88,3.685,-3.38,140,196,,,
2026-09-08T14:56:31.791215,7,5926,FRAME,565.819,403.5,3.685,-3.38,140,203,,,
2026-09-08T14:56:31.807026,7,5927,FRAME,569.503,400.12,3.685,-3.38,140,196,,,
2026-09-08T14:56:31.823735,7,5928,FRAME,573.188,396.74,3.685,-3.38,140,203,,,
2026-09-08T14:56:31.840651,7,5929,FRAME,576.872,393.36,3.685,-3.38,140,196,,,
2026-09-08T14:56:31.856820,7,5930,FRAME,580.557,389.98,3.685,-3.38,140,203,,,
2026-09-08T14:56:31.872660,7,5931,FRAME,584.241,386.6,3.685,-3.38,140,196,,,
2026-09-08T14:56:31.888930,7,5932,FRAME,587.926,383.22,3.685,-3.38,140,203,,,
2026-09-08T14:56:31.905188,7,5933,FRAME,591.61,379.84,3.685,-3.38,140,196,,,
2026-09-08T14:56:31.922422,7,5934,FRAME,595.295,376.46,3.685,-3.38,140,203,,,
2026-09-08T14:56:31.939558,7,5935,FRAME,598.979,373.08,3.685,-3.38,140,196,,,
2026-09-08T14:56:31.955668,7,5936,FRAME,602.664,369.7,3.685,-3.38,140,203,,,
2026-09-08T14:56:31.972856,7,5937,FRAME,606.348,366.32,3.685,-3.38,140,196,,,
2026-09-08T14:56:31.987681,7,5938,FRAME,610.033,362.94,3.685,-3.38,140,203,,,
2026-09-08T14:56:32.003477,7,5939,FRAME,613.718,359.56,3.685,-3.38,140,196,,,
2026-09-08T14:56:32.020849,7,5940,FRAME,617.402,356.18,3.685,-3.38,140,203,,,
2026-09-08T14:56:32.037880,7,5941,FRAME,621.087,352.8,3.685,-3.38,140,196,,,
2026-09-08T14:56:32.052967,7,5942,FRAME,624.771,349.42,3.685,-3.38,140,203,,,
2026-09-08T14:56:32.069656,7,5943,FRAME,628.456,346.04,3.685,-3.38,140,196,,,
2026-09-08T14:56:32.084999,7,5944,FRAME,632.14,342.66,3.685,-3.38,140,203,,,
2026-09-08T14:56:32.101123,7,5945,FRAME,635.825,339.28,3.685,-3.38,140,196,,,
2026-09-08T14:56:32.116577,7,5946,FRAME,639.509,335.9,3.685,-3.38,140,203,,,
2026-09-08T14:56:32.133721,7,5947,FRAME,643.194,332.52,3.685,-3.38,140,196,,,
2026-09-08T14:56:32.149523,7,5948,FRAME,646.878,329.14,3.685,-3.38,140,203,,,
2026-09-08T14:56:32.166057,7,5949,FRAME,650.563,325.76,3.685,-3.38,140,196,,,
2026-09-08T14:56:32.182416,7,5950,FRAME,654.247,322.38,3.685,-3.38,140,203,,,
2026-09-08T14:56:32.199558,7,5951,FRAME,657.932,319.0,3.685,-3.38,140,196,,,
2026-09-08T14:56:32.216788,7,5952,FRAME,661.616,315.62,3.685,-3.38,140,203,,,
2026-09-08T14:56:32.232290,7,5953,FRAME,665.301,312.24,3.685,-3.38,140,196,,,
2026-09-08T14:56:32.249127,7,5954,FRAME,668.985,308.86,3.685,-3.38,140,203,,,
2026-09-08T14:56:32.266042,7,5955,FRAME,672.67,305.48,3.685,-3.38,140,196,,,
2026-09-08T14:56:32.282070,7,5956,FRAME,676.354,302.1,3.685,-3.38,140,203,,,
2026-09-08T14:56:32.297762,7,5957,FRAME,680.039,298.72,3.685,-3.38,140,196,,,
2026-09-08T14:56:32.313597,7,5958,FRAME,683.723,295.34,3.685,-3.38,140,203,,,
2026-09-08T14:56:32.330816,7,5959,FRAME,687.408,291.96,3.685,-3.38,140,196,,,
2026-09-08T14:56:32.346769,7,5960,FRAME,691.092,288.58,3.685,-3.38,140,203,,,
2026-09-08T14:56:32.363150,7,5961,FRAME,694.777,285.2,3.685,-3.38,140,196,,,
2026-09-08T14:56:32.379239,7,5962,FRAME,698.461,281.82,3.685,-3.38,140,203,,,
2026-09-08T14:56:32.395960,7,5963,FRAME,702.146,278.44,3.685,-3.38,140,196,,,
2026-09-08T14:56:32.412769,7,5964,FRAME,705.83,275.06,3.685,-3.38,140,203,,,
2026-09-08T14:56:32.427440,7,5965,FRAME,709.515,271.68,3.685,-3.38,140,196,,,
2026-09-08T14:56:32.445002,7,5966,FRAME,713.199,268.3,3.685,-3.38,140,203,,,
2026-09-08T14:56:32.460854,7,5967,FRAME,716.884,264.92,3.685,-3.38,140,196,,,
2026-09-08T14:56:32.476708,7,5968,FRAME,720.568,261.54,3.685,-3.38,140,203,,,
2026-09-08T14:56:32.492351,7,5969,FRAME,724.253,258.16,3.685,-3.38,140,196,,,
2026-09-08T14:56:32.509543,7,5970,FRAME,727.937,254.78,3.685,-3.38,140,203,,,
2026-09-08T14:56:32.527553,7,5971,FRAME,731.622,251.4,3.685,-3.38,140,196,,,
2026-09-08T14:56:32.542684,7,5972,FRAME,735.306,248.02,3.685,-3.38,140,203,,,
2026-09-08T14:56:32.559849,7,5973,FRAME,738.991,244.64,3.685,-3.38,140,196,,,
2026-09-08T14:56:32.575711,7,5974,FRAME,742.676,241.261,3.685,-3.38,140,203,,,
2026-09-08T14:56:32.593437,7,5975,FRAME,746.36,237.881,3.685,-3.38,140,196,,,
2026-09-08T14:56:32.609367,7,5976,FRAME,750.045,234.501,3.685,-3.38,140,196,,,
2026-09-08T14:56:32.626152,7,5977,FRAME,753.729,231.121,3.685,-3.38,140,196,,,
2026-09-08T14:56:32.642673,7,5978,FRAME,757.414,227.741,3.685,-3.38,140,196,,,
2026-09-08T14:56:32.658234,7,5979,RIGHT_HIT,758,224.361,-4.734,-1.609,140,196,-0.313,-18.767,
2026-09-08T14:56:32.658234,7,5980,FRAME,758,224.361,-4.734,-1.609,140,196,,,
2026-09-08T14:56:32.674991,7,5981,FRAME,753.266,222.752,-4.734,-1.609,140,203,,,
2026-09-08T14:56:32.690893,7,5982,FRAME,748.532,221.143,-4.734,-1.609,140,196,,,
2026-09-08T14:56:32.707238,7,5983,FRAME,743.798,219.535,-4.734,-1.609,140,203,,,
2026-09-08T14:56:32.726720,7,5984,FRAME,739.063,217.926,-4.734,-1.609,140,196,,,
2026-09-08T14:56:32.741858,7,5985,FRAME,734.329,216.317,-4.734,-1.609,140,203,,,
2026-09-08T14:56:32.757853,7,5986,FRAME,729.595,214.709,-4.734,-1.609,140,196,,,
2026-09-08T14:56:32.773930,7,5987,FRAME,724.861,213.1,-4.734,-1.609,140,203,,,
2026-09-08T14:56:32.790173,7,5988,FRAME,720.127,211.491,-4.734,-1.609,140,196,,,
2026-09-08T14:56:32.806738,7,5989,FRAME,715.393,209.883,-4.734,-1.609,140,203,,,
2026-09-08T14:56:32.822550,7,5990,FRAME,710.658,208.274,-4.734,-1.609,140,196,,,
2026-09-08T14:56:32.839207,7,5991,FRAME,705.924,206.666,-4.734,-1.609,140,203,,,
2026-09-08T14:56:32.855776,7,5992,FRAME,701.19,205.057,-4.734,-1.609,140,196,,,
2026-09-08T14:56:32.871981,7,5993,FRAME,696.456,203.448,-4.734,-1.609,140,203,,,
2026-09-08T14:56:32.888801,7,5994,FRAME,691.722,201.84,-4.734,-1.609,140,196,,,
2026-09-08T14:56:32.904836,7,5995,FRAME,686.988,200.231,-4.734,-1.609,140,203,,,
2026-09-08T14:56:32.920875,7,5996,FRAME,682.253,198.622,-4.734,-1.609,140,196,,,
2026-09-08T14:56:32.936750,7,5997,FRAME,677.519,197.014,-4.734,-1.609,140,203,,,
2026-09-08T14:56:32.952827,7,5998,FRAME,672.785,195.405,-4.734,-1.609,140,196,,,
2026-09-08T14:56:32.969021,7,5999,FRAME,668.051,193.797,-4.734,-1.609,140,203,,,
2026-09-08T14:56:32.985556,7,6000,FRAME,663.317,192.188,-4.734,-1.609,140,196,,,
2026-09-08T14:56:33.000706,7,6001,FRAME,658.583,190.579,-4.734,-1.609,140,203,,,
2026-09-08T14:56:33.017576,7,6002,FRAME,653.848,188.971,-4.734,-1.609,140,196,,,
2026-09-08T14:56:33.033771,7,6003,FRAME,649.114,187.362,-4.734,-1.609,140,203,,,
2026-09-08T14:56:33.049722,7,6004,FRAME,644.38,185.753,-4.734,-1.609,140,196,,,
2026-09-08T14:56:33.067512,7,6005,FRAME,639.646,184.145,-4.734,-1.609,140,203,,,
2026-09-08T14:56:33.085711,7,6006,FRAME,634.912,182.536,-4.734,-1.609,140,196,,,
2026-09-08T14:56:33.101817,7,6007,FRAME,630.178,180.927,-4.734,-1.609,140,203,,,
2026-09-08T14:56:33.117986,7,6008,FRAME,625.443,179.319,-4.734,-1.609,140,196,,,
2026-09-08T14:56:33.134256,7,6009,FRAME,620.709,177.71,-4.734,-1.609,140,203,,,
2026-09-08T14:56:33.151216,7,6010,FRAME,615.975,176.102,-4.734,-1.609,140,196,,,
2026-09-08T14:56:33.168772,7,6011,FRAME,611.241,174.493,-4.734,-1.609,140,203,,,
2026-09-08T14:56:33.185291,7,6012,FRAME,606.507,172.884,-4.734,-1.609,140,196,,,
2026-09-08T14:56:33.201668,7,6013,FRAME,601.773,171.276,-4.734,-1.609,140,203,,,
2026-09-08T14:56:33.217729,7,6014,FRAME,597.038,169.667,-4.734,-1.609,140,196,,,
2026-09-08T14:56:33.234029,7,6015,FRAME,592.304,168.058,-4.734,-1.609,140,203,,,
2026-09-08T14:56:33.249947,7,6016,FRAME,587.57,166.45,-4.734,-1.609,140,196,,,
2026-09-08T14:56:33.265719,7,6017,FRAME,582.836,164.841,-4.734,-1.609,140,203,,,
2026-09-08T14:56:33.281944,7,6018,FRAME,578.102,163.233,-4.734,-1.609,140,196,,,
2026-09-08T14:56:33.299824,7,6019,FRAME,573.368,161.624,-4.734,-1.609,140,203,,,
2026-09-08T14:56:33.317320,7,6020,FRAME,568.633,160.015,-4.734,-1.609,140,196,,,
2026-09-08T14:56:33.333029,7,6021,FRAME,563.899,158.407,-4.734,-1.609,140,203,,,
2026-09-08T14:56:33.348891,7,6022,FRAME,559.165,156.798,-4.734,-1.609,140,196,,,
2026-09-08T14:56:33.365847,7,6023,FRAME,554.431,155.189,-4.734,-1.609,140,203,,,
2026-09-08T14:56:33.382420,7,6024,FRAME,549.697,153.581,-4.734,-1.609,140,196,,,
2026-09-08T14:56:33.400205,7,6025,FRAME,544.963,151.972,-4.734,-1.609,140,203,,,
2026-09-08T14:56:33.417154,7,6026,FRAME,540.228,150.363,-4.734,-1.609,140,196,,,
2026-09-08T14:56:33.433267,7,6027,FRAME,535.494,148.755,-4.734,-1.609,140,203,,,
2026-09-08T14:56:33.450394,7,6028,FRAME,530.76,147.146,-4.734,-1.609,140,196,,,
2026-09-08T14:56:33.466400,7,6029,FRAME,526.026,145.538,-4.734,-1.609,140,203,,,
2026-09-08T14:56:33.483380,7,6030,FRAME,521.292,143.929,-4.734,-1.609,140,196,,,
2026-09-08T14:56:33.500922,7,6031,FRAME,516.558,142.32,-4.734,-1.609,140,203,,,
2026-09-08T14:56:33.516161,7,6032,FRAME,511.823,140.712,-4.734,-1.609,140,196,,,
2026-09-08T14:56:33.534830,7,6033,FRAME,507.089,139.103,-4.734,-1.609,140,203,,,
2026-09-08T14:56:33.550657,7,6034,FRAME,502.355,137.494,-4.734,-1.609,140,196,,,
2026-09-08T14:56:33.567074,7,6035,FRAME,497.621,135.886,-4.734,-1.609,140,203,,,
2026-09-08T14:56:33.583353,7,6036,FRAME,492.887,134.277,-4.734,-1.609,140,196,,,
2026-09-08T14:56:33.600752,7,6037,FRAME,488.153,132.669,-4.734,-1.609,140,203,,,
2026-09-08T14:56:33.617133,7,6038,FRAME,483.419,131.06,-4.734,-1.609,140,196,,,
2026-09-08T14:56:33.635848,7,6039,FRAME,478.684,129.451,-4.734,-1.609,140,203,,,
2026-09-08T14:56:33.652301,7,6040,FRAME,473.95,127.843,-4.734,-1.609,140,196,,,
2026-09-08T14:56:33.669278,7,6041,FRAME,469.216,126.234,-4.734,-1.609,140,203,,,
2026-09-08T14:56:33.687014,7,6042,FRAME,464.482,124.625,-4.734,-1.609,140,196,,,
2026-09-08T14:56:33.702917,7,6043,FRAME,459.748,123.017,-4.734,-1.609,140,203,,,
2026-09-08T14:56:33.718725,7,6044,FRAME,455.014,121.408,-4.734,-1.609,140,196,,,
2026-09-08T14:56:33.736044,7,6045,FRAME,450.279,119.799,-4.734,-1.609,140,203,,,
2026-09-08T14:56:33.752166,7,6046,FRAME,445.545,118.191,-4.734,-1.609,140,196,,,
2026-09-08T14:56:33.769299,7,6047,FRAME,440.811,116.582,-4.734,-1.609,140,203,,,
2026-09-08T14:56:33.786732,7,6048,FRAME,436.077,114.974,-4.734,-1.609,140,196,,,
2026-09-08T14:56:33.802720,7,6049,FRAME,431.343,113.365,-4.734,-1.609,140,203,,,
2026-09-08T14:56:33.818272,7,6050,FRAME,426.609,111.756,-4.734,-1.609,140,196,,,
2026-09-08T14:56:33.835833,7,6051,FRAME,421.874,110.148,-4.734,-1.609,140,203,,,
2026-09-08T14:56:33.852050,7,6052,FRAME,417.14,108.539,-4.734,-1.609,140,196,,,
2026-09-08T14:56:33.869567,7,6053,FRAME,412.406,106.93,-4.734,-1.609,140,203,,,
2026-09-08T14:56:33.885992,7,6054,FRAME,407.672,105.322,-4.734,-1.609,140,196,,,
2026-09-08T14:56:33.902541,7,6055,FRAME,402.938,103.713,-4.734,-1.609,140,203,,,
2026-09-08T14:56:33.919667,7,6056,FRAME,398.204,102.105,-4.734,-1.609,140,196,,,
2026-09-08T14:56:33.935825,7,6057,FRAME,393.469,100.496,-4.734,-1.609,140,203,,,
2026-09-08T14:56:33.952755,7,6058,FRAME,388.735,98.887,-4.734,-1.609,140,196,,,
2026-09-08T14:56:33.969385,7,6059,FRAME,384.001,97.279,-4.734,-1.609,140,203,,,
2026-09-08T14:56:33.987229,7,6060,FRAME,379.267,95.67,-4.734,-1.609,140,196,,,
2026-09-08T14:56:34.004209,7,6061,FRAME,374.533,94.061,-4.734,-1.609,140,203,,,
2026-09-08T14:56:34.020572,7,6062,FRAME,369.799,92.453,-4.734,-1.609,140,196,,,
2026-09-08T14:56:34.036849,7,6063,FRAME,365.064,90.844,-4.734,-1.609,140,203,,,
2026-09-08T14:56:34.052952,7,6064,FRAME,360.33,89.235,-4.734,-1.609,140,196,,,
2026-09-08T14:56:34.069015,7,6065,FRAME,355.596,87.627,-4.734,-1.609,140,203,,,
2026-09-08T14:56:34.085735,7,6066,FRAME,350.862,86.018,-4.734,-1.609,140,196,,,
2026-09-08T14:56:34.101861,7,6067,FRAME,346.128,84.41,-4.734,-1.609,140,203,,,
2026-09-08T14:56:34.118650,7,6068,FRAME,341.394,82.801,-4.734,-1.609,140,196,,,
2026-09-08T14:56:34.135983,7,6069,FRAME,336.659,81.192,-4.734,-1.609,140,203,,,
2026-09-08T14:56:34.151643,7,6070,FRAME,331.925,79.584,-4.734,-1.609,140,196,,,
2026-09-08T14:56:34.168599,7,6071,FRAME,327.191,77.975,-4.734,-1.609,140,203,,,
2026-09-08T14:56:34.184956,7,6072,FRAME,322.457,76.366,-4.734,-1.609,140,196,,,
2026-09-08T14:56:34.201722,7,6073,FRAME,317.723,74.758,-4.734,-1.609,140,203,,,
2026-09-08T14:56:34.217588,7,6074,FRAME,312.989,73.149,-4.734,-1.609,140,196,,,
2026-09-08T14:56:34.235082,7,6075,FRAME,308.254,71.541,-4.734,-1.609,140,203,,,
2026-09-08T14:56:34.252160,7,6076,FRAME,303.52,69.932,-4.734,-1.609,140,196,,,
2026-09-08T14:56:34.268443,7,6077,FRAME,298.786,68.323,-4.734,-1.609,140,203,,,
2026-09-08T14:56:34.285841,7,6078,FRAME,294.052,66.715,-4.734,-1.609,140,196,,,
2026-09-08T14:56:34.301426,7,6079,FRAME,289.318,65.106,-4.734,-1.609,140,203,,,
2026-09-08T14:56:34.317879,7,6080,FRAME,284.584,63.497,-4.734,-1.609,140,196,,,
2026-09-08T14:56:34.335095,7,6081,FRAME,279.849,61.889,-4.734,-1.609,140,203,,,
2026-09-08T14:56:34.351832,7,6082,FRAME,275.115,60.28,-4.734,-1.609,140,196,,,
2026-09-08T14:56:34.368818,7,6083,FRAME,270.381,58.671,-4.734,-1.609,140,203,,,
2026-09-08T14:56:34.385891,7,6084,FRAME,265.647,57.063,-4.734,-1.609,140,196,,,
2026-09-08T14:56:34.402563,7,6085,FRAME,260.913,55.454,-4.734,-1.609,140,203,,,
2026-09-08T14:56:34.419009,7,6086,FRAME,256.179,53.846,-4.734,-1.609,140,196,,,
2026-09-08T14:56:34.434949,7,6087,FRAME,251.444,52.237,-4.734,-1.609,140,203,,,
2026-09-08T14:56:34.451588,7,6088,FRAME,246.71,50.628,-4.734,-1.609,140,196,,,
2026-09-08T14:56:34.468116,7,6089,FRAME,241.976,49.02,-4.734,-1.609,140,203,,,
2026-09-08T14:56:34.484341,7,6090,FRAME,237.242,47.411,-4.734,-1.609,140,196,,,
2026-09-08T14:56:34.502725,7,6091,FRAME,232.508,45.802,-4.734,-1.609,140,203,,,
2026-09-08T14:56:34.518328,7,6092,FRAME,227.774,44.194,-4.734,-1.609,140,196,,,
2026-09-08T14:56:34.535733,7,6093,FRAME,223.04,42.585,-4.734,-1.609,140,203,,,
2026-09-08T14:56:34.551428,7,6094,FRAME,218.305,40.977,-4.734,-1.609,140,196,,,
2026-09-08T14:56:34.567855,7,6095,FRAME,213.571,39.368,-4.734,-1.609,140,203,,,
2026-09-08T14:56:34.584168,7,6096,FRAME,208.837,37.759,-4.734,-1.609,140,196,,,
2026-09-08T14:56:34.602034,7,6097,FRAME,204.103,36.151,-4.734,-1.609,140,203,,,
2026-09-08T14:56:34.618850,7,6098,FRAME,199.369,34.542,-4.734,-1.609,140,196,,,
2026-09-08T14:56:34.635663,7,6099,FRAME,194.635,32.933,-4.734,-1.609,140,203,,,
2026-09-08T14:56:34.653151,7,6100,FRAME,189.9,31.325,-4.734,-1.609,140,196,,,
2026-09-08T14:56:34.669148,7,6101,FRAME,185.166,29.716,-4.734,-1.609,140,203,,,
2026-09-08T14:56:34.687858,7,6102,FRAME,180.432,28.107,-4.734,-1.609,140,196,,,
2026-09-08T14:56:34.704050,7,6103,FRAME,175.698,26.499,-4.734,-1.609,140,203,,,
2026-09-08T14:56:34.721662,7,6104,FRAME,170.964,24.89,-4.734,-1.609,140,196,,,
2026-09-08T14:56:34.738031,7,6105,FRAME,166.23,23.282,-4.734,-1.609,140,203,,,
2026-09-08T14:56:34.754201,7,6106,FRAME,161.495,21.673,-4.734,-1.609,140,196,,,
2026-09-08T14:56:34.772210,7,6107,FRAME,156.761,20.064,-4.734,-1.609,140,203,,,
2026-09-08T14:56:34.789751,7,6108,FRAME,152.027,18.456,-4.734,-1.609,140,196,,,
2026-09-08T14:56:34.806736,7,6109,FRAME,147.293,16.847,-4.734,-1.609,140,203,,,
2026-09-08T14:56:34.823996,7,6110,FRAME,142.559,15.238,-4.734,-1.609,140,196,,,
2026-09-08T14:56:34.841757,7,6111,FRAME,137.825,13.63,-4.734,-1.609,140,203,,,
2026-09-08T14:56:34.857503,7,6112,FRAME,133.09,12.021,-4.734,-1.609,140,196,,,
2026-09-08T14:56:34.875775,7,6113,FRAME,128.356,10.413,-4.734,-1.609,140,203,,,
2026-09-08T14:56:34.892568,7,6114,FRAME,123.622,8.804,-4.734,-1.609,140,196,,,
2026-09-08T14:56:34.908390,7,6115,FRAME,118.888,7.195,-4.734,-1.609,140,203,,,
2026-09-08T14:56:34.925102,7,6116,FRAME,114.154,5.587,-4.734,-1.609,140,196,,,
2026-09-08T14:56:34.940873,7,6117,FRAME,109.42,3.978,-4.734,-1.609,140,203,,,
2026-09-08T14:56:34.957275,7,6118,FRAME,104.685,2.369,-4.734,-1.609,140,196,,,
2026-09-08T14:56:34.974970,7,6119,FRAME,99.951,0.761,-4.734,-1.609,140,203,,,
2026-09-08T14:56:34.990790,7,6120,WALL_BOUNCE,95.217,0,-4.734,1.609,140,196,,,
2026-09-08T14:56:34.990790,7,6121,FRAME,95.217,0,-4.734,1.609,140,196,,,
2026-09-08T14:56:35.007757,7,6122,FRAME,90.483,1.609,-4.734,1.609,140,203,,,
2026-09-08T14:56:35.024008,7,6123,FRAME,85.749,3.217,-4.734,1.609,140,196,,,
2026-09-08T14:56:35.039747,7,6124,FRAME,81.015,4.826,-4.734,1.609,140,203,,,
2026-09-08T14:56:35.055977,7,6125,FRAME,76.28,6.435,-4.734,1.609,140,196,,,
2026-09-08T14:56:35.072900,7,6126,FRAME,71.546,8.043,-4.734,1.609,140,203,,,
2026-09-08T14:56:35.089844,7,6127,FRAME,66.812,9.652,-4.734,1.609,140,196,,,
2026-09-08T14:56:35.105014,7,6128,FRAME,62.078,11.26,-4.734,1.609,140,203,,,
2026-09-08T14:56:35.122211,7,6129,FRAME,57.344,12.869,-4.734,1.609,140,196,,,
2026-09-08T14:56:35.137971,7,6130,FRAME,52.61,14.478,-4.734,1.609,140,203,,,
2026-09-08T14:56:35.155086,7,6131,FRAME,47.875,16.086,-4.734,1.609,140,196,,,
2026-09-08T14:56:35.171570,7,6132,FRAME,43.141,17.695,-4.734,1.609,140,203,,,
2026-09-08T14:56:35.188064,7,6133,FRAME,38.407,19.304,-4.734,1.609,140,196,,,
2026-09-08T14:56:35.203922,7,6134,FRAME,33.673,20.912,-4.734,1.609,140,203,,,
2026-09-08T14:56:35.219724,7,6135,FRAME,28.939,22.521,-4.734,1.609,140,196,,,
2026-09-08T14:56:35.236873,7,6136,FRAME,24.205,24.129,-4.734,1.609,140,203,,,
2026-09-08T14:56:35.252938,7,6137,FRAME,19.47,25.738,-4.734,1.609,140,196,,,
2026-09-08T14:56:35.270473,7,6138,FRAME,14.736,27.347,-4.734,1.609,140,203,,,
2026-09-08T14:56:35.287287,7,6139,FRAME,10.002,28.955,-4.734,1.609,140,196,,,
2026-09-08T14:56:35.303775,7,6140,FRAME,5.268,30.564,-4.734,1.609,140,203,,,
2026-09-08T14:56:35.321659,7,6141,FRAME,0.534,32.173,-4.734,1.609,140,196,,,
2026-09-08T14:56:35.339621,7,6142,FRAME,-4.2,33.781,-4.734,1.609,140,203,,,
2026-09-08T14:56:35.355284,7,6143,FRAME,-8.934,35.39,-4.734,1.609,140,196,,,
2026-09-08T14:56:35.370064,7,6144,MISS_LEFT,-13.669,36.999,-4.734,1.609,140,203,,,RIGHT
2026-09-08T14:56:35.370574,8,6145,FRAME,358.09,373.476,3.647,3.421,140,203,,,
2026-09-08T14:56:35.386144,8,6146,FRAME,361.736,376.896,3.647,3.421,140,196,,,
2026-09-08T14:56:35.402941,8,6147,FRAME,365.383,380.317,3.647,3.421,140,203,,,
2026-09-08T14:56:35.418778,8,6148,FRAME,369.029,383.738,3.647,3.421,140,196,,,
2026-09-08T14:56:35.435585,8,6149,FRAME,372.676,387.159,3.647,3.421,140,203,,,
2026-09-08T14:56:35.451065,8,6150,FRAME,376.323,390.58,3.647,3.421,140,196,,,
2026-09-08T14:56:35.468154,8,6151,FRAME,379.969,394.001,3.647,3.421,140,203,,,
2026-09-08T14:56:35.484999,8,6152,FRAME,383.616,397.422,3.647,3.421,140,196,,,
2026-09-08T14:56:35.501839,8,6153,FRAME,387.262,400.842,3.647,3.421,140,203,,,
2026-09-08T14:56:35.517797,8,6154,FRAME,390.909,404.263,3.647,3.421,140,196,,,
2026-09-08T14:56:35.533850,8,6155,FRAME,394.556,407.684,3.647,3.421,140,203,,,
2026-09-08T14:56:35.563895,8,6156,FRAME,398.202,411.105,3.647,3.421,140,196,,,
2026-09-08T14:56:35.570970,8,6157,FRAME,401.849,414.526,3.647,3.421,140,203,,,
2026-09-08T14:56:35.585915,8,6158,FRAME,405.495,417.947,3.647,3.421,140,196,,,
2026-09-08T14:56:35.602858,8,6159,FRAME,409.142,421.368,3.647,3.421,140,203,,,
2026-09-08T14:56:35.619609,8,6160,FRAME,412.789,424.789,3.647,3.421,140,196,,,
2026-09-08T14:56:35.636057,8,6161,FRAME,416.435,428.209,3.647,3.421,140,203,,,
2026-09-08T14:56:35.652034,8,6162,FRAME,420.082,431.63,3.647,3.421,140,196,,,
2026-09-08T14:56:35.668050,8,6163,FRAME,423.728,435.051,3.647,3.421,140,203,,,
2026-09-08T14:56:35.686036,8,6164,FRAME,427.375,438.472,3.647,3.421,140,196,,,
2026-09-08T14:56:35.702419,8,6165,FRAME,431.022,441.893,3.647,3.421,140,203,,,
2026-09-08T14:56:35.719916,8,6166,FRAME,434.668,445.314,3.647,3.421,140,196,,,
2026-09-08T14:56:35.735976,8,6167,FRAME,438.315,448.735,3.647,3.421,140,203,,,
2026-09-08T14:56:35.752134,8,6168,FRAME,441.961,452.155,3.647,3.421,140,196,,,
2026-09-08T14:56:35.768770,8,6169,FRAME,445.608,455.576,3.647,3.421,140,203,,,
2026-09-08T14:56:35.784966,8,6170,FRAME,449.255,458.997,3.647,3.421,140,196,,,
2026-09-08T14:56:35.800817,8,6171,FRAME,452.901,462.418,3.647,3.421,140,203,,,
2026-09-08T14:56:35.816842,8,6172,FRAME,456.548,465.839,3.647,3.421,140,196,,,
2026-09-08T14:56:35.832857,8,6173,FRAME,460.194,469.26,3.647,3.421,140,203,,,
2026-09-08T14:56:35.848768,8,6174,FRAME,463.841,472.681,3.647,3.421,140,196,,,
2026-09-08T14:56:35.865883,8,6175,FRAME,467.488,476.102,3.647,3.421,140,203,,,
2026-09-08T14:56:35.881256,8,6176,FRAME,471.134,479.522,3.647,3.421,140,196,,,
2026-09-08T14:56:35.898593,8,6177,FRAME,474.781,482.943,3.647,3.421,140,203,,,
2026-09-08T14:56:35.915177,8,6178,FRAME,478.427,486.364,3.647,3.421,140,196,,,
2026-09-08T14:56:35.931106,8,6179,WALL_BOUNCE,482.074,488,3.647,-3.421,140,203,,,
2026-09-08T14:56:35.932025,8,6180,FRAME,482.074,488,3.647,-3.421,140,203,,,
2026-09-08T14:56:35.947103,8,6181,FRAME,485.721,484.579,3.647,-3.421,140,196,,,
2026-09-08T14:56:35.963832,8,6182,FRAME,489.367,481.158,3.647,-3.421,140,203,,,
2026-09-08T14:56:35.980756,8,6183,FRAME,493.014,477.737,3.647,-3.421,140,196,,,
2026-09-08T14:56:35.996881,8,6184,FRAME,496.66,474.317,3.647,-3.421,140,203,,,
2026-09-08T14:56:36.013119,8,6185,FRAME,500.307,470.896,3.647,-3.421,140,196,,,
2026-09-08T14:56:36.028847,8,6186,FRAME,503.954,467.475,3.647,-3.421,140,203,,,
2026-09-08T14:56:36.046041,8,6187,FRAME,507.6,464.054,3.647,-3.421,140,196,,,
2026-09-08T14:56:36.063429,8,6188,FRAME,511.247,460.633,3.647,-3.421,140,203,,,
2026-09-08T14:56:36.078821,8,6189,FRAME,514.893,457.212,3.647,-3.421,140,196,,,
2026-09-08T14:56:36.096564,8,6190,FRAME,518.54,453.791,3.647,-3.421,140,203,,,
2026-09-08T14:56:36.113760,8,6191,FRAME,522.186,450.37,3.647,-3.421,140,196,,,
2026-09-08T14:56:36.130508,8,6192,FRAME,525.833,446.95,3.647,-3.421,140,203,,,
2026-09-08T14:56:36.147565,8,6193,FRAME,529.48,443.529,3.647,-3.421,140,196,,,
2026-09-08T14:56:36.163850,8,6194,FRAME,533.126,440.108,3.647,-3.421,140,203,,,
2026-09-08T14:56:36.180264,8,6195,FRAME,536.773,436.687,3.647,-3.421,140,196,,,
2026-09-08T14:56:36.198918,8,6196,FRAME,540.419,433.266,3.647,-3.421,140,203,,,
2026-09-08T14:56:36.213376,8,6197,FRAME,544.066,429.845,3.647,-3.421,140,196,,,
2026-09-08T14:56:36.230566,8,6198,FRAME,547.713,426.424,3.647,-3.421,140,203,,,
2026-09-08T14:56:36.245942,8,6199,FRAME,551.359,423.004,3.647,-3.421,140,196,,,
2026-09-08T14:56:36.263051,8,6200,FRAME,555.006,419.583,3.647,-3.421,140,203,,,
2026-09-08T14:56:36.279739,8,6201,FRAME,558.652,416.162,3.647,-3.421,140,196,,,
2026-09-08T14:56:36.295040,8,6202,FRAME,562.299,412.741,3.647,-3.421,140,203,,,
2026-09-08T14:56:36.311460,8,6203,FRAME,565.946,409.32,3.647,-3.421,140,196,,,
2026-09-08T14:56:36.329191,8,6204,FRAME,569.592,405.899,3.647,-3.421,140,203,,,
2026-09-08T14:56:36.346175,8,6205,FRAME,573.239,402.478,3.647,-3.421,140,196,,,
2026-09-08T14:56:36.362996,8,6206,FRAME,576.885,399.057,3.647,-3.421,140,203,,,
2026-09-08T14:56:36.378382,8,6207,FRAME,580.532,395.637,3.647,-3.421,140,196,,,
2026-09-08T14:56:36.396087,8,6208,FRAME,584.179,392.216,3.647,-3.421,140,203,,,
2026-09-08T14:56:36.411569,8,6209,FRAME,587.825,388.795,3.647,-3.421,140,196,,,
2026-09-08T14:56:36.427665,8,6210,FRAME,591.472,385.374,3.647,-3.421,140,203,,,
2026-09-08T14:56:36.445721,8,6211,FRAME,595.118,381.953,3.647,-3.421,140,196,,,
2026-09-08T14:56:36.462843,8,6212,FRAME,598.765,378.532,3.647,-3.421,140,203,,,
2026-09-08T14:56:36.479964,8,6213,FRAME,602.412,375.111,3.647,-3.421,140,196,,,
2026-09-08T14:56:36.495892,8,6214,FRAME,606.058,371.691,3.647,-3.421,140,203,,,
2026-09-08T14:56:36.512931,8,6215,FRAME,609.705,368.27,3.647,-3.421,140,196,,,
2026-09-08T14:56:36.529996,8,6216,FRAME,613.351,364.849,3.647,-3.421,140,203,,,
2026-09-08T14:56:36.547383,8,6217,FRAME,616.998,361.428,3.647,-3.421,140,196,,,
2026-09-08T14:56:36.562839,8,6218,FRAME,620.645,358.007,3.647,-3.421,140,203,,,
2026-09-08T14:56:36.579000,8,6219,FRAME,624.291,354.586,3.647,-3.421,140,196,,,
2026-09-08T14:56:36.595490,8,6220,FRAME,627.938,351.165,3.647,-3.421,140,203,,,
2026-09-08T14:56:36.611317,8,6221,FRAME,631.584,347.745,3.647,-3.421,140,196,,,
2026-09-08T14:56:36.628490,8,6222,FRAME,635.231,344.324,3.647,-3.421,140,203,,,
2026-09-08T14:56:36.646939,8,6223,FRAME,638.878,340.903,3.647,-3.421,140,196,,,
2026-09-08T14:56:36.664294,8,6224,FRAME,642.524,337.482,3.647,-3.421,140,203,,,
2026-09-08T14:56:36.680086,8,6225,FRAME,646.171,334.061,3.647,-3.421,140,196,,,
2026-09-08T14:56:36.696944,8,6226,FRAME,649.817,330.64,3.647,-3.421,140,203,,,
2026-09-08T14:56:36.713807,8,6227,FRAME,653.464,327.219,3.647,-3.421,140,196,,,
2026-09-08T14:56:36.730036,8,6228,FRAME,657.111,323.798,3.647,-3.421,140,203,,,
2026-09-08T14:56:36.745986,8,6229,FRAME,660.757,320.378,3.647,-3.421,140,196,,,
2026-09-08T14:56:36.763491,8,6230,FRAME,664.404,316.957,3.647,-3.421,140,203,,,
2026-09-08T14:56:36.779467,8,6231,FRAME,668.05,313.536,3.647,-3.421,140,196,,,
2026-09-08T14:56:36.797242,8,6232,FRAME,671.697,310.115,3.647,-3.421,140,203,,,
2026-09-08T14:56:36.812777,8,6233,FRAME,675.344,306.694,3.647,-3.421,140,196,,,
2026-09-08T14:56:36.829537,8,6234,FRAME,678.99,303.273,3.647,-3.421,140,203,,,
2026-09-08T14:56:36.845866,8,6235,FRAME,682.637,299.852,3.647,-3.421,147,196,,,
2026-09-08T14:56:36.862000,8,6236,FRAME,686.283,296.432,3.647,-3.421,154,203,,,
2026-09-08T14:56:36.879151,8,6237,FRAME,689.93,293.011,3.647,-3.421,161,196,,,
2026-09-08T14:56:36.895619,8,6238,FRAME,693.577,289.59,3.647,-3.421,168,203,,,
2026-09-08T14:56:36.911036,8,6239,FRAME,697.223,286.169,3.647,-3.421,175,196,,,
2026-09-08T14:56:36.927056,8,6240,FRAME,700.87,282.748,3.647,-3.421,182,203,,,
2026-09-08T14:56:36.945958,8,6241,FRAME,704.516,279.327,3.647,-3.421,189,196,,,
2026-09-08T14:56:36.961585,8,6242,FRAME,708.163,275.906,3.647,-3.421,196,203,,,
2026-09-08T14:56:36.977950,8,6243,FRAME,711.81,272.485,3.647,-3.421,203,196,,,
2026-09-08T14:56:36.995719,8,6244,FRAME,715.456,269.065,3.647,-3.421,210,203,,,
2026-09-08T14:56:37.012129,8,6245,FRAME,719.103,265.644,3.647,-3.421,217,196,,,
2026-09-08T14:56:37.029957,8,6246,FRAME,722.749,262.223,3.647,-3.421,217,203,,,
2026-09-08T14:56:37.045566,8,6247,FRAME,726.396,258.802,3.647,-3.421,217,196,,,
2026-09-08T14:56:37.062372,8,6248,FRAME,730.043,255.381,3.647,-3.421,217,203,,,
2026-09-08T14:56:37.079059,8,6249,FRAME,733.689,251.96,3.647,-3.421,217,196,,,
2026-09-08T14:56:37.095091,8,6250,FRAME,737.336,248.539,3.647,-3.421,217,203,,,
2026-09-08T14:56:37.111131,8,6251,FRAME,740.982,245.119,3.647,-3.421,217,196,,,
2026-09-08T14:56:37.126712,8,6252,FRAME,744.629,241.698,3.647,-3.421,217,203,,,
2026-09-08T14:56:37.143879,8,6253,FRAME,748.276,238.277,3.647,-3.421,217,203,,,
2026-09-08T14:56:37.159441,8,6254,FRAME,751.922,234.856,3.647,-3.421,217,203,,,
2026-09-08T14:56:37.175962,8,6255,FRAME,755.569,231.435,3.647,-3.421,217,203,,,
2026-09-08T14:56:37.191976,8,6256,RIGHT_HIT,758,228.014,-4.61,-1.936,217,203,-0.38,-22.783,
2026-09-08T14:56:37.191976,8,6257,FRAME,758,228.014,-4.61,-1.936,217,203,,,
2026-09-08T14:56:37.207967,8,6258,FRAME,753.39,226.078,-4.61,-1.936,217,196,,,
2026-09-08T14:56:37.224089,8,6259,FRAME,748.78,224.142,-4.61,-1.936,217,203,,,
2026-09-08T14:56:37.241135,8,6260,FRAME,744.17,222.206,-4.61,-1.936,217,196,,,
2026-09-08T14:56:37.256765,8,6261,FRAME,739.56,220.269,-4.61,-1.936,217,203,,,
2026-09-08T14:56:37.272847,8,6262,FRAME,734.951,218.333,-4.61,-1.936,217,196,,,
2026-09-08T14:56:37.289053,8,6263,FRAME,730.341,216.397,-4.61,-1.936,217,203,,,
2026-09-08T14:56:37.306863,8,6264,FRAME,725.731,214.461,-4.61,-1.936,217,196,,,
2026-09-08T14:56:37.322868,8,6265,FRAME,721.121,212.525,-4.61,-1.936,217,203,,,
2026-09-08T14:56:37.339997,8,6266,FRAME,716.511,210.588,-4.61,-1.936,217,196,,,
2026-09-08T14:56:37.355812,8,6267,FRAME,711.901,208.652,-4.61,-1.936,217,203,,,
2026-09-08T14:56:37.371870,8,6268,FRAME,707.291,206.716,-4.61,-1.936,217,196,,,
2026-09-08T14:56:37.388000,8,6269,FRAME,702.681,204.78,-4.61,-1.936,217,203,,,
2026-09-08T14:56:37.405780,8,6270,FRAME,698.071,202.844,-4.61,-1.936,217,196,,,
2026-09-08T14:56:37.423160,8,6271,FRAME,693.462,200.907,-4.61,-1.936,217,203,,,
2026-09-08T14:56:37.438875,8,6272,FRAME,688.852,198.971,-4.61,-1.936,217,196,,,
2026-09-08T14:56:37.455866,8,6273,FRAME,684.242,197.035,-4.61,-1.936,217,203,,,
2026-09-08T14:56:37.473076,8,6274,FRAME,679.632,195.099,-4.61,-1.936,217,196,,,
2026-09-08T14:56:37.488807,8,6275,FRAME,675.022,193.162,-4.61,-1.936,217,203,,,
2026-09-08T14:56:37.504890,8,6276,FRAME,670.412,191.226,-4.61,-1.936,217,196,,,
2026-09-08T14:56:37.520834,8,6277,FRAME,665.802,189.29,-4.61,-1.936,217,203,,,
2026-09-08T14:56:37.537723,8,6278,FRAME,661.192,187.354,-4.61,-1.936,217,196,,,
2026-09-08T14:56:37.553889,8,6279,FRAME,656.582,185.418,-4.61,-1.936,217,203,,,
2026-09-08T14:56:37.569984,8,6280,FRAME,651.972,183.481,-4.61,-1.936,217,196,,,
2026-09-08T14:56:37.586119,8,6281,FRAME,647.363,181.545,-4.61,-1.936,217,203,,,
2026-09-08T14:56:37.602504,8,6282,FRAME,642.753,179.609,-4.61,-1.936,217,196,,,
2026-09-08T14:56:37.618501,8,6283,FRAME,638.143,177.673,-4.61,-1.936,217,203,,,
2026-09-08T14:56:37.635841,8,6284,FRAME,633.533,175.737,-4.61,-1.936,217,196,,,
2026-09-08T14:56:37.652679,8,6285,FRAME,628.923,173.8,-4.61,-1.936,217,203,,,
2026-09-08T14:56:37.668820,8,6286,FRAME,624.313,171.864,-4.61,-1.936,217,196,,,
2026-09-08T14:56:37.685125,8,6287,FRAME,619.703,169.928,-4.61,-1.936,217,203,,,
2026-09-08T14:56:37.702612,8,6288,FRAME,615.093,167.992,-4.61,-1.936,217,196,,,
2026-09-08T14:56:37.719149,8,6289,FRAME,610.483,166.056,-4.61,-1.936,217,203,,,
2026-09-08T14:56:37.736114,8,6290,FRAME,605.874,164.119,-4.61,-1.936,217,196,,,
2026-09-08T14:56:37.754298,8,6291,FRAME,601.264,162.183,-4.61,-1.936,217,203,,,
2026-09-08T14:56:37.769995,8,6292,FRAME,596.654,160.247,-4.61,-1.936,217,196,,,
2026-09-08T14:56:37.787785,8,6293,FRAME,592.044,158.311,-4.61,-1.936,217,203,,,
2026-09-08T14:56:37.803209,8,6294,FRAME,587.434,156.375,-4.61,-1.936,217,196,,,
2026-09-08T14:56:37.820790,8,6295,FRAME,582.824,154.438,-4.61,-1.936,217,203,,,
2026-09-08T14:56:37.837669,8,6296,FRAME,578.214,152.502,-4.61,-1.936,217,196,,,
2026-09-08T14:56:37.853937,8,6297,FRAME,573.604,150.566,-4.61,-1.936,217,203,,,
2026-09-08T14:56:37.870646,8,6298,FRAME,568.994,148.63,-4.61,-1.936,217,196,,,
2026-09-08T14:56:37.887159,8,6299,FRAME,564.385,146.694,-4.61,-1.936,217,203,,,
2026-09-08T14:56:37.903492,8,6300,FRAME,559.775,144.757,-4.61,-1.936,210,196,,,
2026-09-08T14:56:37.921809,8,6301,FRAME,555.165,142.821,-4.61,-1.936,203,203,,,
2026-09-08T14:56:37.938892,8,6302,FRAME,550.555,140.885,-4.61,-1.936,196,196,,,
2026-09-08T14:56:37.955512,8,6303,FRAME,545.945,138.949,-4.61,-1.936,189,203,,,
2026-09-08T14:56:37.972071,8,6304,FRAME,541.335,137.012,-4.61,-1.936,182,196,,,
2026-09-08T14:56:37.987099,8,6305,FRAME,536.725,135.076,-4.61,-1.936,175,203,,,
2026-09-08T14:56:38.003808,8,6306,FRAME,532.115,133.14,-4.61,-1.936,168,196,,,
2026-09-08T14:56:38.021688,8,6307,FRAME,527.505,131.204,-4.61,-1.936,161,203,,,
2026-09-08T14:56:38.037784,8,6308,FRAME,522.896,129.268,-4.61,-1.936,154,196,,,
2026-09-08T14:56:38.052952,8,6309,FRAME,518.286,127.331,-4.61,-1.936,147,203,,,
2026-09-08T14:56:38.070198,8,6310,FRAME,513.676,125.395,-4.61,-1.936,140,196,,,
2026-09-08T14:56:38.086880,8,6311,FRAME,509.066,123.459,-4.61,-1.936,133,203,,,
2026-09-08T14:56:38.103055,8,6312,FRAME,504.456,121.523,-4.61,-1.936,126,196,,,
2026-09-08T14:56:38.118713,8,6313,FRAME,499.846,119.587,-4.61,-1.936,119,203,,,
2026-09-08T14:56:38.135649,8,6314,FRAME,495.236,117.65,-4.61,-1.936,112,196,,,
2026-09-08T14:56:38.152257,8,6315,FRAME,490.626,115.714,-4.61,-1.936,105,203,,,
2026-09-08T14:56:38.169721,8,6316,FRAME,486.016,113.778,-4.61,-1.936,98,196,,,
2026-09-08T14:56:38.186945,8,6317,FRAME,481.406,111.842,-4.61,-1.936,91,203,,,
2026-09-08T14:56:38.202354,8,6318,FRAME,476.797,109.906,-4.61,-1.936,84,196,,,
2026-09-08T14:56:38.218287,8,6319,FRAME,472.187,107.969,-4.61,-1.936,77,203,,,
2026-09-08T14:56:38.236564,8,6320,FRAME,467.577,106.033,-4.61,-1.936,70,196,,,
2026-09-08T14:56:38.252826,8,6321,FRAME,462.967,104.097,-4.61,-1.936,63,203,,,
2026-09-08T14:56:38.268015,8,6322,FRAME,458.357,102.161,-4.61,-1.936,56,196,,,
2026-09-08T14:56:38.284347,8,6323,FRAME,453.747,100.225,-4.61,-1.936,49,203,,,
2026-09-08T14:56:38.302183,8,6324,FRAME,449.137,98.288,-4.61,-1.936,42,196,,,
2026-09-08T14:56:38.318357,8,6325,FRAME,444.527,96.352,-4.61,-1.936,35,203,,,
2026-09-08T14:56:38.336315,8,6326,FRAME,439.917,94.416,-4.61,-1.936,28,196,,,
2026-09-08T14:56:38.352760,8,6327,FRAME,435.308,92.48,-4.61,-1.936,21,203,,,
2026-09-08T14:56:38.369934,8,6328,FRAME,430.698,90.544,-4.61,-1.936,14,196,,,
2026-09-08T14:56:38.386635,8,6329,FRAME,426.088,88.607,-4.61,-1.936,7,203,,,
2026-09-08T14:56:38.403217,8,6330,FRAME,421.478,86.671,-4.61,-1.936,0,196,,,
2026-09-08T14:56:38.420441,8,6331,FRAME,416.868,84.735,-4.61,-1.936,0,203,,,
2026-09-08T14:56:38.438541,8,6332,FRAME,412.258,82.799,-4.61,-1.936,0,196,,,
2026-09-08T14:56:38.454962,8,6333,FRAME,407.648,80.862,-4.61,-1.936,0,203,,,
2026-09-08T14:56:38.472464,8,6334,FRAME,403.038,78.926,-4.61,-1.936,0,196,,,
2026-09-08T14:56:38.489745,8,6335,FRAME,398.428,76.99,-4.61,-1.936,0,203,,,
2026-09-08T14:56:38.506941,8,6336,FRAME,393.819,75.054,-4.61,-1.936,0,196,,,
2026-09-08T14:56:38.523576,8,6337,FRAME,389.209,73.118,-4.61,-1.936,0,203,,,
2026-09-08T14:56:38.540553,8,6338,FRAME,384.599,71.181,-4.61,-1.936,0,196,,,
2026-09-08T14:56:38.556972,8,6339,FRAME,379.989,69.245,-4.61,-1.936,0,203,,,
2026-09-08T14:56:38.571604,8,6340,FRAME,375.379,67.309,-4.61,-1.936,0,196,,,
2026-09-08T14:56:38.589769,8,6341,FRAME,370.769,65.373,-4.61,-1.936,0,203,,,
2026-09-08T14:56:38.605937,8,6342,FRAME,366.159,63.437,-4.61,-1.936,0,196,,,
2026-09-08T14:56:38.622803,8,6343,FRAME,361.549,61.5,-4.61,-1.936,0,203,,,
2026-09-08T14:56:38.638952,8,6344,FRAME,356.939,59.564,-4.61,-1.936,0,196,,,
2026-09-08T14:56:38.655848,8,6345,FRAME,352.33,57.628,-4.61,-1.936,0,203,,,
2026-09-08T14:56:38.673070,8,6346,FRAME,347.72,55.692,-4.61,-1.936,0,196,,,
2026-09-08T14:56:38.688819,8,6347,FRAME,343.11,53.756,-4.61,-1.936,0,203,,,
2026-09-08T14:56:38.706103,8,6348,FRAME,338.5,51.819,-4.61,-1.936,0,196,,,
2026-09-08T14:56:38.721981,8,6349,FRAME,333.89,49.883,-4.61,-1.936,0,203,,,
2026-09-08T14:56:38.738025,8,6350,FRAME,329.28,47.947,-4.61,-1.936,0,196,,,
2026-09-08T14:56:38.755794,8,6351,FRAME,324.67,46.011,-4.61,-1.936,0,203,,,
2026-09-08T14:56:38.772450,8,6352,FRAME,320.06,44.075,-4.61,-1.936,0,196,,,
2026-09-08T14:56:38.789632,8,6353,FRAME,315.45,42.138,-4.61,-1.936,0,203,,,
2026-09-08T14:56:38.805938,8,6354,FRAME,310.84,40.202,-4.61,-1.936,0,196,,,
2026-09-08T14:56:38.821883,8,6355,FRAME,306.231,38.266,-4.61,-1.936,0,203,,,
2026-09-08T14:56:38.837940,8,6356,FRAME,301.621,36.33,-4.61,-1.936,0,196,,,
2026-09-08T14:56:38.854328,8,6357,FRAME,297.011,34.394,-4.61,-1.936,0,203,,,
2026-09-08T14:56:38.872017,8,6358,FRAME,292.401,32.457,-4.61,-1.936,0,196,,,
2026-09-08T14:56:38.889333,8,6359,FRAME,287.791,30.521,-4.61,-1.936,0,203,,,
2026-09-08T14:56:38.907355,8,6360,FRAME,283.181,28.585,-4.61,-1.936,0,196,,,
2026-09-08T14:56:38.922763,8,6361,FRAME,278.571,26.649,-4.61,-1.936,0,203,,,
2026-09-08T14:56:38.940009,8,6362,FRAME,273.961,24.712,-4.61,-1.936,0,196,,,
2026-09-08T14:56:38.956086,8,6363,FRAME,269.351,22.776,-4.61,-1.936,0,203,,,
2026-09-08T14:56:38.972678,8,6364,FRAME,264.742,20.84,-4.61,-1.936,0,196,,,
2026-09-08T14:56:38.988061,8,6365,FRAME,260.132,18.904,-4.61,-1.936,0,203,,,
2026-09-08T14:56:39.003869,8,6366,FRAME,255.522,16.968,-4.61,-1.936,0,196,,,
2026-09-08T14:56:39.020125,8,6367,FRAME,250.912,15.031,-4.61,-1.936,0,203,,,
2026-09-08T14:56:39.038774,8,6368,FRAME,246.302,13.095,-4.61,-1.936,0,196,,,
2026-09-08T14:56:39.055933,8,6369,FRAME,241.692,11.159,-4.61,-1.936,0,203,,,
2026-09-08T14:56:39.073699,8,6370,FRAME,237.082,9.223,-4.61,-1.936,0,196,,,
2026-09-08T14:56:39.090718,8,6371,FRAME,232.472,7.287,-4.61,-1.936,0,203,,,
2026-09-08T14:56:39.106007,8,6372,FRAME,227.862,5.35,-4.61,-1.936,0,196,,,
2026-09-08T14:56:39.123049,8,6373,FRAME,223.253,3.414,-4.61,-1.936,0,203,,,
2026-09-08T14:56:39.139570,8,6374,FRAME,218.643,1.478,-4.61,-1.936,0,196,,,
2026-09-08T14:56:39.155175,8,6375,WALL_BOUNCE,214.033,0,-4.61,1.936,7,203,,,
2026-09-08T14:56:39.155723,8,6376,FRAME,214.033,0,-4.61,1.936,7,203,,,
2026-09-08T14:56:39.172317,8,6377,FRAME,209.423,1.936,-4.61,1.936,14,196,,,
2026-09-08T14:56:39.188842,8,6378,FRAME,204.813,3.872,-4.61,1.936,21,203,,,
2026-09-08T14:56:39.206018,8,6379,FRAME,200.203,5.809,-4.61,1.936,28,196,,,
2026-09-08T14:56:39.221874,8,6380,FRAME,195.593,7.745,-4.61,1.936,35,203,,,
2026-09-08T14:56:39.238213,8,6381,FRAME,190.983,9.681,-4.61,1.936,42,196,,,
2026-09-08T14:56:39.254421,8,6382,FRAME,186.373,11.617,-4.61,1.936,49,203,,,
2026-09-08T14:56:39.271738,8,6383,FRAME,181.764,13.553,-4.61,1.936,56,196,,,
2026-09-08T14:56:39.288150,8,6384,FRAME,177.154,15.49,-4.61,1.936,56,203,,,
2026-09-08T14:56:39.305161,8,6385,FRAME,172.544,17.426,-4.61,1.936,56,196,,,
2026-09-08T14:56:39.320964,8,6386,FRAME,167.934,19.362,-4.61,1.936,56,203,,,
2026-09-08T14:56:39.337764,8,6387,FRAME,163.324,21.298,-4.61,1.936,56,196,,,
2026-09-08T14:56:39.355615,8,6388,FRAME,158.714,23.234,-4.61,1.936,56,203,,,
2026-09-08T14:56:39.373806,8,6389,FRAME,154.104,25.171,-4.61,1.936,56,196,,,
2026-09-08T14:56:39.390325,8,6390,FRAME,149.494,27.107,-4.61,1.936,56,203,,,
2026-09-08T14:56:39.405732,8,6391,FRAME,144.884,29.043,-4.61,1.936,56,196,,,
2026-09-08T14:56:39.423058,8,6392,FRAME,140.274,30.979,-4.61,1.936,56,203,,,
2026-09-08T14:56:39.439271,8,6393,FRAME,135.665,32.916,-4.61,1.936,56,196,,,
2026-09-08T14:56:39.455606,8,6394,FRAME,131.055,34.852,-4.61,1.936,56,203,,,
2026-09-08T14:56:39.471982,8,6395,FRAME,126.445,36.788,-4.61,1.936,56,196,,,
2026-09-08T14:56:39.488875,8,6396,FRAME,121.835,38.724,-4.61,1.936,56,203,,,
2026-09-08T14:56:39.505315,8,6397,FRAME,117.225,40.66,-4.61,1.936,56,196,,,
2026-09-08T14:56:39.520810,8,6398,FRAME,112.615,42.597,-4.61,1.936,56,203,,,
2026-09-08T14:56:39.537560,8,6399,FRAME,108.005,44.533,-4.61,1.936,56,196,,,
2026-09-08T14:56:39.554037,8,6400,FRAME,103.395,46.469,-4.61,1.936,56,203,,,
2026-09-08T14:56:39.569076,8,6401,FRAME,98.785,48.405,-4.61,1.936,56,196,,,
2026-09-08T14:56:39.586024,8,6402,FRAME,94.176,50.341,-4.61,1.936,56,203,,,
2026-09-08T14:56:39.602782,8,6403,FRAME,89.566,52.278,-4.61,1.936,56,196,,,
2026-09-08T14:56:39.619179,8,6404,FRAME,84.956,54.214,-4.61,1.936,56,203,,,
2026-09-08T14:56:39.635608,8,6405,FRAME,80.346,56.15,-4.61,1.936,56,196,,,
2026-09-08T14:56:39.651040,8,6406,FRAME,75.736,58.086,-4.61,1.936,56,203,,,
2026-09-08T14:56:39.667974,8,6407,FRAME,71.126,60.022,-4.61,1.936,56,196,,,
2026-09-08T14:56:39.684271,8,6408,FRAME,66.516,61.959,-4.61,1.936,56,203,,,
2026-09-08T14:56:39.702834,8,6409,FRAME,61.906,63.895,-4.61,1.936,56,196,,,
2026-09-08T14:56:39.719434,8,6410,FRAME,57.296,65.831,-4.61,1.936,56,203,,,
2026-09-08T14:56:39.735024,8,6411,FRAME,52.687,67.767,-4.61,1.936,56,196,,,
2026-09-08T14:56:39.750960,8,6412,FRAME,48.077,69.703,-4.61,1.936,56,203,,,
2026-09-08T14:56:39.768742,8,6413,FRAME,43.467,71.64,-4.61,1.936,56,196,,,
2026-09-08T14:56:39.786076,8,6414,FRAME,38.857,73.576,-4.61,1.936,56,203,,,
2026-09-08T14:56:39.801636,8,6415,FRAME,34.247,75.512,-4.61,1.936,56,196,,,
2026-09-08T14:56:39.817794,8,6416,LEFT_HIT,30,77.448,4.453,-2.275,56,203,-0.451,-27.062,
2026-09-08T14:56:39.819071,8,6417,FRAME,30,77.448,4.453,-2.275,56,203,,,
2026-09-08T14:56:39.834962,8,6418,FRAME,34.453,75.174,4.453,-2.275,63,210,,,
2026-09-08T14:56:39.849669,8,6419,FRAME,38.905,72.899,4.453,-2.275,70,217,,,
2026-09-08T14:56:39.867010,8,6420,FRAME,43.358,70.624,4.453,-2.275,77,224,,,
2026-09-08T14:56:39.882033,8,6421,FRAME,47.81,68.349,4.453,-2.275,84,231,,,
2026-09-08T14:56:39.898849,8,6422,FRAME,52.263,66.074,4.453,-2.275,91,238,,,
2026-09-08T14:56:39.915939,8,6423,FRAME,56.715,63.8,4.453,-2.275,98,245,,,
2026-09-08T14:56:39.932953,8,6424,FRAME,61.168,61.525,4.453,-2.275,105,238,,,
2026-09-08T14:56:39.948486,8,6425,FRAME,65.621,59.25,4.453,-2.275,112,245,,,
2026-09-08T14:56:39.963906,8,6426,FRAME,70.073,56.975,4.453,-2.275,119,238,,,
2026-09-08T14:56:39.980660,8,6427,FRAME,74.526,54.701,4.453,-2.275,126,245,,,
2026-09-08T14:56:39.997866,8,6428,FRAME,78.978,52.426,4.453,-2.275,133,238,,,
2026-09-08T14:56:40.014358,8,6429,FRAME,83.431,50.151,4.453,-2.275,140,245,,,
2026-09-08T14:56:40.030462,8,6430,FRAME,87.883,47.876,4.453,-2.275,147,238,,,
2026-09-08T14:56:40.046808,8,6431,FRAME,92.336,45.601,4.453,-2.275,154,245,,,
2026-09-08T14:56:40.061508,8,6432,FRAME,96.789,43.327,4.453,-2.275,161,238,,,
2026-09-08T14:56:40.078792,8,6433,FRAME,101.241,41.052,4.453,-2.275,168,245,,,
2026-09-08T14:56:40.094277,8,6434,FRAME,105.694,38.777,4.453,-2.275,175,238,,,
2026-09-08T14:56:40.111937,8,6435,FRAME,110.146,36.502,4.453,-2.275,182,245,,,
2026-09-08T14:56:40.128150,8,6436,FRAME,114.599,34.228,4.453,-2.275,189,238,,,
2026-09-08T14:56:40.145124,8,6437,FRAME,119.051,31.953,4.453,-2.275,196,245,,,
2026-09-08T14:56:40.161796,8,6438,FRAME,123.504,29.678,4.453,-2.275,203,238,,,
2026-09-08T14:56:40.178165,8,6439,FRAME,127.957,27.403,4.453,-2.275,210,245,,,
2026-09-08T14:56:40.195277,8,6440,FRAME,132.409,25.128,4.453,-2.275,217,238,,,
2026-09-08T14:56:40.212035,8,6441,FRAME,136.862,22.854,4.453,-2.275,224,245,,,
2026-09-08T14:56:40.230407,8,6442,FRAME,141.314,20.579,4.453,-2.275,231,238,,,
2026-09-08T14:56:40.246014,8,6443,FRAME,145.767,18.304,4.453,-2.275,238,245,,,
2026-09-08T14:56:40.264719,8,6444,FRAME,150.219,16.029,4.453,-2.275,245,238,,,
2026-09-08T14:56:40.281891,8,6445,FRAME,154.672,13.755,4.453,-2.275,245,245,,,
2026-09-08T14:56:40.296872,8,6446,FRAME,159.125,11.48,4.453,-2.275,245,238,,,
2026-09-08T14:56:40.312931,8,6447,FRAME,163.577,9.205,4.453,-2.275,245,245,,,
2026-09-08T14:56:40.329877,8,6448,FRAME,168.03,6.93,4.453,-2.275,245,238,,,
2026-09-08T14:56:40.346063,8,6449,FRAME,172.482,4.655,4.453,-2.275,245,245,,,
2026-09-08T14:56:40.364014,8,6450,FRAME,176.935,2.381,4.453,-2.275,245,238,,,
2026-09-08T14:56:40.380837,8,6451,FRAME,181.387,0.106,4.453,-2.275,245,245,,,
2026-09-08T14:56:40.396719,8,6452,WALL_BOUNCE,185.84,0,4.453,2.275,245,238,,,
2026-09-08T14:56:40.396719,8,6453,FRAME,185.84,0,4.453,2.275,245,238,,,
2026-09-08T14:56:40.413962,8,6454,FRAME,190.293,2.275,4.453,2.275,245,245,,,
2026-09-08T14:56:40.429341,8,6455,FRAME,194.745,4.55,4.453,2.275,245,238,,,
2026-09-08T14:56:40.445998,8,6456,FRAME,199.198,6.824,4.453,2.275,245,245,,,
2026-09-08T14:56:40.462929,8,6457,FRAME,203.65,9.099,4.453,2.275,245,238,,,
2026-09-08T14:56:40.479289,8,6458,FRAME,208.103,11.374,4.453,2.275,245,245,,,
2026-09-08T14:56:40.494995,8,6459,FRAME,212.555,13.649,4.453,2.275,245,238,,,
2026-09-08T14:56:40.512357,8,6460,FRAME,217.008,15.923,4.453,2.275,245,245,,,
2026-09-08T14:56:40.528869,8,6461,FRAME,221.461,18.198,4.453,2.275,245,238,,,
2026-09-08T14:56:40.543940,8,6462,FRAME,225.913,20.473,4.453,2.275,245,245,,,
2026-09-08T14:56:40.560689,8,6463,FRAME,230.366,22.748,4.453,2.275,245,238,,,
2026-09-08T14:56:40.578128,8,6464,FRAME,234.818,25.023,4.453,2.275,245,245,,,
2026-09-08T14:56:40.595009,8,6465,FRAME,239.271,27.297,4.453,2.275,245,238,,,
2026-09-08T14:56:40.610503,8,6466,FRAME,243.723,29.572,4.453,2.275,245,245,,,
2026-09-08T14:56:40.627737,8,6467,FRAME,248.176,31.847,4.453,2.275,245,238,,,
2026-09-08T14:56:40.644986,8,6468,FRAME,252.629,34.122,4.453,2.275,245,245,,,
2026-09-08T14:56:40.661292,8,6469,FRAME,257.081,36.396,4.453,2.275,245,238,,,
2026-09-08T14:56:40.679141,8,6470,FRAME,261.534,38.671,4.453,2.275,245,245,,,
2026-09-08T14:56:40.695858,8,6471,FRAME,265.986,40.946,4.453,2.275,245,238,,,
2026-09-08T14:56:40.712781,8,6472,FRAME,270.439,43.221,4.453,2.275,245,245,,,
2026-09-08T14:56:40.728874,8,6473,FRAME,274.891,45.496,4.453,2.275,245,238,,,
2026-09-08T14:56:40.745029,8,6474,FRAME,279.344,47.77,4.453,2.275,245,245,,,
2026-09-08T14:56:40.760839,8,6475,FRAME,283.797,50.045,4.453,2.275,245,238,,,
2026-09-08T14:56:40.777530,8,6476,FRAME,288.249,52.32,4.453,2.275,245,245,,,
2026-09-08T14:56:40.793315,8,6477,FRAME,292.702,54.595,4.453,2.275,245,238,,,
2026-09-08T14:56:40.809056,8,6478,FRAME,297.154,56.869,4.453,2.275,245,245,,,
2026-09-08T14:56:40.827858,8,6479,FRAME,301.607,59.144,4.453,2.275,245,238,,,
2026-09-08T14:56:40.844556,8,6480,FRAME,306.059,61.419,4.453,2.275,245,245,,,
2026-09-08T14:56:40.862009,8,6481,FRAME,310.512,63.694,4.453,2.275,245,238,,,
2026-09-08T14:56:40.878954,8,6482,FRAME,314.965,65.969,4.453,2.275,245,245,,,
2026-09-08T14:56:40.895687,8,6483,FRAME,319.417,68.243,4.453,2.275,245,238,,,
2026-09-08T14:56:40.910913,8,6484,FRAME,323.87,70.518,4.453,2.275,245,245,,,
2026-09-08T14:56:40.926983,8,6485,FRAME,328.322,72.793,4.453,2.275,245,238,,,
2026-09-08T14:56:40.943051,8,6486,FRAME,332.775,75.068,4.453,2.275,245,245,,,
2026-09-08T14:56:40.959144,8,6487,FRAME,337.227,77.342,4.453,2.275,245,238,,,
2026-09-08T14:56:40.976024,8,6488,FRAME,341.68,79.617,4.453,2.275,245,245,,,
2026-09-08T14:56:40.992027,8,6489,FRAME,346.133,81.892,4.453,2.275,245,238,,,
2026-09-08T14:56:41.009102,8,6490,FRAME,350.585,84.167,4.453,2.275,245,245,,,
2026-09-08T14:56:41.025308,8,6491,FRAME,355.038,86.442,4.453,2.275,245,238,,,
2026-09-08T14:56:41.041080,8,6492,FRAME,359.49,88.716,4.453,2.275,245,245,,,
2026-09-08T14:56:41.058220,8,6493,FRAME,363.943,90.991,4.453,2.275,245,238,,,
2026-09-08T14:56:41.075677,8,6494,FRAME,368.395,93.266,4.453,2.275,245,245,,,
2026-09-08T14:56:41.093005,8,6495,FRAME,372.848,95.541,4.453,2.275,245,238,,,
2026-09-08T14:56:41.109288,8,6496,FRAME,377.301,97.815,4.453,2.275,245,245,,,
2026-09-08T14:56:41.125729,8,6497,FRAME,381.753,100.09,4.453,2.275,245,238,,,
2026-09-08T14:56:41.142525,8,6498,FRAME,386.206,102.365,4.453,2.275,245,245,,,
2026-09-08T14:56:41.158983,8,6499,FRAME,390.658,104.64,4.453,2.275,245,238,,,
2026-09-08T14:56:41.175643,8,6500,FRAME,395.111,106.915,4.453,2.275,245,245,,,
2026-09-08T14:56:41.192752,8,6501,FRAME,399.563,109.189,4.453,2.275,245,238,,,
2026-09-08T14:56:41.209641,8,6502,FRAME,404.016,111.464,4.453,2.275,245,245,,,
2026-09-08T14:56:41.225713,8,6503,FRAME,408.469,113.739,4.453,2.275,245,238,,,
2026-09-08T14:56:41.242846,8,6504,FRAME,412.921,116.014,4.453,2.275,245,245,,,
2026-09-08T14:56:41.258648,8,6505,FRAME,417.374,118.288,4.453,2.275,245,238,,,
2026-09-08T14:56:41.275673,8,6506,FRAME,421.826,120.563,4.453,2.275,245,245,,,
2026-09-08T14:56:41.291119,8,6507,FRAME,426.279,122.838,4.453,2.275,245,238,,,
2026-09-08T14:56:41.308723,8,6508,FRAME,430.731,125.113,4.453,2.275,245,245,,,
2026-09-08T14:56:41.324964,8,6509,FRAME,435.184,127.388,4.453,2.275,245,238,,,
2026-09-08T14:56:41.339947,8,6510,FRAME,439.637,129.662,4.453,2.275,245,245,,,
2026-09-08T14:56:41.357506,8,6511,FRAME,444.089,131.937,4.453,2.275,245,238,,,
2026-09-08T14:56:41.374138,8,6512,FRAME,448.542,134.212,4.453,2.275,245,245,,,
2026-09-08T14:56:41.390884,8,6513,FRAME,452.994,136.487,4.453,2.275,245,238,,,
2026-09-08T14:56:41.407636,8,6514,FRAME,457.447,138.761,4.453,2.275,245,245,,,
2026-09-08T14:56:41.424059,8,6515,FRAME,461.899,141.036,4.453,2.275,245,238,,,
2026-09-08T14:56:41.443720,8,6516,FRAME,466.352,143.311,4.453,2.275,245,245,,,
2026-09-08T14:56:41.459058,8,6517,FRAME,470.805,145.586,4.453,2.275,245,238,,,
2026-09-08T14:56:41.475641,8,6518,FRAME,475.257,147.861,4.453,2.275,245,245,,,
2026-09-08T14:56:41.491508,8,6519,FRAME,479.71,150.135,4.453,2.275,245,238,,,
2026-09-08T14:56:41.507855,8,6520,FRAME,484.162,152.41,4.453,2.275,245,245,,,
2026-09-08T14:56:41.523942,8,6521,FRAME,488.615,154.685,4.453,2.275,245,238,,,
2026-09-08T14:56:41.541193,8,6522,FRAME,493.067,156.96,4.453,2.275,245,245,,,
2026-09-08T14:56:41.557906,8,6523,FRAME,497.52,159.234,4.453,2.275,245,238,,,
2026-09-08T14:56:41.575189,8,6524,FRAME,501.973,161.509,4.453,2.275,245,245,,,
2026-09-08T14:56:41.591866,8,6525,FRAME,506.425,163.784,4.453,2.275,245,238,,,
2026-09-08T14:56:41.607926,8,6526,FRAME,510.878,166.059,4.453,2.275,245,245,,,
2026-09-08T14:56:41.624088,8,6527,FRAME,515.33,168.334,4.453,2.275,245,238,,,
2026-09-08T14:56:41.642035,8,6528,FRAME,519.783,170.608,4.453,2.275,245,245,,,
2026-09-08T14:56:41.659728,8,6529,FRAME,524.235,172.883,4.453,2.275,245,238,,,
2026-09-08T14:56:41.676988,8,6530,FRAME,528.688,175.158,4.453,2.275,245,245,,,
2026-09-08T14:56:41.694063,8,6531,FRAME,533.141,177.433,4.453,2.275,245,238,,,
2026-09-08T14:56:41.709592,8,6532,FRAME,537.593,179.707,4.453,2.275,245,245,,,
2026-09-08T14:56:41.725698,8,6533,FRAME,542.046,181.982,4.453,2.275,245,238,,,
2026-09-08T14:56:41.742060,8,6534,FRAME,546.498,184.257,4.453,2.275,245,245,,,
2026-09-08T14:56:41.758124,8,6535,FRAME,550.951,186.532,4.453,2.275,245,238,,,
2026-09-08T14:56:41.775594,8,6536,FRAME,555.403,188.806,4.453,2.275,245,245,,,
2026-09-08T14:56:41.792028,8,6537,FRAME,559.856,191.081,4.453,2.275,245,238,,,
2026-09-08T14:56:41.808872,8,6538,FRAME,564.309,193.356,4.453,2.275,245,245,,,
2026-09-08T14:56:41.825357,8,6539,FRAME,568.761,195.631,4.453,2.275,245,238,,,
2026-09-08T14:56:41.840108,8,6540,FRAME,573.214,197.906,4.453,2.275,245,245,,,
2026-09-08T14:56:41.860167,8,6541,FRAME,577.666,200.18,4.453,2.275,245,238,,,
2026-09-08T14:56:41.875953,8,6542,FRAME,582.119,202.455,4.453,2.275,245,245,,,
2026-09-08T14:56:41.892829,8,6543,FRAME,586.571,204.73,4.453,2.275,245,238,,,
2026-09-08T14:56:41.908911,8,6544,FRAME,591.024,207.005,4.453,2.275,245,245,,,
2026-09-08T14:56:41.925649,8,6545,FRAME,595.477,209.279,4.453,2.275,245,238,,,
2026-09-08T14:56:41.942614,8,6546,FRAME,599.929,211.554,4.453,2.275,245,245,,,
2026-09-08T14:56:41.959165,8,6547,FRAME,604.382,213.829,4.453,2.275,245,238,,,
2026-09-08T14:56:41.977537,8,6548,FRAME,608.834,216.104,4.453,2.275,245,245,,,
2026-09-08T14:56:41.994109,8,6549,FRAME,613.287,218.379,4.453,2.275,245,238,,,
2026-09-08T14:56:42.012138,8,6550,FRAME,617.739,220.653,4.453,2.275,245,245,,,
2026-09-08T14:56:42.028096,8,6551,FRAME,622.192,222.928,4.453,2.275,245,238,,,
2026-09-08T14:56:42.045742,8,6552,FRAME,626.645,225.203,4.453,2.275,245,245,,,
2026-09-08T14:56:42.061764,8,6553,FRAME,631.097,227.478,4.453,2.275,245,238,,,
2026-09-08T14:56:42.287271,8,6554,FRAME,635.55,229.752,4.453,2.275,245,245,,,
